﻿<?xml version="1.0" encoding="utf-8" standalone="yes"?>
<window>
  <id>30885</id>
  <defaultcontrol>2</defaultcontrol>
  <allowoverlay>yes</allowoverlay>
  <define>#usePlayFanart:Yes</define>
  <define>#useSelectedFanart:Yes</define>
  <controls>
    <control>
      <description>BG</description>
      <type>image</type>
      <id>1</id>
      <texture>Background.png</texture>
      <width>1280</width>
      <height>720</height>
    </control>
    <import>common.window.xml</import>
    <import>common.time.xml</import>
    <import>common.music.fanart.xml</import>
    <control>
      <type>group</type>
      <description>group element</description>
      <animation effect="fade" time="200" delay="200">windowopen</animation>
      <posX>40</posX>
      <posY>150</posY>
      <width>300</width>
      <height>379</height>
      <layout>StackLayout</layout>
      <control>
        <type>button</type>
        <description>Search Phrase Button</description>
        <id>2</id>
        <onup>17</onup>
        <width>300</width>
        <label>#GlobalSearch.Translation.SearchPhrase.Label</label>
        <onleft>2</onleft>
        <onright>50</onright>
      </control>
      <control>
        <type>button</type>
        <description>Search History</description>
        <id>7</id>
        <width>300</width>
        <label>#GlobalSearch.Translation.SearchHistory.Label</label>
        <onleft>7</onleft>
        <onright>50</onright>
      </control>
      <control>
        <type>button</type>
        <description>Search Fields</description>
        <id>6</id>
        <width>300</width>
        <label>#GlobalSearch.Translation.SearchFields.Label</label>
        <onleft>6</onleft>
        <onright>50</onright>
      </control>
      <control>
        <type>button</type>
        <description>Search Type</description>
        <id>10</id>
        <width>300</width>
        <label>#GlobalSearch.Translation.SearchType.Label</label>
        <onleft>10</onleft>
        <onright>50</onright>
      </control>
      <control>
        <type>togglebutton</type>
        <description>Case Sensitivity</description>
        <id>3</id>
        <width>300</width>
        <label>#GlobalSearch.Translation.CaseSensitive.Label</label>
        <onleft>3</onleft>
        <onright>50</onright>
        <ondown>2</ondown>
      </control>
    </control>
    <control>
      <description>group element</description>
      <type>group</type>
      <visible>!Control.HasFocus(50)</visible>
      <animation effect="slide" time="70" start="0,-300">WindowOpen</animation>
      <animation effect="slide" time="70" end="800,0">WindowClose</animation>
      <control>
        <description>composite control consisting of a list control and a thumbnail panel</description>
        <type>facadeview</type>
        <id>50</id>
        <control style="NoShadow">
          <description>listcontrol</description>
          <type>listcontrol</type>
          <id>50</id>
          <onleft>2</onleft>
          <onright>2</onright>
          <scrollOffset>2</scrollOffset>
          <unfocusedAlpha>160</unfocusedAlpha>
        </control>
      </control>
    </control>
  </controls>
</window>