﻿<?xml version="1.0" encoding="utf-8" standalone="yes"?>
<window>
  <id>87258</id>
  <defaultcontrol>2</defaultcontrol>
  <allowoverlay>no</allowoverlay>
	<rememberLastFocusedControl>yes</rememberLastFocusedControl>
  <define>#currentmodule:Trakt</define>  
  <define>#selecteditem:#highlightedbutton</define>
  <controls>
    <import>common.settings.xml</import>
    <import>common.time.xml</import>
    <control>
      <type>image</type>
      <id>0</id>
      <posX>230</posX>
      <posY>100</posY>
      <width>100</width>
			<height>100</height>
			<keepaspectratio>yes</keepaspectratio>
      <texture>logos\trakt.png</texture>
      <animation effect="fade" time="200" delay="200">windowopen</animation>
    </control>    
    <control>
      <type>group</type>
      <description>group element</description>
      <animation effect="fade" time="200" delay="200">windowopen</animation>
      <posX>216</posX>
      <posY>201</posY>
      <width>350</width>
      <height>379</height>
      <layout>StackLayout(Vertical)</layout>
      <control>
        <description>Calendar</description>
        <type>button</type>
				<width>350</width>
        <id>2</id>        
        <label>#Trakt.Translation.Calendar.Label</label>
				<hyperlink>87259</hyperlink>
				<onup>15</onup>
      </control>      
      <control>
        <description>Friends</description>
        <type>button</type>
				<width>350</width>
        <id>3</id>
				<hyperlink>87260</hyperlink>
        <label>#Trakt.Translation.Friends.Label</label>
      </control>
      <control>
        <description>Recommendations</description>
        <type>button</type>
				<width>350</width>
        <id>4</id>
				<hyperlink>87261</hyperlink>
        <label>#Trakt.Translation.Recommendations.Label</label>        
      </control>
      <control>
        <description>Trending</description>
        <type>button</type>
				<width>350</width>
        <id>5</id>
				<hyperlink>87264</hyperlink>
        <label>#Trakt.Translation.Trending.Label</label>        
      </control>
      <control>
        <description>Watch List</description>
        <type>button</type>
				<width>350</width>
        <id>6</id>
				<hyperlink>87267</hyperlink>
        <label>#Trakt.Translation.WatchList.Label</label>
      </control>
			<control>
        <description>Lists</description>
        <type>button</type>
				<width>350</width>
        <id>7</id>
				<hyperlink>87275</hyperlink>
        <label>#Trakt.Translation.Lists.Label</label>
      </control>
      <control>
        <description>Settings</description>
        <type>button</type>
				<width>350</width>
        <id>8</id>
        <label>#Trakt.Translation.Settings.Label</label>
				<hyperlink>87271</hyperlink>
				<ondown>99</ondown>
      </control>
      <control>
        <description>MPEIUPDATE:a9c3845a_8718_4712_85cc_26f56520bb9a</description>
        <type>button</type>
				<width>350</width>
        <id>99</id>
        <label>#MPEI.Translation.Update.Label</label>
				<ondown>2</ondown>
        <onup>7</onup>
        <visible>string.equals(#mpei.a9c3845a_8718_4712_85cc_26f56520bb9a.haveupdate, true)</visible>
      </control>
		</control>
    <control>
      <description>Update Indicator</description>
      <type>image</type>
      <id>0</id>
      <posX>500</posX>
      <posY>527</posY>
      <width>36</width>
      <height>36</height>
      <texture>isupdate.png</texture>
      <visible>string.equals(#mpei.a9c3845a_8718_4712_85cc_26f56520bb9a.haveupdate, true)</visible>
      <animation effect="fade" time="200" delay="200">windowopen</animation>
    </control>
  </controls>
</window>
