﻿<?xml version="1.0" encoding="utf-8" standalone="yes"?>
<window>
  <id>87270</id>
  <defaultcontrol>50</defaultcontrol>
  <allowoverlay>yes</allowoverlay>
	<define>#Fanart.1:#Trakt.List.Fanart.1</define>
  <define>#Fanart.2:#Trakt.List.Fanart.2</define>
  <controls>    
		
		<control>
      <id>1</id>
      <description>Background Image</description>
      <type>image</type>
      <posX>0</posX>
      <posY>0</posY>
      <width>1280</width>
      <height>720</height>
      <texture>Background.png</texture>
      <colordiffuse>ffffffff</colordiffuse>
			<animation effect="fade" time="300">WindowOpen</animation>
    </control>
		
		<import>Trakt.Common.Fanart.xml</import>
				
    <control>
      <id>1</id>
      <description>Overlay Image</description>
      <type>image</type>
      <posX>0</posX>
      <posY>0</posY>
      <width>1281</width>
      <height>720</height>
      <texture>mainoverlay.png</texture>
    </control>
		
    <control>
      <description>Current View</description>
      <type>label</type>
      <id>0</id>
      <posX>20</posX>
      <posY>8</posY>
      <width>650</width>
      <font>font12</font>
      <label>#Trakt.List.Username | #Trakt.List.Name</label>
      <align>left</align>
      <animation effect="fade" time="150">WindowOpen</animation>
      <animation effect="fade" time="250">WindowClose</animation>
    </control>    
		
    <control>
      <description>Item Count Label</description>
      <type>label</type>
      <label>#Trakt.Items</label>
      <id>0</id>
      <width>135</width>
      <posX>1244</posX>
      <posY>1</posY>
      <align>right</align>
      <font>font10</font>
      <textcolor>ffFFFFFF</textcolor>
      <animation effect="fade" time="250">WindowOpen</animation>
      <animation effect="fade" time="250">WindowClose</animation>
      <animation effect="slide" time="150" start="800,0">WindowOpen</animation>
      <animation effect="slide" time="250" end="800,0">WindowClose</animation>
    </control>
    <control>
      <description>Date Time</description>
      <type>label</type>
      <id>0</id>
      <posX>1244</posX>
      <posY>21</posY>
      <label>#date | #time</label>
      <align>right</align>
      <font>font10</font>
      <textcolor>ffa9d0f7</textcolor>  
      <animation effect="fade" time="250">WindowOpen</animation>
      <animation effect="fade" time="250">WindowClose</animation>
      <animation effect="slide" time="150" start="800,0">WindowOpen</animation>
      <animation effect="slide" time="250" end="800,0">WindowClose</animation>
    </control>   
		
    <control>
      <description>group element</description>
      <type>group</type>
      <animation effect="fade" time="150">WindowOpen</animation>
      <animation effect="fade" time="250">WindowClose</animation>
      <animation effect="slide" time="150" start="1200,0">WindowOpen</animation>
      <animation effect="slide" time="250" end="1200,0">WindowClose</animation>
      <control>
				<type>facadeview</type>
				<id>50</id>
				<animation effect="fade" time="250" delay="0">WindowClose</animation>
				<control>
          <description>listcontrol</description>
          <type>listcontrol</type>
          <id>50</id>
          <posX>700</posX>
          <posY>240</posY>
          <height>480</height>
          <width>580</width>
          <onleft>2</onleft>
          <onright>2</onright>
          <scrollOffset>5</scrollOffset>
          <itemWidth>32</itemWidth>
          <itemHeight>32</itemHeight>
          <IconXOff>25</IconXOff>
          <IconYOff>4</IconYOff>
          <textXOff>25</textXOff>
          <textYOff>5</textYOff>
          <textXOff2>0</textXOff2>
          <textYOff2>5</textYOff2>
          <textXOff3>75</textXOff3>
          <textYOff3>10</textYOff3>
          <font>font11</font>
          <font2>font10</font2>
          <font3>font11</font3>
          <keepaspectratio>yes</keepaspectratio>
          <spinPosX>1175</spinPosX>
          <spinPosY>681</spinPosY>
          <spinCanFocus>no</spinCanFocus>
          <suffix>|</suffix>
				</control>
				<control>
					<visible>control.isvisible(50)</visible>
					<description>Filmstrip</description>
					<type>filmstrip</type>
					<id>50</id>
					<onup>2</onup>
					<posX>40</posX>
					<posY>255</posY>
					<width>1280</width>
					<height>220</height>
					<scrollOffset>4</scrollOffset>
					<thumbWidth>230</thumbWidth>
          <thumbHeight>340</thumbHeight>
          <thumbPosX>4</thumbPosX>
          <thumbPosY>4</thumbPosY>
          <itemWidth>245</itemWidth>
          <itemHeight>185</itemHeight>
          <textureWidth>250</textureWidth>
          <textureHeight>152</textureHeight>
					<thumbPosX>7</thumbPosX>
					<thumbPosY>7</thumbPosY>
					<thumbs flipY="true" diffuse="diffusemirrorwide.png" />
					<InfoImage>
					</InfoImage>
					<imageFolder>-</imageFolder>
					<imageFolderFocus>-</imageFolderFocus>
					<frame>-</frame>
					<frameFocus>-</frameFocus>
					<showFrame>no</showFrame>
					<showFolder>yes</showFolder>
					<showBackGround>no</showBackGround>
					<showInfoImage>no</showInfoImage>
					<thumbAnimation effect="zoom" start="100,100" end="120,120" tween="quadratic" time="0">focus</thumbAnimation>
					<!-- Spin Controls -->
					<spinWidth>50</spinWidth>
					<spinHeight>37</spinHeight>
					<spinPosX>585</spinPosX>
          <spinPosY>685</spinPosY>
					<spinAlign>center</spinAlign>
					<spinColor>ffFFFFFF</spinColor>
				</control>
				<control>
          <description>Thumbnail Panel</description>
          <type>thumbnailpanel</type>
          <id>50</id>
          <posX>550</posX>
					<posY>230</posY>
					<width>750</width>
					<height>480</height>
          <scrollOffset>1</scrollOffset>
          <onleft>2</onleft>
          <onright>2</onright>
          <itemWidth>100</itemWidth>
          <itemHeight>145</itemHeight>
          <textureWidth>97</textureWidth>
          <textureHeight>147</textureHeight>
          <thumbWidth>96</thumbWidth>
          <thumbHeight>145</thumbHeight>
          <thumbPosX>0</thumbPosX>
          <thumbPosY>0</thumbPosY>
          <itemWidthBig>170</itemWidthBig>
          <itemHeightBig>235</itemHeightBig>
          <thumbWidthBig>142</thumbWidthBig>
          <thumbHeightBig>204</thumbHeightBig>
          <textureWidthBig>143</textureWidthBig>
          <textureHeightBig>205</textureHeightBig>
          <thumbPosXBig>0</thumbPosXBig>
          <thumbPosYBig>0</thumbPosYBig>
          <zoomXPixels>30</zoomXPixels>
          <zoomYPixels>30</zoomYPixels>
          <hideUnfocusTexture>yes</hideUnfocusTexture>					
          <renderFocusText>no</renderFocusText>
          <renderUnfocusText>no</renderUnfocusText>
          <showFrame>true</showFrame>
          <textureMask>Videothumbmask.png</textureMask>
          <frameNoFocus>Videothumbframe.png</frameNoFocus>
          <frameFocus>Videothumbframe.png</frameFocus>
          <imageFolder>-</imageFolder>
          <imageFolderFocus>-</imageFolderFocus>
          <dimColor>ffffffff</dimColor>
					<spinCanFocus>no</spinCanFocus>
        </control>     
			</control>   
		</control>		
    
		<!-- Hidden Menu -->
		<control>
			<type>actiongroup</type>
			<description>action menu</description>
			<defaultcontrol>2</defaultcontrol>
			<onexit>50</onexit>
			<buttonX>0</buttonX>
			<buttonY>-130</buttonY>
			<buttonwidth>106</buttonwidth>
      <buttonheight>720</buttonheight>
      <textureFocus>-</textureFocus>
      <textureNoFocus>Action_nofocus.png</textureNoFocus>		
			<width>568</width>
			<height>900</height>
			<dimColor>00ffffff</dimColor>
			<control>
				<type>image</type>
				<posX>26</posX>
				<posY>49</posY>
				<width>367</width>
				<height>591</height>
				<texture>Backslide.png</texture>
				<colorDiffuse>fffffffff</colorDiffuse>
				<visible>!Control.HasFocus(50)</visible>
				<animation effect="slide" time="70" start="-300,0" reversible="false">visible</animation>
        <animation effect="slide" time="70" end="-300,0" reversible="false">hidden</animation>
			</control>
			<control>
				<description>group element</description>
				<type>group</type>
				<animation effect="slide" time="70" start="-300,0" reversible="false">visible</animation>
        <animation effect="slide" time="70" end="-300,0" reversible="false">hidden</animation>
				<visible>!Control.HasFocus(50)</visible>				
				<control>
					<description>button group</description>
					<type>group</type>					
					<posX>71</posX>
					<posY>121</posY>
					<layout>StackLayout</layout>          
					<visible>!Control.HasFocus(50)</visible>
					<animation effect="slide" time="70" start="-300,0" reversible="false">visible</animation>
					<animation effect="slide" time="70" end="-300,0" reversible="false">hidden</animation>
					<control>
          <description>Change Layout</description>
          <type>button</type>
          <id>2</id>
					<label>-</label>
          <onup>21</onup>
          <onleft>50</onleft>
					<onright>50</onright>
        </control>
				</control>
      </control>
		</control>
		
		<!-- List Layout -->
		<control>
      <description>Cover Art</description>
      <type>image</type>
      <id>60</id>
      <posX>31</posX>
      <posY>254</posY>
      <width>257</width>
      <height>380</height>
      <texture>#selectedthumb</texture>
			<visible>facadeview.list</visible>
      <animation effect="fade" time="250" delay="0">WindowClose</animation>
      <animation effect="fade" time="250" delay="0">WindowOpen</animation>
    </control>
    <control>
      <description>Cover Art Glass Overlay</description>
      <type>image</type>
      <id>0</id>
      <posX>31</posX>
      <posY>254</posY>
      <width>228</width>
      <height>177</height>
      <texture>glassoverlay2.png</texture>
      <visible>Control.HasThumb(60)+facadeview.list</visible>
      <animation effect="fade" time="250" delay="0">WindowClose</animation>
      <animation effect="fade" time="250" delay="0">WindowOpen</animation>
    </control>
		
    <control>
      <description>Movie Title</description>
      <type>label</type>
      <id>0</id>
      <posX>308</posX>
      <posY>247</posY>
      <width>390</width>
      <font>font14</font>
      <label>#Trakt.Movie.Title</label>
      <textcolor>ffFFFFFF</textcolor>			
      <visible>!string.equals(#Trakt.Movie.Title,)+string.equals(#Trakt.List.ItemType,movie)+facadeview.list</visible>
      <animation effect="fade" time="250" delay="0">WindowClose</animation>
      <animation effect="fade" time="250" delay="0">WindowOpen</animation>
    </control>
		<control>
      <description>Show Title</description>
      <type>label</type>
      <id>0</id>
      <posX>308</posX>
      <posY>247</posY>
      <width>390</width>
      <font>font14</font>
      <label>#Trakt.Show.Title</label>
      <textcolor>ffFFFFFF</textcolor>			
      <visible>!string.equals(#Trakt.Show.Title,)+!string.equals(#Trakt.List.ItemType,movie)+facadeview.list</visible>
      <animation effect="fade" time="250" delay="0">WindowClose</animation>
      <animation effect="fade" time="250" delay="0">WindowOpen</animation>
    </control>
    <control>
      <description>Year</description>
      <type>label</type>
      <label>#Trakt.Movie.Year</label>
      <id>0</id>
      <posX>309</posX>
      <posY>278</posY>
      <width>900</width>
      <font>font12</font>
      <textcolor>ffa9d0f7</textcolor>      
      <visible>!string.equals(#Trakt.Movie.Year,)+string.equals(#Trakt.List.ItemType,movie)+facadeview.list</visible>
      <animation effect="fade" time="250" delay="0">WindowClose</animation>
      <animation effect="fade" time="250" delay="0">WindowOpen</animation>
    </control>
		<control>
      <description>Year</description>
      <type>label</type>
      <label>#Trakt.Show.Year</label>
      <id>0</id>
      <posX>309</posX>
      <posY>278</posY>
      <width>900</width>
      <font>font12</font>
      <textcolor>ffa9d0f7</textcolor>      
      <visible>!string.equals(#Trakt.Show.Year,)+string.equals(#Trakt.List.ItemType,show)+facadeview.list</visible>
      <animation effect="fade" time="250" delay="0">WindowClose</animation>
      <animation effect="fade" time="250" delay="0">WindowOpen</animation>
    </control>
		<control>
      <description>Show Season</description>
      <type>label</type>
      <label>#Trakt.Translation.Season.Label #Trakt.Season.Number</label>
      <id>0</id>
      <posX>309</posX>
      <posY>278</posY>
      <width>900</width>
      <font>font12</font>
      <textcolor>ffa9d0f7</textcolor>      
      <visible>!string.equals(#Trakt.Season.Number,)+string.equals(#Trakt.List.ItemType,season)+facadeview.list</visible>
      <animation effect="fade" time="250" delay="0">WindowClose</animation>
      <animation effect="fade" time="250" delay="0">WindowOpen</animation>
    </control>
		<control>
      <description>Show Season/Episode</description>
      <type>label</type>
      <label>#Trakt.Translation.Season.Label #Trakt.Season.Number #Trakt.Translation.Episode.Label #Trakt.Episode.Number</label>
      <id>0</id>
      <posX>309</posX>
      <posY>278</posY>
      <width>900</width>
      <font>font12</font>
      <textcolor>ffa9d0f7</textcolor>      
      <visible>!string.equals(#Trakt.Episode.Number,)+string.equals(#Trakt.List.ItemType,episode)+facadeview.list</visible>
      <animation effect="fade" time="250" delay="0">WindowClose</animation>
      <animation effect="fade" time="250" delay="0">WindowOpen</animation>
    </control>
    
    <control>
      <description>Rating Percent</description>
      <type>label</type>
      <id>0</id>
      <posX>309</posX>
      <posY>307</posY>
      <width>60</width>
      <font>font12</font>
      <label>#Trakt.Movie.Ratings.Percentage%</label>
      <textcolor>ffFFFFFF</textcolor>			
      <visible>!string.equals(#Trakt.Movie.Ratings.Percentage,)+string.equals(#Trakt.List.ItemType,movie)+facadeview.list</visible>
      <animation effect="fade" time="250" delay="0">WindowClose</animation>
      <animation effect="fade" time="250" delay="0">WindowOpen</animation>
    </control>
		<control>
      <description>Rating Percent</description>
      <type>label</type>
      <id>0</id>
      <posX>309</posX>
      <posY>307</posY>
      <width>60</width>
      <font>font12</font>
      <label>#Trakt.Show.Ratings.Percentage%</label>
      <textcolor>ffFFFFFF</textcolor>			
      <visible>!string.equals(#Trakt.Show.Ratings.Percentage,)+[string.equals(#Trakt.List.ItemType,show)|string.equals(#Trakt.List.ItemType,season)]+facadeview.list</visible>
      <animation effect="fade" time="250" delay="0">WindowClose</animation>
      <animation effect="fade" time="250" delay="0">WindowOpen</animation>
    </control>
		<control>
      <description>Rating Percent</description>
      <type>label</type>
      <id>0</id>
      <posX>309</posX>
      <posY>307</posY>
      <width>60</width>
      <font>font12</font>
      <label>#Trakt.Episode.Ratings.Percentage%</label>
      <textcolor>ffFFFFFF</textcolor>			
      <visible>!string.equals(#Trakt.Episode.Ratings.Percentage,)+string.equals(#Trakt.List.ItemType,episode)+facadeview.list</visible>
      <animation effect="fade" time="250" delay="0">WindowClose</animation>
      <animation effect="fade" time="250" delay="0">WindowOpen</animation>
    </control>
    <control>
      <description>Rating Icon</description>
      <type>image</type>
      <id>1</id>
      <width>35</width>
      <height>32</height>
      <posX>373</posX>
      <posY>305</posY>      
      <texture>#Trakt.Movie.Ratings.Icon.png</texture>
      <visible>!string.equals(#Trakt.Movie.Ratings.Icon,)+string.equals(#Trakt.List.ItemType,movie)+facadeview.list</visible>
      <animation effect="fade" time="250" delay="0">WindowClose</animation>
      <animation effect="fade" time="250" delay="0">WindowOpen</animation>
    </control>
		<control>
      <description>Rating Icon</description>
      <type>image</type>
      <id>1</id>
      <width>35</width>
      <height>32</height>
      <posX>373</posX>
      <posY>305</posY>      
      <texture>#Trakt.Show.Ratings.Icon.png</texture>
      <visible>!string.equals(#Trakt.Show.Ratings.Icon,)+[string.equals(#Trakt.List.ItemType,show)|string.equals(#Trakt.List.ItemType,season)]+facadeview.list</visible>
      <animation effect="fade" time="250" delay="0">WindowClose</animation>
      <animation effect="fade" time="250" delay="0">WindowOpen</animation>
    </control>
		<control>
      <description>Rating Icon</description>
      <type>image</type>
      <id>1</id>
      <width>35</width>
      <height>32</height>
      <posX>373</posX>
      <posY>305</posY>      
      <texture>#Trakt.Episode.Ratings.Icon.png</texture>
      <visible>!string.equals(#Trakt.Episode.Ratings.Icon,)+string.equals(#Trakt.List.ItemType,episode)+facadeview.list</visible>
      <animation effect="fade" time="250" delay="0">WindowClose</animation>
      <animation effect="fade" time="250" delay="0">WindowOpen</animation>
    </control>
    <control>
      <description>Rating Votes</description>
      <type>label</type>
      <id>0</id>
      <posX>415</posX>
      <posY>311</posY>
      <width>390</width>
      <font>font10</font>
      <label>#Trakt.Movie.Ratings.Votes #Trakt.Translation.Votes.Label</label>
      <textcolor>ffFFFFFF</textcolor>			
      <visible>!string.equals(#Trakt.Movie.Ratings.Votes,)+string.equals(#Trakt.List.ItemType,movie)+facadeview.list</visible>
      <animation effect="fade" time="250" delay="0">WindowClose</animation>
      <animation effect="fade" time="250" delay="0">WindowOpen</animation>
    </control>
		<control>
      <description>Rating Votes</description>
      <type>label</type>
      <id>0</id>
      <posX>415</posX>
      <posY>311</posY>
      <width>390</width>
      <font>font10</font>
      <label>#Trakt.Show.Ratings.Votes #Trakt.Translation.Votes.Label</label>
      <textcolor>ffFFFFFF</textcolor>			
      <visible>!string.equals(#Trakt.Show.Ratings.Votes,)+[string.equals(#Trakt.List.ItemType,show)|string.equals(#Trakt.List.ItemType,season)]+facadeview.list</visible>
      <animation effect="fade" time="250" delay="0">WindowClose</animation>
      <animation effect="fade" time="250" delay="0">WindowOpen</animation>
    </control>
    <control>
      <description>Rating Votes</description>
      <type>label</type>
      <id>0</id>
      <posX>415</posX>
      <posY>311</posY>
      <width>390</width>
      <font>font10</font>
      <label>#Trakt.Episode.Ratings.Votes #Trakt.Translation.Votes.Label</label>
      <textcolor>ffFFFFFF</textcolor>			
      <visible>!string.equals(#Trakt.Episode.Ratings.Votes,)+string.equals(#Trakt.List.ItemType,episode)+facadeview.list</visible>
      <animation effect="fade" time="250" delay="0">WindowClose</animation>
      <animation effect="fade" time="250" delay="0">WindowOpen</animation>
    </control>
		
    <control>
      <description>Summary</description>
      <type>textboxscrollup</type>
      <id>0</id>
      <posX>308</posX>
      <posY>345</posY>
      <width>400</width>
      <height>210</height>
      <textcolor>ffFFFFFF</textcolor>
      <font>font11</font>
      <label>#Trakt.Movie.Overview</label>
      <visible>!string.equals(#Trakt.Movie.Overview,)+string.equals(#Trakt.List.ItemType,movie)+facadeview.list</visible>
      <animation effect="fade" time="250" delay="0">WindowClose</animation>
      <animation effect="fade" time="250" delay="0">WindowOpen</animation>
    </control>
		<control>
      <description>Summary</description>
      <type>textboxscrollup</type>
      <id>0</id>
      <posX>308</posX>
      <posY>345</posY>
      <width>400</width>
      <height>210</height>
      <textcolor>ffFFFFFF</textcolor>
      <font>font11</font>
      <label>#Trakt.Show.Overview</label>
      <visible>!string.equals(#Trakt.Show.Overview,)+[string.equals(#Trakt.List.ItemType,show)|string.equals(#Trakt.List.ItemType,season)]+facadeview.list</visible>
      <animation effect="fade" time="250" delay="0">WindowClose</animation>
      <animation effect="fade" time="250" delay="0">WindowOpen</animation>
    </control>
		<control>
      <description>Summary</description>
      <type>textboxscrollup</type>
      <id>0</id>
      <posX>308</posX>
      <posY>345</posY>
      <width>400</width>
      <height>210</height>
      <textcolor>ffFFFFFF</textcolor>
      <font>font11</font>
      <label>#Trakt.Episode.Overview</label>
      <visible>!string.equals(#Trakt.Episode.Overview,)+string.equals(#Trakt.List.ItemType,episode)+facadeview.list</visible>
      <animation effect="fade" time="250" delay="0">WindowClose</animation>
      <animation effect="fade" time="250" delay="0">WindowOpen</animation>
    </control>
    <control>
      <description>Certification Label</description>
      <id>0</id>
      <type>label</type>
      <label>#Trakt.Translation.Certification.Label</label>
      <posX>310</posX>
      <posY>572</posY>
      <width>190</width>
			<textcolor>ffa9d0f7</textcolor>
      <font>font10</font>
      <visible>!string.equals(#Trakt.Movie.Certification,)+string.equals(#Trakt.List.ItemType,movie)+facadeview.list</visible>
      <animation effect="fade" time="250" delay="0">WindowClose</animation>
      <animation effect="fade" time="250" delay="0">WindowOpen</animation>
    </control>
		<control>
      <description>Certification Label</description>
      <id>0</id>
      <type>label</type>
      <label>#Trakt.Translation.Certification.Label</label>
      <posX>310</posX>
      <posY>572</posY>
      <width>190</width>
			<textcolor>ffa9d0f7</textcolor>
      <font>font10</font>
      <visible>!string.equals(#Trakt.Show.Certification,)+!string.equals(#Trakt.List.ItemType,movie)+facadeview.list</visible>
      <animation effect="fade" time="250" delay="0">WindowClose</animation>
      <animation effect="fade" time="250" delay="0">WindowOpen</animation>
    </control>
    <control>
      <description>Certification</description>
      <id>0</id>
      <type>label</type>
      <label>#Trakt.Movie.Certification</label>
      <posX>520</posX>
      <posY>573</posY>
      <width>200</width>
			<textcolor>ffFFFFFF</textcolor>
      <font>font10</font>
      <visible>!string.equals(#Trakt.Movie.Certification,)+string.equals(#Trakt.List.ItemType,movie)+facadeview.list</visible>
      <animation effect="fade" time="250" delay="0">WindowClose</animation>
      <animation effect="fade" time="250" delay="0">WindowOpen</animation>
    </control>
		<control>
      <description>Certification</description>
      <id>0</id>
      <type>label</type>
      <label>#Trakt.Show.Certification</label>
      <posX>520</posX>
      <posY>573</posY>
      <width>200</width>
			<textcolor>ffFFFFFF</textcolor>
      <font>font10</font>
      <visible>!string.equals(#Trakt.Show.Certification,)+!string.equals(#Trakt.List.ItemType,movie)+facadeview.list</visible>
      <animation effect="fade" time="250" delay="0">WindowClose</animation>
      <animation effect="fade" time="250" delay="0">WindowOpen</animation>
    </control>
    <control>
      <description>Runtime Label</description>
      <id>0</id>
      <type>label</type>
      <label>#Trakt.Translation.Runtime.Label</label>
      <posX>310</posX>
      <posY>594</posY>
      <width>190</width>
			<textcolor>ffa9d0f7</textcolor>
      <font>font10</font>
      <visible>!string.equals(#Trakt.Movie.Runtime,)+string.equals(#Trakt.List.ItemType,movie)+facadeview.list</visible>
      <animation effect="fade" time="250" delay="0">WindowClose</animation>
      <animation effect="fade" time="250" delay="0">WindowOpen</animation>
    </control>
		<control>
      <description>Runtime Label</description>
      <id>0</id>
      <type>label</type>
      <label>#Trakt.Translation.Runtime.Label</label>
      <posX>310</posX>
      <posY>594</posY>
      <width>190</width>
			<textcolor>ffa9d0f7</textcolor>
      <font>font10</font>
      <visible>!string.equals(#Trakt.Show.Runtime,)+!string.equals(#Trakt.List.ItemType,movie)+facadeview.list</visible>
      <animation effect="fade" time="250" delay="0">WindowClose</animation>
      <animation effect="fade" time="250" delay="0">WindowOpen</animation>
    </control>
    <control>
      <description>Runtime</description>
      <id>0</id>
      <type>label</type>
      <label>#Trakt.Movie.Runtime mins</label>
      <posX>520</posX>
      <posY>595</posY>
      <width>200</width>
			<textcolor>ffFFFFFF</textcolor>
      <font>font10</font>
      <visible>!string.equals(#Trakt.Movie.Runtime,)+string.equals(#Trakt.List.ItemType,movie)+facadeview.list</visible>
      <animation effect="fade" time="250" delay="0">WindowClose</animation>
      <animation effect="fade" time="250" delay="0">WindowOpen</animation>
    </control>
		<control>
      <description>Runtime</description>
      <id>0</id>
      <type>label</type>
      <label>#Trakt.Show.Runtime mins</label>
      <posX>520</posX>
      <posY>595</posY>
      <width>200</width>
			<textcolor>ffFFFFFF</textcolor>
      <font>font10</font>
      <visible>!string.equals(#Trakt.Show.Runtime,)+!string.equals(#Trakt.List.ItemType,movie)+facadeview.list</visible>
      <animation effect="fade" time="250" delay="0">WindowClose</animation>
      <animation effect="fade" time="250" delay="0">WindowOpen</animation>
    </control>
    <control>
      <description>Released Label</description>
      <type>label</type>
      <label>#Trakt.Translation.Released.Label</label>
      <posX>310</posX>
      <posY>616</posY>
      <width>190</width>
			<textcolor>ffa9d0f7</textcolor>
      <font>font10</font>
      <visible>!string.equals(#Trakt.Movie.Released,)+string.equals(#Trakt.List.ItemType,movie)+facadeview.list</visible>
      <animation effect="fade" time="250" delay="0">WindowClose</animation>
      <animation effect="fade" time="250" delay="0">WindowOpen</animation>
    </control>
		<control>
      <description>Released Label</description>
      <type>label</type>
      <label>#Trakt.Translation.FirstAired.Label</label>
      <posX>310</posX>
      <posY>616</posY>
      <width>190</width>
			<textcolor>ffa9d0f7</textcolor>
      <font>font10</font>
      <visible>!string.equals(#Trakt.Show.FirstAired,)+!string.equals(#Trakt.List.ItemType,movie)+facadeview.list</visible>
      <animation effect="fade" time="250" delay="0">WindowClose</animation>
      <animation effect="fade" time="250" delay="0">WindowOpen</animation>
    </control>
    <control>
      <description>Released</description>
      <id>0</id>
      <type>label</type>
      <label>#Trakt.Movie.Released</label>
      <posX>520</posX>
      <posY>617</posY>
			<textcolor>ffFFFFFF</textcolor>
      <font>font10</font>
      <visible>!string.equals(#Trakt.Movie.Released,)+string.equals(#Trakt.List.ItemType,movie)+facadeview.list</visible>
      <animation effect="fade" time="250" delay="0">WindowClose</animation>
      <animation effect="fade" time="250" delay="0">WindowOpen</animation>
    </control>
		<control>
      <description>Released</description>
      <id>0</id>
      <type>label</type>
      <label>#Trakt.Show.FirstAired</label>
      <posX>520</posX>
      <posY>617</posY>
			<textcolor>ffFFFFFF</textcolor>
      <font>font10</font>
      <visible>!string.equals(#Trakt.Show.FirstAired,)+[string.equals(#Trakt.List.ItemType,show)|string.equals(#Trakt.List.ItemType,season)]+facadeview.list</visible>
      <animation effect="fade" time="250" delay="0">WindowClose</animation>
      <animation effect="fade" time="250" delay="0">WindowOpen</animation>
    </control>
		<control>
      <description>Released</description>
      <id>0</id>
      <type>label</type>
      <label>#Trakt.Episode.FirstAired</label>
      <posX>520</posX>
      <posY>617</posY>
			<textcolor>ffFFFFFF</textcolor>
      <font>font10</font>
      <visible>!string.equals(#Trakt.Episode.FirstAired,)+string.equals(#Trakt.List.ItemType,episode)+facadeview.list</visible>
      <animation effect="fade" time="250" delay="0">WindowClose</animation>
      <animation effect="fade" time="250" delay="0">WindowOpen</animation>
    </control>
		
		<!-- Thumbnails Layout -->
		<control>
      <description>Movie Title</description>
      <type>label</type>
      <id>0</id>
      <posX>20</posX>
      <posY>240</posY>
      <width>500</width>
      <font>font14</font>
      <label>#Trakt.Movie.Title</label>
      <textcolor>ffFFFFFF</textcolor>			
      <visible>[facadeview.smallicons|facadeview.largeicons]+control.isvisible(50)+!string.equals(#Trakt.Movie.Title,)+string.equals(#Trakt.List.ItemType,movie)</visible>
      <animation effect="fade" time="250" delay="0">WindowClose</animation>
      <animation effect="fade" time="250" delay="0">WindowOpen</animation>
    </control>
		<control>
      <description>Show Title</description>
      <type>label</type>
      <id>0</id>
      <posX>20</posX>
      <posY>240</posY>
      <width>500</width>
      <font>font14</font>
      <label>#Trakt.Show.Title</label>
      <textcolor>ffFFFFFF</textcolor>			
      <visible>[facadeview.smallicons|facadeview.largeicons]+control.isvisible(50)+!string.equals(#Trakt.Show.Title,)+!string.equals(#Trakt.List.ItemType,movie)</visible>
      <animation effect="fade" time="250" delay="0">WindowClose</animation>
      <animation effect="fade" time="250" delay="0">WindowOpen</animation>
    </control>
    <control>
      <description>Year</description>
      <type>label</type>
      <label>#Trakt.Movie.Year</label>
      <id>0</id>
      <posX>20</posX>
      <posY>270</posY>
      <width>500</width>
      <font>font12</font>
      <textcolor>ffa9d0f7</textcolor>
      <visible>[facadeview.smallicons|facadeview.largeicons]+control.isvisible(50)+!string.equals(#Trakt.Movie.Year,)+string.equals(#Trakt.List.ItemType,movie)</visible>
      <animation effect="fade" time="250" delay="0">WindowClose</animation>
      <animation effect="fade" time="250" delay="0">WindowOpen</animation>
    </control>
		<control>
      <description>Year</description>
      <type>label</type>
      <label>#Trakt.Show.Year</label>
      <id>0</id>
      <posX>20</posX>
      <posY>270</posY>
      <width>500</width>
      <font>font12</font>
      <textcolor>ffa9d0f7</textcolor>
      <visible>[facadeview.smallicons|facadeview.largeicons]+control.isvisible(50)+!string.equals(#Trakt.Show.Year,)+string.equals(#Trakt.List.ItemType,show)</visible>
      <animation effect="fade" time="250" delay="0">WindowClose</animation>
      <animation effect="fade" time="250" delay="0">WindowOpen</animation>
    </control>
		<control>
      <description>Season</description>
      <type>label</type>
      <label>#Trakt.Translation.Season.Label #Trakt.Season.Number</label>
      <id>0</id>
      <posX>20</posX>
      <posY>270</posY>
      <width>500</width>
      <font>font12</font>
      <textcolor>ffa9d0f7</textcolor>
      <visible>[facadeview.smallicons|facadeview.largeicons]+control.isvisible(50)+!string.equals(#Trakt.Season.Number,)+string.equals(#Trakt.List.ItemType,season)</visible>
      <animation effect="fade" time="250" delay="0">WindowClose</animation>
      <animation effect="fade" time="250" delay="0">WindowOpen</animation>
    </control>
		<control>
      <description>Season/Episode</description>
      <type>label</type>
      <label>#Trakt.Translation.Season.Label #Trakt.Season.Number #Trakt.Translation.Episode.Label #Trakt.Episode.Number</label>
      <id>0</id>
      <posX>20</posX>
      <posY>270</posY>
      <width>500</width>
      <font>font12</font>
      <textcolor>ffa9d0f7</textcolor>
      <visible>[facadeview.smallicons|facadeview.largeicons]+control.isvisible(50)+!string.equals(#Trakt.Episode.Number,)+string.equals(#Trakt.List.ItemType,episode)</visible>
      <animation effect="fade" time="250" delay="0">WindowClose</animation>
      <animation effect="fade" time="250" delay="0">WindowOpen</animation>
    </control>
    
    <control>
      <description>Rating Percent</description>
      <type>label</type>
      <id>0</id>
      <posX>20</posX>
      <posY>296</posY>
      <width>60</width>
      <font>font12</font>
      <label>#Trakt.Movie.Ratings.Percentage%</label>
      <textcolor>ffFFFFFF</textcolor>			
      <visible>!string.equals(#Trakt.Movie.Ratings.Percentage,)+string.equals(#Trakt.List.ItemType,movie)+[facadeview.smallicons|facadeview.largeicons]</visible>
      <animation effect="fade" time="250" delay="0">WindowClose</animation>
      <animation effect="fade" time="250" delay="0">WindowOpen</animation>
    </control>
		<control>
      <description>Rating Percent</description>
      <type>label</type>
      <id>0</id>
      <posX>20</posX>
      <posY>296</posY>
      <width>60</width>
      <font>font12</font>
      <label>#Trakt.Show.Ratings.Percentage%</label>
      <textcolor>ffFFFFFF</textcolor>			
      <visible>!string.equals(#Trakt.Show.Ratings.Percentage,)+[string.equals(#Trakt.List.ItemType,show)|string.equals(#Trakt.List.ItemType,season)]+[facadeview.smallicons|facadeview.largeicons]</visible>
      <animation effect="fade" time="250" delay="0">WindowClose</animation>
      <animation effect="fade" time="250" delay="0">WindowOpen</animation>
    </control>
		<control>
      <description>Rating Percent</description>
      <type>label</type>
      <id>0</id>
      <posX>20</posX>
      <posY>296</posY>
      <width>60</width>
      <font>font12</font>
      <label>#Trakt.Episode.Ratings.Percentage%</label>
      <textcolor>ffFFFFFF</textcolor>			
      <visible>!string.equals(#Trakt.Episode.Ratings.Percentage,)+string.equals(#Trakt.List.ItemType,episode)+[facadeview.smallicons|facadeview.largeicons]</visible>
      <animation effect="fade" time="250" delay="0">WindowClose</animation>
      <animation effect="fade" time="250" delay="0">WindowOpen</animation>
    </control>
    <control>
      <description>Rating Icon</description>
      <type>image</type>
      <id>1</id>
      <width>35</width>
      <height>32</height>
      <posX>88</posX>
      <posY>296</posY>
      <texture>#Trakt.Movie.Ratings.Icon.png</texture>
      <visible>!string.equals(#Trakt.Movie.Ratings.Icon,)+string.equals(#Trakt.List.ItemType,movie)+[facadeview.smallicons|facadeview.largeicons]</visible>
      <animation effect="fade" time="250" delay="0">WindowClose</animation>
      <animation effect="fade" time="250" delay="0">WindowOpen</animation>
    </control>
		<control>
      <description>Rating Icon</description>
      <type>image</type>
      <id>1</id>
      <width>35</width>
      <height>32</height>
      <posX>88</posX>
      <posY>296</posY>
      <texture>#Trakt.Show.Ratings.Icon.png</texture>
      <visible>!string.equals(#Trakt.Show.Ratings.Icon,)+[string.equals(#Trakt.List.ItemType,show)|string.equals(#Trakt.List.ItemType,season)]+[facadeview.smallicons|facadeview.largeicons]</visible>
      <animation effect="fade" time="250" delay="0">WindowClose</animation>
      <animation effect="fade" time="250" delay="0">WindowOpen</animation>
    </control>
		<control>
      <description>Rating Icon</description>
      <type>image</type>
      <id>1</id>
      <width>35</width>
      <height>32</height>
      <posX>88</posX>
      <posY>296</posY>
      <texture>#Trakt.Episode.Ratings.Icon.png</texture>
      <visible>!string.equals(#Trakt.Episode.Ratings.Icon,)+string.equals(#Trakt.List.ItemType,episode)+[facadeview.smallicons|facadeview.largeicons]</visible>
      <animation effect="fade" time="250" delay="0">WindowClose</animation>
      <animation effect="fade" time="250" delay="0">WindowOpen</animation>
    </control>
    <control>
      <description>Rating Votes</description>
      <type>label</type>
      <id>0</id>
      <posX>130</posX>
      <posY>300</posY>
      <width>390</width>
      <font>font10</font>
      <label>#Trakt.Movie.Ratings.Votes #Trakt.Translation.Votes.Label</label>
      <textcolor>ffFFFFFF</textcolor>
      <visible>!string.equals(#Trakt.Movie.Ratings.Votes,)+string.equals(#Trakt.List.ItemType,movie)+[facadeview.smallicons|facadeview.largeicons]</visible>
      <animation effect="fade" time="250" delay="0">WindowClose</animation>
      <animation effect="fade" time="250" delay="0">WindowOpen</animation>
    </control>
		<control>
      <description>Rating Votes</description>
      <type>label</type>
      <id>0</id>
      <posX>130</posX>
      <posY>300</posY>
      <width>390</width>
      <font>font10</font>
      <label>#Trakt.Show.Ratings.Votes #Trakt.Translation.Votes.Label</label>
      <textcolor>ffFFFFFF</textcolor>
      <visible>!string.equals(#Trakt.Show.Ratings.Votes,)+[string.equals(#Trakt.List.ItemType,show)|string.equals(#Trakt.List.ItemType,season)]+[facadeview.smallicons|facadeview.largeicons]</visible>
      <animation effect="fade" time="250" delay="0">WindowClose</animation>
      <animation effect="fade" time="250" delay="0">WindowOpen</animation>
    </control>
    <control>
      <description>Rating Votes</description>
      <type>label</type>
      <id>0</id>
      <posX>130</posX>
      <posY>300</posY>
      <width>390</width>
      <font>font10</font>
      <label>#Trakt.Episode.Ratings.Votes #Trakt.Translation.Votes.Label</label>
      <textcolor>ffFFFFFF</textcolor>
      <visible>!string.equals(#Trakt.Episode.Ratings.Votes,)+string.equals(#Trakt.List.ItemType,episode)+[facadeview.smallicons|facadeview.largeicons]</visible>
      <animation effect="fade" time="250" delay="0">WindowClose</animation>
      <animation effect="fade" time="250" delay="0">WindowOpen</animation>
    </control>
		
    <control>
      <description>Overview</description>
      <type>textboxscrollup</type>
      <id>0</id>
      <posX>20</posX>
      <posY>336</posY>
      <width>500</width>
      <height>210</height>
      <textcolor>ffFFFFFF</textcolor>
      <font>font11</font>
      <label>#Trakt.Movie.Overview</label>
      <visible>[facadeview.smallicons|facadeview.largeicons]+control.isvisible(50)+!string.equals(#Trakt.Movie.Overview,)+string.equals(#Trakt.List.ItemType,movie)</visible>
      <animation effect="fade" time="250" delay="0">WindowClose</animation>
      <animation effect="fade" time="250" delay="0">WindowOpen</animation>
    </control>
		<control>
      <description>Overview</description>
      <type>textboxscrollup</type>
      <id>0</id>
      <posX>20</posX>
      <posY>336</posY>
      <width>500</width>
      <height>210</height>
      <textcolor>ffFFFFFF</textcolor>
      <font>font11</font>
      <label>#Trakt.Show.Overview</label>
      <visible>[facadeview.smallicons|facadeview.largeicons]+control.isvisible(50)+!string.equals(#Trakt.Show.Overview,)+[string.equals(#Trakt.List.ItemType,show)|string.equals(#Trakt.List.ItemType,season)]</visible>
      <animation effect="fade" time="250" delay="0">WindowClose</animation>
      <animation effect="fade" time="250" delay="0">WindowOpen</animation>
    </control>
		<control>
      <description>Overview</description>
      <type>textboxscrollup</type>
      <id>0</id>
      <posX>20</posX>
      <posY>336</posY>
      <width>500</width>
      <height>210</height>
      <textcolor>ffFFFFFF</textcolor>
      <font>font11</font>
      <label>#Trakt.Episode.Overview</label>
      <visible>[facadeview.smallicons|facadeview.largeicons]+control.isvisible(50)+!string.equals(#Trakt.Episode.Overview,)+string.equals(#Trakt.List.ItemType,episode)</visible>
      <animation effect="fade" time="250" delay="0">WindowClose</animation>
      <animation effect="fade" time="250" delay="0">WindowOpen</animation>
    </control>
    <control>
      <description>Certification Label</description>
      <id>0</id>
      <type>label</type>
      <label>#Trakt.Translation.Certification.Label</label>
      <posX>20</posX>
      <posY>551</posY>
      <width>140</width>
			<textcolor>ffa9d0f7</textcolor>
      <font>font10</font>
      <visible>[facadeview.smallicons|facadeview.largeicons]+control.isvisible(50)+!string.equals(#Trakt.Movie.Certification,)+string.equals(#Trakt.List.ItemType,movie)</visible>
      <animation effect="fade" time="250" delay="0">WindowClose</animation>
      <animation effect="fade" time="250" delay="0">WindowOpen</animation>
    </control>
		<control>
      <description>Certification Label</description>
      <id>0</id>
      <type>label</type>
      <label>#Trakt.Translation.Certification.Label</label>
      <posX>20</posX>
      <posY>551</posY>
      <width>140</width>
			<textcolor>ffa9d0f7</textcolor>
      <font>font10</font>
      <visible>[facadeview.smallicons|facadeview.largeicons]+control.isvisible(50)+!string.equals(#Trakt.Show.Certification,)+!string.equals(#Trakt.List.ItemType,movie)</visible>
      <animation effect="fade" time="250" delay="0">WindowClose</animation>
      <animation effect="fade" time="250" delay="0">WindowOpen</animation>
    </control>
    <control>
      <description>Certification</description>
      <id>1004</id>
      <type>label</type>
      <label>#Trakt.Movie.Certification</label>
      <posX>180</posX>
      <posY>552</posY>
      <width>200</width>
			<textcolor>ffFFFFFF</textcolor>
      <font>font10</font>
      <visible>[facadeview.smallicons|facadeview.largeicons]+control.isvisible(50)+!string.equals(#Trakt.Movie.Certification,)+string.equals(#Trakt.List.ItemType,movie)</visible>
      <animation effect="fade" time="250" delay="0">WindowClose</animation>
      <animation effect="fade" time="250" delay="0">WindowOpen</animation>
    </control>
		<control>
      <description>Certification</description>
      <id>1004</id>
      <type>label</type>
      <label>#Trakt.Movie.Certification</label>
      <posX>180</posX>
      <posY>552</posY>
      <width>200</width>
			<textcolor>ffFFFFFF</textcolor>
      <font>font10</font>
      <visible>[facadeview.smallicons|facadeview.largeicons]+control.isvisible(50)+!string.equals(#Trakt.Show.Certification,)+!string.equals(#Trakt.List.ItemType,movie)</visible>
      <animation effect="fade" time="250" delay="0">WindowClose</animation>
      <animation effect="fade" time="250" delay="0">WindowOpen</animation>
    </control>
    <control>
      <description>Runtime Label</description>
      <id>0</id>
      <type>label</type>
      <label>#Trakt.Translation.Runtime.Label</label>
      <posX>20</posX>
      <posY>573</posY>
      <width>140</width>
			<textcolor>ffa9d0f7</textcolor>
      <font>font10</font>
      <visible>[facadeview.smallicons|facadeview.largeicons]+control.isvisible(50)+!string.equals(#Trakt.Movie.Runtime,)+string.equals(#Trakt.List.ItemType,movie)</visible>
      <animation effect="fade" time="250" delay="0">WindowClose</animation>
      <animation effect="fade" time="250" delay="0">WindowOpen</animation>
    </control>
		<control>
      <description>Runtime Label</description>
      <id>0</id>
      <type>label</type>
      <label>#Trakt.Translation.Runtime.Label</label>
      <posX>20</posX>
      <posY>573</posY>
      <width>140</width>
			<textcolor>ffa9d0f7</textcolor>
      <font>font10</font>
      <visible>[facadeview.smallicons|facadeview.largeicons]+control.isvisible(50)+!string.equals(#Trakt.Show.Runtime,)+!string.equals(#Trakt.List.ItemType,movie)</visible>
      <animation effect="fade" time="250" delay="0">WindowClose</animation>
      <animation effect="fade" time="250" delay="0">WindowOpen</animation>
    </control>
    <control>
      <description>Runtime</description>
      <id>1005</id>
      <type>label</type>
      <label>#Trakt.Movie.Runtime mins</label>
      <posX>180</posX>
      <posY>574</posY>
      <width>200</width>
			<textcolor>ffFFFFFF</textcolor>
      <font>font10</font>
      <visible>[facadeview.smallicons|facadeview.largeicons]+control.isvisible(50)+!string.equals(#Trakt.Movie.Runtime,)+string.equals(#Trakt.List.ItemType,movie)</visible>
      <animation effect="fade" time="250" delay="0">WindowClose</animation>
      <animation effect="fade" time="250" delay="0">WindowOpen</animation>
    </control>
		<control>
      <description>Runtime</description>
      <id>1005</id>
      <type>label</type>
      <label>#Trakt.Show.Runtime mins</label>
      <posX>180</posX>
      <posY>574</posY>
      <width>200</width>
			<textcolor>ffFFFFFF</textcolor>
      <font>font10</font>
      <visible>[facadeview.smallicons|facadeview.largeicons]+control.isvisible(50)+!string.equals(#Trakt.Show.Runtime,)+!string.equals(#Trakt.List.ItemType,movie)</visible>
      <animation effect="fade" time="250" delay="0">WindowClose</animation>
      <animation effect="fade" time="250" delay="0">WindowOpen</animation>
    </control>
    <control>
      <description>Released Label</description>
      <type>label</type>
      <label>#Trakt.Translation.Released.Label</label>
      <posX>20</posX>
      <posY>595</posY>
      <width>140</width>
			<textcolor>ffa9d0f7</textcolor>
      <font>font10</font>
      <visible>[facadeview.smallicons|facadeview.largeicons]+control.isvisible(50)+!string.equals(#Trakt.Movie.Released,)+string.equals(#Trakt.List.ItemType,movie)</visible>
      <animation effect="fade" time="250" delay="0">WindowClose</animation>
      <animation effect="fade" time="250" delay="0">WindowOpen</animation>
    </control>
		<control>
      <description>Released Label</description>
      <type>label</type>
      <label>#Trakt.Translation.FirstAired.Label</label>
      <posX>20</posX>
      <posY>595</posY>
      <width>140</width>
			<textcolor>ffa9d0f7</textcolor>
      <font>font10</font>
      <visible>[facadeview.smallicons|facadeview.largeicons]+control.isvisible(50)+!string.equals(#Trakt.Show.FirstAired,)+!string.equals(#Trakt.List.ItemType,movie)</visible>
      <animation effect="fade" time="250" delay="0">WindowClose</animation>
      <animation effect="fade" time="250" delay="0">WindowOpen</animation>
    </control>
    <control>
      <description>Released</description>
      <id>0</id>
      <type>label</type>
      <label>#Trakt.Movie.Released</label>
      <posX>180</posX>
      <posY>596</posY>
			<textcolor>ffFFFFFF</textcolor>
      <font>font10</font>
      <visible>[facadeview.smallicons|facadeview.largeicons]+control.isvisible(50)+!string.equals(#Trakt.Movie.Released,)+string.equals(#Trakt.List.ItemType,movie)</visible>
      <animation effect="fade" time="250" delay="0">WindowClose</animation>
      <animation effect="fade" time="250" delay="0">WindowOpen</animation>
    </control>
		<control>
      <description>Released</description>
      <id>0</id>
      <type>label</type>
      <label>#Trakt.Show.FirstAired</label>
      <posX>180</posX>
      <posY>596</posY>
			<textcolor>ffFFFFFF</textcolor>
      <font>font10</font>
      <visible>[facadeview.smallicons|facadeview.largeicons]+control.isvisible(50)+!string.equals(#Trakt.Show.FirstAired,)+[string.equals(#Trakt.List.ItemType,show)|string.equals(#Trakt.List.ItemType,season)]</visible>
      <animation effect="fade" time="250" delay="0">WindowClose</animation>
      <animation effect="fade" time="250" delay="0">WindowOpen</animation>
    </control>
		<control>
      <description>Released</description>
      <id>0</id>
      <type>label</type>
      <label>#Trakt.Episode.FirstAired</label>
      <posX>180</posX>
      <posY>596</posY>
			<textcolor>ffFFFFFF</textcolor>
      <font>font10</font>
      <visible>[facadeview.smallicons|facadeview.largeicons]+control.isvisible(50)+!string.equals(#Trakt.Episode.FirstAired,)+string.equals(#Trakt.List.ItemType,episode)</visible>
      <animation effect="fade" time="250" delay="0">WindowClose</animation>
      <animation effect="fade" time="250" delay="0">WindowOpen</animation>
    </control>
		
    <!-- Filmstrip -->
    <control>
      <description>Movie Title</description>
      <type>label</type>
      <id>1</id>
      <posX>20</posX>
      <posY>656</posY>
      <width>1280</width>
      <align>center</align>
      <font>font14</font>
      <label>#Trakt.Movie.Title</label>
      <visible>facadeview.filmstrip+control.isvisible(50)+!string.equals(#Trakt.Movie.Title,)+string.equals(#Trakt.List.ItemType,movie)</visible>
      <animation effect="fade" time="150">WindowOpen</animation>
      <animation effect="fade" time="250">WindowClose</animation>
    </control>
		<control>
      <description>Show Title</description>
      <type>label</type>
      <id>1</id>
      <posX>20</posX>
      <posY>656</posY>
      <width>1280</width>
      <align>center</align>
      <font>font14</font>
      <label>#Trakt.Movie.Title</label>
      <visible>facadeview.filmstrip+control.isvisible(50)+!string.equals(#Trakt.Show.Title,)+!string.equals(#Trakt.List.ItemType,movie)</visible>
      <animation effect="fade" time="150">WindowOpen</animation>
      <animation effect="fade" time="250">WindowClose</animation>
    </control>
    <control>
      <description>Year</description>
      <type>label</type>
      <label>#Trakt.Movie.Year</label>
      <id>0</id>
      <posX>20</posX>
      <posY>680</posY>
      <width>1280</width>
      <align>center</align>
      <font>font12</font>
      <textcolor>ffa9d0f7</textcolor>
      <visible>facadeview.filmstrip+control.isvisible(50)+!string.equals(#Trakt.Movie.Year,)+string.equals(#Trakt.List.ItemType,movie)</visible>
      <animation effect="fade" time="250" delay="0">WindowClose</animation>
      <animation effect="fade" time="250" delay="0">WindowOpen</animation>
    </control>
		<control>
      <description>Year</description>
      <type>label</type>
      <label>#Trakt.Show.Year</label>
      <id>0</id>
      <posX>20</posX>
      <posY>680</posY>
      <width>1280</width>
      <align>center</align>
      <font>font12</font>
      <textcolor>ffa9d0f7</textcolor>
      <visible>facadeview.filmstrip+control.isvisible(50)+!string.equals(#Trakt.Show.Year,)+string.equals(#Trakt.List.ItemType,show)</visible>
      <animation effect="fade" time="250" delay="0">WindowClose</animation>
      <animation effect="fade" time="250" delay="0">WindowOpen</animation>
    </control>
		<control>
      <description>Season</description>
      <type>label</type>
      <label>#Trakt.Translation.Season.Label #Trakt.Season.Number</label>
      <id>0</id>
      <posX>20</posX>
      <posY>680</posY>
      <width>1280</width>
      <align>center</align>
      <font>font12</font>
      <textcolor>ffa9d0f7</textcolor>
      <visible>facadeview.filmstrip+control.isvisible(50)+!string.equals(#Trakt.Season.Number,)+string.equals(#Trakt.List.ItemType,season)</visible>
      <animation effect="fade" time="250" delay="0">WindowClose</animation>
      <animation effect="fade" time="250" delay="0">WindowOpen</animation>
    </control>
		<control>
      <description>Season/Episode</description>
      <type>label</type>
      <label>#Trakt.Translation.Season.Label #Trakt.Season.Number #Trakt.Translation.Episode.Label #Trakt.Episode.Number</label>
      <id>0</id>
      <posX>20</posX>
      <posY>680</posY>
      <width>1280</width>
      <align>center</align>
      <font>font12</font>
      <textcolor>ffa9d0f7</textcolor>
      <visible>facadeview.filmstrip+control.isvisible(50)+!string.equals(#Trakt.Episode.Number,)+string.equals(#Trakt.List.ItemType,episode)</visible>
      <animation effect="fade" time="250" delay="0">WindowClose</animation>
      <animation effect="fade" time="250" delay="0">WindowOpen</animation>
    </control>
    
  </controls>
</window>
