﻿<?xml version="1.0" encoding="utf-8" standalone="yes"?>
<window>
  <id>87275</id>
  <defaultcontrol>50</defaultcontrol>
  <allowoverlay>yes</allowoverlay>
	<define>#currentmodule:#Trakt.Translation.Lists.Label | #Trakt.Lists.CurrentUser</define>
  <controls>    
		<import>common.settings.xml</import>
    <control>
      <description>group element</description>
      <type>group</type>
      <animation effect="fade" time="150">WindowOpen</animation>
      <animation effect="fade" time="250">WindowClose</animation>
      <animation effect="slide" time="150" start="1200,0">WindowOpen</animation>
      <animation effect="slide" time="250" end="1200,0">WindowClose</animation>
      <control>
				<type>facadeview</type>
				<id>50</id>
				<animation effect="fade" time="250" delay="0">WindowClose</animation>
				<control>
          <description>listcontrol</description>
          <type>listcontrol</type>
          <id>50</id>
          <posX>600</posX>
          <posY>140</posY>
          <height>580</height>
          <width>680</width>
          <onleft>50</onleft>
          <onright>50</onright>
          <scrollOffset>5</scrollOffset>
          <itemWidth>32</itemWidth>
          <itemHeight>32</itemHeight>
          <IconXOff>25</IconXOff>
          <IconYOff>4</IconYOff>
          <textXOff>25</textXOff>
          <textYOff>5</textYOff>
          <textXOff2>0</textXOff2>
          <textYOff2>5</textYOff2>
          <textXOff3>75</textXOff3>
          <textYOff3>10</textYOff3>
          <font>font11</font>
          <font2>font10</font2>
          <font3>font11</font3>
          <keepaspectratio>yes</keepaspectratio>
          <spinPosX>1175</spinPosX>
          <spinPosY>681</spinPosY>
          <spinCanFocus>no</spinCanFocus>
          <suffix>|</suffix>
				</control>
		</control>		
  </control>
    
	<control>
		<description>List Description</description>
		<type>textboxscrollup</type>
		<id>0</id>
		<posX>40</posX>
		<posY>140</posY>
		<width>520</width>
		<height>380</height>
		<font>font11</font>
		<label>#Trakt.List.Description</label>
		<animation effect="fade" time="250" delay="0">WindowClose</animation>
		<animation effect="fade" time="250" delay="0">WindowOpen</animation>
		<visible>!string.equals(#Trakt.List.Description,N/A)</visible>
	</control>
	
	<control>
		<type>label</type>
		<id>1</id>
		<posX>60</posX>
		<posY>670</posY>
		<label>#Trakt.Lists.CurrentUser</label>
		<font>font16</font>
		<align>left</align>
		<textcolor>White</textcolor>
		<animation effect="fade" time="250" delay="0">WindowClose</animation>
		<animation effect="fade" time="250" delay="0">WindowOpen</animation>
	</control>
	
  </controls>
</window>
