﻿<?xml version="1.0" encoding="utf-8" standalone="yes"?>
<window>
  <id>87271</id>
  <defaultcontrol>2</defaultcontrol>
  <allowoverlay>no</allowoverlay>
	<rememberLastFocusedControl>yes</rememberLastFocusedControl>
  <define>#currentmodule:#Trakt.Translation.Settings.Label</define>
  <define>#selecteditem:#highlightedbutton</define>
  <define>#defaultcontrol:2</define>
  <define>#defaultcontrol.onleft:9997</define>
  <controls>
    <import>common.settings.xml</import>
    <import>Trakt.Common.xml</import>
    <control>
      <type>group</type>
      <description>group element</description>
      <animation effect="fade" time="200" delay="200">windowopen</animation>
      <posX>580</posX>
      <posY>201</posY>
      <width>300</width>
      <height>379</height>
      <layout>StackLayout</layout>
      <control>
        <type>button</type>
        <description>Account Setup</description>
        <id>2</id>
        <onup>17</onup>
        <width>300</width>
        <label>#Trakt.Translation.AccountSetup.Label</label>
				<hyperlink>87272</hyperlink>
        <onleft>#defaultcontrol.onleft</onleft>
      </control>
      <control>
        <type>button</type>
        <description>Plugin Setup</description>
        <id>3</id>
        <width>300</width>
        <label>#Trakt.Translation.Plugins.Label</label>
				<hyperlink>87273</hyperlink>
        <onleft>#defaultcontrol.onleft</onleft>
      </control>
      <control>
        <type>button</type>
        <description>General Settings</description>
        <id>4</id>
        <width>300</width>
        <label>#Trakt.Translation.General.Label</label>
				<hyperlink>87274</hyperlink>
        <onleft>#defaultcontrol.onleft</onleft>
        <ondown>1000</ondown>
      </control>
      <control>
        <type>button</type>
        <description>MPEICONFIGURE:a9c3845a_8718_4712_85cc_26f56520bb9a</description>
        <id>1000</id>
        <width>300</width>
        <label>#Trakt.Translation.AdvancedSettings.Label</label>
        <onleft>#defaultcontrol.onleft</onleft>
        <ondown>2</ondown>
        <visible>string.equals(#mpei.a9c3845a_8718_4712_85cc_26f56520bb9a.isinstalled, true)</visible>
      </control>
    </control>
  </controls>
</window>