﻿<?xml version="1.0" encoding="utf-8"?>
<window>
  <controls>
    <control>
      <type>image</type>
      <id>500</id>
      <posX>590</posX>
      <posY>75</posY>
      <width>99</width>
      <height>44</height>
      <texture>volume.states.mute.png</texture>
      <visible>no</visible>
    </control>
    <control>
      <type>volumebar</type>
      <id>501</id>
      <posX>640</posX>
      <posY>59</posY>
      <align>center</align>
      <height>24</height>
      <width>208</width>
      <imageHeight>3</imageHeight>
      <texture>volume.states.png</texture>
      <colordiffuse>White</colordiffuse>
      <visible>no</visible>
    </control>
    <control>
      <description>Time Background normal OSD</description>
      <type>image</type>
      <id>0</id>
      <posX>6</posX>
      <posY>10</posY>
      <width>132</width>
      <height>32</height>
      <texture>clockbackground.png</texture>
      <animation effect="fade" time="200" delay="100">WindowOpen</animation>
      <visible>!window.isosdvisible+[window.ispauseosdvisible|control.isvisible(10)|control.isvisible(11)|control.isvisible(12)|player.forwarding|player.rewinding|player.seeking]+string.equals(#StreamedMP.fullVideoOSD,true)</visible>
    </control>
    <control>
      <description>Time</description>
      <type>label</type>
      <id>233</id>
      <posX>47</posX>
      <posY>12</posY>
      <width>120</width>
      <textcolor>ffffffff</textcolor>
      <font>mediastream12c</font>
      <label>#time</label>
      <align>left</align>
      <animation effect="fade" time="200" delay="100">WindowOpen</animation>
      <visible>!window.isosdvisible+[window.ispauseosdvisible|control.isvisible(10)|control.isvisible(11)|control.isvisible(12)|player.forwarding|player.rewinding|player.seeking]+string.equals(#StreamedMP.fullVideoOSD,true)</visible>
    </control>
    <control>
      <description>row 1 label</description>
      <type>label</type>
      <id>10</id>
      <posX>0</posX>
      <posY>695</posY>
      <width>1280</width>
      <height>25</height>
      <align>center</align>
      <visible>no</visible>
      <label>-</label>
      <font>mediastream12tc</font>
    </control>
    <control>
      <description>row 2 label</description>
      <type>label</type>
      <id>11</id>
      <posX>0</posX>
      <posY>695</posY>
      <width>1280</width>
      <height>25</height>
      <label>-</label>
      <font>mediastream12tc</font>
      <visible>no</visible>
    </control>
    <control>
      <description>row 3 label</description>
      <type>label</type>
      <id>12</id>
      <posX>0</posX>
      <posY>695</posY>
      <width>1280</width>
      <height>25</height>
      <align>center</align>
      <visible>no</visible>
      <label>-</label>
      <font>mediastream12tc</font>
    </control>
  </controls>
</window>
<!--Checksum:d0889eb684a907a18297ab2c366a7c6f-->