<?xml version="1.0" encoding="utf-8" standalone="yes"?>
<window>
      <controls>
            <control>
                  <type>image</type>
                  <id>0</id>
                  <posX>0</posX>
                  <posY>675</posY>
                  <width>1280</width>
                  <height>47</height>
                  <texture>imagestreamtitle.png</texture>
                  <visible>!facadeview.filmstrip</visible>
                  <animation effect="fade" time="250">WindowOpen</animation>
                  <animation effect="fade" time="250">WindowClose</animation>
                  <animation effect="slide" time="150" start="800,0">WindowOpen</animation>
                  <animation effect="slide" time="250" end="800,0">WindowClose</animation>
            </control>
            <control>
                  <type>image</type>
                  <id>0</id>
                  <posX>0</posX>
                  <posY>650</posY>
                  <width>1280</width>
                  <height>42</height>
                  <texture>imagestreamtitle.png</texture>
                  <visible>facadeview.filmstrip</visible>
                  <animation effect="fade" time="250">WindowOpen</animation>
                  <animation effect="fade" time="250">WindowClose</animation>
                  <animation effect="slide" time="150" start="800,0">WindowOpen</animation>
                  <animation effect="slide" time="250" end="800,0">WindowClose</animation>
            </control>
            <control>
                  <description>Page Count Background</description>
                  <type>image</type>
                  <id>0</id>
                  <posX>1013</posX>
                  <posY>684</posY>
                  <width>260</width>
                  <height>30</height>
                  <texture>mediacountbg_Spin.png</texture>
                  <visible>!facadeview.filmstrip</visible>
                  <animation effect="fade" time="150">WindowOpen</animation>
                  <animation effect="fade" time="250">WindowClose</animation>
                  <animation effect="slide" time="150" start="800,0">WindowOpen</animation>
                  <animation effect="slide" time="250" end="800,0">WindowClose</animation>
            </control>
            <control>
                  <description>Page Count Label</description>
                  <type>label</type>
                  <label>30009</label>
                  <id>0</id>
                  <posX>1023</posX>
                  <posY>688</posY>
                  <font>mediastream12tc</font>
                  <textcolor>ff909090</textcolor>
                  <visible>!facadeview.filmstrip</visible>
                  <animation effect="fade" time="250">WindowOpen</animation>
                  <animation effect="fade" time="250">WindowClose</animation>
                  <animation effect="slide" time="150" start="800,0">WindowOpen</animation>
                  <animation effect="slide" time="250" end="800,0">WindowClose</animation>
            </control>			
			<!-- Facade Item Counts -->		
			<control>
				<description>Item Count Background</description>
				<type>image</type>
				<id>0</id>
				<posX>1065</posX>
				<posY>13</posY>
				<width>202</width>
				<height>28</height>
				<texture>mediacountbg.png</texture>
				<animation effect="fade" time="250">WindowOpen</animation>
				<animation effect="fade" time="250">WindowClose</animation>
				<animation effect="slide" time="150" start="800,0">WindowOpen</animation>
				<animation effect="slide" time="250" end="800,0">WindowClose</animation>
				<visible>control.isvisible(50)</visible>
			</control>
			<control>
				<description>Item Count Label</description>
				<type>label</type>
				<label>507</label>
				<id>0</id>
				<width>135</width>
				<posX>1078</posX>
				<posY>16</posY>
				<align>left</align>
				<font>mediastream10tc</font>
				<textcolor>ff909090</textcolor>			
				<animation effect="fade" time="250">WindowOpen</animation>
				<animation effect="fade" time="250">WindowClose</animation>
				<animation effect="slide" time="150" start="800,0">WindowOpen</animation>
				<animation effect="slide" time="250" end="800,0">WindowClose</animation>
				<visible>control.isvisible(50)</visible>
			</control>
			<control>
				<description>Item Count</description>
				<type>label</type>
				<label>#itemcount</label>
				<id>0</id>
				<posX>1238</posX>
				<posY>14</posY>
				<font>mediastream11c</font>
				<textcolor>ff006698</textcolor>
				<align>right</align>
				<animation effect="fade" time="250">WindowOpen</animation>
				<animation effect="fade" time="250">WindowClose</animation>
				<animation effect="slide" time="150" start="800,0">WindowOpen</animation>
				<animation effect="slide" time="250" end="800,0">WindowClose</animation>
				<visible>control.isvisible(50)</visible>
			</control>
            <control>
                  <description>Selected item Label</description>
                  <type>fadelabel</type>
                  <id>1</id>
                  <posX>25</posX>
                  <posY>684</posY>
                  <width>950</width>
                  <font>mediastream16tc</font>
                  <visible>!facadeview.filmstrip</visible>
                  <label>#selecteditem</label>
                  <animation effect="fade" time="250">WindowOpen</animation>
                  <animation effect="fade" time="250">WindowClose</animation>
                  <animation effect="slide" time="150" start="800,0">WindowOpen</animation>
                  <animation effect="slide" time="250" end="800,0">WindowClose</animation>
            </control>
            <control>
                  <description>Selected item Label</description>
                  <type>fadelabel</type>
                  <id>1</id>
                  <posX>0</posX>
                  <posY>672</posY>
                  <width>1280</width>
                  <font>mediastream16tc</font>
                  <visible>facadeview.filmstrip</visible>
                  <align>center</align>
                  <label>#selecteditem</label>
                  <animation effect="fade" time="250">WindowOpen</animation>
                  <animation effect="fade" time="250">WindowClose</animation>
                  <animation effect="slide" time="150" start="800,0">WindowOpen</animation>
                  <animation effect="slide" time="250" end="800,0">WindowClose</animation>
            </control>
            <control>
                  <description>group element</description>
                  <animation effect="fade" time="250">WindowOpen</animation>
                  <animation effect="fade" time="250">WindowClose</animation>
                  <animation effect="slide" time="150" start="800,0">WindowOpen</animation>
                  <animation effect="slide" time="250" end="800,0">WindowClose</animation>
                  <type>group</type>
                  <control>
                        <description>composite control consisting of a list control and a thumbnail panel</description>
                        <type>facadeview</type>
                        <id>50</id>
                        <control>
                              <description>listcontrol</description>
                              <type>listcontrol</type>
                              <id>50</id>
                              <posX>620</posX>
                              <posY>240</posY>
                              <height>480</height>
                              <width>660</width>
                              <onleft>99</onleft>
                              <onright>2</onright>
							  <onleft>2</onleft>
                              <scrollOffset>5</scrollOffset>
                              <PinIconWidth>15</PinIconWidth>
                              <PinIconHeight>15</PinIconHeight>
                              <PinIconXOff>57</PinIconXOff>
                              <PinIconYOff>13</PinIconYOff>
                              <itemWidth>32</itemWidth>
                              <itemHeight>32</itemHeight>
                              <!--<textureHeight>50</textureHeight>-->
                              <IconXOff>12</IconXOff>
                              <IconYOff>4</IconYOff>
                              <textXOff>25</textXOff>
                              <textYOff>5</textYOff>
                              <textXOff2>0</textXOff2>
                              <textYOff2>5</textYOff2>
                              <font2>mediastream10</font2>
                              <keepaspectratio>yes</keepaspectratio>
                              <!--<unfocusedAlpha>200</unfocusedAlpha>-->
                              <spinPosX>1175</spinPosX>
                              <spinPosY>681</spinPosY>
                              <spinAlign>Right</spinAlign>
                              <spinColor>ff006698</spinColor>
                              <textureUp>arrow_round_up_nofocus.png</textureUp>
                              <textureDown>arrow_round_down_nofocus.png</textureDown>
                              <textureUpFocus>arrow_round_up_focus.png</textureUpFocus>
                              <textureDownFocus>arrow_round_down_focus.png</textureDownFocus>
                              <spinWidth>50</spinWidth>
                              <spinHeight>37</spinHeight>
                              <suffix>|</suffix>
                        </control>
                        <control>
                              <description>Thumbnail Panel</description>
                              <type>thumbnailpanel</type>
                              <id>50</id>
                              <onleft>2</onleft>
                              <onright>2</onright>                              
                              <textureUp>-</textureUp>
                              <textureDown>-</textureDown>
                              <posX>530</posX>
                              <posY>230</posY>
                              <width>750</width>
                              <height>480</height>
                              <itemWidth>90</itemWidth>
                              <itemHeight>90</itemHeight>
                              <textureWidth>91</textureWidth>
                              <textureHeight>90</textureHeight>
                              <thumbWidth>80</thumbWidth>
                              <thumbHeight>80</thumbHeight>
                              <thumbPosX>5</thumbPosX>
                              <thumbPosY>5</thumbPosY>
                              <imageFolderFocus>thumbborder3.png</imageFolderFocus>
                              <font>font12</font>
                              <suffix>|</suffix>
                              <textureWidthBig>150</textureWidthBig>
                              <textureHeightBig>150</textureHeightBig>
                              <itemWidthBig>150</itemWidthBig>
                              <itemHeightBig>150</itemHeightBig>
                              <thumbWidthBig>140</thumbWidthBig>
                              <thumbHeightBig>140</thumbHeightBig>
                              <thumbPosXBig>5</thumbPosXBig>
                              <thumbPosYBig>5</thumbPosYBig>
                              <thumbZoom>no</thumbZoom>
                              <enableFocusZoom>no</enableFocusZoom>
                              <spinPosX>1175</spinPosX>
                              <spinPosY>681</spinPosY>
                              <spinAlign>Right</spinAlign>
                              <spinColor>ff006698</spinColor>
                              <textureUp>arrow_round_up_nofocus.png</textureUp>
                              <textureDown>arrow_round_down_nofocus.png</textureDown>
                              <textureUpFocus>arrow_round_up_focus.png</textureUpFocus>
                              <textureDownFocus>arrow_round_down_focus.png</textureDownFocus>
                              <spinWidth>50</spinWidth>
                              <spinHeight>37</spinHeight>
                        </control>
                        <control>
                              <description>Filmstrip view</description>
                              <type>filmstrip</type>
                              <id>50</id>
                              <onup>2</onup>
                              <posX>26</posX>
                              <posY>503</posY>
                              <width>1280</width>
                              <height>217</height>
                              <thumbWidth>140</thumbWidth>
                              <thumbHeight>140</thumbHeight>
                              <thumbPosX>7</thumbPosX>
                              <thumbPosY>7</thumbPosY>
                              <itemWidth>179</itemWidth>
                              <itemHeight>154</itemHeight>
                              <textureWidth>154</textureWidth>
                              <textureHeight>154</textureHeight>
                              <imageFolderFocus>imagebg.png</imageFolderFocus>
                              <imageFolder>imagebg.png</imageFolder>
                              <frame>imagebg.png</frame>
                              <frameFocus>imagebg.png</frameFocus>
                              <background>imagebg.png</background>
                              <thumbs />
                              <InfoImage />
                              <showFrame>no</showFrame>
                              <showFolder>yes</showFolder>
                              <showBackGround>no</showBackGround>
                              <showInfoImage>no</showInfoImage>
                              <thumbAnimation effect="zoom" start="100,100" end="133,133" time="0">focus</thumbAnimation>
                              <thumbAnimation effect="zoom" start="133,133" end="100,100" time="0">unfocus</thumbAnimation>
                              <thumbAnimation effect="slide" end="0,-18" time="0">focus</thumbAnimation>
                              <thumbAnimation effect="slide" end="0,0" time="0">unfocus</thumbAnimation>
                              <spinPosX>565</spinPosX>
                              <spinPosY>685</spinPosY>
                              <spinAlign>center</spinAlign>
                              <spinColor>ff006698</spinColor>
                              <textureUp>arrow_round_right_nofocus.png</textureUp>
                              <textureDown>arrow_round_left_nofocus.png</textureDown>
                              <textureUpFocus>arrow_round_right_focus.png</textureUpFocus>
                              <textureDownFocus>arrow_round_left_focus.png</textureDownFocus>
                              <spinWidth>50</spinWidth>
                              <spinHeight>37</spinHeight>
                              <scrollOffset>3</scrollOffset>
                        </control>
                        <control>
                              <description>playlist listcontrol</description>
                              <type>playlistcontrol</type>
                              <id>50</id>
                              <onleft>2</onleft>
                              <onright>2</onright>
                              <scrollOffset>3</scrollOffset>
                              <spinPosX>1249</spinPosX>
                              <spinPosY>690</spinPosY>
                              <spinAlign>Right</spinAlign>
                              <spinColor>ff006698</spinColor>
                              <spinCanFocus>no</spinCanFocus>
                        </control>
                  </control>
            </control>

      </controls>
</window>