﻿<?xml version="1.0" encoding="utf-8" standalone="yes"?>
<window>
  <id>2003</id>
  <defaultcontrol>2</defaultcontrol>
  <allowoverlay>no</allowoverlay>
  <disabletopbar>no</disabletopbar>
  <define>#header.hover:hover_my videos.png</define>
  <define>#header.BG.overlay:mainoverlay.png</define>
  <define>#header.BG.colordiffuse:ffffffff</define>
  <define>#header.label:102003</define>
  <define>#useSelectedFanart:Yes</define>
  <controls>
    <import>common.time.xml</import>
    <import>myvideos.selected.fanart.xml</import>
    <control>
      <id>1</id>
      <description>Overlay Image</description>
      <type>image</type>
      <posX>0</posX>
      <posY>0</posY>
      <width>1921</width>
      <height>1080</height>
      <texture>#header.BG.overlay</texture>
    </control>
    <control>
      <id>1</id>
      <description>Top Title Background</description>
      <type>image</type>
      <posX>115</posX>
      <posY>16</posY>
      <width>655</width>
      <height>52</height>
      <texture>tvtitlebg.png</texture>
      <animation effect="slide" start="-771,0" end="0,0" tween="quadratic" time="300" delay="0">WindowOpen</animation>
      <animation effect="slide" start="0,0" end="-771,0" tween="quadratic" time="300" delay="0">WindowClose</animation>
      <animation effect="fade" time="150">WindowClose</animation>
    </control>
    <control>
      <id>1</id>
      <type>fadelabel</type>
      <description>Top Title</description>
      <posX>739</posX>
      <posY>19</posY>
      <width>525</width>
      <font>mediastream12c</font>
      <align>right</align>
      <visible>yes</visible>
      <label>#header.label</label>
      <animation effect="slide" start="-771,0" end="0,0" tween="quadratic" time="300" delay="0">WindowOpen</animation>
      <animation effect="slide" start="0,0" end="-771,0" tween="quadratic" time="300" delay="0">WindowClose</animation>
      <animation effect="fade" time="150">WindowClose</animation>
    </control>
    <control>
      <description>Disc Select Background</description>
      <type>image</type>
      <id>0</id>
      <posX>1500</posX>
      <posY>15</posY>
      <width>390</width>
      <height>45</height>
      <texture>mediacountbg_Spin.png</texture>
      <animation effect="fade" time="250" delay="0">WindowClose</animation>
    </control>
    <control>
      <description>Disc Select</description>
      <type>spincontrol</type>
      <id>11</id>
      <posX>1744</posX>
      <posY>9</posY>
      <width>75</width>
      <height>55</height>
      <onup>11</onup>
      <ondown>2</ondown>
      <onleft>11</onleft>
      <onright>11</onright>
      <buddycontrolid>100</buddycontrolid>
      <showrange>no</showrange>
      <font>mediastream12c</font>
      <textcolor>ff006698</textcolor>
      <textureUp>arrow_round_up_nofocus.png</textureUp>
      <textureDown>arrow_round_down_nofocus.png</textureDown>
      <textureUpFocus>arrow_round_up_focus.png</textureUpFocus>
      <textureDownFocus>arrow_round_down_focus.png</textureDownFocus>
      <animation effect="fade" time="250">WindowOpen</animation>
      <animation effect="fade" time="250">WindowClose</animation>
    </control>
    <control>
      <description>Disc Select Label</description>
      <type>label</type>
      <id>100</id>
      <posX>1515</posX>
      <posY>22</posY>
      <label>#(string.rtrim(L(427),':'))</label>
      <font>mediastream10tc</font>
      <textcolor>ff909090</textcolor>
      <animation effect="fade" time="250">WindowOpen</animation>
      <animation effect="fade" time="250">WindowClose</animation>
    </control>
    <control>
      <description>Default Cover Art</description>
      <type>image</type>
      <id>0</id>
      <posX>46</posX>
      <posY>381</posY>
      <width>385</width>
      <height>570</height>
      <texture>defaultdvdcover.png</texture>
      <animation effect="fade" time="250">WindowOpen</animation>
      <animation effect="fade" time="250">WindowClose</animation>
    </control>
    <control>
      <description>Cover Art</description>
      <type>image</type>
      <id>21</id>
      <posX>46</posX>
      <posY>381</posY>
      <width>385</width>
      <height>570</height>
      <texture>#thumb</texture>
      <animation effect="fade" time="250">WindowOpen</animation>
      <animation effect="fade" time="250">WindowClose</animation>
    </control>
    <control>
      <description>Cover Art Glass Overlay</description>
      <type>image</type>
      <id>0</id>
      <posX>46</posX>
      <posY>381</posY>
      <width>342</width>
      <height>265</height>
      <texture>glassoverlay2.png</texture>
      <visible>Control.HasThumb(21)</visible>
      <animation effect="fade" time="250">WindowOpen</animation>
      <animation effect="fade" time="250">WindowClose</animation>
    </control>
    <control>
      <description>Watched Icon Background</description>
      <type>image</type>
      <id>0</id>
      <posX>384</posX>
      <posY>426</posY>
      <width>48</width>
      <height>58</height>
      <texture>#StreamedMP.Icons.Background</texture>
      <visible>Control.HasThumb(21)</visible>
      <animation effect="fade" time="250" delay="0">WindowClose</animation>
    </control>
    <control>
      <description>Watched Icon</description>
      <type>image</type>
      <id>0</id>
      <posX>394</posX>
      <posY>430</posY>
      <width>36</width>
      <height>36</height>
      <texture>#StreamedMP.Icons.Watched</texture>
      <visible>Control.HasThumb(21)+string.equals(#iswatched,yes)</visible>
      <animation effect="fade" time="250" delay="0">WindowClose</animation>
    </control>
    <control>
      <description>Un-Watched Icon</description>
      <type>image</type>
      <id>0</id>
      <posX>394</posX>
      <posY>430</posY>
      <width>36</width>
      <height>36</height>
      <texture>#StreamedMP.Icons.UnWatched</texture>
      <visible>Control.HasThumb(21)+string.equals(#iswatched,no)</visible>
      <animation effect="fade" time="250" delay="0">WindowClose</animation>
    </control>
    <control>
      <description>Cycle Cover Background</description>
      <type>image</type>
      <id>0</id>
      <posX>42</posX>
      <posY>967</posY>
      <width>390</width>
      <height>45</height>
      <texture>mediacountbg_Spin.png</texture>
      <animation effect="fade" time="250" delay="0">WindowClose</animation>
    </control>
    <control>
      <description>Cycle Cover Art</description>
      <type>spincontrol</type>
      <id>10</id>
      <posX>286</posX>
      <posY>961</posY>
      <width>75</width>
      <height>55</height>
      <onup>6</onup>
      <ondown>10</ondown>
      <onleft>10</onleft>
      <onright>6</onright>
      <font>mediastream12c</font>
      <textcolor>ff006698</textcolor>
      <textureUp>arrow_round_up_nofocus.png</textureUp>
      <textureDown>arrow_round_down_nofocus.png</textureDown>
      <textureUpFocus>arrow_round_up_focus.png</textureUpFocus>
      <textureDownFocus>arrow_round_down_focus.png</textureDownFocus>
      <animation effect="fade" time="250">WindowOpen</animation>
      <animation effect="fade" time="250">WindowClose</animation>
    </control>
    <control>
      <description>Cycle Cover Label</description>
      <type>label</type>
      <id>30</id>
      <posX>57</posX>
      <posY>975</posY>
      <label>#(string.rtrim(L(734),':'))</label>
      <font>mediastream10tc</font>
      <textcolor>ff909090</textcolor>
      <animation effect="fade" time="250">WindowOpen</animation>
      <animation effect="fade" time="250">WindowClose</animation>
    </control>
    <control>
      <description>Movie Title</description>
      <type>label</type>
      <id>0</id>
      <posX>462</posX>
      <posY>376</posY>
      <width>825</width>
      <font>mediastream16tc</font>
      <label>#title</label>
      <textcolor>ffFFFFFF</textcolor>
      <shadowAngle>45</shadowAngle>
      <shadowDistance>6</shadowDistance>
      <shadowColor>#shadow.light</shadowColor>
      <animation effect="fade" time="250">WindowOpen</animation>
      <animation effect="fade" time="250">WindowClose</animation>
    </control>
    <control>
      <description>Genres</description>
      <type>label</type>
      <label>#genre</label>
      <id>0</id>
      <posX>463</posX>
      <posY>423</posY>
      <width>825</width>
      <font>mediastream11tc</font>
      <textcolor>ff909090</textcolor>
      <shadowAngle>45</shadowAngle>
      <shadowDistance>4</shadowDistance>
      <shadowColor>#shadow.dark</shadowColor>
      <animation effect="fade" time="250">WindowOpen</animation>
      <animation effect="fade" time="250">WindowClose</animation>
    </control>
    <control>
      <description>Rating Stars</description>
      <type>imagelist</type>
      <id>101</id>
      <posX>463</posX>
      <posY>457</posY>
      <textureWidth>34</textureWidth>
      <textureHeight>33</textureHeight>
      <subitems>
        <subitem>starwhitehollow.png</subitem>
        <subitem>starwhite.png</subitem>
      </subitems>
      <orientation>horizontal</orientation>
      <align>left</align>
      <imagesToDraw>5</imagesToDraw>
      <percentage>#rating</percentage>
      <animation effect="fade" time="250">WindowOpen</animation>
      <animation effect="fade" time="250">WindowClose</animation>
    </control>
    <control>
      <description>Rating Label</description>
      <id>0</id>
      <type>label</type>
      <label>#rating / 10 (#votes votes)</label>
      <posX>645</posX>
      <posY>459</posY>
      <width>600</width>
      <font>mediastream10</font>
      <visible>!string.equals(#rating,0)</visible>
      <animation effect="fade" time="250">WindowOpen</animation>
      <animation effect="fade" time="250">WindowClose</animation>
    </control>
    <control>
      <description>Summary</description>
      <type>textboxscrollup</type>
      <id>20</id>
      <posX>462</posX>
      <posY>507</posY>
      <width>765</width>
      <height>285</height>
      <textcolor>ffFFFFFF</textcolor>
      <seperator>-----------------------------------------------------------------------------------</seperator>
      <font>mediastream11</font>
      <label>#plot</label>
      <animation effect="fade" time="250">WindowOpen</animation>
      <animation effect="fade" time="250">WindowClose</animation>
    </control>
    <control>
      <description>Cast</description>
      <type>textbox</type>
      <id>22</id>
      <posX>-3462</posX>
      <posY>507</posY>
      <width>645</width>
      <height>285</height>
      <textcolor>ffFFFFFF</textcolor>
      <seperator>-----------------------------------------------------------------------------------</seperator>
      <font>mediastream11</font>
      <label>#cast</label>
      <animation effect="fade" time="250">WindowOpen</animation>
      <animation effect="fade" time="250">WindowClose</animation>
    </control>
    <control>
      <type>listcontrol</type>
      <description>Cast List</description>
      <id>24</id>
      <posX>660</posX>
      <posY>507</posY>
      <width>660</width>
      <height>375</height>
      <textXOff>13</textXOff>
      <textYOff>7</textYOff>
      <textXOff2>-1500</textXOff2>
      <textYOff2>-83</textYOff2>
      <textXOff3>-3000</textXOff3>
      <textureHeight>63</textureHeight>
      <onright>4</onright>
      <onleft>4</onleft>
      <scrollOffset>1</scrollOffset>
      <spinPosX>3262</spinPosX>
      <animation effect="fade" time="250">WindowOpen</animation>
      <animation effect="fade" time="250">WindowClose</animation>
    </control>
    <control>
      <description>Selected Actor Image</description>
      <type>image</type>
      <id>25</id>
      <posX>450</posX>
      <posY>507</posY>
      <width>225</width>
      <height>315</height>
      <texture>#actorThumb</texture>
      <animation effect="fade" time="250">WindowOpen</animation>
      <animation effect="fade" time="250">WindowClose</animation>
    </control>
    <control>
      <description>Review</description>
      <type>textboxscrollup</type>
      <id>23</id>
      <posX>462</posX>
      <posY>507</posY>
      <width>645</width>
      <height>285</height>
      <textcolor>ffFFFFFF</textcolor>
      <seperator>-----------------------------------------------------------------------------------</seperator>
      <font>mediastream11</font>
      <label>#userreview</label>
      <animation effect="fade" time="250">WindowOpen</animation>
      <animation effect="fade" time="250">WindowClose</animation>
    </control>
    <control Style="smallTitleB">
      <description>Runtime Label</description>
      <id>0</id>
      <type>label</type>
      <label>#(string.rtrim(L(299),':'))</label>
      <posX>465</posX>
      <posY>825</posY>
      <width>210</width>
      <animation effect="fade" time="250">WindowOpen</animation>
      <animation effect="fade" time="250">WindowClose</animation>
    </control>
    <control Style="smallTitle">
      <description>Runtime</description>
      <id>1000</id>
      <type>label</type>
      <label>#(iif(neq(#runtime,''),'#runtime','N/A'))</label>
      <posX>705</posX>
      <posY>826</posY>
      <width>300</width>
      <animation effect="fade" time="250">WindowOpen</animation>
      <animation effect="fade" time="250">WindowClose</animation>
    </control>
    <control Style="smallTitleB">
      <description>Directors Label</description>
      <id>0</id>
      <type>label</type>
      <label>#(string.rtrim(L(199),':'))</label>
      <posX>465</posX>
      <posY>858</posY>
      <width>210</width>
      <animation effect="fade" time="250">WindowOpen</animation>
      <animation effect="fade" time="250">WindowClose</animation>
    </control>
    <control Style="smallTitle">
      <description>Directors</description>
      <id>1001</id>
      <type>label</type>
      <label>#(iif(neq(#director,''),#director,'N/A'))</label>
      <posX>705</posX>
      <posY>859</posY>
      <width>300</width>
      <animation effect="fade" time="250">WindowOpen</animation>
      <animation effect="fade" time="250">WindowClose</animation>
    </control>
    <control Style="smallTitleB">
      <description>Year Label</description>
      <id>0</id>
      <type>label</type>
      <label>#(string.rtrim(L(201),':'))</label>
      <posX>465</posX>
      <posY>891</posY>
      <width>210</width>
      <animation effect="fade" time="250">WindowOpen</animation>
      <animation effect="fade" time="250">WindowClose</animation>
    </control>
    <control Style="smallTitle">
      <description>Year</description>
      <id>1002</id>
      <type>label</type>
      <label>#(iif(neq(#year,''),#year,'N/A'))</label>
      <posX>705</posX>
      <posY>892</posY>
      <width>300</width>
      <animation effect="fade" time="250">WindowOpen</animation>
      <animation effect="fade" time="250">WindowClose</animation>
    </control>
    <control Style="smallTitleB">
      <description>MPAA Label</description>
      <id>0</id>
      <type>label</type>
      <label>#(string.rtrim(L(173),':'))</label>
      <posX>465</posX>
      <posY>924</posY>
      <width>210</width>
      <animation effect="fade" time="250">WindowOpen</animation>
      <animation effect="fade" time="250">WindowClose</animation>
    </control>
    <control>
      <description>MPAA</description>
      <id>1003</id>
      <type>textbox</type>
      <label>#(iif(neq(#mpaarating,''),#mpaarating,'N/A'))</label>
      <posX>705</posX>
      <posY>925</posY>
      <width>525</width>
      <font>mediastream9c</font>
      <animation effect="fade" time="250">WindowOpen</animation>
      <animation effect="fade" time="250">WindowClose</animation>
    </control>
    <control>
      <type>group</type>
      <description>Button Group</description>
      <posX>1350</posX>
      <posY>345</posY>
      <layout>StackLayout(0, Vertical, true)</layout>
      <animation effect="fade" time="250">WindowOpen</animation>
      <animation effect="fade" time="250">WindowClose</animation>
      <control>
        <description>Play Button</description>
        <type>button</type>
        <id>2</id>
        <label>208</label>
        <onup>11</onup>
        <onleft>10</onleft>
        <textcolor>ffffffff</textcolor>
        <textcolorNoFocus>bfffffff</textcolorNoFocus>
        <font>mediastream12tc</font>
        <height>60</height>
        <width>450</width>
        <textYOff>12</textYOff>
        <textXOff>30</textXOff>
        <textureFocus>tv_button_focus.png</textureFocus>
        <textureNoFocus>tv_button_ no_focus.png</textureNoFocus>
      </control>
      <control Style="skincheckbutton">
        <description>Plot</description>
        <type>checkbutton</type>
        <id>3</id>
        <width>450</width>
        <label>207</label>
      </control>
      <control Style="skincheckbutton">
        <description>Cast</description>
        <type>checkbutton</type>
        <id>4</id>
        <width>450</width>
        <label>206</label>
        <onleft>24</onleft>
      </control>
      <control Style="skincheckbutton">
        <description>Review</description>
        <type>checkbutton</type>
        <id>7</id>
        <width>450</width>
        <label>183</label>
        <onleft>10</onleft>
      </control>
      <control>
        <description>Refresh</description>
        <type>button</type>
        <id>5</id>
        <label>184</label>
        <onleft>10</onleft>
        <textcolor>ffffffff</textcolor>
        <textcolorNoFocus>bfffffff</textcolorNoFocus>
        <font>mediastream12tc</font>
        <width>450</width>
        <height>60</height>
        <textYOff>12</textYOff>
        <textXOff>30</textXOff>
        <textureFocus>tv_button_focus.png</textureFocus>
        <textureNoFocus>tv_button_ no_focus.png</textureNoFocus>
      </control>
      <control>
        <description>Rename</description>
        <type>button</type>
        <id>26</id>
        <label>118</label>
        <onleft>10</onleft>
        <textcolor>ffffffff</textcolor>
        <textcolorNoFocus>bfffffff</textcolorNoFocus>
        <font>mediastream12tc</font>
        <width>450</width>
        <height>60</height>
        <textYOff>12</textYOff>
        <textXOff>30</textXOff>
        <textureFocus>tv_button_focus.png</textureFocus>
        <textureNoFocus>tv_button_ no_focus.png</textureNoFocus>
      </control>
      <control Style="skincheckbutton">
        <description>Watched</description>
        <type>checkbutton</type>
        <id>6</id>
        <label>1010</label>
        <onleft>10</onleft>
        <ondown>11899</ondown>
        <width>450</width>
      </control>
      <control>
        <description>Trailer</description>
        <type>button</type>
        <id>11899</id>
        <label>#Trailers.Translation.Trailers.Label...</label>
        <onleft>10</onleft>
        <onup>6</onup>
        <ondown>97270</ondown>
        <textcolor>ffffffff</textcolor>
        <textcolorNoFocus>bfffffff</textcolorNoFocus>
        <font>mediastream12tc</font>
        <width>450</width>
        <height>60</height>
        <textYOff>12</textYOff>
        <textXOff>30</textXOff>
        <textureFocus>tv_button_focus.png</textureFocus>
        <textureNoFocus>tv_button_ no_focus.png</textureNoFocus>
        <visible>plugin.isenabled(Trailers)</visible>
      </control>
      <control>
        <description>Trakt Menu</description>
        <type>button</type>
        <id>97270</id>
        <label>Trakt...</label>
        <onleft>10</onleft>
        <onup>11899</onup>
        <ondown>2</ondown>
        <textcolor>ffffffff</textcolor>
        <textcolorNoFocus>bfffffff</textcolorNoFocus>
        <font>mediastream12tc</font>
        <width>450</width>
        <height>60</height>
        <textYOff>12</textYOff>
        <textXOff>30</textXOff>
        <textureFocus>tv_button_focus.png</textureFocus>
        <textureNoFocus>tv_button_ no_focus.png</textureNoFocus>
        <visible>plugin.isenabled(Trakt)</visible>
      </control>
    </control>
    <import>myvideo.mediainfo.xml</import>
    <import>common.overlays2.xml</import>
  </controls>
</window>
<!--Checksum:a52985f17b3a802f598f5792e628b577-->