﻿<?xml version="1.0" encoding="utf-8"?>
<window>
  <id>2100</id>
  <defaultcontrol>3</defaultcontrol>
  <allowoverlay>yes</allowoverlay>
  <controls>
    <control>
      <type>image</type>
      <id>0</id>
      <width>1280</width>
      <height>720</height>
      <texture>black.png</texture>
      <colordiffuse>90ffffff</colordiffuse>
      <animation effect="fade" time="200">windowopen</animation>
    </control>
    <control>
      <type>image</type>
      <id>0</id>
      <posX>100</posX>
      <posY>100</posY>
      <width>512</width>
      <height>37</height>
      <texture>dialogmenutop.png</texture>
    </control>
    <control>
      <type>image</type>
      <id>0</id>
      <posX>100</posX>
      <posY>137</posY>
      <width>512</width>
      <height>433</height>
      <texture>dialogmenumiddle.png</texture>
    </control>
    <control>
      <type>image</type>
      <id>0</id>
      <posX>100</posX>
      <posY>570</posY>
      <width>512</width>
      <height>12</height>
      <texture>dialogmenubottom.png</texture>
    </control>
    <control>
      <description>GFX-Heading "menu" text label</description>
      <type>label</type>
      <id>5</id>
      <posX>100</posX>
      <posY>120</posY>
      <width>512</width>
      <label>924</label>
      <font>mediastream12tc</font>
      <textcolor>White</textcolor>
      <align>center</align>
    </control>
    <control>
      <description>Heading text label</description>
      <type>label</type>
      <id>4</id>
      <posX>100</posX>
      <posY>155</posY>
      <width>512</width>
      <label>181</label>
      <font>mediastream11c</font>
      <align>center</align>
      <textcolor>FF025984</textcolor>
    </control>
    <control>
      <description>options listcontrol</description>
      <type>listcontrol</type>
      <id>3</id>
      <posX>102</posX>
      <posY>170</posY>
      <width>508</width>
      <height>390</height>
      <textXOff2>500</textXOff2>
      <spinPosX>2873</spinPosX>
      <spinPosY>2495</spinPosY>
      <textXOff>30</textXOff>
      <textYOff>5</textYOff>
      <PinIconXOff>2245</PinIconXOff>
      <PinIconYOff>2227</PinIconYOff>
      <textureFocus>dialogmenubutton.png</textureFocus>
      <textureNoFocus>-</textureNoFocus>
      <textureHeight>40</textureHeight>
      <spaceBetweenItems>0</spaceBetweenItems>
      <onleft>10</onleft>
      <onright>11</onright>
      <onup>11</onup>
      <ondown>10</ondown>
      <selectedColor2>ffEB9E17</selectedColor2>
    </control>
    <control>
      <description>Okay button</description>
      <type>button</type>
      <id>10</id>
      <label>186</label>
      <font>mediastream11c</font>
      <textureFocus>dialogbigbuttonfo.png</textureFocus>
      <textureNoFocus>dialogbigbuttonnf.png</textureNoFocus>
      <width>128</width>
      <posX>223</posX>
      <posY>540</posY>
      <textXOff>1</textXOff>
      <textYOff>1</textYOff>
      <textalign>center</textalign>
      <onleft>11</onleft>
      <onright>11</onright>
      <onup>3</onup>
      <ondown>10</ondown>
    </control>
    <control>
      <description>Cancel button</description>
      <type>button</type>
      <id>11</id>
      <label>510</label>
      <font>mediastream11c</font>
      <textureFocus>dialogbigbuttonfo.png</textureFocus>
      <textureNoFocus>dialogbigbuttonnf.png</textureNoFocus>
      <width>128</width>
      <posX>359</posX>
      <posY>540</posY>
      <textXOff>1</textXOff>
      <textYOff>1</textYOff>
      <textalign>center</textalign>
      <onleft>10</onleft>
      <onright>10</onright>
      <onup>3</onup>
      <ondown>11</ondown>
    </control>
  </controls>
</window>
<!--Checksum:3b1e253ba00a22de4f6b6ee8b6e95e66-->