<window>
	<id>557311</id>
	<defaultcontrol>11</defaultcontrol>
	<allowoverlay>no</allowoverlay>
    <define>#header.label:#currentmodule</define>
    <define>#header.hover:hover_my plugins.png</define>
	<define>#header.BG.overlay:movieviewbg.png</define>
	<define>#header.BG.colordiffuse:ffffffff</define>
    <controls>
		<import>common.window.default.xml</import>
		<import>common.time.xml</import>

		<control>
			<type>image</type>
			<id>0</id>
			<posX>0</posX>
			<posY>675</posY>
			<width>1280</width>
			<height>47</height>
			<texture>imagestreamtitle.png</texture>			
			<animation effect="fade" time="250">WindowOpen</animation>
			<animation effect="fade" time="250">WindowClose</animation>
		</control>
		
		<control>
			<description>Page Count Background (Left)</description>
			<type>image</type>
			<id>0</id>
			<posX>10</posX>
			<posY>684</posY>
			<width>260</width>
			<height>30</height>
			<texture>mediacountbg_Spin.png</texture>
			<visible>!facadeview.filmstrip</visible>
			<animation effect="fade" time="250">WindowOpen</animation>
			<animation effect="fade" time="250">WindowClose</animation>
		</control>
		<control>
			<description>Page Count Label (Left)</description>
			<type>label</type>
			<label>30009</label>
			<id>0</id>
			<posX>20</posX>
			<posY>688</posY>
			<font>mediastream12tc</font>
			<textcolor>ff909090</textcolor>
			<visible>!facadeview.filmstrip</visible>
			<animation effect="fade" time="250">WindowOpen</animation>
			<animation effect="fade" time="250">WindowClose</animation>
		</control>
		
		<control>
			<description>Page Count Background (Right)</description>
			<type>image</type>
			<id>0</id>
			<posX>1013</posX>
			<posY>684</posY>
			<width>260</width>
			<height>30</height>
			<texture>mediacountbg_Spin.png</texture>
			<visible>!facadeview.filmstrip</visible>
			<animation effect="fade" time="250">WindowOpen</animation>
			<animation effect="fade" time="250">WindowClose</animation>
		</control>
		<control>
			<description>Page Count Label (Right)</description>
			<type>label</type>
			<label>30009</label>
			<id>0</id>
			<posX>1023</posX>
			<posY>688</posY>
			<font>mediastream12tc</font>
			<textcolor>ff909090</textcolor>
			<visible>!facadeview.filmstrip</visible>
			<animation effect="fade" time="250">WindowOpen</animation>
			<animation effect="fade" time="250">WindowClose</animation>
		</control>			
			
		<!-- GUI Buttons -->
		<control>
			<description>Menu Left</description>
			<type>button</type>
			<id>11</id>
			<label>Menu Left</label>
			<posX>10</posX>
			<posY>80</posY>
			<width>240</width>
			<height>80</height>
			<onup>17</onup>
			<ondown>3</ondown>
			<onright>2</onright>
			<onleft>2</onleft>
			<textcolor>ffffffff</textcolor>
			<textcolorNoFocus>bfffffff</textcolorNoFocus>
			<font>mediastream12tc</font>
			<height>40</height>
			<textYOff>8</textYOff>
			<textXOff>20</textXOff>
			<textureFocus>tv_button_focus.png</textureFocus>
			<textureNoFocus>tv_button_ no_focus.png</textureNoFocus>
			<visible>true</visible>
			<animation effect="fade" time="250">WindowOpen</animation>
			<animation effect="fade" time="250">WindowClose</animation>
		</control>	
		<control>
			<description>Menu Right</description>
			<type>button</type>
			<id>2</id>
			<label>Menu right</label>
			<posX>660</posX>
			<posY>80</posY>
			<width>240</width>
			<height>80</height>
			<onup>17</onup>
			<ondown>4</ondown>
			<onright>11</onright>
			<onleft>11</onleft>
			<textcolor>ffffffff</textcolor>
			<textcolorNoFocus>bfffffff</textcolorNoFocus>
			<font>mediastream12tc</font>
			<height>40</height>
			<textYOff>8</textYOff>
			<textXOff>20</textXOff>
			<textureFocus>tv_button_focus.png</textureFocus>
			<textureNoFocus>tv_button_ no_focus.png</textureNoFocus>
			<visible>!string.equals(#MPE.Selected.isinstalled,true)</visible>
			<animation effect="fade" time="250">WindowOpen</animation>
			<animation effect="fade" time="250">WindowClose</animation>
		</control>

		<control>
			<description>File/Folder List (Left)</description>
			<type>listcontrol</type> 
			<id>3</id> 
			<posX>1</posX>
			<posY>122</posY> 
			<onleft>11</onleft> 
			<onright>4</onright> 
			<onup>11</onup>
			<ondown>3</ondown>
			<height>450</height> 
			<width>620</width>			
			<scrollOffset>5</scrollOffset>
			<PinIconWidth>15</PinIconWidth>
			<PinIconHeight>15</PinIconHeight>
			<PinIconXOff>57</PinIconXOff>
			<PinIconYOff>13</PinIconYOff>
			<itemWidth>32</itemWidth>
			<itemHeight>32</itemHeight>			
			<IconXOff>12</IconXOff>
			<IconYOff>4</IconYOff>
			<textXOff>25</textXOff>
			<textYOff>5</textYOff>
			<textXOff2>0</textXOff2>
			<textYOff2>5</textYOff2>
			<font2>mediastream10</font2>
			<keepaspectratio>yes</keepaspectratio>			
			<spinPosX>172</spinPosX>
			<spinPosY>681</spinPosY>
			<spinAlign>Right</spinAlign>
			<spinColor>ff006698</spinColor>
			<textureUp>arrow_round_up_nofocus.png</textureUp>
			<textureDown>arrow_round_down_nofocus.png</textureDown>
			<textureUpFocus>arrow_round_up_focus.png</textureUpFocus>
			<textureDownFocus>arrow_round_down_focus.png</textureDownFocus>
			<spinWidth>50</spinWidth>
			<spinHeight>37</spinHeight>
			<suffix>|</suffix>
			<animation effect="fade" time="250">WindowOpen</animation>
			<animation effect="fade" time="250">WindowClose</animation>
		</control>
		
		<control>
			<description>File/Folder List (Right)</description>
			<type>listcontrol</type> 
			<id>4</id> 
			<posX>660</posX>  
			<posY>122</posY>   
			<onleft>3</onleft> 
			<onright>2</onright> 
			<onup>2</onup>
			<ondown>4</ondown>   
			<height>450</height> 
			<width>620</width>	
			<scrollOffset>5</scrollOffset>
			<PinIconWidth>15</PinIconWidth>
			<PinIconHeight>15</PinIconHeight>
			<PinIconXOff>57</PinIconXOff>
			<PinIconYOff>13</PinIconYOff>
			<itemWidth>32</itemWidth>
			<itemHeight>32</itemHeight>			
			<IconXOff>12</IconXOff>
			<IconYOff>4</IconYOff>
			<textXOff>25</textXOff>
			<textYOff>5</textYOff>
			<textXOff2>0</textXOff2>
			<textYOff2>5</textYOff2>
			<font2>mediastream10</font2>
			<keepaspectratio>yes</keepaspectratio>			
			<spinPosX>1175</spinPosX>
			<spinPosY>681</spinPosY>
			<spinAlign>Right</spinAlign>
			<spinColor>ff006698</spinColor>
			<textureUp>arrow_round_up_nofocus.png</textureUp>
			<textureDown>arrow_round_down_nofocus.png</textureDown>
			<textureUpFocus>arrow_round_up_focus.png</textureUpFocus>
			<textureDownFocus>arrow_round_down_focus.png</textureDownFocus>
			<spinWidth>50</spinWidth>
			<spinHeight>37</spinHeight>
			<suffix>|</suffix>
			<animation effect="fade" time="250">WindowOpen</animation>
			<animation effect="fade" time="250">WindowClose</animation>
		</control>
		
		<control>
			<description>File/Folder Label (Left)</description>
			<type>label</type>
			<id>9</id>
			<posX>20</posX>
			<posY>510</posY>
			<label></label>
			<font>mediastream14tc</font>
			<align>left</align>
			<textcolor>White</textcolor>
			<width>620</width>	
			<animation effect="fade" time="250">WindowOpen</animation>
			<animation effect="fade" time="250">WindowClose</animation>
		</control>
		<control>
			<description>File/Folder Label (Right)</description>
			<type>label</type>
			<id>10</id>
			<posX>680</posX>
			<posY>510</posY>
			<label></label>
			<font>mediastream14tc</font>
			<align>left</align>
			<textcolor>White</textcolor>
			<width>620</width>		
			<animation effect="fade" time="250">WindowOpen</animation>
			<animation effect="fade" time="250">WindowClose</animation>
		</control>
		
		<control>
			<description>File/Folder Attributes (Left)</description>
			<type>label</type>
			<id>6</id>
			<posX>65</posX>
			<posY>540</posY>
			<label></label>
			<font>mediastream12c</font>
			<align>left</align>
			<textcolor>White</textcolor>
			<width>620</width>
			<textXOff>25</textXOff>
			<textXOff2>620</textXOff2>
			<animation effect="fade" time="250">WindowOpen</animation>
			<animation effect="fade" time="250">WindowClose</animation>
		</control>		
		<control>
			<description>File/Folder Attributes (Right)</description>
			<type>label</type>
			<id>7</id>
			<posX>725</posX>
			<posY>540</posY>
			<label></label>
			<font>mediastream12c</font>
			<align>left</align>
			<textcolor>White</textcolor>
			<width>620</width>
			<textXOff>25</textXOff>
			<textXOff2>620</textXOff2>
			<animation effect="fade" time="250">WindowOpen</animation>
			<animation effect="fade" time="250">WindowClose</animation>
		</control>
		
	</controls>
</window>
