﻿<window>
	<id>557312</id>
	<defaultcontrol>2</defaultcontrol>
	<allowoverlay>no</allowoverlay>
    <define>#header.label:Text Preview</define>	
    <define>#header.hover:blacksolid.png</define>
	<define>#header.BG.overlay:-.png</define>
	<define>#header.BG.colordiffuse:ffffffff</define>
    <controls>
		<import>common.window.default.xml</import>
		<import>common.time.xml</import>		
		<control>
			<type>image</type>
			<id>0</id>
			<posX>0</posX>
			<posY>675</posY>
			<width>1280</width>
			<height>47</height>
			<texture>imagestreamtitle.png</texture>			
			<animation effect="fade" time="250">WindowOpen</animation>
			<animation effect="fade" time="250">WindowClose</animation>
		</control>		
		<control>
			<description>Page Count Background</description>
			<type>image</type>
			<id>0</id>
			<posX>1013</posX>
			<posY>684</posY>
			<width>260</width>
			<height>30</height>
			<texture>mediacountbg_Spin.png</texture>
			<visible>!facadeview.filmstrip</visible>
			<animation effect="fade" time="250">WindowOpen</animation>
			<animation effect="fade" time="250">WindowClose</animation>
		</control>
		<control>
			<description>Page Count Label</description>
			<type>label</type>
			<label>30009</label>
			<id>0</id>
			<posX>1023</posX>
			<posY>688</posY>
			<font>mediastream12tc</font>
			<textcolor>ff909090</textcolor>
			<visible>!facadeview.filmstrip</visible>
			<animation effect="fade" time="250">WindowOpen</animation>
			<animation effect="fade" time="250">WindowClose</animation>
		</control>
		<control>
			<type>textbox</type>
			<id>2</id>
			<posX>20</posX>
			<posY>50</posY>
			<width>1220</width>
			<height>650</height>
			<font>mediastream11</font>
			<textcolor>White</textcolor>
			<spinColor>ff909090</spinColor>
			<spinPosX>1132</spinPosX>
			<spinPosY>681</spinPosY>
			<spinAlign>Right</spinAlign>
			<spinWidth>50</spinWidth>
			<spinHeight>37</spinHeight>
			<textureUp>arrow_round_up_nofocus.png</textureUp>
			<textureDown>arrow_round_down_nofocus.png</textureDown>
			<textureUpFocus>arrow_round_up_focus.png</textureUpFocus>
			<textureDownFocus>arrow_round_down_focus.png</textureDownFocus>
			<animation effect="fade" time="250" delay="0">WindowOpen</animation>
			<animation effect="fade" time="250" delay="0">WindowClose</animation>
		</control>
	</controls>
</window>
