﻿<?xml version="1.0" encoding="utf-8" standalone="yes"?>
<window>
  <id>30885</id>
  <defaultcontrol>2</defaultcontrol>
  <allowoverlay>no</allowoverlay>
  <define>#header.hover:hover_my music.png</define>
  <define>#usePlayFanart:Yes</define>
  <define>#useRandomMusicScraperFanart:Yes</define>
  <controls>
    <import>mymusic.autofanart.xml</import>
    <control>
      <description>music overlay image</description>
      <type>image</type>
      <id>0</id>
      <posX>0</posX>
      <posY>0</posY>
      <width>1281</width>
      <height>720</height>
      <texture>mainoverlay.png</texture>
    </control>
    <control>
      <type>group</type>
      <description>group element</description>
      <posX>50</posX>
      <posY>230</posY>
      <layout>StackLayout</layout>
      <animation effect="fade" time="250">WindowOpen</animation>
      <animation effect="fade" time="250">WindowClose</animation>
      <control Style="skinbutton">
        <description>Search Phrase Button</description>
        <type>button</type>
        <id>2</id>
        <label>#GlobalSearch.Translation.SearchPhrase.Label</label>
        <onup>17</onup>
        <ondown>7</ondown>
        <onright>50</onright>
        <onleft>2</onleft>
        <width>300</width>
      </control>
      <control Style="skinbutton">
        <description>Search History Button</description>
        <type>button</type>
        <id>7</id>
        <label>#GlobalSearch.Translation.SearchHistory.Label</label>
        <onup>2</onup>
        <ondown>6</ondown>
        <onright>50</onright>
        <onleft>7</onleft>
        <width>300</width>
      </control>
      <control Style="skinbutton">
        <description>Search Fields Button</description>
        <type>button</type>
        <id>6</id>
        <label>#GlobalSearch.Translation.SearchFields.Label</label>
        <onup>7</onup>
        <ondown>10</ondown>
        <onright>50</onright>
        <onleft>6</onleft>
        <width>300</width>
      </control>
      <control Style="skinbutton">
        <description>Search Type Button</description>
        <type>button</type>
        <id>10</id>
        <label>#GlobalSearch.Translation.SearchType.Label</label>
        <onup>6</onup>
        <ondown>3</ondown>
        <onright>50</onright>
        <onleft>10</onleft>
        <width>300</width>
      </control>
      <control>
        <description>Case Sensitivity Button</description>
        <type>checkbutton</type>
        <id>3</id>
				<textcolor>ffffffff</textcolor>
				<textcolorNoFocus>bfffffff</textcolorNoFocus>
				<font>mediastream12tc</font>
				<textYOff>8</textYOff>
				<textXOff>20</textXOff>
				<width>280</width>
				<height>40</height>
				<textureFocus>tv_button_focus.png</textureFocus>
				<textureNoFocus>tv_button_ no_focus.png</textureNoFocus>
				<textureCheckmark>ledon.png</textureCheckmark>
				<textureCheckmarkNoFocus>ledoff.png</textureCheckmarkNoFocus>
        <label>#GlobalSearch.Translation.CaseSensitive.Label</label>
        <onup>10</onup>
        <ondown>97</ondown>
        <onright>50</onright>
        <onleft>3</onleft>
        <width>300</width>
      </control>
      <control Style="skinbutton">
        <description>Now Playing JumpTo</description>
        <type>button</type>
        <id>97</id>
        <label>4540</label>
        <onup>3</onup>
        <ondown>98</ondown>
        <onright>50</onright>
        <onleft>3</onleft>
        <width>300</width>
        <hyperlink>510</hyperlink>
        <visible>player.hasmedia</visible>
      </control>
      <control Style="skinbutton">
        <description>MPEICONFIGURE:fac44102_7190_4006_b7aa_60d0e7c17638</description>
        <type>button</type>
        <id>98</id>
        <onup>97</onup>
        <ondown>99</ondown>
        <onright>50</onright>
        <onleft>98</onleft>
        <width>300</width>
        <label>#MPEI.Translation.Settings.Label</label>
        <!--<visible>string.equals(#mpei.fac44102_7190_4006_b7aa_60d0e7c17638.isinstalled, true)</visible>-->
        <visible>false</visible>
      </control>
      <control Style="skinbutton">
        <description>MPEIUPDATE:fac44102_7190_4006_b7aa_60d0e7c17638</description>
        <type>button</type>
        <id>99</id>
        <onup>98</onup>
        <ondown>2</ondown>
        <onright>50</onright>
        <onleft>99</onleft>
        <width>300</width>
        <label>#MPEI.Translation.UpdateAvailable.Label</label>
        <visible>string.equals(#mpei.fac44102_7190_4006_b7aa_60d0e7c17638.haveupdate, true)</visible>
      </control>
    </control>
    <control>
      <type>image</type>
      <id>0</id>
      <posX>0</posX>
      <posY>675</posY>
      <width>1280</width>
      <height>47</height>
      <texture>imagestreamtitle.png</texture>
      <visible>true</visible>
      <animation effect="fade" time="250">WindowOpen</animation>
      <animation effect="fade" time="250">WindowClose</animation>
    </control>
    <control>
      <description>Page Count Background</description>
      <type>image</type>
      <id>0</id>
      <posX>1013</posX>
      <posY>684</posY>
      <width>260</width>
      <height>30</height>
      <texture>mediacountbg_Spin.png</texture>
      <visible>true</visible>
      <animation effect="fade" time="150">WindowOpen</animation>
      <animation effect="fade" time="250">WindowClose</animation>
      <animation effect="slide" time="150" start="800,0">WindowOpen</animation>
      <animation effect="slide" time="250" end="800,0">WindowClose</animation>
    </control>
    <control>
      <description>Page Count Label</description>
      <type>label</type>
      <label>30009</label>
      <id>0</id>
      <posX>1023</posX>
      <posY>688</posY>
      <font>mediastream12tc</font>
      <textcolor>ff909090</textcolor>
      <visible>true</visible>
      <animation effect="fade" time="250">WindowOpen</animation>
      <animation effect="fade" time="250">WindowClose</animation>
      <animation effect="slide" time="150" start="800,0">WindowOpen</animation>
      <animation effect="slide" time="250" end="800,0">WindowClose</animation>
    </control>
    <control>
      <description>Selected item Label</description>
      <type>fadelabel</type>
      <id>1</id>
      <posX>25</posX>
      <posY>684</posY>
      <width>950</width>
      <font>mediastream16tc</font>
      <label>#selecteditem</label>
      <animation effect="fade" time="250">WindowOpen</animation>
      <animation effect="fade" time="250">WindowClose</animation>
    </control>
    <control>
      <description>composite control consisting of a list control and a thumbnail panel</description>
      <type>facadeview</type>
      <id>50</id>
      <animation effect="fade" time="250">WindowOpen</animation>
      <animation effect="fade" time="250">WindowClose</animation>
      <animation effect="slide" time="150" start="800,0">WindowOpen</animation>
      <animation effect="slide" time="250" end="800,0">WindowClose</animation>
      <control>
        <description>listcontrol</description>
        <type>listcontrol</type>
        <id>50</id>
        <posX>520</posX>
        <posY>240</posY>
        <height>480</height>
        <width>760</width>
        <onleft>2</onleft>
        <onright>50</onright>
        <scrollOffset>5</scrollOffset>
        <PinIconWidth>15</PinIconWidth>
        <PinIconHeight>15</PinIconHeight>
        <PinIconXOff>57</PinIconXOff>
        <PinIconYOff>13</PinIconYOff>
        <itemWidth>32</itemWidth>
        <itemHeight>32</itemHeight>
        <IconXOff>12</IconXOff>
        <IconYOff>4</IconYOff>
        <textXOff>25</textXOff>
        <textYOff>5</textYOff>
        <textXOff2>0</textXOff2>
        <textYOff2>5</textYOff2>
        <keepaspectratio>no</keepaspectratio>
        <spinPosX>1175</spinPosX>
        <spinPosY>681</spinPosY>
        <spinAlign>Right</spinAlign>
        <spinColor>ff006698</spinColor>
        <textureUp>arrow_round_up_nofocus.png</textureUp>
        <textureDown>arrow_round_down_nofocus.png</textureDown>
        <textureUpFocus>arrow_round_up_focus.png</textureUpFocus>
        <textureDownFocus>arrow_round_down_focus.png</textureDownFocus>
        <spinWidth>50</spinWidth>
        <spinHeight>37</spinHeight>
        <suffix>|</suffix>
      </control>
    </control>
    <control>
      <type>image</type>
      <description>album art image</description>
      <id>0</id>
      <posX>90</posX>
      <posY>438</posY>
      <width>230</width>
      <height>230</height>
      <zoom>yes</zoom>
      <texture>#selectedthumb</texture>
      <keepaspectratio>yes</keepaspectratio>
      <centered>yes</centered>
      <animation effect="fade" time="250">WindowOpen</animation>
      <animation effect="fade" time="250">WindowClose</animation>
      <visible>!player.hasmedia+!string.equals(#mpei.fac44102_7190_4006_b7aa_60d0e7c17638.haveupdate,true)</visible>
    </control>
    <control>
      <description>Item Count Background</description>
      <type>image</type>
      <id>0</id>
      <posX>1065</posX>
      <posY>13</posY>
      <width>202</width>
      <height>28</height>
      <texture>mediacountbg.png</texture>
      <animation effect="fade" time="250">WindowOpen</animation>
      <animation effect="fade" time="250">WindowClose</animation>
      <animation effect="slide" time="150" start="800,0">WindowOpen</animation>
      <animation effect="slide" time="250" end="800,0">WindowClose</animation>
    </control>
    <control>
      <description>Item Count Label</description>
      <type>label</type>
      <label>507</label>
      <id>0</id>
      <width>135</width>
      <posX>1078</posX>
      <posY>16</posY>
      <align>left</align>
      <font>mediastream10tc</font>
      <textcolor>ff909090</textcolor>
      <animation effect="fade" time="250">WindowOpen</animation>
      <animation effect="fade" time="250">WindowClose</animation>
      <animation effect="slide" time="150" start="800,0">WindowOpen</animation>
      <animation effect="slide" time="250" end="800,0">WindowClose</animation>
    </control>
    <control>
      <description>Item Count</description>
      <type>label</type>
      <label>#itemcount</label>
      <id>0</id>
      <posX>1238</posX>
      <posY>14</posY>
      <font>mediastream11c</font>
      <textcolor>ff006698</textcolor>
      <align>right</align>
      <animation effect="fade" time="250">WindowOpen</animation>
      <animation effect="fade" time="250">WindowClose</animation>
      <animation effect="slide" time="150" start="800,0">WindowOpen</animation>
      <animation effect="slide" time="250" end="800,0">WindowClose</animation>
    </control>
    <import>common.window.xml</import>
    <import>common.time.xml</import>
    <import>common.overlays.xml</import>
  </controls>
</window>
<!--Checksum:21d0411fa418b26f941e618103e40712-->