﻿<?xml version="1.0" encoding="utf-8"?>
<window>
  <id>31415</id>
  <defaultcontrol>101</defaultcontrol>
  <allowoverlay>no</allowoverlay>
  <controls>
    <control>
      <description>BackGround</description>
      <type>image</type>
      <id>1</id>
      <posX>0</posX>
      <posY>0</posY>
      <width>1280</width>
      <height>720</height>
      <texture>hover_moving pictures.png</texture>
    </control>
    <control>
      <description>BackGround</description>
      <type>image</type>
      <id>1</id>
      <posX>0</posX>
      <posY>0</posY>
      <width>1280</width>
      <height>720</height>
      <texture>mainoverlaydetails.png</texture>
    </control>
    <control>
      <description>Title Background</description>
      <type>image</type>
      <id>0</id>
      <posX>77</posX>
      <posY>11</posY>
      <width>437</width>
      <height>35</height>
      <texture>tvtitlebg.png</texture>
      <animation effect="fade" time="250">WindowOpen</animation>
      <animation effect="fade" time="250">WindowClose</animation>
    </control>
    <control>
      <description>Plugin Name</description>
      <type>fadelabel</type>
      <id>0</id>
      <posX>493</posX>
      <posY>14</posY>
      <width>350</width>
      <font>mediastream12c</font>
      <label>#IMDb.Translation.ScraperOptionsTitle.Label</label>
      <align>right</align>
      <animation effect="fade" time="250">WindowOpen</animation>
      <animation effect="fade" time="250">WindowClose</animation>
    </control>
    <control>
      <description>Item Count Background</description>
      <type>image</type>
      <id>0</id>
      <posX>1065</posX>
      <posY>13</posY>
      <width>202</width>
      <height>28</height>
      <texture>mediacountbg.png</texture>
      <animation effect="fade" time="250">WindowOpen</animation>
      <animation effect="fade" time="250">WindowClose</animation>
    </control>
    <control>
      <description>Settings Translation</description>
      <type>label</type>
      <label>5</label>
      <id>0</id>
      <width>90</width>
      <posX>1077</posX>
      <posY>17</posY>
      <align>left</align>
      <font>mediastream10tc</font>
      <textcolor>ff909090</textcolor>
      <animation effect="fade" time="250">WindowOpen</animation>
      <animation effect="fade" time="250">WindowClose</animation>
    </control>
    <control>
      <description>Item Count</description>
      <type>label</type>
      <label>#itemcount</label>
      <id>0</id>
      <posX>1240</posX>
      <posY>16</posY>
      <font>mediastream10c</font>
      <textcolor>ff006698</textcolor>
      <align>right</align>
      <animation effect="fade" time="250">WindowOpen</animation>
      <animation effect="fade" time="250">WindowClose</animation>
    </control>
    <control>
      <type>image</type>
      <id>0</id>
      <posX>0</posX>
      <posY>675</posY>
      <width>1280</width>
      <height>47</height>
      <texture>imagestreamtitle.png</texture>
      <animation effect="fade" time="250">WindowOpen</animation>
      <animation effect="fade" time="250">WindowClose</animation>
    </control>
    <control>
      <description>Selected Label</description>
      <type>fadelabel</type>
      <id>1</id>
      <posX>40</posX>
      <posY>684</posY>
      <width>900</width>
      <label>#selecteditem</label>
      <font>mediastream16tc</font>
      <textcolor>White</textcolor>
      <visible>!string.equals(#IMDb.Movie.Refresh.Active,true)</visible>
      <animation effect="fade" time="250">WindowOpen</animation>
      <animation effect="fade" time="250">WindowClose</animation>
    </control>
    <control>
      <description>Refresh Progress Label</description>
      <type>fadelabel</type>
      <id>1</id>
      <posX>40</posX>
      <posY>684</posY>
      <width>900</width>
      <label>#IMDb.Movie.Refresh.Status</label>
      <font>mediastream16tc</font>
      <textcolor>White</textcolor>
      <visible>string.equals(#IMDb.Movie.Refresh.Active,true)</visible>
      <animation effect="fade" time="250">WindowOpen</animation>
      <animation effect="fade" time="250">WindowClose</animation>
    </control>
    <control>
      <description>Page Count Background</description>
      <type>image</type>
      <id>0</id>
      <posX>1013</posX>
      <posY>684</posY>
      <width>260</width>
      <height>30</height>
      <texture>mediacountbg_Spin.png</texture>
      <visible>!facadeview.coverflow</visible>
      <animation effect="fade" time="250">WindowOpen</animation>
      <animation effect="fade" time="250">WindowClose</animation>
    </control>
    <control>
      <description>Page Label</description>
      <type>label</type>
      <label>30009</label>
      <id>0</id>
      <posX>1023</posX>
      <posY>688</posY>
      <font>mediastream12tc</font>
      <textcolor>ff909090</textcolor>
      <visible>!facadeview.coverflow</visible>
      <animation effect="fade" time="250">WindowOpen</animation>
      <animation effect="fade" time="250">WindowClose</animation>
    </control>
    <control>
      <description>group element</description>
      <type>group</type>
      <animation effect="fade" time="250">WindowOpen</animation>
      <animation effect="fade" time="250">WindowClose</animation>
      <control>
        <type>facadeview</type>
        <id>50</id>
        <control>
          <type>listcontrol</type>
          <id>50</id>
          <onleft>2</onleft>
          <onright>2</onright>
          <posX>80</posX>
          <posY>80</posY>
          <width>1200</width>
          <height>400</height>
          <textXOff2>1140</textXOff2>
          <remoteColor>FFFFFFFF</remoteColor>
          <unfocusedAlpha>200</unfocusedAlpha>
          <itemWidth>32</itemWidth>
          <itemHeight>32</itemHeight>
          <IconXOff>-30</IconXOff>
          <IconYOff>4</IconYOff>
          <spinWidth>50</spinWidth>
          <spinHeight>37</spinHeight>
          <spinPosX>1175</spinPosX>
          <spinPosY>681</spinPosY>
          <spinAlign>Right</spinAlign>
          <spinColor>ff006698</spinColor>
          <textureUp>arrow_round_up_nofocus.png</textureUp>
          <textureDown>arrow_round_down_nofocus.png</textureDown>
          <textureUpFocus>arrow_round_up_focus.png</textureUpFocus>
          <textureDownFocus>arrow_round_down_focus.png</textureDownFocus>
        </control>
      </control>
    </control>
    <control>
      <description>Chosen Option Description</description>
      <type>textboxscrollup</type>
      <id>500</id>
      <posX>40</posX>
      <posY>425</posY>
      <width>1210</width>
      <height>245</height>
      <onright>101</onright>
      <onleft>101</onleft>
      <ondown>101</ondown>
      <onup>101</onup>
      <label>#IMDb.Option.Description</label>
      <font>mediastream11</font>
      <textcolor>ffFFFFFF</textcolor>
      <scrollStartDelaySec>8</scrollStartDelaySec>
      <animation effect="fade" time="250">WindowOpen</animation>
      <animation effect="fade" time="250">WindowClose</animation>
    </control>
    <control>
      <type>actiongroup</type>
      <description>action menu</description>
      <defaultcontrol>2</defaultcontrol>
      <onexit>50</onexit>
      <buttonX>1232</buttonX>
      <buttonY>50</buttonY>
      <buttonwidth>48</buttonwidth>
      <buttonheight>144</buttonheight>
      <textureFocus>#StreamedMP.ActionMenu.Image</textureFocus>
      <textureNoFocus>#StreamedMP.ActionMenu.Image</textureNoFocus>
      <dimColor>00ffffff</dimColor>
      <control>
        <type>image</type>
        <posX>1002</posX>
        <posY>0</posY>
        <width>278</width>
        <height>720</height>
        <texture>hiddenmenu_right.png</texture>
        <visible>!Control.HasFocus(50)</visible>
        <animation effect="slide" time="100" start="300,0">visible</animation>
        <animation effect="slide" time="0" end="300,0">hidden</animation>
      </control>
      <control>
        <id>0</id>
        <description>Dummy Button (for Mouse)</description>
        <label>-</label>
        <type>button</type>
        <posX>1002</posX>
        <posY>0</posY>
        <width>278</width>
        <height>720</height>
        <visible>!Control.HasFocus(50)</visible>
        <animation effect="slide" time="100" start="300,0">visible</animation>
        <animation effect="slide" time="0" end="300,0">hidden</animation>
      </control>
      <control>
        <description>Menu</description>
        <id>0</id>
        <label>924</label>
        <type>label</type>
        <font>mediastream12tc</font>
        <posX>1040</posX>
        <posY>230</posY>
        <visible>!Control.HasFocus(50)</visible>
        <animation effect="slide" time="100" start="300,0">visible</animation>
        <animation effect="slide" time="0" end="300,0">hidden</animation>
      </control>
      <control>
        <description>Jump To</description>
        <id>0</id>
        <label>1065</label>
        <type>label</type>
        <font>mediastream12tc</font>
        <posX>1040</posX>
        <posY>340</posY>
        <visible>!Control.HasFocus(50)</visible>
        <animation effect="slide" time="100" start="300,0">visible</animation>
        <animation effect="slide" time="0" end="300,0">hidden</animation>
      </control>
      <control>
        <type>group</type>
        <description>group element</description>
        <visible>!Control.HasFocus(50)</visible>
        <animation effect="slide" time="100" start="300,0">visible</animation>
        <animation effect="slide" time="0" end="300,0">hidden</animation>
        <posX>1040</posX>
        <posY>250</posY>
        <width>220</width>
        <height>720</height>
        <layout>StackLayout(0, Vertical, true)</layout>
        <control>
          <description>Force IMDb+</description>
          <type>button</type>
          <id>2</id>
          <label>#IMDb.Translation.ForceIMDbPlus.Label</label>
          <onup>17</onup>
          <onleft>50</onleft>
          <ondown>3</ondown>
        </control>
        <control>
          <description>Refresh Movies</description>
          <type>button</type>
          <id>3</id>
          <label>-</label>
          <onup>2</onup>
          <onleft>50</onleft>
          <ondown>4</ondown>
        </control>
        <control>
          <description>IMDb+ Information</description>
          <type>button</type>
          <id>4</id>
          <label>#IMDb.Translation.IMDbInfo.Label</label>
          <onup>3</onup>
          <onleft>50</onleft>
          <ondown>96742</ondown>
        </control>
        <control>
          <description>Empty button</description>
          <type>button</type>
          <id>0</id>
          <label>-</label>
          <visible>true</visible>
        </control>
        <control>
          <description>Moving Pictures</description>
          <type>button</type>
          <id>96742</id>
          <label>Moving Pictures</label>
          <hyperlink>96742</hyperlink>
          <onleft>50</onleft>
          <onup>4</onup>
          <ondown>99999</ondown>
        </control>
        <control>
          <description>MPEIUPDATE:9d064213_0b4d_4cee_96a5_405812422b58</description>
          <type>button</type>
          <id>99999</id>
          <label>#MPEI.Translation.UpdateAvailable.Label</label>
          <onup>96742</onup>
          <ondown>2</ondown>
          <onleft>50</onleft>
          <visible>string.equals(#mpei.9d064213_0b4d_4cee_96a5_405812422b58.haveupdate,true)</visible>
        </control>
      </control>
    </control>
    <import>common.time.xml</import>
  </controls>
</window>
<!--Checksum:5126614a189fb5d5a0942c84456bcfac-->