﻿<?xml version="1.0" encoding="utf-8" standalone="yes"?>
<window>
  <id>16003</id>
  <defaultcontrol>50</defaultcontrol>
  <allowoverlay>yes</allowoverlay>
  <define>#header.label:Info Service/Twitter</define>
  <define>#header.hover:SMPBackgrounds\InfoService\default.jpg</define>
  <define>#header.BG.colordiffuse:ffffffff</define>
  <define>#header.BG.overlay:mainoverlay.png</define>
  <controls>
    <import>common.window.default.xml</import>
    <import>common.time.xml</import>
    <control>
      <description>Selected item Background</description>
      <type>image</type>
      <id>0</id>
      <posX>0</posX>
      <posY>675</posY>
      <width>1280</width>
      <height>47</height>
      <texture>imagestreamtitle.png</texture>
      <animation effect="fade" time="300" delay="300">WindowOpen</animation>
      <animation effect="fade" time="230" delay="0">WindowClose</animation>
    </control>
    <control>
      <description>Selected item Label</description>
      <type>fadelabel</type>
      <id>1</id>
      <posX>25</posX>
      <posY>684</posY>
      <width>950</width>
      <font>mediastream16tc</font>
      <label>#infoservice.twitter.selected.username</label>
      <animation effect="fade" time="300" delay="300">WindowOpen</animation>
      <animation effect="fade" time="230" delay="0">WindowClose</animation>
    </control>
    <control>
      <description>Page Count Background</description>
      <type>image</type>
      <id>0</id>
      <posX>1013</posX>
      <posY>683</posY>
      <width>260</width>
      <height>32</height>
      <texture>mediacountbg_Spin.png</texture>
      <visible>yes</visible>
      <animation effect="fade" time="250">WindowOpen</animation>
      <animation effect="fade" time="250">WindowClose</animation>
      <animation effect="slide" time="150" start="800,0">WindowOpen</animation>
      <animation effect="slide" time="250" end="800,0">WindowClose</animation>
    </control>
    <control>
      <description>Page Count Label</description>
      <type>label</type>
      <label>30009</label>
      <id>0</id>
      <posX>1023</posX>
      <posY>688</posY>
      <font>mediastream12tc</font>
      <textcolor>ff909090</textcolor>
      <visible>yes</visible>
      <animation effect="fade" time="250">WindowOpen</animation>
      <animation effect="fade" time="250">WindowClose</animation>
      <animation effect="slide" time="150" start="800,0">WindowOpen</animation>
      <animation effect="slide" time="250" end="800,0">WindowClose</animation>
    </control>
    <!-- Facade Item Counts -->
    <control>
      <description>Item Count Background</description>
      <type>image</type>
      <id>0</id>
      <posX>1065</posX>
      <posY>13</posY>
      <width>202</width>
      <height>28</height>
      <texture>mediacountbg.png</texture>
      <animation effect="fade" time="250">WindowOpen</animation>
      <animation effect="fade" time="250">WindowClose</animation>
    </control>
    <control>
      <description>Item Count Label</description>
      <type>label</type>
      <label>507</label>
      <id>0</id>
      <width>135</width>
      <posX>1078</posX>
      <posY>16</posY>
      <align>left</align>
      <font>mediastream10tc</font>
      <textcolor>ff909090</textcolor>
      <animation effect="fade" time="250">WindowOpen</animation>
      <animation effect="fade" time="250">WindowClose</animation>
    </control>
    <control>
      <description>Item Count</description>
      <type>label</type>
      <label>#infoservice.twitter.itemcount</label>
      <id>0</id>
      <posX>1238</posX>
      <posY>14</posY>
      <font>mediastream11c</font>
      <textcolor>ff006698</textcolor>
      <align>right</align>
      <animation effect="fade" time="250">WindowOpen</animation>
      <animation effect="fade" time="250">WindowClose</animation>
    </control>
    <control>
      <id>1</id>
      <description>Top Title Background</description>
      <type>image</type>
      <posX>77</posX>
      <posY>11</posY>
      <width>437</width>
      <height>35</height>
      <texture>tvtitlebg.png</texture>
      <animation effect="slide" start="-514,0" end="0,0" tween="quadratic" time="300" delay="0">WindowOpen</animation>
      <animation effect="fade" time="150">WindowClose</animation>
    </control>
    <control>
      <type>image</type>
      <id>1</id>
      <posX>25</posX>
      <posY>240</posY>
      <width>276</width>
      <height>214</height>
      <texture>pic_preview_thumb_background.png</texture>
      <visible>control.hasthumb(101)</visible>
			<animation effect="fade" time="250">WindowOpen</animation>
			<animation effect="fade" time="250">WindowClose</animation>
    </control>
    <control>
      <id>101</id>
      <type>image</type>
      <posX>38</posX>
      <posY>254</posY>
      <width>245</width>
      <height>179</height>
      <texture>#infoservice.twitter.selected.userpicture</texture>
      <keepaspectratio>no</keepaspectratio>
			<animation effect="fade" time="250">WindowOpen</animation>
			<animation effect="fade" time="250">WindowClose</animation>
    </control>
    <control>
      <type>actiongroup</type>
      <description>action menu</description>
      <defaultcontrol>2</defaultcontrol>
      <onexit>50</onexit>
      <buttonX>1232</buttonX>
      <buttonY>50</buttonY>
      <buttonwidth>48</buttonwidth>
      <buttonheight>144</buttonheight>
      <textureFocus>#StreamedMP.ActionMenu.Image</textureFocus>
      <textureNoFocus>#StreamedMP.ActionMenu.Image</textureNoFocus>
      <animation effect="fade" time="250">WindowOpen</animation>
      <animation effect="fade" time="250">WindowClose</animation>
      <dimColor>00ffffff</dimColor>
      <control>
        <type>image</type>
        <posX>1002</posX>
        <posY>0</posY>
        <width>278</width>
        <height>720</height>
        <texture>hiddenmenu_right.png</texture>
        <visible>!Control.HasFocus(50)</visible>
        <animation effect="slide" time="100" start="300,0">visible</animation>
        <animation effect="slide" time="0" end="300,0">hidden</animation>
      </control>
      <control>
        <id>0</id>
        <description>Options Menu Label</description>
        <label>496</label>
        <type>label</type>
        <font>mediastream12tc</font>
        <posX>1040</posX>
        <posY>225</posY>
        <visible>!Control.HasFocus(50)</visible>
        <animation effect="slide" time="100" start="300,0">visible</animation>
        <animation effect="slide" time="0" end="300,0">hidden</animation>
      </control>
      <control>
        <id>0</id>
        <description>dummy button</description>
        <label>-</label>
        <type>button</type>
        <posX>1002</posX>
        <posY>0</posY>
        <width>278</width>
        <height>720</height>
        <visible>!Control.HasFocus(10)</visible>
        <animation effect="slide" time="100" start="300,0">visible</animation>
        <animation effect="slide" time="0" end="300,0">hidden</animation>
      </control>
      <control>
        <type>group</type>
        <description>group element</description>
        <visible>!Control.HasFocus(50)</visible>
        <animation effect="slide" time="100" start="300,0">visible</animation>
        <animation effect="slide" time="0" end="300,0">hidden</animation>
        <posX>1040</posX>
        <posY>250</posY>
        <width>220</width>
        <height>720</height>
        <layout>StackLayout</layout>
        <control>
          <description>Refresh Button</description>
          <type>button</type>
          <id>2</id>
          <label>0</label>
          <onright>2</onright>
          <onleft>50</onleft>
          <onup>17</onup>
          <ondown>4</ondown>
        </control>
        <control>
          <description>Timeline select</description>
          <type>button</type>
          <id>4</id>
          <label>3</label>
          <onleft>50</onleft>
          <onright>4</onright>
          <onup>2</onup>
          <ondown>5</ondown>
        </control>
        <control>
          <description>Update status</description>
          <type>button</type>
          <id>5</id>
          <label>4</label>
          <onleft>50</onleft>
          <onright>5</onright>
          <onup>4</onup>
          <ondown>2</ondown>
          <scrollStartDelaySec>1</scrollStartDelaySec>
          <scrollWrapString> | </scrollWrapString>
        </control>
      </control>
    </control>
    <control>
      <type>group</type>
      <control>
        <description>listcontrol</description>
				<type>listcontrol</type>
				<id>50</id>
				<posY>245</posY>
				<posX>685</posX>
				<height>475</height>
				<onleft>2</onleft>
				<textXOff>15</textXOff>
				<textXOff2>580</textXOff2>
				<textYOff>2</textYOff>
				<textYOff2>35</textYOff2>
				<font>mediastream12c</font>
				<font2>mediastream9c</font2>
				<spaceBetweenItems>5</spaceBetweenItems>
				<textureHeight>60</textureHeight>
				<scrollOffset>1</scrollOffset>
				<IconXOff>3</IconXOff>
				<IconYOff>2</IconYOff>
				<itemWidth>50</itemWidth>
				<itemHeight>50</itemHeight>
				<keepaspectratio>yes</keepaspectratio>
				<spinPosX>1175</spinPosX>
				<spinPosY>681</spinPosY>
				<spinAlign>Right</spinAlign>
				<textureUp>arrow_round_up_nofocus.png</textureUp>
				<textureDown>arrow_round_down_nofocus.png</textureDown>
				<textureUpFocus>arrow_round_up_focus.png</textureUpFocus>
				<textureDownFocus>arrow_round_down_focus.png</textureDownFocus>
				<spinWidth>50</spinWidth>
				<spinHeight>37</spinHeight>
				<animation effect="fade" time="250">WindowOpen</animation>
				<animation effect="fade" time="250">WindowClose</animation>
				<animation effect="slide" time="150" start="800,0">WindowOpen</animation>
				<animation effect="slide" time="250" end="800,0">WindowClose</animation>			
      </control>
      <control>
        <description>Message</description>
        <type>textboxscrollup</type>
        <id>506</id>
        <posX>25</posX>
        <posY>500</posY>
        <width>600</width>
        <height>250</height>
        <label>-</label>
        <font>font12</font>
        <textcolor>FFFFFFFF</textcolor>
				<animation effect="fade" time="250">WindowOpen</animation>
				<animation effect="fade" time="250">WindowClose</animation>
      </control>
    </control>
    <control>
      <description>Channel name label</description>
      <type>label</type>
      <id>12</id>
      <posX>25</posX>
      <posY>690</posY>
      <label>-</label>
      <font>font18</font>
      <textcolor>20ffffff</textcolor>
      <align>right</align>
			<animation effect="fade" time="250">WindowOpen</animation>
			<animation effect="fade" time="250">WindowClose</animation>
    </control>
  </controls>
</window>
<!--Checksum:12480653989291e120ac6ada55457a69-->