﻿<?xml version="1.0" encoding="utf-8"?>
<window>
  <id>7979</id>
  <defaultcontrol>10</defaultcontrol>
  <allowoverlay>yes</allowoverlay>
  <controls>
    <!-- *** Dialog Background *** -->
    <control>
      <description>Dialog Headline Background</description>
      <type>image</type>
      <id>0</id>
      <posX>175</posX>
      <posY>140</posY>
      <width>930</width>
      <height>360</height>
      <texture>subsearchbg.png</texture>
    </control>
    <!-- *** MediaTip Logo *** -->
    <control>
      <description>Dialog Headline Logo</description>
      <type>image</type>
      <id>0</id>
      <posX>1050</posX>
      <posY>152</posY>
      <width>45</width>
      <height>45</height>
      <keepaspectratio>yes</keepaspectratio>
      <texture>mediatip_logo.png</texture>
      <animation effect="fade" time="250">WindowOpen</animation>
      <animation effect="fade" time="250">WindowClose</animation>
    </control>
    <!-- *** MediaTip Headline *** -->
    <control>
      <description>Dialog Headline</description>
      <type>label</type>
      <id>10</id>
      <posX>640</posX>
      <posY>175</posY>
      <align>center</align>
      <font>mediastream14tc</font>
      <textcolor>ffffffff</textcolor>
      <label>#MediaTip.Headline</label>
      <animation effect="fade" time="250">WindowOpen</animation>
      <animation effect="fade" time="250">WindowClose</animation>
    </control>
    <!-- *** MediaTip Headline Image *** -->
    <control>
      <description>Dialog Headline Image</description>
      <type>image</type>
      <id>11</id>
      <posX>185</posX>
      <posY>148</posY>
      <width>50</width>
      <height>50</height>
      <keepaspectratio>yes</keepaspectratio>
      <texture>#MediaTip.HeadlineImage</texture>
      <animation effect="fade" time="250">WindowOpen</animation>
      <animation effect="fade" time="250">WindowClose</animation>
    </control>
    <!-- *** MediaTip Music Property Lines *** -->
    <control>
      <description>Line 1</description>
      <type>fadelabel</type>
      <id>22</id>
      <posX>195</posX>
      <posY>225</posY>
      <width>600</width>
      <font>mediastream13</font>
      <textcolor>ffffffff</textcolor>
      <label>#MediaTip.DescriptionArtist: #MediaTip.Artist, #MediaTip.DescriptionYear: #MediaTip.Year</label>
      <animation effect="fade" time="250">WindowOpen</animation>
      <animation effect="fade" time="250">WindowClose</animation>
    </control>
    <control>
      <description>Line 2</description>
      <type>fadelabel</type>
      <id>21</id>
      <posX>195</posX>
      <posY>275</posY>
      <width>600</width>
      <font>mediastream13</font>
      <textcolor>ffffffff</textcolor>
      <label>#MediaTip.DescriptionTrack #MediaTip.Track - #MediaTip.DescriptionTitle: #MediaTip.Title, #MediaTip.DescriptionAlbum: #MediaTip.Album</label>
      <animation effect="fade" time="250">WindowOpen</animation>
      <animation effect="fade" time="250">WindowClose</animation>
    </control>
    <control>
      <description>Line 3</description>
      <type>fadelabel</type>
      <id>23</id>
      <posX>195</posX>
      <posY>325</posY>
      <width>600</width>
      <font>mediastream13</font>
      <textcolor>ffffffff</textcolor>
      <label>#MediaTip.DescriptionGenre: #MediaTip.Genre</label>
      <animation effect="fade" time="250">WindowOpen</animation>
      <animation effect="fade" time="250">WindowClose</animation>
    </control>
    <control>
      <description>Line 4</description>
      <type>fadelabel</type>
      <id>24</id>
      <posX>195</posX>
      <posY>375</posY>
      <width>600</width>
      <font>mediastream13</font>
      <textcolor>ffffffff</textcolor>
      <label>Audio: #MediaTip.AudioCodec, #MediaTip.AudioType, #MediaTip.AudioBitRate, #MediaTip.AudioSamplingRate</label>
      <animation effect="fade" time="250">WindowOpen</animation>
      <animation effect="fade" time="250">WindowClose</animation>
    </control>
    <control>
      <description>Line 5</description>
      <type>fadelabel</type>
      <id>20</id>
      <posX>195</posX>
      <posY>443</posY>
      <width>800</width>
      <font>mediastream12c</font>
      <textcolor>ffffffff</textcolor>
      <label>#MediaTip.FileName</label>
      <animation effect="fade" time="250">WindowOpen</animation>
      <animation effect="fade" time="250">WindowClose</animation>
    </control>
    <control>
      <description>Line 6</description>
      <type>fadelabel</type>
      <id>201962</id>
      <posX>195</posX>
      <posY>468</posY>
      <width>500</width>
      <font>mediastream12c</font>
      <textcolor>ffffffff</textcolor>
      <visible>control.hastext(20)</visible>
      <label>#MediaTip.FileSize, #MediaTip.Date</label>
      <animation effect="fade" time="250">WindowOpen</animation>
      <animation effect="fade" time="250">WindowClose</animation>
    </control>
    <!-- *** MediaTip Music Cover *** -->
    <control>
      <type>image</type>
      <description>Cover</description>
      <id>25</id>
      <posX>873</posX>
      <posY>220</posY>
      <width>204</width>
      <height>202</height>
      <texture>#MediaTip.Cover</texture>
      <animation effect="fade" time="250">WindowOpen</animation>
      <animation effect="fade" time="250">WindowClose</animation>
    </control>
    <control>
      <type>image</type>
      <description>Case</description>
      <id>26</id>
      <posX>840</posX>
      <posY>210</posY>
      <width>250</width>
      <height>223</height>
      <texture>mediatip_cdbox.png</texture>
      <keepaspectratio>yes</keepaspectratio>
      <animation effect="fade" time="250">WindowOpen</animation>
      <animation effect="fade" time="250">WindowClose</animation>
    </control>
    <!-- *** MediaTip Video Property Lines *** -->
    <control>
      <description>Line 1</description>
      <type>fadelabel</type>
      <id>31</id>
      <posX>195</posX>
      <posY>225</posY>
      <width>600</width>
      <font>mediastream13</font>
      <textcolor>ffffffff</textcolor>
      <label>#MediaTip.DescriptionTitle: #MediaTip.Title</label>
      <animation effect="fade" time="250">WindowOpen</animation>
      <animation effect="fade" time="250">WindowClose</animation>
    </control>
    <control>
      <description>Line 2</description>
      <type>fadelabel</type>
      <id>32</id>
      <posX>195</posX>
      <posY>275</posY>
      <width>600</width>
      <font>mediastream13</font>
      <textcolor>ffffffff</textcolor>
      <label>Audio: #MediaTip.AudioCodec, #MediaTip.AudioType, #MediaTip.AudioBitRate, #MediaTip.AudioSamplingRate</label>
      <animation effect="fade" time="250">WindowOpen</animation>
      <animation effect="fade" time="250">WindowClose</animation>
    </control>
    <control>
      <description>Line 3</description>
      <type>fadelabel</type>
      <id>33</id>
      <posX>195</posX>
      <posY>325</posY>
      <width>600</width>
      <font>mediastream13</font>
      <textcolor>ffffffff</textcolor>
      <label>Video: #MediaTip.VideoCodec, #MediaTip.VideoBitRate, #MediaTip.FrameRate, #MediaTip.Resolution</label>
      <animation effect="fade" time="250">WindowOpen</animation>
      <animation effect="fade" time="250">WindowClose</animation>
    </control>
    <control>
      <description>Line 4</description>
      <type>fadelabel</type>
      <id>34</id>
      <posX>195</posX>
      <posY>375</posY>
      <width>600</width>
      <font>mediastream13</font>
      <textcolor>ffffffff</textcolor>
      <label>#MediaTip.DescriptionGeometry: #MediaTip.Geometry, #MediaTip.Dimension, #MediaTip.AspectRatio</label>
      <animation effect="fade" time="250">WindowOpen</animation>
      <animation effect="fade" time="250">WindowClose</animation>
    </control>
    <control>
      <description>Line 5</description>
      <type>fadelabel</type>
      <id>30</id>
      <posX>195</posX>
      <posY>443</posY>
      <width>800</width>
      <font>mediastream12c</font>
      <textcolor>ffffffff</textcolor>
      <label>#MediaTip.FileName</label>
      <animation effect="fade" time="250">WindowOpen</animation>
      <animation effect="fade" time="250">WindowClose</animation>
    </control>
    <control>
      <description>Line 6</description>
      <type>fadelabel</type>
      <id>301962</id>
      <posX>195</posX>
      <posY>468</posY>
      <width>500</width>
      <font>mediastream12c</font>
      <textcolor>ffffffff</textcolor>
      <label>#MediaTip.FileSize, #MediaTip.Date</label>
      <visible>control.hastext(30)</visible>
      <animation effect="fade" time="250">WindowOpen</animation>
      <animation effect="fade" time="250">WindowClose</animation>
    </control>
    <!-- *** MediaTip Video Cover *** -->
    <control>
      <type>image</type>
      <description>Cover</description>
      <id>35</id>
      <posX>935</posX>
      <posY>209</posY>
      <width>155</width>
      <height>220</height>
      <texture>#MediaTip.Cover</texture>
      <animation effect="fade" time="250">WindowOpen</animation>
      <animation effect="fade" time="250">WindowClose</animation>
    </control>
    <control>
      <type>image</type>
      <description>Case</description>
      <id>36</id>
      <posX>910</posX>
      <posY>200</posY>
      <width>190</width>
      <height>240</height>
      <texture>mediatip_cdbox.png</texture>
      <keepaspectratio>yes</keepaspectratio>
      <texture>mediatip_dvdbox.png</texture>
      <animation effect="fade" time="250">WindowOpen</animation>
      <animation effect="fade" time="250">WindowClose</animation>
    </control>
    <!-- *** MediaTip Picture Property Lines *** -->
    <control>
      <description>Line 1</description>
      <type>fadelabel</type>
      <id>41</id>
      <posX>195</posX>
      <posY>225</posY>
      <width>600</width>
      <font>mediastream13</font>
      <textcolor>ffffffff</textcolor>
      <label>#MediaTip.DescriptionDimension: #MediaTip.Dimension, #MediaTip.DescriptionOrientation: #MediaTip.Orientation</label>
      <animation effect="fade" time="250">WindowOpen</animation>
      <animation effect="fade" time="250">WindowClose</animation>
    </control>
    <control>
      <description>Line 2</description>
      <type>fadelabel</type>
      <id>42</id>
      <posX>195</posX>
      <posY>275</posY>
      <width>600</width>
      <font>mediastream13</font>
      <textcolor>ffffffff</textcolor>
      <label>#MediaTip.DescriptionCameraModel: #MediaTip.CameraModel, #MediaTip.CameraEquipment</label>
      <animation effect="fade" time="250">WindowOpen</animation>
      <animation effect="fade" time="250">WindowClose</animation>
    </control>
    <control>
      <description>Line 3</description>
      <type>fadelabel</type>
      <id>43</id>
      <posX>195</posX>
      <posY>325</posY>
      <width>650</width>
      <font>mediastream13</font>
      <textcolor>ffffffff</textcolor>
      <label>#MediaTip.DescriptionFStop: #MediaTip.FStop, #MediaTip.DescriptionShutterSpeed: #MediaTip.ShutterSpeed, #MediaTip.DescriptionMeteringMode: #MediaTip.MeteringMode, #MediaTip.DescriptionFlashMode: #MediaTip.FlashMode</label>
      <animation effect="fade" time="250">WindowOpen</animation>
      <animation effect="fade" time="250">WindowClose</animation>
    </control>
    <control>
      <description>Line 4</description>
      <type>fadelabel</type>
      <id>44</id>
      <posX>195</posX>
      <posY>375</posY>
      <width>650</width>
      <font>mediastream13</font>
      <textcolor>ffffffff</textcolor>
      <label>#MediaTip.DescriptionExposureTime: #MediaTip.ExposureTime, #MediaTip.DescriptionExposureCompensation: #MediaTip.ExposureCompensation</label>
      <animation effect="fade" time="250">WindowOpen</animation>
      <animation effect="fade" time="250">WindowClose</animation>
    </control>
    <control>
      <description>Line 5</description>
      <type>fadelabel</type>
      <id>40</id>
      <posX>195</posX>
      <posY>443</posY>
      <width>800</width>
      <font>mediastream12c</font>
      <textcolor>ffffffff</textcolor>
      <label>#MediaTip.FileName (#MediaTip.FileSize), #MediaTip.Date</label>
      <animation effect="fade" time="250">WindowOpen</animation>
      <animation effect="fade" time="250">WindowClose</animation>
    </control>
    <control>
      <description>Line 6</description>
      <type>fadelabel</type>
      <id>401962</id>
      <posX>195</posX>
      <posY>468</posY>
      <width>500</width>
      <font>mediastream12c</font>
      <textcolor>ffffffff</textcolor>
      <visible>control.hastext(40)</visible>
      <label>#MediaTip.FileSize, #MediaTip.Date</label>
      <animation effect="fade" time="250">WindowOpen</animation>
      <animation effect="fade" time="250">WindowClose</animation>
    </control>
    <!-- *** MediaTip Picture Cover *** -->
    <control>
      <type>image</type>
      <description>Case</description>
      <id>46</id>
      <posX>880</posX>
      <posY>250</posY>
      <width>210</width>
      <height>160</height>
      <texture>mediatip_picturebox.png</texture>
      <animation effect="fade" time="250">WindowOpen</animation>
      <animation effect="fade" time="250">WindowClose</animation>
    </control>
    <control>
      <type>image</type>
      <description>Cover</description>
      <id>45</id>
      <posX>885</posX>
      <posY>255</posY>
      <width>200</width>
      <height>150</height>
      <keepaspectratio>yes</keepaspectratio>
      <texture>#MediaTip.Cover</texture>
      <centered>yes</centered>
      <animation effect="fade" time="250">WindowOpen</animation>
      <animation effect="fade" time="250">WindowClose</animation>
    </control>
    <!-- *** MediaTip Directory Property Lines *** -->
    <control>
      <description>Line 2</description>
      <type>fadelabel</type>
      <id>51</id>
      <posX>195</posX>
      <posY>225</posY>
      <width>650</width>
      <font>mediastream13</font>
      <textcolor>ffffffff</textcolor>
      <label>#MediaTip.DescriptionDirectorySize: #MediaTip.DirectorySize</label>
      <animation effect="fade" time="250">WindowOpen</animation>
      <animation effect="fade" time="250">WindowClose</animation>
    </control>
    <control>
      <description>Line 3</description>
      <type>fadelabel</type>
      <id>52</id>
      <posX>195</posX>
      <posY>275</posY>
      <width>600</width>
      <font>mediastream13</font>
      <textcolor>ffffffff</textcolor>
      <label>#MediaTip.DescriptionDirectoryFileCount: #MediaTip.DirectoryFileCount</label>
      <animation effect="fade" time="250">WindowOpen</animation>
      <animation effect="fade" time="250">WindowClose</animation>
    </control>
    <control>
      <description>Line 4</description>
      <type>fadelabel</type>
      <id>53</id>
      <posX>195</posX>
      <posY>325</posY>
      <width>600</width>
      <font>mediastream13</font>
      <textcolor>ffffffff</textcolor>
      <label>
      </label>
      <animation effect="fade" time="250">WindowOpen</animation>
      <animation effect="fade" time="250">WindowClose</animation>
    </control>
    <control>
      <description>Line 5</description>
      <type>fadelabel</type>
      <id>54</id>
      <posX>195</posX>
      <posY>375</posY>
      <width>600</width>
      <font>mediastream13</font>
      <textcolor>ffffffff</textcolor>
      <label>
      </label>
      <animation effect="fade" time="250">WindowOpen</animation>
      <animation effect="fade" time="250">WindowClose</animation>
    </control>
    <control>
      <description>Line 6</description>
      <type>fadelabel</type>
      <id>50</id>
      <posX>195</posX>
      <posY>443</posY>
      <width>800</width>
      <font>mediastream12c</font>
      <textcolor>ffffffff</textcolor>
      <label>#MediaTip.DirectoryName</label>
      <animation effect="fade" time="250">WindowOpen</animation>
      <animation effect="fade" time="250">WindowClose</animation>
    </control>
    <control>
      <description>Line 7</description>
      <type>fadelabel</type>
      <id>501962</id>
      <posX>195</posX>
      <posY>468</posY>
      <width>500</width>
      <font>mediastream12c</font>
      <textcolor>ffffffff</textcolor>
      <label>#MediaTip.Date</label>
      <visible>control.hastext(50)</visible>
      <animation effect="fade" time="250">WindowOpen</animation>
      <animation effect="fade" time="250">WindowClose</animation>
    </control>
    <!-- *** MediaTip Directory Cover *** -->
    <control>
      <type>image</type>
      <description>Cover</description>
      <id>55</id>
      <posX>885</posX>
      <posY>255</posY>
      <width>200</width>
      <height>150</height>
      <keepaspectratio>yes</keepaspectratio>
      <centered>yes</centered>
      <texture>#MediaTip.Cover</texture>
      <animation effect="fade" time="250">WindowOpen</animation>
      <animation effect="fade" time="250">WindowClose</animation>
    </control>
    <control>
      <type>image</type>
      <description>Case</description>
      <id>56</id>
      <posX>905</posX>
      <posY>250</posY>
      <width>160</width>
      <height>160</height>
      <texture>mediatip_picturebox_transparent.png</texture>
      <animation effect="fade" time="250">WindowOpen</animation>
      <animation effect="fade" time="250">WindowClose</animation>
    </control>
    <!-- *** MediaTip Radio Property Lines *** -->
    <control>
      <description>Line 1</description>
      <type>fadelabel</type>
      <id>60</id>
      <posX>195</posX>
      <posY>225</posY>
      <width>600</width>
      <font>mediastream13</font>
      <textcolor>ffffffff</textcolor>
      <label>#MediaTip.Station</label>
      <animation effect="fade" time="250">WindowOpen</animation>
      <animation effect="fade" time="250">WindowClose</animation>
    </control>
    <control>
      <description>Line 2</description>
      <type>fadelabel</type>
      <id>61</id>
      <posX>195</posX>
      <posY>275</posY>
      <width>600</width>
      <font>mediastream13</font>
      <textcolor>ffffffff</textcolor>
      <label>#MediaTip.Title</label>
      <animation effect="fade" time="250">WindowOpen</animation>
      <animation effect="fade" time="250">WindowClose</animation>
    </control>
    <control>
      <description>Line 3</description>
      <type>fadelabel</type>
      <id>62</id>
      <posX>195</posX>
      <posY>325</posY>
      <width>600</width>
      <font>mediastream13</font>
      <textcolor>ffffffff</textcolor>
      <label>
      </label>
      <animation effect="fade" time="250">WindowOpen</animation>
      <animation effect="fade" time="250">WindowClose</animation>
    </control>
    <control>
      <description>Line 4</description>
      <type>fadelabel</type>
      <id>63</id>
      <posX>195</posX>
      <posY>375</posY>
      <width>600</width>
      <font>mediastream13</font>
      <textcolor>ffffffff</textcolor>
      <label>
      </label>
      <animation effect="fade" time="250">WindowOpen</animation>
      <animation effect="fade" time="250">WindowClose</animation>
    </control>
    <control>
      <description>Line 5</description>
      <type>fadelabel</type>
      <id>64</id>
      <posX>195</posX>
      <posY>425</posY>
      <width>600</width>
      <font>mediastream13</font>
      <textcolor>ffffffff</textcolor>
      <label>
      </label>
      <animation effect="fade" time="250">WindowOpen</animation>
      <animation effect="fade" time="250">WindowClose</animation>
    </control>
    <!-- *** MediaTip Radio Cover *** -->
    <control>
      <type>image</type>
      <description>Case</description>
      <id>66</id>
      <posX>840</posX>
      <posY>210</posY>
      <width>250</width>
      <height>223</height>
      <texture>mediatip_cdbox.png</texture>
      <animation effect="fade" time="250">WindowOpen</animation>
      <animation effect="fade" time="250">WindowClose</animation>
    </control>
    <control>
      <type>image</type>
      <description>Cover</description>
      <id>65</id>
      <posX>873</posX>
      <posY>220</posY>
      <width>204</width>
      <height>202</height>
      <texture>#MediaTip.Cover</texture>
      <animation effect="fade" time="250">WindowOpen</animation>
      <animation effect="fade" time="250">WindowClose</animation>
    </control>
  </controls>
</window>
<!--Checksum:81427f2520b1e2bf30554fc1dae3159b-->