﻿<?xml version="1.0" encoding="utf-8"?>
<window>
  <controls>
    <!--            :: Artwork ::            -->
    <control>
      <description>background overlay</description>
      <type>image</type>
      <id>0</id>
      <posX>-2</posX>
      <posY>-2</posY>
      <width>1284</width>
      <height>724</height>
      <texture>filmstrip_overlay.png</texture>
      <visible>!control.isvisible(50)+!control.isvisible(51)</visible>
      <animation effect="fade" time="250" delay="0">WindowClose</animation>
    </control>
    <control>
      <description>Cover Art</description>
      <type>image</type>
      <id>601</id>
      <posX>47</posX>
      <posY>309</posY>
      <width>257</width>
      <height>380</height>
      <texture flipY="true" diffuse="diffusemirrorwide.png">#MovingPictures.Coverart</texture>
      <visible>!control.isvisible(50)+!control.isvisible(51)</visible>
      <animation effect="fade" time="250" delay="0">WindowClose</animation>
    </control>
    <control>
      <description>Rounded cover edges</description>
      <type>image</type>
      <id>610</id>
      <posX>25</posX>
      <posY>292</posY>
      <width>297</width>
      <height>414</height>
      <texture>#StreamedMP.RoundedPosters.Image</texture>
      <visible>!control.isvisible(50)+!control.isvisible(51)+Control.HasThumb(601)</visible>
      <animation effect="fade" time="250" delay="0">WindowClose</animation>
    </control>
    <control>
      <description>Cover Art Glass Overlay</description>
      <type>image</type>
      <id>0</id>
      <posX>47</posX>
      <posY>309</posY>
      <width>228</width>
      <height>177</height>
      <texture>glassoverlay2.png</texture>
      <visible>!control.isvisible(50)+!control.isvisible(51)+Control.HasThumb(601)+!Control.HasThumb(610)</visible>
      <animation effect="fade" time="250" delay="0">WindowClose</animation>
    </control>
    <control>
      <description>Watched Icon Background</description>
      <type>image</type>
      <id>0</id>
      <posX>272</posX>
      <posY>339</posY>
      <width>32</width>
      <height>39</height>
      <texture>#StreamedMP.Icons.Background</texture>
      <visible>!control.isvisible(50)+!control.isvisible(51)+Control.HasThumb(601)</visible>
      <animation effect="fade" time="250" delay="0">WindowClose</animation>
    </control>
    <control>
      <description>Watched Icon</description>
      <type>image</type>
      <id>0</id>
      <posX>279</posX>
      <posY>342</posY>
      <width>24</width>
      <height>24</height>
      <texture>#StreamedMP.Icons.Watched</texture>
      <visible>!control.isvisible(50)+!control.isvisible(51)+Control.HasThumb(601)+control.isvisible(9)</visible>
      <animation effect="fade" time="250" delay="0">WindowClose</animation>
    </control>
    <control>
      <description>Un-Watched Icon</description>
      <type>image</type>
      <id>0</id>
      <posX>279</posX>
      <posY>342</posY>
      <width>24</width>
      <height>24</height>
      <texture>#StreamedMP.Icons.UnWatched</texture>
      <visible>!control.isvisible(50)+!control.isvisible(51)+Control.HasThumb(601)+!control.isvisible(9)</visible>
      <animation effect="fade" time="250" delay="0">WindowClose</animation>
    </control>
    <!-- Buttons -->
    <control>
      <description>Play Movie</description>
      <type>button</type>
      <id>6</id>
      <label>2553</label>
      <onup>6</onup>
      <ondown>6</ondown>
      <onright>10000</onright>
      <onleft>666</onleft>
      <posX>1055</posX>
      <posY>665</posY>
      <width>170</width>
      <height>32</height>
      <textcolor>ffffffff</textcolor>
      <font>mediastream12tc</font>
      <textYOff>0</textYOff>
      <textXOff>0</textXOff>
      <textalign>center</textalign>
      <textcolorNoFocus>bfffffff</textcolorNoFocus>
      <textureFocus>tv_button_focus.png</textureFocus>
      <textureNoFocus>tv_button_ no_focus.png</textureNoFocus>
      <visible>!control.isvisible(50)+!control.isvisible(51)</visible>
      <animation effect="fade" time="250" delay="0">WindowClose</animation>
    </control>
    <control>
      <description>Subtitles</description>
      <type>button</type>
      <id>666</id>
      <label>287</label>
      <onup>666</onup>
      <ondown>666</ondown>
      <onright>6</onright>
      <onleft>10000</onleft>
      <posX>880</posX>
      <posY>665</posY>
      <width>170</width>
      <height>32</height>
      <textcolor>ffffffff</textcolor>
      <font>mediastream12tc</font>
      <textYOff>0</textYOff>
      <textXOff>0</textXOff>
      <textalign>center</textalign>
      <hyperlink>84623</hyperlink>
      <textcolorNoFocus>bfffffff</textcolorNoFocus>
      <textureFocus>tv_button_focus.png</textureFocus>
      <textureNoFocus>tv_button_ no_focus.png</textureNoFocus>
      <visible>!control.isvisible(50)+!control.isvisible(51)+plugin.isenabled(SubCentral)</visible>
      <animation effect="fade" time="250" delay="0">WindowClose</animation>
    </control>
    <!-- Movie Details Hidden Menu -->
    <control>
      <type>actiongroup</type>
      <description>action menu</description>
      <defaultcontrol>10000</defaultcontrol>
      <onexit>6</onexit>
      <dimColor>00ffffff</dimColor>
      <buttonX>1231</buttonX>
      <buttonY>55</buttonY>
      <buttonwidth>49</buttonwidth>
      <buttonheight>253</buttonheight>
      <visible>!control.isvisible(50)+!control.isvisible(51)+[control.hasfocus(10000)|control.hasfocus(10001)|control.hasfocus(10002)|control.hasfocus(10003)|control.hasfocus(97258)|control.hasfocus(97259)|control.hasfocus(97260)|control.hasfocus(97261)|control.hasfocus(97262)]</visible>
      <animation effect="slide" time="100" start="300,0">visible</animation>
      <animation effect="slide" time="0" end="300,0">hidden</animation>
      <control>
        <type>image</type>
        <posX>1002</posX>
        <posY>0</posY>
        <width>278</width>
        <height>720</height>
        <texture>hiddenmenu_right.png</texture>
      </control>
      <control>
        <id>0</id>
        <description>Dummy Button (for Mouse)</description>
        <label>-</label>
        <type>button</type>
        <posX>1002</posX>
        <posY>0</posY>
        <width>278</width>
        <height>720</height>
      </control>
      <control>
        <id>0</id>
        <description>Trailers</description>
        <type>label</type>
        <label>5900</label>
        <font>mediastream12tc</font>
        <posX>1040</posX>
        <posY>226</posY>
      </control>
      <control>
        <id>0</id>
        <description>Scraper</description>
        <type>label</type>
        <label>#StreamedMP.Scraper</label>
        <font>mediastream12tc</font>
        <posX>1040</posX>
        <posY>340</posY>
      </control>
      <control>
        <id>0</id>
        <description>Trakt</description>
        <type>label</type>
        <label>Trakt</label>
        <font>mediastream12tc</font>
        <posX>1040</posX>
        <posY>395</posY>
        <visible>plugin.isenabled(Trakt)</visible>
      </control>
      <control>
        <type>group</type>
        <description>group element</description>
        <animation effect="slide" time="100" start="300,0">visible</animation>
        <animation effect="slide" time="0" end="300,0">hidden</animation>
        <posX>1040</posX>
        <posY>250</posY>
        <width>220</width>
        <height>720</height>
        <layout>StackLayout(0, Vertical, true)</layout>
        <control>
          <description>Trailer Search (IMDB)</description>
          <type>button</type>
          <id>10000</id>
          <label>IMDb</label>
          <ondown>10001</ondown>
          <onup>17</onup>
          <onleft>6</onleft>
          <onright>6</onright>
          <hyperlink>4755</hyperlink>
          <hyperlinkParameter>site:IMDb Movie Trailers|search:#(iif(neq(#MovingPictures.SelectedMovie.imdb_id,''),#MovingPictures.SelectedMovie.imdb_id,#MovingPictures.SelectedMovie.title))|return:Locked</hyperlinkParameter>
        </control>
        <control>
          <description>Trailer Search (iTunes)</description>
          <type>button</type>
          <id>10001</id>
          <label>iTUNES</label>
          <ondown>10002</ondown>
          <onup>10000</onup>
          <onleft>6</onleft>
          <onright>6</onright>
          <hyperlink>4755</hyperlink>
          <hyperlinkParameter>site:iTunes Movie Trailers|search:#MovingPictures.SelectedMovie.title|return:Locked</hyperlinkParameter>
        </control>
        <control>
          <description>Trailer Search (YouTube)</description>
          <type>button</type>
          <id>10002</id>
          <label>YouTube</label>
          <ondown>10003</ondown>
          <onup>10001</onup>
          <onleft>6</onleft>
          <onright>6</onright>
          <hyperlink>4755</hyperlink>
          <hyperlinkParameter>site:YouTube|search:#MovingPictures.SelectedMovie.title|return:Locked</hyperlinkParameter>
        </control>
        <control>
          <description>Empty button</description>
          <type>button</type>
          <id>0</id>
          <label>-</label>
          <visible>true</visible>
        </control>
        <control>
          <description>IMDb+</description>
          <type>button</type>
          <id>10003</id>
          <label>IMDb+</label>
          <hyperlink>31415</hyperlink>
          <onup>10002</onup>
          <ondown>97259</ondown>
          <onleft>6</onleft>
          <onright>6</onright>
        </control>
        <control>
          <description>Empty button</description>
          <type>button</type>
          <id>0</id>
          <label>-</label>
          <visible>true</visible>
        </control>
        <control>
          <description>Trakt Rate</description>
          <type>button</type>
          <id>97259</id>
          <label>#Trakt.Translation.Rate.Label</label>
          <onup>10003</onup>
          <ondown>97260</ondown>
          <onleft>6</onleft>
          <onright>6</onright>
          <visible>plugin.isenabled(Trakt)</visible>
        </control>
        <control>
          <description>Trakt Shouts</description>
          <type>button</type>
          <id>97260</id>
          <label>#Trakt.Translation.Shouts.Label</label>
          <onup>97259</onup>
          <ondown>97262</ondown>
          <onleft>6</onleft>
          <onright>6</onright>
          <visible>plugin.isenabled(Trakt)</visible>
        </control>
        <control>
          <description>Trakt Related Movies</description>
          <type>button</type>
          <id>97262</id>
          <label>#Trakt.Translation.RelatedMovies.Label</label>
          <onup>97260</onup>
          <ondown>97261</ondown>
          <onleft>6</onleft>
          <onright>6</onright>
          <visible>plugin.isenabled(Trakt)</visible>
        </control>
        <control>
          <description>Trakt Add to Custom List</description>
          <type>button</type>
          <id>97261</id>
          <label>#Trakt.Translation.AddToList.Label</label>
          <onup>97262</onup>
          <ondown>97258</ondown>
          <onleft>6</onleft>
          <onright>6</onright>
          <visible>plugin.isenabled(Trakt)</visible>
        </control>
        <control>
          <description>Trakt Add to Watch List</description>
          <type>button</type>
          <id>97258</id>
          <label>#Trakt.Translation.AddToWatchList.Label</label>
          <onup>97261</onup>
          <ondown>10000</ondown>
          <onleft>6</onleft>
          <onright>6</onright>
          <visible>plugin.isenabled(Trakt)</visible>
        </control>
      </control>
    </control>
    <!-- Details Box -->
    <control>
      <description>details background</description>
      <type>image</type>
      <id>0</id>
      <posX>340</posX>
      <posY>380</posY>
      <width>896</width>
      <height>337</height>
      <texture>detailsbg.png</texture>
      <visible>!control.isvisible(50)+!control.isvisible(51)</visible>
      <animation effect="fade" time="250" delay="0">WindowClose</animation>
    </control>
    <control>
      <description>Movie Title</description>
      <type>label</type>
      <id>0</id>
      <posX>362</posX>
      <posY>402</posY>
      <width>570</width>
      <font>mediastream14tc</font>
      <label>#MovingPictures.SelectedMovie.title</label>
      <textcolor>ffFFFFFF</textcolor>
      <visible>!control.isvisible(50)+!control.isvisible(51)</visible>
      <animation effect="fade" time="250" delay="0">WindowClose</animation>
    </control>
    <control>
      <description>Genres</description>
      <type>label</type>
      <label>#MovingPictures.SelectedMovie.genres</label>
      <id>0</id>
      <posX>363</posX>
      <posY>425</posY>
      <width>840</width>
      <font>mediastream11c</font>
      <textcolor>ff909090</textcolor>
      <visible>!control.isvisible(50)+!control.isvisible(51)</visible>
      <animation effect="fade" time="250" delay="0">WindowClose</animation>
    </control>
    <control>
      <description>Star Rating Image</description>
      <type>image</type>
      <id>101</id>
      <width>115</width>
      <height>22</height>
      <posX>363</posX>
      <posY>450</posY>
      <align>left</align>
      <texture>star#MovingPictures.SelectedMovie.score.rounded.png</texture>
      <visible>!control.isvisible(50)+!control.isvisible(51)+!string.equals(#MovingPictures.SelectedMovie.score.rounded,)</visible>
      <animation effect="fade" time="250" delay="0">WindowClose</animation>
    </control>
    <control>
      <description>Star Rating Value</description>
      <id>0</id>
      <type>label</type>
      <label>#MovingPictures.SelectedMovie.score.localized / 10</label>
      <posX>490</posX>
      <posY>450</posY>
      <width>200</width>
      <align>left</align>
      <font>mediastream11c</font>
      <shadowAngle>45</shadowAngle>
      <shadowDistance>2</shadowDistance>
      <shadowColor>ff222222</shadowColor>
      <visible>!control.isvisible(50)+!control.isvisible(51)+!string.equals(#MovingPictures.SelectedMovie.score.rounded,)</visible>
      <animation effect="fade" time="250" delay="0">WindowClose</animation>
    </control>
    <control>
      <description>Dummy User Star Rating Value</description>
      <id>199</id>
      <type>label</type>
      <label>#MovingPictures.UserMovieSettings.user_rating</label>
      <posX>-50</posX>
      <posY>-50</posY>
      <visible>!control.isvisible(50)+!control.isvisible(51)</visible>
      <animation effect="fade" time="250" delay="0">WindowClose</animation>
    </control>
    <control>
      <description>User Star Rating Value</description>
      <id>0</id>
      <type>label</type>
      <label>(#MovingPictures.Translation.Rated.Label: #MovingPictures.UserMovieSettings.user_rating / 5)</label>
      <posX>555</posX>
      <posY>450</posY>
      <width>200</width>
      <align>left</align>
      <font>mediastream11c</font>
      <visible>!control.isvisible(50)+!control.isvisible(51)+Control.HasText(199)</visible>
      <animation effect="fade" time="250" delay="0">WindowClose</animation>
    </control>
    <control>
      <description>Summary</description>
      <type>textboxscrollup</type>
      <id>0</id>
      <posX>363</posX>
      <posY>480</posY>
      <width>860</width>
      <height>100</height>
      <textcolor>ffFFFFFF</textcolor>
      <seperator>-----------------------------------------------------------------------------------</seperator>
      <font>mediastream11</font>
      <label>#MovingPictures.SelectedMovie.summary</label>
      <scrollStartDelaySec>15</scrollStartDelaySec>
      <visible>!control.isvisible(50)+!control.isvisible(51)</visible>
      <animation effect="fade" time="250" delay="0">WindowClose</animation>
    </control>
    <control>
      <description>Directors Label</description>
      <type>label</type>
      <label>#MovingPictures.Translation.Directors.Label</label>
      <id>0</id>
      <posX>363</posX>
      <posY>608</posY>
      <width>120</width>
      <font>mediastream11c</font>
      <textcolor>ff909090</textcolor>
      <visible>!control.isvisible(50)+!control.isvisible(51)</visible>
      <animation effect="fade" time="250" delay="0">WindowClose</animation>
    </control>
    <control>
      <description>Directors</description>
      <type>label</type>
      <label>#MovingPictures.SelectedMovie.directors</label>
      <id>0</id>
      <posX>488</posX>
      <posY>608</posY>
      <width>370</width>
      <font>mediastream11c</font>
      <textcolor>ffFFFFFF</textcolor>
      <visible>!control.isvisible(50)+!control.isvisible(51)</visible>
      <animation effect="fade" time="250" delay="0">WindowClose</animation>
    </control>
    <control>
      <description>Writers Label</description>
      <type>label</type>
      <label>#MovingPictures.Translation.Writers.Label</label>
      <id>0</id>
      <posX>363</posX>
      <posY>584</posY>
      <width>120</width>
      <font>mediastream11c</font>
      <textcolor>ff909090</textcolor>
      <visible>!control.isvisible(50)+!control.isvisible(51)</visible>
      <animation effect="fade" time="250" delay="0">WindowClose</animation>
    </control>
    <control>
      <description>Writer</description>
      <type>label</type>
      <label>#MovingPictures.SelectedMovie.writers</label>
      <id>0</id>
      <posX>488</posX>
      <posY>584</posY>
      <width>370</width>
      <font>mediastream11c</font>
      <textcolor>ffFFFFFF</textcolor>
      <visible>!control.isvisible(50)+!control.isvisible(51)</visible>
      <animation effect="fade" time="250" delay="0">WindowClose</animation>
    </control>
    <control>
      <description>Actors Label</description>
      <type>label</type>
      <label>#MovingPictures.Translation.Actors.Label</label>
      <id>0</id>
      <posX>363</posX>
      <posY>632</posY>
      <width>120</width>
      <font>mediastream11c</font>
      <textcolor>ff909090</textcolor>
      <visible>!control.isvisible(50)+!control.isvisible(51)</visible>
      <animation effect="fade" time="250" delay="0">WindowClose</animation>
    </control>
    <control>
      <description>Actors</description>
      <type>fadelabel</type>
      <label>#MovingPictures.SelectedMovie.actors</label>
      <id>0</id>
      <posX>488</posX>
      <posY>632</posY>
      <width>706</width>
      <font>mediastream11c</font>
      <textcolor>ffFFFFFF</textcolor>
      <visible>!control.isvisible(50)+!control.isvisible(51)</visible>
      <animation effect="fade" time="250" delay="0">WindowClose</animation>
    </control>
    <control>
      <description>Year Label</description>
      <type>label</type>
      <label>#MovingPictures.Translation.Year.Label</label>
      <id>0</id>
      <posX>960</posX>
      <posY>584</posY>
      <width>840</width>
      <align>right</align>
      <font>mediastream11c</font>
      <textcolor>ff909090</textcolor>
      <visible>!control.isvisible(50)+!control.isvisible(51)</visible>
      <animation effect="fade" time="250" delay="0">WindowClose</animation>
    </control>
    <control>
      <description>Year</description>
      <type>label</type>
      <label>#MovingPictures.SelectedMovie.year</label>
      <id>0</id>
      <posX>980</posX>
      <posY>584</posY>
      <width>50</width>
      <align>left</align>
      <font>mediastream11c</font>
      <textcolor>ffFFFFFF</textcolor>
      <visible>!control.isvisible(50)+!control.isvisible(51)</visible>
      <animation effect="fade" time="250" delay="0">WindowClose</animation>
    </control>
    <control>
      <description>Runtime Label</description>
      <type>label</type>
      <label>#MovingPictures.Translation.Runtime.Label</label>
      <id>0</id>
      <posX>960</posX>
      <posY>608</posY>
      <width>840</width>
      <align>right</align>
      <font>mediastream11c</font>
      <textcolor>ff909090</textcolor>
      <visible>!control.isvisible(50)+!control.isvisible(51)</visible>
      <animation effect="fade" time="250" delay="0">WindowClose</animation>
    </control>
    <control>
      <description>Runtime</description>
      <type>label</type>
      <label>#MovingPictures.SelectedMovie.extra.runtime.en.pretty</label>
      <id>0</id>
      <posX>980</posX>
      <posY>608</posY>
      <width>220</width>
      <align>left</align>
      <font>mediastream11c</font>
      <textcolor>ffFFFFFF</textcolor>
      <visible>!control.isvisible(50)+!control.isvisible(51)</visible>
      <animation effect="fade" time="250" delay="0">WindowClose</animation>
    </control>
    <!-- Certification -->
    <control>
      <description>Certification</description>
      <type>image</type>
      <id>0</id>
      <posX>950</posX>
      <posY>400</posY>
      <width>259</width>
      <height>57</height>
      <texture>Logos\Certification\#MovingPictures.SelectedMovie.certification.png</texture>
      <visible>!control.isvisible(50)+!control.isvisible(51)</visible>
      <animation effect="fade" time="250" delay="0">WindowClose</animation>
    </control>
  </controls>
</window>
<!--Checksum:931ce22e0d4fcf9b9b51c7065321e658-->