﻿<?xml version="1.0" encoding="utf-8"?>
<!-- 
This file should contain the list view
-->
<window>
  <controls>
    <control>
      <type>image</type>
      <id>0</id>
      <posX>0</posX>
      <posY>675</posY>
      <width>1280</width>
      <height>47</height>
      <texture>imagestreamtitle.png</texture>
      <animation effect="fade" time="250" delay="0">WindowClose</animation>
      <visible>facadeview.list+control.isvisible(50)</visible>
    </control>
    <control>
      <description>Cover Art</description>
      <type>image</type>
      <id>60</id>
      <posX>31</posX>
      <posY>254</posY>
      <width>257</width>
      <height>380</height>
      <texture>#MovingPictures.Coverart</texture>
      <visible>facadeview.list+control.isvisible(50)</visible>
      <animation effect="fade" time="250" delay="0">WindowClose</animation>
    </control>
    <control>
      <description>Cover Art Glass Overlay</description>
      <type>image</type>
      <id>0</id>
      <posX>31</posX>
      <posY>254</posY>
      <width>228</width>
      <height>177</height>
      <texture>glassoverlay2.png</texture>
      <visible>facadeview.list+control.isvisible(50)+Control.HasThumb(60)</visible>
      <animation effect="fade" time="250" delay="0">WindowClose</animation>
    </control>
    <control>
      <description>Watched Icon Background</description>
      <type>image</type>
      <id>0</id>
      <posX>256</posX>
      <posY>284</posY>
      <width>32</width>
      <height>39</height>
      <texture>#StreamedMP.Icons.Background</texture>
      <visible>facadeview.list+control.isvisible(50)+Control.HasThumb(60)</visible>
      <animation effect="fade" time="250" delay="0">WindowClose</animation>
    </control>
    <control>
      <description>Watched Icon</description>
      <type>image</type>
      <id>0</id>
      <posX>263</posX>
      <posY>287</posY>
      <width>24</width>
      <height>24</height>
      <texture>#StreamedMP.Icons.Watched</texture>
      <visible>facadeview.list+control.isvisible(50)+control.isvisible(9)+Control.HasThumb(60)</visible>
      <animation effect="fade" time="250" delay="0">WindowClose</animation>
    </control>
    <control>
      <description>Un-Watched Icon</description>
      <type>image</type>
      <id>0</id>
      <posX>263</posX>
      <posY>287</posY>
      <width>24</width>
      <height>24</height>
      <texture>#StreamedMP.Icons.UnWatched</texture>
      <visible>facadeview.list+control.isvisible(50)+!control.isvisible(9)+Control.HasThumb(60)</visible>
      <animation effect="fade" time="250" delay="0">WindowClose</animation>
    </control>
    <control>
      <description>Movie Title</description>
      <type>label</type>
      <id>0</id>
      <posX>308</posX>
      <posY>251</posY>
      <width>900</width>
      <font>mediastream16tc</font>
      <label>#MovingPictures.SelectedMovie.title</label>
      <textcolor>ffFFFFFF</textcolor>
      <shadowAngle>45</shadowAngle>
      <shadowDistance>4</shadowDistance>
      <shadowColor>#shadow.light</shadowColor>
      <visible>facadeview.list+control.isvisible(50)</visible>
      <animation effect="fade" time="250" delay="0">WindowClose</animation>
    </control>
    <control>
      <description>Genres</description>
      <type>label</type>
      <label>#MovingPictures.SelectedMovie.genres</label>
      <id>0</id>
      <posX>309</posX>
      <posY>282</posY>
      <width>900</width>
      <font>mediastream11tc</font>
      <textcolor>ff909090</textcolor>
      <shadowAngle>45</shadowAngle>
      <shadowDistance>3</shadowDistance>
      <shadowColor>#shadow.dark</shadowColor>
      <visible>facadeview.list+control.isvisible(50)</visible>
      <animation effect="fade" time="250" delay="0">WindowClose</animation>
    </control>
    <control>
      <id>0</id>
      <type>label</type>
      <label>#MovingPictures.SelectedMovie.score.localized / 10</label>
      <posX>430</posX>
      <posY>305</posY>
      <width>200</width>
      <align>left</align>
      <font>mediastream11c</font>
      <shadowAngle>45</shadowAngle>
      <shadowDistance>2</shadowDistance>
      <shadowColor>#shadow.light</shadowColor>
      <visible>facadeview.list+control.isvisible(50)+!string.equals(#MovingPictures.SelectedMovie.score.rounded,)+!string.equals(#MovingPictures.SelectedMovie.score.rounded,0)</visible>
      <animation effect="fade" time="250" delay="0">WindowClose</animation>
    </control>
    <control>
      <type>image</type>
      <id>101</id>
      <width>115</width>
      <height>22</height>
      <posX>309</posX>
      <posY>305</posY>
      <align>right</align>
      <texture>star#MovingPictures.SelectedMovie.score.rounded.png</texture>
      <visible>facadeview.list+control.isvisible(50)+!string.equals(#MovingPictures.SelectedMovie.score.rounded,)</visible>
      <animation effect="fade" time="250" delay="0">WindowClose</animation>
    </control>
    <control>
      <description>Summary</description>
      <type>textboxscrollup</type>
      <id>0</id>
      <posX>308</posX>
      <posY>338</posY>
      <width>475</width>
      <height>223</height>
      <textcolor>ffFFFFFF</textcolor>
      <seperator>-----------------------------------------------------------------------------------</seperator>
      <font>mediastream11</font>
      <label>#MovingPictures.SelectedMovie.summary</label>
      <visible>facadeview.list+control.isvisible(50)</visible>
      <animation effect="fade" time="250" delay="0">WindowClose</animation>
    </control>
    <control Style="smallTitleB">
      <description>Certification Label</description>
      <id>0</id>
      <type>label</type>
      <label>#MovingPictures.Translation.Certification.Label</label>
      <posX>310</posX>
      <posY>572</posY>
      <width>140</width>
      <visible>facadeview.list+control.isvisible(50)</visible>
      <animation effect="fade" time="250" delay="0">WindowClose</animation>
    </control>
    <control Style="smallTitle">
      <description>Certification</description>
      <id>1001</id>
      <type>label</type>
      <label>#(iif(neq(#MovingPictures.SelectedMovie.certification,''),#MovingPictures.SelectedMovie.certification,'N/A'))</label>
      <posX>470</posX>
      <posY>573</posY>
      <width>200</width>
      <visible>facadeview.list+control.isvisible(50)</visible>
      <animation effect="fade" time="250" delay="0">WindowClose</animation>
    </control>
    <control Style="smallTitleB">
      <description>Runtime Label</description>
      <id>0</id>
      <type>label</type>
      <label>#MovingPictures.Translation.Runtime.Label</label>
      <posX>310</posX>
      <posY>594</posY>
      <width>140</width>
      <visible>facadeview.list+control.isvisible(50)</visible>
      <animation effect="fade" time="250" delay="0">WindowClose</animation>
    </control>
    <control Style="smallTitle">
      <description>Runtime</description>
      <id>1002</id>
      <type>label</type>
      <label>#(iif(neq(#MovingPictures.SelectedMovie.extra.runtime.en.pretty,''),#MovingPictures.SelectedMovie.extra.runtime.en.pretty,'N/A'))</label>
      <posX>470</posX>
      <posY>595</posY>
      <width>200</width>
      <visible>facadeview.list+control.isvisible(50)</visible>
      <animation effect="fade" time="250" delay="0">WindowClose</animation>
    </control>
    <control Style="smallTitleB">
      <description>Year Label</description>
      <type>label</type>
      <label>#MovingPictures.Translation.Year.Label</label>
      <posX>310</posX>
      <posY>616</posY>
      <width>140</width>
      <visible>facadeview.list+control.isvisible(50)</visible>
      <animation effect="fade" time="250" delay="0">WindowClose</animation>
    </control>
    <control Style="smallTitle">
      <description>Year</description>
      <id>1003</id>
      <type>label</type>
      <label>#(iif(neq(#MovingPictures.SelectedMovie.year,''),#MovingPictures.SelectedMovie.year,'N/A'))</label>
      <posX>470</posX>
      <posY>617</posY>
      <visible>facadeview.list+control.isvisible(50)</visible>
      <animation effect="fade" time="250" delay="0">WindowClose</animation>
    </control>
  </controls>
</window>
<!--Checksum:936979afbd0917349d352c4b63323223-->