﻿<?xml version="1.0" encoding="utf-8"?>
<!-- MediaInfo Logos (List and Filmstrip View) -->
<window>
  <controls>
    <!-- Video Resolutions / Aspect Ratio -->
    <control>
      <description>720p, 1080i, 1080p</description>
      <type>image</type>
      <id>97891</id>
      <posX>670</posX>
      <posY>10</posY>
      <width>100</width>
      <height>32</height>
      <texture>Logos\Video\#MovingPictures.LocalMedia.videoresolution.png</texture>
      <visible>control.isvisible(50)+facadeview.filmstrip</visible>
      <animation effect="fade" time="250" delay="0">WindowClose</animation>
    </control>
    <control>
      <description>SD/HD Fullscreen/Widescreen</description>
      <type>image</type>
      <id>0</id>
      <posX>670</posX>
      <posY>10</posY>
      <width>100</width>
      <height>32</height>
      <texture>Logos\Video\#MovingPictures.LocalMedia.videoresolution #MovingPictures.LocalMedia.videoaspectratio.png</texture>
      <visible>control.isvisible(50)+facadeview.filmstrip+!Control.HasThumb(97891)</visible>
      <animation effect="fade" time="250" delay="0">WindowClose</animation>
    </control>
    <!-- Video Codecs -->
    <control>
      <description>Video Codecs</description>
      <type>image</type>
      <id>0</id>
      <posX>770</posX>
      <posY>10</posY>
      <width>100</width>
      <height>32</height>
      <texture>Logos\Video\#MovingPictures.LocalMedia.videocodec.png</texture>
      <visible>control.isvisible(50)+facadeview.filmstrip</visible>
      <animation effect="fade" time="250" delay="0">WindowClose</animation>
    </control>
    <!-- Audio Channels / Codecs-->
    <control>
      <description>Audio Channels / Codecs</description>
      <type>image</type>
      <id>98001</id>
      <posX>870</posX>
      <posY>10</posY>
      <width>100</width>
      <height>32</height>
      <texture>Logos\Audio\#MovingPictures.LocalMedia.audiocodec #MovingPictures.LocalMedia.audiochannels.png</texture>
      <visible>control.isvisible(50)+facadeview.filmstrip</visible>
      <animation effect="fade" time="250" delay="0">WindowClose</animation>
    </control>
    <control>
      <description>Audio Codecs - Unknown number of channels</description>
      <type>image</type>
      <id>0</id>
      <posX>870</posX>
      <posY>10</posY>
      <width>100</width>
      <height>32</height>
      <texture>Logos\Audio\#MovingPictures.LocalMedia.audiocodec.png</texture>
      <visible>control.isvisible(50)+facadeview.filmstrip+!Control.HasThumb(98001)</visible>
      <animation effect="fade" time="250" delay="0">WindowClose</animation>
    </control>
    <!-- Subtitles -->
    <control>
      <description>Subtitles</description>
      <type>image</type>
      <id>0</id>
      <posX>970</posX>
      <posY>10</posY>
      <width>100</width>
      <height>32</height>
      <texture>Logos\Misc\#MovingPictures.LocalMedia.Subtitles.png</texture>
      <visible>control.isvisible(50)+facadeview.filmstrip</visible>
      <animation effect="fade" time="250" delay="0">WindowClose</animation>
    </control>
  </controls>
</window>
<!--Checksum:c809e3d982c75ec5527c7e656cc114a8-->