﻿<?xml version="1.0" encoding="utf-8"?>
<!-- MediaInfo Logos (Small/Large Thumbs View) -->
<window>
  <controls>
    <!--Video Resolutions / Aspect Ratio-->
    <control>
      <description>720p, 1080i, 1080p</description>
      <type>image</type>
      <id>9803</id>
      <posX>20</posX>
      <posY>685</posY>
      <width>100</width>
      <height>32</height>
      <texture>Logos\MediaInfo\#StreamedMP.MediaInfo.Type\Video\#MovingPictures.LocalMedia.videoresolution.png</texture>
      <visible>control.isvisible(50)+[facadeview.smallicons|facadeview.largeicons]</visible>
      <animation effect="fade" time="250" delay="0">WindowClose</animation>
    </control>
    <control>
      <description>SD/HD Fullscreen/Widescreen</description>
      <type>image</type>
      <id>0</id>
      <posX>20</posX>
      <posY>685</posY>
      <width>100</width>
      <height>32</height>
      <texture>Logos\MediaInfo\#StreamedMP.MediaInfo.Type\Video\#MovingPictures.LocalMedia.videoresolution #MovingPictures.LocalMedia.videoaspectratio.png</texture>
      <visible>control.isvisible(50)+[facadeview.smallicons|facadeview.largeicons]+!Control.HasThumb(9803)</visible>
      <animation effect="fade" time="250" delay="0">WindowClose</animation>
    </control>
    <!-- Video Codecs -->
    <control>
      <description>Video Codecs</description>
      <type>image</type>
      <id>0</id>
      <posX>120</posX>
      <posY>685</posY>
      <width>100</width>
      <height>32</height>
      <texture>Logos\MediaInfo\#StreamedMP.MediaInfo.Type\Video\#MovingPictures.LocalMedia.videocodec.png</texture>
      <visible>control.isvisible(50)+[facadeview.smallicons|facadeview.largeicons]</visible>
      <animation effect="fade" time="250" delay="0">WindowClose</animation>
    </control>
    <!-- Audio Channels / Codecs -->
    <control>
      <description>Audio Channels / Codecs</description>
      <type>image</type>
      <id>9804</id>
      <posX>220</posX>
      <posY>685</posY>
      <width>100</width>
      <height>32</height>
      <texture>Logos\MediaInfo\#StreamedMP.MediaInfo.Type\Audio\#MovingPictures.LocalMedia.audiocodec #MovingPictures.LocalMedia.audiochannels.png</texture>
      <visible>control.isvisible(50)+[facadeview.smallicons|facadeview.largeicons]</visible>
      <animation effect="fade" time="250" delay="0">WindowClose</animation>
    </control>
    <control>
      <description>Audio Channels / Codecs</description>
      <type>image</type>
      <id>0</id>
      <posX>220</posX>
      <posY>685</posY>
      <width>100</width>
      <height>32</height>
      <texture>Logos\MediaInfo\#StreamedMP.MediaInfo.Type\Audio\#MovingPictures.LocalMedia.audiocodec.png</texture>
      <visible>control.isvisible(50)+[facadeview.smallicons|facadeview.largeicons]+!Control.HasThumb(9804)</visible>
      <animation effect="fade" time="250" delay="0">WindowClose</animation>
    </control>
    <!-- Subtitles -->
    <control>
      <description>Subtitles</description>
      <type>image</type>
      <id>0</id>
      <posX>320</posX>
      <posY>685</posY>
      <width>100</width>
      <height>32</height>
      <texture>Logos\MediaInfo\#StreamedMP.MediaInfo.Type\Misc\#MovingPictures.LocalMedia.Subtitles.png</texture>
      <visible>control.isvisible(50)+[facadeview.smallicons|facadeview.largeicons]</visible>
      <animation effect="fade" time="250" delay="0">WindowClose</animation>
    </control>
  </controls>
</window>
<!--Checksum:585647ee4f63d829f50217fee0fda21d-->