﻿<?xml version="1.0" encoding="utf-8"?>
<window>
  <controls>
    <!-- Title / Genre will be set using Facade Properties -->
    <control>
      <description>Rating Stars</description>
      <type>image</type>
      <id>1</id>
      <posX>583</posX>
      <posY>675</posY>
      <width>115</width>
      <height>22</height>
      <texture>star#MovingPictures.SelectedMovie.score.rounded.png</texture>
      <visible>facadeview.coverflow+control.isvisible(50)</visible>
      <animation effect="fade" time="250">WindowOpen</animation>
      <animation effect="fade" time="250">WindowClose</animation>
    </control>
  </controls>
</window>