﻿<?xml version="1.0" encoding="utf-8"?>
<!-- MediaInfo Logos (Small/Large Thumbs View) -->
<window>
  <controls>
    <!-- Video Resolutions / Aspect Ratio-->
    <control>
      <description>720p, 1080i, 1080p</description>
      <type>image</type>
      <id>97993</id>
      <posX>35</posX>
      <posY>630</posY>
      <width>100</width>
      <height>32</height>
      <texture flipY="true" diffuse="Thumb_Mask.png">Logos\MediaInfo\#StreamedMP.MediaInfo.Type\Video\#MovingPictures.LocalMedia.videoresolution.png</texture>
      <visible>control.isvisible(50)+facadeview.smallicons</visible>
      <animation effect="fade" time="250" delay="0">WindowClose</animation>
    </control>
    <control>
      <description>SD/HD Fullscreen/Widescreen</description>
      <type>image</type>
      <id>0</id>
      <posX>35</posX>
      <posY>630</posY>
      <width>100</width>
      <height>32</height>
      <texture flipY="true" diffuse="Thumb_Mask.png">Logos\MediaInfo\#StreamedMP.MediaInfo.Type\Video\#MovingPictures.LocalMedia.videoresolution #MovingPictures.LocalMedia.videoaspectratio.png</texture>
      <visible>control.isvisible(50)+facadeview.smallicons+!Control.HasThumb(97993)</visible>
      <animation effect="fade" time="250" delay="0">WindowClose</animation>
    </control>
    <!-- Video Codecs -->
    <control>
      <description>Video Codecs</description>
      <type>image</type>
      <id>0</id>
      <posX>135</posX>
      <posY>630</posY>
      <width>100</width>
      <height>32</height>
      <texture flipY="true" diffuse="Thumb_Mask.png">Logos\MediaInfo\#StreamedMP.MediaInfo.Type\Video\#MovingPictures.LocalMedia.videocodec.png</texture>
      <visible>control.isvisible(50)+facadeview.smallicons</visible>
      <animation effect="fade" time="250" delay="0">WindowClose</animation>
    </control>
    <!-- Audio  Codecs / Channels -->
    <control>
      <description>Audio Codecs / Channels</description>
      <type>image</type>
      <id>98003</id>
      <posX>235</posX>
      <posY>630</posY>
      <width>100</width>
      <height>32</height>
      <texture flipY="true" diffuse="Thumb_Mask.png">Logos\MediaInfo\#StreamedMP.MediaInfo.Type\Audio\#MovingPictures.LocalMedia.audiocodec #MovingPictures.LocalMedia.audiochannels.png</texture>
      <visible>control.isvisible(50)+facadeview.smallicons</visible>
      <animation effect="fade" time="250" delay="0">WindowClose</animation>
    </control>
    <control>
      <description>Audio Codecs - Unknown number of channels</description>
      <type>image</type>
      <id>0</id>
      <posX>235</posX>
      <posY>630</posY>
      <width>100</width>
      <height>32</height>
      <texture flipY="true" diffuse="Thumb_Mask.png">Logos\MediaInfo\#StreamedMP.MediaInfo.Type\Audio\#MovingPictures.LocalMedia.audiocodec.png</texture>
      <visible>control.isvisible(50)+facadeview.smallicons+!Control.HasThumb(98003)</visible>
      <animation effect="fade" time="250" delay="0">WindowClose</animation>
    </control>
    <!-- Subtitles -->
    <control>
      <description>Subtitles</description>
      <type>image</type>
      <id>0</id>
      <posX>335</posX>
      <posY>630</posY>
      <width>100</width>
      <height>32</height>
      <texture flipY="true" diffuse="Thumb_Mask.png">Logos\MediaInfo\#StreamedMP.MediaInfo.Type\Misc\#MovingPictures.LocalMedia.Subtitles.png</texture>
      <visible>control.isvisible(50)+facadeview.smallicons</visible>
      <animation effect="fade" time="250" delay="0">WindowClose</animation>
    </control>
  </controls>
</window>
<!--Checksum:965448536bf92dbeb5b317ba7a033bde-->