﻿<?xml version="1.0" encoding="utf-8"?>
<!-- This file should contain all items visible when the plug-in is in its various facade views (listview, filmstrip,large icons, small icons) -->
<window>
  <controls>
    <control>
      <type>image</type>
      <id>0</id>
      <posX>665</posX>
      <posY>405</posY>
      <width>616</width>
      <height>280</height>
      <texture>mpinfo_filmbox.png</texture>
      <visible>facadeview.filmstrip+control.isvisible(50)</visible>
      <animation effect="fade" time="250" delay="0">WindowClose</animation>
    </control>
    <control>
      <type>image</type>
      <id>101</id>
      <posX>725</posX>
      <posY>452</posY>
      <width>115</width>
      <height>22</height>
      <align>left</align>
      <texture>star#MovingPictures.SelectedMovie.score.rounded.png</texture>
      <visible>facadeview.filmstrip+control.isvisible(50)+!string.equals(#MovingPictures.SelectedMovie.score.rounded,)</visible>
      <animation effect="fade" time="250" delay="0">WindowClose</animation>
    </control>
    <control>
      <description>Rating</description>
      <type>label</type>
      <id>0</id>
      <posX>850</posX>
      <posY>453</posY>
      <width>245</width>
      <textcolor>ffFFFFFF</textcolor>
      <font>mediastream10</font>
      <label>#MovingPictures.SelectedMovie.score.localized / 10</label>
      <shadowAngle>45</shadowAngle>
      <shadowDistance>2</shadowDistance>
      <shadowColor>#shadow.light</shadowColor>
      <visible>facadeview.filmstrip+control.isvisible(50)+!string.equals(#MovingPictures.SelectedMovie.score.rounded,)+!string.equals(#MovingPictures.SelectedMovie.score.rounded,0)</visible>
      <animation effect="fade" time="250" delay="0">WindowClose</animation>
    </control>
    <control>
      <description>Watched Filtering Indicator - Watched</description>
      <type>image</type>
      <posX>686</posX>
      <posY>453</posY>
      <texture>overlaywatched.png</texture>
      <width>24</width>
      <height>24</height>
      <visible>control.isvisible(50)+control.isvisible(9)+facadeview.filmstrip</visible>
      <animation effect="fade" time="250" delay="0">WindowClose</animation>
    </control>
    <control>
      <description>Watched Filtering Indicator - UnWatched</description>
      <type>image</type>
      <posX>686</posX>
      <posY>453</posY>
      <texture>overlayunwatched.png</texture>
      <width>24</width>
      <height>24</height>
      <visible>control.isvisible(50)+!control.isvisible(9)+facadeview.filmstrip</visible>
      <animation effect="fade" time="250" delay="0">WindowClose</animation>
    </control>
    <control>
      <description>Movie Title</description>
      <type>fadelabel</type>
      <id>0</id>
      <posX>686</posX>
      <posY>420</posY>
      <width>570</width>
      <font>mediastream16tc</font>
      <label>#MovingPictures.SelectedMovie.title</label>
      <textcolor>FFffffff</textcolor>
      <visible>facadeview.filmstrip+control.isvisible(50)</visible>
      <animation effect="fade" time="250" delay="0">WindowClose</animation>
    </control>
    <control Style="smallTitleB">
      <type>label</type>
      <label>#MovingPictures.Translation.Genre.Label</label>
      <posX>686</posX>
      <posY>485</posY>
      <visible>facadeview.filmstrip+control.isvisible(50)</visible>
      <animation effect="fade" time="250" delay="0">WindowClose</animation>
    </control>
    <control Style="smallTitle">
      <type>label</type>
      <label>#MovingPictures.SelectedMovie.genres</label>
      <posX>825</posX>
      <posY>485</posY>
      <width>580</width>
      <visible>facadeview.filmstrip+control.isvisible(50)</visible>
      <animation effect="fade" time="250" delay="0">WindowClose</animation>
    </control>
    <control Style="smallTitleB">
      <type>label</type>
      <label>#MovingPictures.Translation.Year.Label</label>
      <posX>686</posX>
      <posY>510</posY>
      <visible>facadeview.filmstrip+control.isvisible(50)</visible>
      <animation effect="fade" time="250" delay="0">WindowClose</animation>
    </control>
    <control Style="smallTitle">
      <type>label</type>
      <label>#MovingPictures.SelectedMovie.year</label>
      <posX>825</posX>
      <posY>510</posY>
      <visible>facadeview.filmstrip+control.isvisible(50)</visible>
      <animation effect="fade" time="250" delay="0">WindowClose</animation>
    </control>
    <control Style="smallTitleB">
      <type>label</type>
      <label>#MovingPictures.Translation.Runtime.Label</label>
      <posX>686</posX>
      <posY>535</posY>
      <visible>facadeview.filmstrip+control.isvisible(50)</visible>
      <animation effect="fade" time="250" delay="0">WindowClose</animation>
    </control>
    <control Style="smallTitle">
      <type>label</type>
      <label>#MovingPictures.SelectedMovie.runtime.localized.long</label>
      <posX>825</posX>
      <posY>535</posY>
      <width>580</width>
      <visible>facadeview.filmstrip+control.isvisible(50)</visible>
      <animation effect="fade" time="250" delay="0">WindowClose</animation>
    </control>
    <control>
      <description>Summary</description>
      <type>textboxscrollup</type>
      <id>0</id>
      <posX>686</posX>
      <posY>560</posY>
      <width>580</width>
      <height>120</height>
      <textcolor>ffffff</textcolor>
      <seperator>-----------------------------------------------------------------------------------</seperator>
      <font>mediastream11</font>
      <label>#MovingPictures.SelectedMovie.summary</label>
      <visible>facadeview.filmstrip+control.isvisible(50)</visible>
      <animation effect="fade" time="250" delay="0">WindowClose</animation>
    </control>
  </controls>
</window>
<!--Checksum:6fdc5afe6da1ce4f0bacd2a70b30725c-->