﻿<?xml version="1.0" encoding="utf-8"?>
<!-- 
This file should contain the list view
-->
<window>
  <controls>
    <control>
      <type>image</type>
      <id>0</id>
      <posX>0</posX>
      <posY>1012</posY>
      <width>1920</width>
      <height>70</height>
      <texture>imagestreamtitle.png</texture>
      <animation effect="fade" time="250" delay="0">WindowClose</animation>
      <visible>facadeview.list+control.isvisible(50)</visible>
    </control>
    <control>
      <description>Cover Art</description>
      <type>image</type>
      <id>60</id>
      <posX>46</posX>
      <posY>381</posY>
      <width>385</width>
      <height>570</height>
      <texture>#MovingPictures.Coverart</texture>
      <visible>facadeview.list+control.isvisible(50)</visible>
      <animation effect="fade" time="250" delay="0">WindowClose</animation>
    </control>
    <control>
      <description>Cover Art Glass Overlay</description>
      <type>image</type>
      <id>0</id>
      <posX>46</posX>
      <posY>381</posY>
      <width>342</width>
      <height>265</height>
      <texture>glassoverlay2.png</texture>
      <visible>facadeview.list+control.isvisible(50)+Control.HasThumb(60)</visible>
      <animation effect="fade" time="250" delay="0">WindowClose</animation>
    </control>
    <control>
      <description>Watched Icon Background</description>
      <type>image</type>
      <id>0</id>
      <posX>384</posX>
      <posY>426</posY>
      <width>48</width>
      <height>58</height>
      <texture>#StreamedMP.Icons.Background</texture>
      <visible>facadeview.list+control.isvisible(50)+Control.HasThumb(60)</visible>
      <animation effect="fade" time="250" delay="0">WindowClose</animation>
    </control>
    <control>
      <description>Watched Icon</description>
      <type>image</type>
      <id>0</id>
      <posX>394</posX>
      <posY>430</posY>
      <width>36</width>
      <height>36</height>
      <texture>#StreamedMP.Icons.Watched</texture>
      <visible>facadeview.list+control.isvisible(50)+control.isvisible(9)+Control.HasThumb(60)</visible>
      <animation effect="fade" time="250" delay="0">WindowClose</animation>
    </control>
    <control>
      <description>Un-Watched Icon</description>
      <type>image</type>
      <id>0</id>
      <posX>394</posX>
      <posY>430</posY>
      <width>36</width>
      <height>36</height>
      <texture>#StreamedMP.Icons.UnWatched</texture>
      <visible>facadeview.list+control.isvisible(50)+!control.isvisible(9)+Control.HasThumb(60)</visible>
      <animation effect="fade" time="250" delay="0">WindowClose</animation>
    </control>
    <control>
      <description>Movie Title</description>
      <type>label</type>
      <id>0</id>
      <posX>462</posX>
      <posY>376</posY>
      <width>1350</width>
      <font>mediastream16tc</font>
      <label>#MovingPictures.SelectedMovie.title</label>
      <textcolor>ffFFFFFF</textcolor>
      <shadowAngle>45</shadowAngle>
      <shadowDistance>6</shadowDistance>
      <shadowColor>#shadow.light</shadowColor>
      <visible>facadeview.list+control.isvisible(50)</visible>
      <animation effect="fade" time="250" delay="0">WindowClose</animation>
    </control>
    <control>
      <description>Genres</description>
      <type>label</type>
      <label>#MovingPictures.SelectedMovie.genres</label>
      <id>0</id>
      <posX>463</posX>
      <posY>423</posY>
      <width>1350</width>
      <font>mediastream11tc</font>
      <textcolor>ff909090</textcolor>
      <shadowAngle>45</shadowAngle>
      <shadowDistance>4</shadowDistance>
      <shadowColor>#shadow.dark</shadowColor>
      <visible>facadeview.list+control.isvisible(50)</visible>
      <animation effect="fade" time="250" delay="0">WindowClose</animation>
    </control>
    <control>
      <id>0</id>
      <type>label</type>
      <label>#MovingPictures.SelectedMovie.score.localized / 10</label>
      <posX>645</posX>
      <posY>457</posY>
      <width>300</width>
      <align>left</align>
      <font>mediastream11c</font>
      <shadowAngle>45</shadowAngle>
      <shadowDistance>3</shadowDistance>
      <shadowColor>#shadow.light</shadowColor>
      <visible>facadeview.list+control.isvisible(50)+!string.equals(#MovingPictures.SelectedMovie.score.rounded,)+!string.equals(#MovingPictures.SelectedMovie.score.rounded,0)</visible>
      <animation effect="fade" time="250" delay="0">WindowClose</animation>
    </control>
    <control>
      <type>image</type>
      <id>101</id>
      <width>172</width>
      <height>33</height>
      <posX>463</posX>
      <posY>457</posY>
      <align>right</align>
      <texture>star#MovingPictures.SelectedMovie.score.rounded.png</texture>
      <visible>facadeview.list+control.isvisible(50)+!string.equals(#MovingPictures.SelectedMovie.score.rounded,)</visible>
      <animation effect="fade" time="250" delay="0">WindowClose</animation>
    </control>
    <control>
      <description>Summary</description>
      <type>textboxscrollup</type>
      <id>0</id>
      <posX>462</posX>
      <posY>507</posY>
      <width>712</width>
      <height>334</height>
      <textcolor>ffFFFFFF</textcolor>
      <seperator>-----------------------------------------------------------------------------------</seperator>
      <font>mediastream11</font>
      <label>#MovingPictures.SelectedMovie.summary</label>
      <visible>facadeview.list+control.isvisible(50)</visible>
      <animation effect="fade" time="250" delay="0">WindowClose</animation>
    </control>
    <control Style="smallTitleB">
      <description>Certification Label</description>
      <id>0</id>
      <type>label</type>
      <label>#MovingPictures.Translation.Certification.Label</label>
      <posX>465</posX>
      <posY>858</posY>
      <width>210</width>
      <visible>facadeview.list+control.isvisible(50)+!string.equals(#MovingPictures.general.filteredmoviecount,0)</visible>
      <animation effect="fade" time="250" delay="0">WindowClose</animation>
    </control>
    <control Style="smallTitle">
      <description>Certification</description>
      <id>1001</id>
      <type>label</type>
      <label>#(iif(neq(#MovingPictures.SelectedMovie.certification,''),#MovingPictures.SelectedMovie.certification,'N/A'))</label>
      <posX>705</posX>
      <posY>859</posY>
      <width>300</width>
      <visible>facadeview.list+control.isvisible(50)+!string.equals(#MovingPictures.general.filteredmoviecount,0)</visible>
      <animation effect="fade" time="250" delay="0">WindowClose</animation>
    </control>
    <control Style="smallTitleB">
      <description>Runtime Label</description>
      <id>0</id>
      <type>label</type>
      <label>#MovingPictures.Translation.Runtime.Label</label>
      <posX>465</posX>
      <posY>891</posY>
      <width>210</width>
      <visible>facadeview.list+control.isvisible(50)+!string.equals(#MovingPictures.general.filteredmoviecount,0)</visible>
      <animation effect="fade" time="250" delay="0">WindowClose</animation>
    </control>
    <control Style="smallTitle">
      <description>Runtime</description>
      <id>1002</id>
      <type>label</type>
      <label>#(iif(neq(#MovingPictures.SelectedMovie.extra.runtime.en.pretty,''),#MovingPictures.SelectedMovie.extra.runtime.en.pretty,'N/A'))</label>
      <posX>705</posX>
      <posY>892</posY>
      <width>300</width>
      <visible>facadeview.list+control.isvisible(50)+!string.equals(#MovingPictures.general.filteredmoviecount,0)</visible>
      <animation effect="fade" time="250" delay="0">WindowClose</animation>
    </control>
    <control Style="smallTitleB">
      <description>Year Label</description>
      <type>label</type>
      <label>#MovingPictures.Translation.Year.Label</label>
      <posX>465</posX>
      <posY>924</posY>
      <width>210</width>
      <visible>facadeview.list+control.isvisible(50)+!string.equals(#MovingPictures.general.filteredmoviecount,0)</visible>
      <animation effect="fade" time="250" delay="0">WindowClose</animation>
    </control>
    <control Style="smallTitle">
      <description>Year</description>
      <id>1003</id>
      <type>label</type>
      <label>#(iif(neq(#MovingPictures.SelectedMovie.year,''),#MovingPictures.SelectedMovie.year,'N/A'))</label>
      <posX>705</posX>
      <posY>925</posY>
      <visible>facadeview.list+control.isvisible(50)+!string.equals(#MovingPictures.general.filteredmoviecount,0)</visible>
      <animation effect="fade" time="250" delay="0">WindowClose</animation>
    </control>
  </controls>
</window>
<!--Checksum:d6dfed6883c9a43978fde4574362273c-->