﻿<?xml version="1.0" encoding="utf-8"?>
<window>
  <controls>
    <control>
			<description>Hidden Menu Indicator</description>
      <type>image</type>
      <posX>1232</posX>
      <posY>50</posY>
      <width>48</width>
      <height>144</height>
      <texture>#StreamedMP.ActionMenu.Image</texture>
      <visible>!control.isvisible(51)</visible>
      <animation effect="fade" time="250" delay="0">WindowClose</animation>
    </control>
    <control>
      <type>actiongroup</type>
      <description>action menu</description>
      <defaultcontrol>3</defaultcontrol>
      <onexit>50</onexit>
      <dimColor>00ffffff</dimColor>
      <buttonX>1231</buttonX>
      <buttonY>55</buttonY>
      <buttonwidth>49</buttonwidth>
      <buttonheight>253</buttonheight>
      <control>
        <type>image</type>
        <posX>1002</posX>
        <posY>0</posY>
        <width>278</width>
        <height>720</height>
        <texture>hiddenmenu_right.png</texture>
        <visible>!Control.HasFocus(50)+control.isvisible(50)</visible>
        <animation effect="slide" time="100" start="300,0">visible</animation>
        <animation effect="slide" time="0" end="300,0">hidden</animation>
      </control>
      <control>
        <id>0</id>
        <description>Dummy Button (for Mouse)</description>
        <label>-</label>
        <type>button</type>
        <posX>1002</posX>
        <posY>0</posY>
        <width>278</width>
        <height>720</height>
        <visible>!Control.HasFocus(50)+control.isvisible(50)</visible>
        <animation effect="slide" time="100" start="300,0">visible</animation>
        <animation effect="slide" time="0" end="300,0">hidden</animation>
      </control>
      <control>
        <description>Views Menu</description>
        <id>0</id>
        <label>499</label>
        <type>label</type>
        <font>mediastream12tc</font>
        <posX>1040</posX>
        <posY>226</posY>
        <visible>!Control.HasFocus(50)+control.isvisible(50)</visible>
        <animation effect="slide" time="100" start="300,0">visible</animation>
        <animation effect="slide" time="0" end="300,0">hidden</animation>
      </control>
      <control>
        <description>Settings</description>
        <id>0</id>
        <label>897</label>
        <type>label</type>
        <font>mediastream12tc</font>
        <posX>1040</posX>
        <posY>370</posY>
        <visible>!Control.HasFocus(50)+control.isvisible(50)</visible>
        <animation effect="slide" time="100" start="300,0">visible</animation>
        <animation effect="slide" time="0" end="300,0">hidden</animation>
      </control>
      <control>
        <id>0</id>
        <description>JUMP TO</description>
        <type>label</type>
        <label>1065</label>
        <font>mediastream12tc</font>
        <posX>1040</posX>
        <posY>450</posY>
        <visible>!Control.HasFocus(50)+control.isvisible(50)</visible>
        <animation effect="slide" time="100" start="300,0">visible</animation>
        <animation effect="slide" time="0" end="300,0">hidden</animation>
      </control>
      <control>
        <id>0</id>
        <description>Sort Direction</description>
        <type>image</type>
        <width>16</width>
        <height>16</height>
        <posX>1240</posX>
        <posY>286</posY>
        <texture>movingpictures_Sort#MovingPictures.Sort.Direction.png</texture>
        <visible>!Control.HasFocus(50)+control.isvisible(50)</visible>
        <animation effect="slide" time="100" start="300,0">visible</animation>
        <animation effect="slide" time="0" end="300,0">hidden</animation>
      </control>
      <control>
        <type>group</type>
        <description>group element</description>
        <visible>!Control.HasFocus(50)+control.isvisible(50)</visible>
        <animation effect="slide" time="100" start="300,0">visible</animation>
        <animation effect="slide" time="0" end="300,0">hidden</animation>
        <posX>1040</posX>
        <posY>250</posY>
        <width>220</width>
        <height>720</height>
        <layout>StackLayout(0, Vertical, true)</layout>
        <control>
          <description>Change Layout</description>
          <type>button</type>
          <id>3</id>
          <label>#MovingPictures.Translation.ChangeView.Label</label>
          <onleft>50</onleft>
					<onright>3</onright>
          <onup>21</onup>
        </control>
        <control>
          <description>Sort Menu</description>
          <type>button</type>
          <id>14</id>
          <label>#MovingPictures.Translation.SortBy.Label: #MovingPictures.Sort.Field</label>
          <onleft>50</onleft>
					<onright>14</onright>
        </control>
        <control>
          <description>Filters Menu</description>
          <type>button</type>
          <id>4</id>
          <label>#MovingPictures.Translation.FilterBy.Label ...</label>
          <onleft>50</onleft>
					<onright>4</onright>
        </control>
        <control>
          <description>Parental Controls</description>
          <type>button</type>
          <id>15</id>
          <label>#MovingPictures.Translation.ToggleParentalLock.Label</label>
          <onleft>50</onleft>
          <scrollStartDelaySec>1</scrollStartDelaySec>
          <scrollWrapString> | </scrollWrapString>
          <ondown>66610</ondown>
        </control>
        <control>
          <description>Empty button</description>
          <type>button</type>
          <id>0</id>
          <label>-</label>
          <visible>true</visible>
        </control>
        <control>
          <description>Video Settings</description>
          <type>button</type>
          <id>66610</id>
          <label>100006</label>
          <hyperlink>703</hyperlink>
          <onup>15</onup>
          <ondown>66611</ondown>
          <onleft>50</onleft>
        </control>        
        <control>
          <description>Skin Settings</description>
          <type>button</type>
          <id>66611</id>
          <label>#StreamedMP.SkinSettings</label>
          <ondown>99989</ondown>
          <onup>66610</onup>
          <onleft>50</onleft>
          <hyperlink>196206</hyperlink>
        </control>
        <control>
          <description>Empty button</description>
          <type>button</type>
          <id>0</id>
          <label>-</label>
          <visible>true</visible>
        </control>
        <control>
          <description>Trailers (IMDB)</description>
          <type>button</type>
          <id>99989</id>
          <label>#(L(5900)) IMDB</label>
          <ondown>99990</ondown>
          <onup>66611</onup>
          <onleft>50</onleft>
          <hyperlink>4755</hyperlink>
          <hyperlinkParameter>site:IMDb Movie Trailers|return:Locked</hyperlinkParameter>
          <visible>plugin.isenabled(OnlineVideos)</visible>
        </control>
        <control>
          <description>Trailers (iTunes)</description>
          <type>button</type>
          <id>99990</id>
          <label>#(L(5900)) iTUNES</label>
          <ondown>99991</ondown>
          <onup>99989</onup>
          <onleft>50</onleft>
          <hyperlink>4755</hyperlink>
          <hyperlinkParameter>site:iTunes Movie Trailers|return:Locked</hyperlinkParameter>
          <visible>plugin.isenabled(OnlineVideos)</visible>
        </control>
        <control>
          <description>SubCentral</description>
          <type>button</type>
          <id>99991</id>
          <label>287</label>
          <hyperlink>84623</hyperlink>
          <onup>99990</onup>
          <ondown>99992</ondown>
          <onleft>50</onleft>
          <visible>plugin.isenabled(SubCentral)</visible>
        </control>
        <control>
          <description>Trakt</description>
          <type>button</type>
          <id>99992</id>
          <label>Trakt</label>
          <hyperlink>87258</hyperlink>
          <onup>99991</onup>
          <ondown>99993</ondown>
          <onleft>50</onleft>
          <visible>plugin.isenabled(Trakt)</visible>
        </control>
        <control>
          <description>IMDb+</description>
          <type>button</type>
          <id>99993</id>
          <label>IMDb+</label>
          <hyperlink>31415</hyperlink>
          <onup>99992</onup>
          <ondown>3</ondown>
          <onleft>50</onleft>
          <visible>plugin.isenabled(IMDbPlus)</visible>
        </control>
      </control>      
    </control>    
  </controls>
</window>
<!--Checksum:af5037267ed8e4535810f597454bdd83-->