﻿<?xml version="1.0" encoding="utf-8" standalone="yes"?>
<window>
  <id>112011</id>
  <defaultcontrol>50</defaultcontrol>
  <allowoverlay>no</allowoverlay>
  <define>#header.hover:-</define>
  <define>#usePlayFanart:Yes</define>
  <define>#useSelectedFanart:Yes</define>
  <controls>
    <import>mymusic.autofanart.xml</import>
    <import>mymusic.selected.fanart.xml</import>
		<control>
			<id>0</id>
			<description>music overlay image</description>
			<type>image</type>
			<visible>control.isvisible(50)+!facadeview.coverflow</visible>
			<posX>0</posX>
			<posY>0</posY>
			<width>1281</width>
			<height>720</height>
			<texture>mainoverlay.png</texture>
		</control>    
		<control>
			<description>TopBar Overlay</description>
			<type>image</type>
			<id>0</id>
			<posX>0</posX>
			<posY>0</posY>
			<width>1280</width>
			<height>51</height>
			<texture>overlay_topbar.png</texture>
			<visible>facadeview.coverflow</visible>
		</control>
		<control>
			<description>Bottom Bar Overlay</description>
			<type>image</type>
			<id>0</id>
			<posX>0</posX>
			<posY>675</posY>
			<width>1280</width>
			<height>47</height>
			<texture>imagestreamtitle.png</texture>
			<visible>!facadeview.coverflow</visible>
		</control>   
    <control>
      <description>Top Title Extension Background</description>
      <type>image</type>
      <id>0</id>
      <posX>381</posX>
      <posY>11</posY>
      <width>486</width>
      <height>36</height>
      <texture>tvtitlebg.png</texture>
      <animation effect="fade" time="300" delay="300">WindowOpen</animation>
      <animation effect="fade" time="300" delay="0">WindowClose</animation>
      <animation effect="slide" start="-514,0" end="0,0" tween="quadratic" time="300" delay="300">WindowOpen</animation>
      <animation effect="slide" start="0,0" end="-514,0" tween="quadratic" time="600" delay="0">WindowClose</animation>
    </control>
    <control>
      <description>Item Count Background</description>
      <type>image</type>
      <id>0</id>
      <posX>1113</posX>
      <posY>12</posY>
      <width>159</width>
      <height>27</height>
      <texture>mediacountbackground.png</texture>
      <visible>control.isvisible(50)</visible>
      <animation effect="fade" time="250">WindowOpen</animation>
      <animation effect="fade" time="250">WindowClose</animation>
    </control>
    <control>
      <type>label</type>
      <description>Number of Files Label (Artist)</description>
      <id>0</id>
      <posX>1246</posX>
      <posY>14</posY>
      <width>350</width>
      <font>mediastream10c</font>
      <textcolor>ff006698</textcolor>
      <align>right</align>
      <label>#(L(133)) #itemcount </label>
      <visible>control.isvisible(50)+string.equals(#mvCentral.ArtistView,true)</visible>
      <animation effect="fade" time="250">WindowOpen</animation>
      <animation effect="fade" time="250">WindowClose</animation>
    </control>
    <control>
      <type>label</type>
      <description>Number of Files Label (Genres)</description>
      <id>0</id>
      <posX>1246</posX>
      <posY>14</posY>
      <width>350</width>
      <font>mediastream10c</font>
      <textcolor>ff006698</textcolor>
      <align>right</align>
      <label>#(L(135)) #itemcount </label>
      <visible>control.isvisible(50)+string.equals(#mvCentral.GenreView,true)</visible>
      <animation effect="fade" time="250">WindowOpen</animation>
      <animation effect="fade" time="250">WindowClose</animation>
    </control>
    <control>
      <type>label</type>
      <description>Number of Files Label (Album)</description>
      <id>0</id>
      <posX>1246</posX>
      <posY>14</posY>
      <width>350</width>
      <font>mediastream10c</font>
      <textcolor>ff006698</textcolor>
      <align>right</align>
      <label>#(L(132)) #itemcount</label>
      <visible>control.isvisible(50)+string.equals(#mvCentral.AlbumView,true)</visible>
      <animation effect="fade" time="250">WindowOpen</animation>
      <animation effect="fade" time="250">WindowClose</animation>
    </control>
    <control>
      <type>label</type>
      <description>Number of Files Label (Videos)</description>
      <id>0</id>
      <posX>1246</posX>
      <posY>14</posY>
      <width>350</width>
      <font>mediastream10c</font>
      <textcolor>ff006698</textcolor>
      <align>right</align>
      <label>#mvCentral.Translation.Videos.Label #itemcount</label>
      <visible>control.isvisible(50)+string.equals(#mvCentral.TrackView,true)</visible>
      <animation effect="fade" time="250">WindowOpen</animation>
      <animation effect="fade" time="250">WindowClose</animation>
    </control>
<!--:::::::::::::::::::::::::::::
:: TOP BAR :: TIME :: LOCATION ::
::::::::::::::::::::::::::::::-->
    <control>
      <description>mvCentral Title Background</description>
      <type>image</type>
      <id>0</id>
      <posX>77</posX>
      <posY>11</posY>
      <width>437</width>
      <height>35</height>
      <texture>tvtitlebg.png</texture>
    </control>
    <control>
      <type>fadelabel</type>
      <description>mvCentral Title</description>
      <id>0</id>
      <posX>493</posX>
      <posY>13</posY>
      <width>350</width>
      <font>mediastream12c</font>
      <align>right</align>
      <visible>yes</visible>
      <label>mvCentral | #mvCentral.ViewAs</label>
    </control>
    <control>
      <type>fadelabel</type>
      <description>mvCentral Hierarchy</description>
      <id>0</id>
      <posX>839</posX>
      <posY>13</posY>
      <width>600</width>
      <font>mediastream12c</font>
      <align>right</align>
      <visible>yes</visible>
      <label>#mvCentral.Hierachy</label>
    </control>
    <control>
      <description>Page Count Background</description>
      <type>image</type>
      <id>0</id>
      <posX>1013</posX>
      <posY>684</posY>
      <width>260</width>
      <height>30</height>
      <texture>mediacountbg_Spin.png</texture>
    </control>
    <control>
      <description>Page Label</description>
      <type>label</type>
      <label>30009</label>
      <id>0</id>
      <posX>1023</posX>
      <posY>688</posY>
      <font>mediastream12tc</font>
      <textcolor>ff909090</textcolor>
			<visible>!facadeview.coverflow</visible>
    </control>
		<control>
			<description>Title</description>
			<type>image</type>
			<id>0</id>
			<posX>0</posX>
			<posY>675</posY>
			<width>1280</width>
			<height>47</height>
			<texture>imagestreamtitle.png</texture>
			<visible>!facadeview.coverflow</visible>
		</control>	
<!-- ******************************************************************** -->
<!-- :: Artwork - Backgrounds:: List View-->        
<!-- ******************************************************************** -->
<!-- :: Artwork - 2nd and 3rd List View :: -->  
		<control>
			<id>0</id>
			<type>image</type>
			<posX>30</posX>
			<posY>245</posY>
			<width>280</width>
			<height>280</height>
			<texture flipY="true" diffuse="Thumb_Mask.png" >#selectedthumb</texture>
			<animation effect="fade" time="250" delay="0">WindowClose</animation>
			<animation effect="fade" time="250" delay="0">WindowOpen</animation>
			<keepaspectratio>no</keepaspectratio>
			<visible>[facadeview.list]+[string.equals(#mvCentral.ArtistView,true)|string.equals(#mvCentral.AlbumView,true)|string.equals(#mvCentral.GenreView,true)]</visible>
		</control>		
		<control>
			<id>0</id>
			<type>image</type>
			<posX>15</posX>
			<posY>245</posY>
			<width>300</width>
			<height>222</height>
			<texture flipY="true" diffuse="Thumb_Mask.png" >#selectedthumb</texture>
			<animation effect="fade" time="250" delay="0">WindowClose</animation>
			<animation effect="fade" time="250" delay="0">WindowOpen</animation>
			<keepaspectratio>yes</keepaspectratio>
			<visible>[facadeview.list]+[string.equals(#mvCentral.TrackView,true)]</visible>
		</control>		
	
<!-- :: Music Info - 2nd and 3rd List View Description and Genre:: --> 
		<control>
			<id>0</id>
			<description>Artist/Track Description</description>
			<type>fadelabel</type>
			<posX>330</posX>
			<posY>240</posY>
			<width>925</width>
			<font>mediastream16tc</font>
			<textcolor>ffffffff</textcolor>
			<shadowAngle>45</shadowAngle> 
			<shadowDistance>4</shadowDistance> 
			<shadowColor>ff000000</shadowColor>
			<align>left</align>
			<label>#selecteditem</label>
			<animation effect="fade" time="250" delay="0">WindowClose</animation>
			<animation effect="fade" time="250" delay="0">WindowOpen</animation>
			<visible>[facadeview.list]+[string.equals(#mvCentral.ArtistView,true)|string.equals(#mvCentral.GenreView,true)]</visible>
		</control>
		<control>
			<id>0</id>
			<description>Track Title and Runtime</description>
			<type>fadelabel</type>
			<posX>330</posX>
			<posY>240</posY>
			<width>925</width>
			<font>mediastream16tc</font>
			<textcolor>ffffffff</textcolor>
			<shadowAngle>45</shadowAngle> 
			<shadowDistance>4</shadowDistance> 
			<shadowColor>ff000000</shadowColor>
			<align>left</align>
			<label>#selecteditem    [#mvCentral.Duration]</label>
			<animation effect="fade" time="250" delay="0">WindowClose</animation>
			<animation effect="fade" time="250" delay="0">WindowOpen</animation>
			<visible>[facadeview.list]+string.equals(#mvCentral.TrackView,true)</visible>
		</control>
		<control>
			<id>0</id>
			<description>Album Indication text</description>
			<type>fadelabel</type>
			<posX>330</posX>
			<posY>240</posY>
			<width>925</width>
			<font>mediastream16tc</font>
			<textcolor>ffffffff</textcolor>
			<shadowAngle>45</shadowAngle> 
			<shadowDistance>4</shadowDistance> 
			<shadowColor>ff000000</shadowColor>
			<align>left</align>
			<label>#selecteditem    [#mvCentral.Translation.Album.Label]</label>
			<animation effect="fade" time="250" delay="0">WindowClose</animation>
			<animation effect="fade" time="250" delay="0">WindowOpen</animation>
			<visible>[facadeview.list]+string.equals(#mvCentral.AlbumView,true)</visible>
		</control>
		<control>
			<id>0</id>
			<description>Album Runtime and Tracks</description>
			<type>fadelabel</type>
			<posX>330</posX>
			<posY>275</posY>
			<width>925</width>
			<font>mediastream11c</font>
			<textcolor>ffffffff</textcolor>
			<shadowAngle>45</shadowAngle> 
			<shadowDistance>4</shadowDistance> 
			<shadowColor>ff000000</shadowColor>
			<align>left</align>
			<label>[#mvCentral.Translation.Tracks.Label #mvCentral.TracksForAlbum | #mvCentral.Translation.TotalRuntime.Label #mvCentral.AlbumTracksRuntime]</label>
			<animation effect="fade" time="250" delay="0">WindowClose</animation>
			<animation effect="fade" time="250" delay="0">WindowOpen</animation>
			<visible>[facadeview.list]+string.equals(#mvCentral.AlbumView,true)</visible>
		</control>
		<control>
			<id>0</id>
			<description>Tracks by Artist</description>
			<type>fadelabel</type>
			<posX>330</posX>
			<posY>275</posY>
			<width>925</width>
			<font>mediastream12c</font>
			<textcolor>ffffffff</textcolor>
			<shadowAngle>45</shadowAngle> 
			<shadowDistance>4</shadowDistance> 
			<shadowColor>ff000000</shadowColor>
			<align>left</align>
			<label>Music Videos: #mvCentral.VideosByArtist    [#mvCentral.Translation.TotalRuntime.Label #mvCentral.ArtistTracksRuntime]</label>
			<animation effect="fade" time="250" delay="0">WindowClose</animation>
			<animation effect="fade" time="250" delay="0">WindowOpen</animation>
			<visible>[facadeview.list]+[string.equals(#mvCentral.ArtistView,true)|string.equals(#mvCentral.GenreView,true)]</visible>
		</control>		
<!-- :: Music Info - 1st List View Description :: --> 		
		<control>
			<id>0</id>
			<description>Artist Bio</description>
			<type>textboxscrollup</type>
			<posX>330</posX>
			<posY>320</posY>
			<width>430</width>
			<height>310</height>
			<label>#mvCentral.ArtistBio</label>
			<seperator>-----------------------------------------------------------------------------------</seperator>
			<font>mediastream11</font>
			<scrollStartDelaySec>10</scrollStartDelaySec>
			<animation effect="fade" time="250" delay="0">WindowClose</animation>
			<animation effect="fade" time="250" delay="0">WindowOpen</animation>
			<visible>[facadeview.list]+string.equals(#mvCentral.ArtistView, true)</visible>
		</control>
		<control>
			<id>0</id>
			<description>Track Description</description>
			<type>textboxscrollup</type>
			<posX>330</posX>
			<posY>320</posY>
			<width>430</width>
			<height>335</height>
			<label>#mvCentral.TrackInfo</label>
			<seperator>-----------------------------------------------------------------------------------</seperator>
			<font>mediastream11</font>
			<scrollStartDelaySec>10</scrollStartDelaySec>
			<animation effect="fade" time="250" delay="0">WindowClose</animation>
			<animation effect="fade" time="250" delay="0">WindowOpen</animation>
			<visible>[facadeview.list]+[string.equals(#mvCentral.TrackView, true)|string.equals(#mvCentral.AlbumView, true)]</visible>
		</control>
	  <control>
			<id>0</id>
			<description>Artist Tags</description>
			<type>fadelabel</type>
			<posX>330</posX>
			<posY>650</posY>
			<width>925</width>
			<font>mediastream10tc</font>
      <textcolor>ff006698</textcolor>
			<align>left</align>
			<label>#mvCentral.ArtistTags</label>
			<animation effect="fade" time="250" delay="0">WindowClose</animation>
			<animation effect="fade" time="250" delay="0">WindowOpen</animation>
			<visible>[facadeview.list]+string.equals(#mvCentral.ArtistView,true)</visible>
		</control>	
    <!-- Video Codecs -->
    <control>
      <description>SD/HD Fullscreen/Widescreen</description>
      <type>image</type>
      <id>0</id>
      <posX>330</posX>
      <posY>280</posY>
      <width>100</width>
      <height>32</height>
      <texture>Logos\Video\#mvCentral.LocalMedia.videoresolution #mvCentral.LocalMedia.videoaspectratio.png</texture>
			<visible>[facadeview.list]</visible>
      <animation effect="fade" time="250" delay="0">WindowClose</animation>
    </control>
    <!-- Video Codecs -->
    <control>
      <description>Video Codecs</description>
      <type>image</type>
      <id>0</id>
      <posX>430</posX>
      <posY>280</posY>
      <width>100</width>
      <height>32</height>
      <texture>Logos\Video\#mvCentral.LocalMedia.videocodec.png</texture>
			<visible>[facadeview.list]</visible>
      <animation effect="fade" time="250" delay="0">WindowClose</animation>
    </control>
    <!-- Audio Channels / Codecs-->
    <control>
      <description>Audio Codecs / Channels</description>
      <type>image</type>
      <id>0</id>
      <posX>530</posX>
      <posY>280</posY>
      <width>100</width>
      <height>32</height>
      <texture>Logos\Audio\#mvCentral.LocalMedia.audio.png</texture>
			<visible>[facadeview.list]</visible>
      <animation effect="fade" time="250" delay="0">WindowClose</animation>
    </control>
<!-- ******************************* -->	
 <!-- :: Artwork - Coverflow View :: -->      
<!-- ******************************* -->	

<!-- Artist View -->
		<control>
			<id>0</id>
			<description>Artist/Track Description</description>
			<type>label</type>
			<posX>640</posX>
			<posY>670</posY>
			<font>mediastream16tc</font>
			<textcolor>ffffffff</textcolor>
			<shadowAngle>45</shadowAngle> 
			<shadowDistance>4</shadowDistance> 
			<shadowColor>ff000000</shadowColor>
			<align>center</align>
			<label>#selecteditem</label>
			<animation effect="fade" time="250" delay="0">WindowClose</animation>
			<animation effect="fade" time="250" delay="0">WindowOpen</animation>
			<visible>[facadeview.coverflow]+[string.equals(#mvCentral.ArtistView,true)|string.equals(#mvCentral.GenreView,true)]</visible>
		</control>
		<control>
			<id>0</id>
			<description>Tracks by Artist</description>
			<type>label</type>
			<posX>640</posX>
			<posY>700</posY>
			<font>mediastream14tc</font>
			<textcolor>ffffffff</textcolor>
			<shadowAngle>45</shadowAngle> 
			<shadowDistance>4</shadowDistance> 
			<shadowColor>ff000000</shadowColor>
			<align>center</align>
			<label>Music Videos: #mvCentral.VideosByArtist     [#mvCentral.Translation.TotalRuntime.Label #mvCentral.ArtistTracksRuntime]</label>
			<animation effect="fade" time="250" delay="0">WindowClose</animation>
			<animation effect="fade" time="250" delay="0">WindowOpen</animation>
			<visible>facadeview.coverflow+[string.equals(#mvCentral.ArtistView,true)|string.equals(#mvCentral.GenreView,true)]</visible>
		</control>		
<!-- Album View -->
		<control>
			<id>0</id>
			<description>Artist/Track Description</description>
			<type>label</type>
			<posX>640</posX>
			<posY>670</posY>
			<font>mediastream16tc</font>
			<textcolor>ffffffff</textcolor>
			<shadowAngle>45</shadowAngle> 
			<shadowDistance>4</shadowDistance> 
			<shadowColor>ff000000</shadowColor>
			<align>center</align>
			<label>#selecteditem</label>
			<animation effect="fade" time="250" delay="0">WindowClose</animation>
			<animation effect="fade" time="250" delay="0">WindowOpen</animation>
			<visible>[facadeview.coverflow]+[string.equals(#mvCentral.AlbumView,true)]</visible>
		</control>
		<control>
			<id>0</id>
			<description>Album Runtime and Tracks</description>
			<type>label</type>
			<posX>640</posX>
			<posY>700</posY>
			<font>mediastream14tc</font>
			<textcolor>ffffffff</textcolor>
			<shadowAngle>45</shadowAngle> 
			<shadowDistance>4</shadowDistance> 
			<shadowColor>ff000000</shadowColor>
			<align>center</align>
			<label>[#mvCentral.Translation.Tracks.Label #mvCentral.TracksForAlbum | #mvCentral.Translation.TotalRuntime.Label #mvCentral.AlbumTracksRuntime]</label>
			<animation effect="fade" time="250" delay="0">WindowClose</animation>
			<animation effect="fade" time="250" delay="0">WindowOpen</animation>
			<visible>[facadeview.coverflow]+string.equals(#mvCentral.AlbumView,true)</visible>
		</control>
		
		
		
<!-- ******************************* -->	
 <!-- :: Artwork - Filmstrip View :: -->      
<!-- ******************************* -->	
 		<control>
			<id>0</id>
			<type>image</type>
			<posX>30</posX>
			<posY>245</posY>
			<width>280</width>
			<height>280</height>
			<texture>#selectedthumb</texture>
			<animation effect="fade" time="250" delay="0">WindowClose</animation>
			<animation effect="fade" time="250" delay="0">WindowOpen</animation>
			<keepaspectratio>no</keepaspectratio>
			<visible>facadeview.filmstrip+[string.equals(#mvCentral.ArtistView,true)|string.equals(#mvCentral.AlbumView,true)|string.equals(#mvCentral.GenreView,true)]</visible>
		</control>		
		<control>
			<id>0</id>
			<type>image</type>
			<posX>15</posX>
			<posY>245</posY>
			<width>300</width>
			<height>222</height>
			<texture flipY="true" diffuse="Thumb_Mask.png" >#selectedthumb</texture>
			<animation effect="fade" time="250" delay="0">WindowClose</animation>
			<animation effect="fade" time="250" delay="0">WindowOpen</animation>
			<keepaspectratio>yes</keepaspectratio>
			<visible>facadeview.filmstrip+string.equals(#mvCentral.TrackView,true)</visible>
		</control>		

<!-- :: Music Info - Filmstrip View Description:: --> 
		<control>
			<id>0</id>
			<description>Artist/Track Description</description>
			<type>fadelabel</type>
			<posX>330</posX>
			<posY>240</posY>
			<width>925</width>
			<font>mediastream16tc</font>
			<textcolor>ffffffff</textcolor>
			<shadowAngle>45</shadowAngle> 
			<shadowDistance>4</shadowDistance> 
			<shadowColor>ff000000</shadowColor>
			<align>left</align>
			<label>#selecteditem</label>
			<animation effect="fade" time="250" delay="0">WindowClose</animation>
			<animation effect="fade" time="250" delay="0">WindowOpen</animation>
			<visible>facadeview.filmstrip+[string.equals(#mvCentral.ArtistView,true)|string.equals(#mvCentral.GenreView,true)]</visible>
		</control>
		<control>
			<id>0</id>
			<description>Track Title and Runtime</description>
			<type>fadelabel</type>
			<posX>330</posX>
			<posY>240</posY>
			<width>925</width>
			<font>mediastream16tc</font>
			<textcolor>ffffffff</textcolor>
			<shadowAngle>45</shadowAngle> 
			<shadowDistance>4</shadowDistance> 
			<shadowColor>ff000000</shadowColor>
			<align>left</align>
			<label>#selecteditem    [#mvCentral.Duration]</label>
			<animation effect="fade" time="250" delay="0">WindowClose</animation>
			<animation effect="fade" time="250" delay="0">WindowOpen</animation>
			<visible>[facadeview.filmstrip]+string.equals(#mvCentral.TrackView,true)</visible>
		</control>
		<control>
			<id>0</id>
			<description>Album Indication text</description>
			<type>fadelabel</type>
			<posX>330</posX>
			<posY>240</posY>
			<width>925</width>
			<font>mediastream16tc</font>
			<textcolor>ffffffff</textcolor>
			<shadowAngle>45</shadowAngle> 
			<shadowDistance>4</shadowDistance> 
			<shadowColor>ff000000</shadowColor>
			<align>left</align>
			<label>#selecteditem    [#mvCentral.Translation.Album.Label]</label>
			<animation effect="fade" time="250" delay="0">WindowClose</animation>
			<animation effect="fade" time="250" delay="0">WindowOpen</animation>
			<visible>[facadeview.filmstrip]+string.equals(#mvCentral.AlbumView,true)</visible>
		</control>
		<control>
			<id>0</id>
			<description>Album Runtime and Tracks</description>
			<type>fadelabel</type>
			<posX>330</posX>
			<posY>275</posY>
			<width>925</width>
			<font>mediastream11c</font>
			<textcolor>ffffffff</textcolor>
			<shadowAngle>45</shadowAngle> 
			<shadowDistance>4</shadowDistance> 
			<shadowColor>ff000000</shadowColor>
			<align>left</align>
			<label>[#mvCentral.Translation.Tracks.Label #mvCentral.TracksForAlbum | #mvCentral.Translation.TotalRuntime.Label #mvCentral.AlbumTracksRuntime]</label>
			<animation effect="fade" time="250" delay="0">WindowClose</animation>
			<animation effect="fade" time="250" delay="0">WindowOpen</animation>
			<visible>[facadeview.filmstrip]+[string.equals(#mvCentral.AlbumView,true)]</visible>
		</control>
		<control>
			<id>0</id>
			<description>Tracks by Artist</description>
			<type>fadelabel</type>
			<posX>330</posX>
			<posY>275</posY>
			<width>925</width>
			<font>mediastream12c</font>
			<textcolor>ffffffff</textcolor>
			<shadowAngle>45</shadowAngle> 
			<shadowDistance>4</shadowDistance> 
			<shadowColor>ff000000</shadowColor>
			<align>left</align>
			<label>Music Videos: #mvCentral.VideosByArtist     [#mvCentral.Translation.TotalRuntime.Label #mvCentral.ArtistTracksRuntime]</label>
			<animation effect="fade" time="250" delay="0">WindowClose</animation>
			<animation effect="fade" time="250" delay="0">WindowOpen</animation>
			<visible>facadeview.filmstrip+[string.equals(#mvCentral.ArtistView,true)|string.equals(#mvCentral.GenreView,true)]</visible>
		</control>			
		<control>
			<id>0</id>
			<description>Artist Bio</description>
			<type>textboxscrollup</type>
			<posX>330</posX>
			<posY>310</posY>
			<width>930</width>
			<height>175</height>
			<label>#mvCentral.ArtistBio</label>
			<seperator>-----------------------------------------------------------------------------------</seperator>
			<font>mediastream11</font>
			<animation effect="fade" time="250" delay="0">WindowClose</animation>
			<animation effect="fade" time="250" delay="0">WindowOpen</animation>
			<scrollStartDelaySec>4</scrollStartDelaySec>
			<visible>facadeview.filmstrip+string.equals(#mvCentral.ArtistView,true)</visible>
		</control>
		<control>
			<id>0</id>
			<description>Artist Bio</description>
			<type>textboxscrollup</type>
			<posX>330</posX>
			<posY>310</posY>
			<width>930</width>
			<height>120</height>
			<label>#mvCentral.TrackInfo</label>
			<seperator>-----------------------------------------------------------------------------------</seperator>
			<font>mediastream11</font>
			<animation effect="fade" time="250" delay="0">WindowClose</animation>
			<animation effect="fade" time="250" delay="0">WindowOpen</animation>
			<scrollStartDelaySec>4</scrollStartDelaySec>
			<visible>facadeview.filmstrip+[string.equals(#mvCentral.TrackView,true)|string.equals(#mvCentral.AlbumView,true)]</visible>
		</control>	
	  <control>
			<id>0</id>
			<description>Artist Tags</description>
			<type>fadelabel</type>
			<posX>330</posX>
			<posY>505</posY>
			<width>925</width>
			<font>mediastream10tc</font>
      <textcolor>ff006698</textcolor>
			<align>left</align>
			<label>#mvCentral.ArtistTags</label>
			<animation effect="fade" time="250" delay="0">WindowClose</animation>
			<animation effect="fade" time="250" delay="0">WindowOpen</animation>
			<visible>facadeview.filmstrip+string.equals(#mvCentral.ArtistView,true)</visible>
		</control>
    <!-- Video Resolution/Aspectration -->
    <control>
      <description>SD/HD Fullscreen/Widescreen</description>
      <type>image</type>
      <id>0</id>
      <posX>330</posX>
      <posY>470</posY>
      <width>100</width>
      <height>32</height>
      <texture flipY="true" diffuse="Thumb_Mask.png">Logos\Video\#mvCentral.LocalMedia.videoresolution #mvCentral.LocalMedia.videoaspectratio.png</texture>
      <animation effect="fade" time="250" delay="0">WindowClose</animation>
      <visible>facadeview.filmstrip</visible>
    </control>
    <!-- Video Codecs -->
    <control>
      <description>Video Codecs</description>
      <type>image</type>
      <id>0</id>
      <posX>430</posX>
      <posY>470</posY>
      <width>100</width>
      <height>32</height>
      <texture flipY="true" diffuse="Thumb_Mask.png">Logos\Video\#mvCentral.LocalMedia.videocodec.png</texture>
      <animation effect="fade" time="250" delay="0">WindowClose</animation>
      <visible>facadeview.filmstrip</visible>
    </control>
    <!-- Audio Channels / Codecs-->
    <control>
      <description>Audio Codecs / Channels</description>
      <type>image</type>
      <id>0</id>
      <posX>530</posX>
      <posY>470</posY>
      <width>100</width>
      <height>32</height>
      <texture flipY="true" diffuse="Thumb_Mask.png">Logos\Audio\#mvCentral.LocalMedia.audio.png</texture>
      <animation effect="fade" time="250" delay="0">WindowClose</animation>
      <visible>facadeview.filmstrip</visible>
    </control>
<!-- ******************************************************************** -->
<!-- :: Artwork - Backgrounds:: Small/Large Icons-->        
<!-- ******************************************************************** -->	
		<control>
			<id>0</id>
			<type>image</type>
			<posX>30</posX>
			<posY>245</posY>
			<width>280</width>
			<height>280</height>
			<texture flipY="true" diffuse="Thumb_Mask.png" >#selectedthumb</texture>
			<animation effect="fade" time="250" delay="0">WindowClose</animation>
			<animation effect="fade" time="250" delay="0">WindowOpen</animation>
			<keepaspectratio>no</keepaspectratio>
			<visible>[facadeview.smallicons|facadeview.largeicons]+[string.equals(#mvCentral.ArtistView,true)|string.equals(#mvCentral.AlbumView,true)|string.equals(#mvCentral.GenreView,true)]</visible>
		</control>		
		<control>
			<id>0</id>
			<type>image</type>
			<posX>15</posX>
			<posY>245</posY>
			<width>300</width>
			<height>222</height>
			<texture flipY="true" diffuse="Thumb_Mask.png" >#selectedthumb</texture>
			<animation effect="fade" time="250" delay="0">WindowClose</animation>
			<animation effect="fade" time="250" delay="0">WindowOpen</animation>
			<keepaspectratio>yes</keepaspectratio>
			<visible>[facadeview.smallicons|facadeview.largeicons]+[string.equals(#mvCentral.TrackView,true)]</visible>
		</control>		

<!-- :: Music Info - Thumbnail Views Description and Genre :: --> 		
		<control>
			<id>0</id>
			<description>Artist/Track Description</description>
			<type>fadelabel</type>
			<posX>330</posX>
			<posY>240</posY>
			<width>925</width>
			<font>mediastream16tc</font>
			<textcolor>ffffffff</textcolor>
			<shadowAngle>45</shadowAngle> 
			<shadowDistance>4</shadowDistance> 
			<shadowColor>ff000000</shadowColor>
			<align>left</align>
			<label>#selecteditem</label>
			<animation effect="fade" time="250" delay="0">WindowClose</animation>
			<animation effect="fade" time="250" delay="0">WindowOpen</animation>
			<visible>[facadeview.smallicons|facadeview.largeicons]+[string.equals(#mvCentral.ArtistView,true)|string.equals(#mvCentral.GenreView,true)]</visible>
		</control>
		<control>
			<id>0</id>
			<description>Track Description</description>
			<type>fadelabel</type>
			<posX>330</posX>
			<posY>240</posY>
			<width>925</width>
			<font>mediastream16tc</font>
			<textcolor>ffffffff</textcolor>
			<shadowAngle>45</shadowAngle> 
			<shadowDistance>4</shadowDistance> 
			<shadowColor>ff000000</shadowColor>
			<align>left</align>
			<label>#selecteditem    [#mvCentral.Duration]</label>
			<animation effect="fade" time="250" delay="0">WindowClose</animation>
			<animation effect="fade" time="250" delay="0">WindowOpen</animation>
			<visible>[facadeview.smallicons|facadeview.largeicons]+string.equals(#mvCentral.TrackView,true)</visible>
		</control>
		<control>
			<id>0</id>
			<description>Album Indication text</description>
			<type>fadelabel</type>
			<posX>330</posX>
			<posY>240</posY>
			<width>925</width>
			<font>mediastream16tc</font>
			<textcolor>ffffffff</textcolor>
			<shadowAngle>45</shadowAngle> 
			<shadowDistance>4</shadowDistance> 
			<shadowColor>ff000000</shadowColor>
			<align>left</align>
			<label>#selecteditem    [#mvCentral.Translation.Album.Label]</label>
			<animation effect="fade" time="250" delay="0">WindowClose</animation>
			<animation effect="fade" time="250" delay="0">WindowOpen</animation>
			<visible>[facadeview.smallicons|facadeview.largeicons]+string.equals(#mvCentral.AlbumView,true)</visible>
		</control>
		<control>
			<id>0</id>
			<description>Album Runtime and Tracks</description>
			<type>fadelabel</type>
			<posX>330</posX>
			<posY>275</posY>
			<width>925</width>
			<font>mediastream11c</font>
			<textcolor>ffffffff</textcolor>
			<shadowAngle>45</shadowAngle> 
			<shadowDistance>4</shadowDistance> 
			<shadowColor>ff000000</shadowColor>
			<align>left</align>
			<label>[#mvCentral.Translation.Tracks.Label #mvCentral.TracksForAlbum | #mvCentral.Translation.TotalRuntime.Label #mvCentral.AlbumTracksRuntime]</label>
			<animation effect="fade" time="250" delay="0">WindowClose</animation>
			<animation effect="fade" time="250" delay="0">WindowOpen</animation>
			<visible>[facadeview.smallicons|facadeview.largeicons]+string.equals(#mvCentral.AlbumView,true)</visible>
		</control>
		<control>
			<id>0</id>
			<description>Tracks by Artist</description>
			<type>fadelabel</type>
			<posX>330</posX>
			<posY>275</posY>
			<width>925</width>
			<font>mediastream12c</font>
			<textcolor>ffffffff</textcolor>
			<shadowAngle>45</shadowAngle> 
			<shadowDistance>4</shadowDistance> 
			<shadowColor>ff000000</shadowColor>
			<align>left</align>
			<label>Music Videos: #mvCentral.VideosByArtist    [#mvCentral.Translation.TotalRuntime.Label #mvCentral.ArtistTracksRuntime]</label>
			<animation effect="fade" time="250" delay="0">WindowClose</animation>
			<animation effect="fade" time="250" delay="0">WindowOpen</animation>
			<visible>[facadeview.smallicons|facadeview.largeicons]+[string.equals(#mvCentral.ArtistView,true)|string.equals(#mvCentral.GenreView,true)]</visible>
		</control>		
<!-- :: Music Info - 1st List View Description :: --> 		
		<control>
			<id>0</id>
			<description>Artist Bio</description>
			<type>textboxscrollup</type>
			<posX>330</posX>
			<posY>320</posY>
			<width>480</width>
			<height>310</height>
			<label>#mvCentral.ArtistBio</label>
			<seperator>-----------------------------------------------------------------------------------</seperator>
			<font>mediastream11</font>
			<scrollStartDelaySec>10</scrollStartDelaySec>
			<animation effect="fade" time="250" delay="0">WindowClose</animation>
			<animation effect="fade" time="250" delay="0">WindowOpen</animation>
			<visible>[facadeview.smallicons|facadeview.largeicons]+[string.equals(#mvCentral.ArtistView,true)]</visible>
		</control>
		<control>
			<id>0</id>
			<description>Track Description</description>
			<type>textboxscrollup</type>
			<posX>330</posX>
			<posY>320</posY>
			<width>480</width>
			<height>335</height>
			<label>#mvCentral.TrackInfo</label>
			<seperator>-----------------------------------------------------------------------------------</seperator>
			<font>mediastream11</font>
			<scrollStartDelaySec>10</scrollStartDelaySec>
			<animation effect="fade" time="250" delay="0">WindowClose</animation>
			<animation effect="fade" time="250" delay="0">WindowOpen</animation>
			<visible>[facadeview.smallicons|facadeview.largeicons]+[string.equals(#mvCentral.TrackView,true)|string.equals(#mvCentral.AlbumView,true)]</visible>
		</control>
	  <control>
			<id>0</id>
			<description>Artist Tags</description>
			<type>fadelabel</type>
			<posX>30</posX>
			<posY>650</posY>
			<width>925</width>
			<font>mediastream10tc</font>
      <textcolor>ff006698</textcolor>
			<align>left</align>
			<label>#mvCentral.ArtistTags</label>
			<animation effect="fade" time="250" delay="0">WindowClose</animation>
			<animation effect="fade" time="250" delay="0">WindowOpen</animation>
			<visible>[facadeview.smallicons|facadeview.largeicons]+string.equals(#mvCentral.ArtistView,true)</visible>
		</control>	
    <!-- Video Codecs -->
    <control>
      <description>SD/HD Fullscreen/Widescreen</description>
      <type>image</type>
      <id>0</id>
      <posX>330</posX>
      <posY>280</posY>
      <width>100</width>
      <height>32</height>
      <texture>Logos\Video\#mvCentral.LocalMedia.videoresolution #mvCentral.LocalMedia.videoaspectratio.png</texture>
			<visible>[facadeview.smallicons|facadeview.largeicons]</visible>
      <animation effect="fade" time="250" delay="0">WindowClose</animation>
    </control>
    <!-- Video Codecs -->
    <control>
      <description>Video Codecs</description>
      <type>image</type>
      <id>0</id>
      <posX>430</posX>
      <posY>280</posY>
      <width>100</width>
      <height>32</height>
      <texture>Logos\Video\#mvCentral.LocalMedia.videocodec.png</texture>
			<visible>[facadeview.smallicons|facadeview.largeicons]</visible>
      <animation effect="fade" time="250" delay="0">WindowClose</animation>
    </control>
    <!-- Audio Channels / Codecs-->
    <control>
      <description>Audio Codecs / Channels</description>
      <type>image</type>
      <id>0</id>
      <posX>530</posX>
      <posY>280</posY>
      <width>100</width>
      <height>32</height>
      <texture>Logos\Audio\#mvCentral.LocalMedia.audio.png</texture>
			<visible>[facadeview.smallicons|facadeview.largeicons]</visible>
      <animation effect="fade" time="250" delay="0">WindowClose</animation>
    </control>

					    
    <!--::::::::::::::
:: LIST VIEW
::::::::::::::::::-->
		<control>
			<description>group element</description>
			<type>group</type>
			<animation effect="Fade" time="250">WindowClose</animation>
			<animation effect="Slide" end="1200,0" time="250">WindowClose</animation>
			<control>
				<id>50</id>
				<description>composite control consisting of a list control and a thumbnail panel</description>
				<type>facadeview</type>
				<control>
					<id>50</id>
					<description>listcontrol</description>
					<type>listcontrol</type>
					<onleft>2</onleft>
					<onright>2</onright>
					<posX>760</posX>
					<posY>280</posY>
					<width>490</width>
					<height>410</height>
					<scrollOffset>1</scrollOffset>
          <IconYOff>12</IconYOff>
          <IconXOff>390</IconXOff>
          <itemHeight>32</itemHeight>
          <itemWidth>72</itemWidth>
					<textXOff>-60</textXOff>
					<textYOff>7</textYOff>
					<textXOff2>400</textXOff2>
					<textYOff2>19</textYOff2>                                      
          <textXOff3>21</textXOff3>
          <textYOff3>22</textYOff3>
					<font2>mediastream12c</font2>
          <font3>mediastream9c</font3>
					<keepaspectratio>no</keepaspectratio>
					<spinPosX>1175</spinPosX>
					<spinPosY>681</spinPosY>
					<spinAlign>Right</spinAlign>
					<spinColor>ff006698</spinColor>
					<textureUp>arrow_round_up_nofocus.png</textureUp>
					<textureDown>arrow_round_down_nofocus.png</textureDown>
					<textureUpFocus>arrow_round_up_focus.png</textureUpFocus>
					<textureDownFocus>arrow_round_down_focus.png</textureDownFocus>
					<spinWidth>50</spinWidth>
					<spinHeight>37</spinHeight>
					<suffix>|</suffix>
				</control>
				<control>
					<id>50</id>
					<description>Thumbnail Panel</description>
					<type>thumbnailpanel</type>
					<onleft>2</onleft>
					<onright>2</onright>
					<posX>830</posX>
					<posY>232</posY>
					<width>500</width>
					<height>480</height>
					<textureUp>-</textureUp>
					<textureDown>-</textureDown>
					<itemWidth>107</itemWidth>
					<itemHeight>107</itemHeight>
					<textureWidth>108</textureWidth>
					<textureHeight>108</textureHeight>
					<thumbWidth>100</thumbWidth>
					<thumbHeight>100</thumbHeight>
					<thumbPosX>4</thumbPosX>
					<thumbPosY>4</thumbPosY>
					<imageFolderFocus>thumbborder3.png</imageFolderFocus>
					<font>font12</font>
					<suffix>|</suffix>
					<textureWidthBig>213</textureWidthBig>
					<textureHeightBig>213</textureHeightBig>
					<itemWidthBig>215</itemWidthBig>
					<itemHeightBig>215</itemHeightBig>
					<thumbWidthBig>200</thumbWidthBig>
					<thumbHeightBig>200</thumbHeightBig>
					<thumbPosXBig>7</thumbPosXBig>
					<thumbPosYBig>7</thumbPosYBig>
					<thumbZoom>no</thumbZoom>
					<keepaspectratio>no</keepaspectratio>
					<enableFocusZoom>no</enableFocusZoom>
					<spinPosX>1175</spinPosX>
					<spinPosY>681</spinPosY>
					<spinAlign>Right</spinAlign>
					<spinColor>ff006698</spinColor>
					<textureUp>arrow_round_up_nofocus.png</textureUp>
					<textureDown>arrow_round_down_nofocus.png</textureDown>
					<textureUpFocus>arrow_round_up_focus.png</textureUpFocus>
					<textureDownFocus>arrow_round_down_focus.png</textureDownFocus>
					<spinWidth>50</spinWidth>
					<spinHeight>37</spinHeight>
				</control>
				<control>
					<description>Filmstrip view</description>
					<type>filmstrip</type>
					<dimColor>90ffffff</dimColor>
					<id>50</id>
					<posX>30</posX>
					<posY>554</posY>  	
					
					<scrollOffset>0</scrollOffset>
					<width>1280</width>
					<height>100</height>
					<thumbWidth>100</thumbWidth>
					<thumbHeight>100</thumbHeight>
					<thumbPosX>0</thumbPosX>
					<thumbPosY>0</thumbPosY>
					<itemWidth>124</itemWidth>
					<itemHeight>100</itemHeight>
					<textureWidth>100</textureWidth>
					<textureHeight>100</textureHeight>
					<thumbs flipY="true" diffuse="Thumb_Mask.png">
					</thumbs>
					<showFrame>yes</showFrame>
					<showFolder>yes</showFolder>
					<showBackGround>no</showBackGround>
					<showInfoImage>no</showInfoImage>
					<spinPosX>1175</spinPosX>
					<spinPosY>681</spinPosY>
					<spinAlign>Right</spinAlign>
					<spinColor>ff006698</spinColor>
					<spinWidth>50</spinWidth>
					<spinHeight>37</spinHeight>
					<textureUp>arrow_round_right_nofocus.png</textureUp>
					<textureDown>arrow_round_left_nofocus.png</textureDown>
					<textureUpFocus>arrow_round_right_focus.png</textureUpFocus>
					<textureDownFocus>arrow_round_left_focus.png</textureDownFocus>
					<thumbAnimation effect="zoom" start="100,100" end="130,130" time="700" tween="circle" ease="inout">focus</thumbAnimation>
					<onup>2</onup>
					<ondown>2</ondown>
				</control>
				<control>
					<description>Cover Flow view</description>
					<type>coverflow</type>
					<colordiffuse>90ffffff</colordiffuse>
					<dimColor>90ffffff</dimColor>
					<id>50</id>
          <posX>0</posX>
          <posY>200</posY>
          <width>1280</width>
          <height>720</height>
					<onup>2</onup>
					<ondown>2</ondown>
					<selectedCard>0</selectedCard>
					<cardWidth>360</cardWidth>
					<cardHeight>360</cardHeight>
					<angle>45</angle>
					<sideShift>220</sideShift>
					<sideGap>150</sideGap>
					<sideDepth>250</sideDepth>
					<offsetY>20</offsetY>
					<selectedOffsetY>0</selectedOffsetY>
					<speed>4</speed>
					<backgroundHeight>250</backgroundHeight>
					<backgroundWidth>1280</backgroundWidth>
					<backgroundX>0</backgroundX>
					<backgroundY>470</backgroundY>
					<backgroundDiffuse>FF000000</backgroundDiffuse>
					<background>filmstrip_overlay.png</background>
					<showBackground>yes</showBackground>
					<foregroundHeight>720</foregroundHeight>
					<foregroundWidth>1280</foregroundWidth>
					<foregroundX>0</foregroundX>
					<foregroundY>0</foregroundY>
					<foregroundDiffuse>FF000000</foregroundDiffuse>
					<foreground>-</foreground>
					<showForeground>no</showForeground>
          <showFrame>yes</showFrame>
          <frame>coverflow.poster.square.glass.png</frame>
          <frameFocus>coverflow.poster.square.glass.png</frameFocus>
					<frameWidth>360</frameWidth>
					<frameHeight>360</frameHeight>
					<spinSpeed>8</spinSpeed>
					<unfocusedAlpha>FF</unfocusedAlpha>
					<folderPrefix></folderPrefix>
					<folderSuffix></folderSuffix>
					<font1>mediastream14tc</font1>
					<label1></label1>
					<textColor>FFFFFFFF</textColor>
					<remoteColor>FFFF0000</remoteColor>
					<playedColor>FFFFFFFF</playedColor>
					<downloadColor>FF00FF00</downloadColor>
					<selectedColor>FFFFFFFF</selectedColor>
					<shadowAngle>45</shadowAngle>
					<shadowDistance>2</shadowDistance>
					<shadowColor>FF222222</shadowColor>
					<label1YOff>395</label1YOff>
					<pageSize>5</pageSize>
					<scrollbarBackground>bar_hor.png</scrollbarBackground>
					<scrollbarLeft>mouse_left_horizontal.png</scrollbarLeft>
					<scrollbarRight>mouse_right_horizontal.png</scrollbarRight>
					<scrollbarYOff></scrollbarYOff>
					<showScrollbar>no</showScrollbar>
					<thumbZoom>no</thumbZoom>
					<cardAlign>Center</cardAlign>
					<cardVAlign>Bottom</cardVAlign>
					<font1>mediastream14tc</font1>
          <font2>mediastream12tc</font2>
					<cards flipY="yes" diffuse="Thumb_Mask.png" mask="video_poster_square_mask.png" />
					<keepaspectratio>no</keepaspectratio>
          <subitems>
            <subitem>
              <![CDATA[                 <controls>
              <control>
                <description>background</description>
                <type>image</type>
                <posX>0</posX>
                <posY>0</posY>
                <width>360</width>
                <height>360</height>
                <texture flipY="yes" diffuse="Thumb_Mask.png" mask="video_poster_square_mask.png">black.png</texture>
              </control>
              <control>
                <description>General Info</description>
                <type>fadelabel</type>
                <posX>20</posX>
                <posY>10</posY>
                <width>320</width>
                <label>#(L(171)) #mvCentral.ArtistName</label>
                <font>mediastream10</font>
                <align>left</align>
                <textcolor>gainsboro</textcolor>
              </control>
          		<control>
          			<description>Tracks by Artist</description>
          			<type>fadelabel</type>
          			<posX>20</posX>
          			<posY>32</posY>
          			<width>320</width>
          			<font>mediastream10</font>
          			<textcolor>gainsboro</textcolor>
          			<label>#mvCentral.Translation.Videos.Label: #mvCentral.VideosByArtist     [#mvCentral.Translation.TotalRuntime.Label #mvCentral.ArtistTracksRuntime]</label>
          			<visible>string.equals(#mvCentral.ArtistView, true)</visible>
          		</control>
          		<control>
          			<description>Album Name</description>
          			<type>fadelabel</type>
          			<posX>20</posX>
          			<posY>32</posY>
          			<width>320</width>
          			<font>mediastream10</font>
          			<textcolor>gainsboro</textcolor>
          			<label>#mvCentral.Translation.Album.Label: #selecteditem</label>
          			<visible>string.equals(#mvCentral.AlbumView, true)</visible>
          		</control>
          		<control>
          			<description>Video Title</description>
          			<type>fadelabel</type>
          			<posX>20</posX>
          			<posY>32</posY>
          			<width>320</width>
          			<font>mediastream10</font>
          			<textcolor>gainsboro</textcolor>
          			<label>#mvCentral.Translation.Video.Label: #selecteditem</label>
          			<visible>string.equals(#mvCentral.TrackView, true)</visible>
          		</control>

          		<control>
          			<description>Tracks on Album</description>
          			<type>fadelabel</type>
          			<posX>20</posX>
          			<posY>54</posY>
          			<width>320</width>
          			<font>mediastream10</font>
          			<textcolor>gainsboro</textcolor>
          			<label>[#mvCentral.Translation.Tracks.Label #mvCentral.TracksForAlbum | #mvCentral.Translation.TotalRuntime.Label #mvCentral.AlbumTracksRuntime]</label>
          			<visible>string.equals(#mvCentral.AlbumView, true)</visible>
          		</control>
          	  <control>
          			<description>Album Genre</description>
          			<type>fadelabel</type>
          			<posX>20</posX>
          			<posY>64</posY>
          			<width>320</width>
          			<font>mediastream10</font>
                <textcolor>ffa9d0f7</textcolor>
          			<align>left</align>
          			<label>#mvCentral.ArtistTags</label>
          			<visible>string.equals(#mvCentral.ArtistView, true)</visible>
          		</control>          		        			              
          		<control>
          			<description>Artist Bio</description>
          			<type>textboxscrollup</type>
          			<posX>20</posX>
          			<posY>94</posY>
          			<width>320</width>
          			<height>120</height>
                <align>left</align>
                <font>mediastream10</font>
                <lineSpacing>2</lineSpacing>
                <textcolor>gainsboro</textcolor>
           			<label>#mvCentral.ArtistBio</label>
          			<seperator>-----------------------------------------------------------------------------------</seperator>
          			<scrollStartDelaySec>10</scrollStartDelaySec>
          			<visible>string.equals(#mvCentral.ArtistView, true)</visible>
          		</control>
          		<control>
          			<id>0</id>
          			<description>Track Description</description>
          			<type>textboxscrollup</type>
          			<posX>20</posX>
          			<posY>94</posY>
          			<width>320</width>
          			<height>120</height>
          			<label>#mvCentral.TrackInfo</label>
          			<seperator>-----------------------------------------------------------------------------------</seperator>
          			<font>mediastream10</font>
                <lineSpacing>2</lineSpacing>
          			<scrollStartDelaySec>10</scrollStartDelaySec>
          			<visible>[string.equals(#mvCentral.TrackView, true)|string.equals(#mvCentral.AlbumView, true)]</visible>
          		</control>
               <control>
                <description>SD/HD Fullscreen/Widescreen</description>
                <type>image</type>
                <posX>20</posX>
                <posY>40</posY>
                <width>65</width>
                <height>44</height>
                <texture>Logos\#mvCentral.LocalMedia.videoresolution.png</texture>
           			<visible>string.equals(#mvCentral.TrackView, true)</visible>
              </control>
              <!-- Video Codecs -->
              <control>
                <description>Video Codecs</description>
                <type>image</type>
                <posX>140</posX>
                <posY>40</posY>
                <width>65</width>
                <height>44</height>
                <texture>Logos\#mvCentral.LocalMedia.videocodec.png</texture>
           			<visible>string.equals(#mvCentral.TrackView, true)</visible>
              </control>
              <!-- Audio Channels / Codecs-->
              <control>
                <description>Audio Codecs / Channels</description>
                <type>image</type>
                <posX>250</posX>
                <posY>40</posY>
                <width>65</width>
                <height>44</height>
                <texture>Logos\#mvCentral.LocalMedia.audiochannels.png</texture>
           			<visible>string.equals(#mvCentral.TrackView, true)</visible>
              </control>
            </controls>]]></subitem>
      </subitems>
					
				</control>
			</control>
		</control>
    <!--::::::::::::::
:: SIDE MENU :: (Not visible)
::::::::::::::::::-->
    <control>
      <type>actiongroup</type>
      <description>action menu</description>
      <defaultcontrol>10</defaultcontrol>
      <onexit>50</onexit>
      <dimColor>50ffffff</dimColor>
      <control>
        <type>image</type>
        <posX>1002</posX>
        <posY>0</posY>
        <width>278</width>
        <height>720</height>
        <texture>hiddenmenu_right.png</texture>
        <visible>!Control.HasFocus(50)</visible>
        <animation effect="slide" time="100" start="300,0">visible</animation>
        <animation effect="slide" time="0" end="300,0">hidden</animation>
      </control>
      <control>
        <description>label OPTIONS</description>
        <id>0</id>
        <label>496</label>
        <type>label</type>
        <font>mediastream12tc</font>
        <posX>1040</posX>
        <posY>225</posY>
        <visible>!Control.HasFocus(50)</visible>
        <animation effect="slide" time="100" start="300,0">visible</animation>
        <animation effect="slide" time="0" end="300,0">hidden</animation>
      </control>
      <control>
        <description>label PLAYLIST</description>
        <id>0</id>
        <label>136</label>
        <type>label</type>
        <font>mediastream12tc</font>
        <posX>1040</posX>
        <posY>340</posY>
        <visible>!Control.HasFocus(50)</visible>
        <animation effect="slide" time="100" start="300,0">visible</animation>
        <animation effect="slide" time="0" end="300,0">hidden</animation>
      </control>
      <control>
        <type>image</type>
        <posX>1030</posX>
        <posY>460</posY>
        <width>230</width>
        <height>5</height>
        <colordiffuse>60ffffff</colordiffuse>
        <texture>osdprogressmid.png</texture>
        <visible>!Control.HasFocus(50)</visible>
        <animation effect="slide" time="100" start="300,0">visible</animation>
        <animation effect="slide" time="0" end="300,0">hidden</animation>
      </control>      
      <control>
        <type>group</type>
        <description>group element</description>
        <visible>!Control.HasFocus(50)+control.isvisible(50)</visible>
        <animation effect="slide" time="100" start="300,0">visible</animation>
        <animation effect="slide" time="0" end="300,0">hidden</animation>
        <posX>1040</posX>
        <posY>250</posY>
        <width>220</width>
        <height>120</height>
        <layout>StackLayout</layout>
        <control>
          <description>Layout Menu button</description>
          <type>button</type>
          <id>2</id>
          <label>100</label>
          <onleft>50</onleft>
          <onup>17</onup>
        </control>
        <control>
          <description>Sort Menu button</description>
          <type>sortbutton</type>
          <id>3</id>
          <label>103</label>
          <onleft>50</onleft>
        </control>
        <control>
          <description>ViewAs button</description>
          <type>button</type>
          <id>5</id>
          <label>457</label>
          <onleft>50</onleft>
        </control>
        <control>
          <description>Empty button</description>
          <type>button</type>
          <id>0</id>
          <label>-</label>
          <visible>false</visible>
        </control>        
        <control>
          <description>Play All Random</description>
          <type>button</type>
          <id>6</id>
          <onleft>50</onleft>
          <label>#mvCentral.Translation.PlayAllRandom.Label</label>
        </control>
        <control>
          <description>Smart Playlists</description>
          <type>button</type>
          <id>7</id>
          <onleft>50</onleft>
          <label>#mvCentral.Translation.SmartPlaylistOptions.Label</label>
        </control>
        <control>
          <description>Playlist</description>
          <type>button</type>
          <id>8</id>
          <onleft>50</onleft>
          <label>#mvCentral.Translation.Playlist.Label</label>
        </control>        
        <control>
          <description>Empty button</description>
          <type>button</type>
          <id>0</id>
          <label>-</label>
          <visible>false</visible>
        </control> 
        <control>
          <description>Viewing and DB Stats</description>
          <type>button</type>
          <id>9</id>
          <onleft>50</onleft>
          <label>#mvCentral.Translation.StatsAndInfo.Label</label>
        </control>        
        <control>
          <description>Genre from Tags Config</description>
          <type>button</type>
          <id>10</id>
          <onleft>50</onleft>
          <label>#mvCentral.Translation.ConfigGenre.Label</label>
        </control>        
        <control>
          <description>Search</description>
          <type>button</type>
          <id>11</id>
          <onleft>50</onleft>
          <label>#mvCentral.Translation.Search.Label #mvCentral.Translation.Artists.Label</label>
        </control>    
        <control>
          <description>Search Youtube.FM</description>
          <id>12</id>
          <type>button</type>
          <label>#mvCentral.Translation.Search.Label Youtube.FM</label>
          <hyperlink>29050</hyperlink>
          <hyperlinkParameter>ARTISTVIDEOS:#mvCentral.ArtistName</hyperlinkParameter>
          <onleft>50</onleft>
        </control>             
      </control>       
    </control>
    
    <import>common.overlays2.xml</import>
    <import>common.time.xml</import>
  </controls>
</window>
<!--Checksum:9a7c8ec997f869d568cedba4df888be7-->