<?xml version="1.0" encoding="utf-8" standalone="yes"?>
<window>
  <id>112013</id>
  <defaultcontrol>14</defaultcontrol>
  <allowoverlay>no</allowoverlay>
  <define>#header.hover:-</define>
  <define>#usePlayFanart:Yes</define>
  <define>#useSelectedFanart:Yes</define>
  <controls>
    <import>mymusic.autofanart.xml</import>
    <import>mymusic.selected.fanart.xml</import>
    
    <control>
      <type>image</type>
      <id>0</id>
      <posX>140</posX>
      <posY>80</posY>
      <width>1000</width>
      <height>580</height>
      <colordiffuse>F0ffffff</colordiffuse>
      <texture>subsearchbg.png</texture>
    </control>
 
     <control>
      <type>image</type>
      <id>0</id>
      <posX>560</posX>
      <posY>175</posY>
      <width>580</width>
      <height>390</height>
      <colordiffuse>60ffffff</colordiffuse>
      <texture>darkwithboarder.png</texture>
    </control>

      <control>
        <description>Main header</description>
        <type>label</type>
        <id>0</id>
        <posX>200</posX>
        <posY>120</posY>
        <align>left</align>
        <font>mediastream16tc</font>
			  <shadowAngle>45</shadowAngle> 
			  <shadowDistance>4</shadowDistance> 
			  <shadowColor>#shadow.dark</shadowColor>
        <textcolor>ff006698</textcolor>
			  <label>mvCentral - #mvCentral.Translation.DBInfo.Label</label>
        <animation effect="slide" time="100" start="300,0">visible</animation>
        <animation effect="slide" time="0" end="300,0">hidden</animation>
      </control> 
      
       <control>
        <description>Version</description>
        <type>label</type>
        <id>15</id>
        <posX>1120</posX>
        <posY>620</posY>
        <font>mediastream10</font>
        <align>right</align>
        <label>-</label>
        <animation effect="slide" time="100" start="300,0">visible</animation>
        <animation effect="slide" time="0" end="300,0">hidden</animation>
      </control>

       <control>
        <description>Video Count</description>
        <type>label</type>
        <id>16</id>
        <posX>640</posX>
        <posY>605</posY>
        <font>mediastream12</font>
        <align>center</align>
        <label>-</label>
        <animation effect="slide" time="100" start="300,0">visible</animation>
        <animation effect="slide" time="0" end="300,0">hidden</animation>
      </control>
<!--:::::::::::::::::::::::::::::
:: TOP BAR :: TIME :: LOCATION ::
::::::::::::::::::::::::::::::-->
    <control>
      <description>Musicvideos Title Background</description>
      <type>image</type>
      <id>0</id>
      <posX>77</posX>
      <posY>11</posY>
      <width>437</width>
      <height>35</height>
      <texture>tvtitlebg.png</texture>
    </control>
    <control>
      <type>fadelabel</type>
      <description>mvCentral Title</description>
      <id>0</id>
      <posX>493</posX>
      <posY>13</posY>
      <width>350</width>
      <font>mediastream12c</font>
      <align>right</align>
      <visible>yes</visible>
      <label>mvCentral</label>
    </control>
    <control>
      <type>fadelabel</type>
      <description>Musicvideos Hierarchy</description>
      <id>0</id>
      <posX>839</posX>
      <posY>13</posY>
      <width>600</width>
      <font>mediastream12c</font>
      <align>right</align>
      <visible>yes</visible>
      <label>#mvCentral.Hierachy</label>
    </control>
    <control>
      <description>Top Title Extension Background</description>
      <type>image</type>
      <id>0</id>
      <posX>381</posX>
      <posY>11</posY>
      <width>486</width>
      <height>36</height>
      <texture>tvtitlebg.png</texture>
      <animation effect="fade" time="300" delay="300">WindowOpen</animation>
      <animation effect="fade" time="300" delay="0">WindowClose</animation>
      <animation effect="slide" start="-514,0" end="0,0" tween="quadratic" time="300" delay="300">WindowOpen</animation>
      <animation effect="slide" start="0,0" end="-514,0" tween="quadratic" time="600" delay="0">WindowClose</animation>
    </control>
    <control>
      <description>Item Count Background</description>
      <type>image</type>
      <id>0</id>
      <posX>1113</posX>
      <posY>12</posY>
      <width>159</width>
      <height>27</height>
      <texture>mediacountbackground.png</texture>
      <visible>control.isvisible(50)</visible>
      <animation effect="fade" time="250">WindowOpen</animation>
      <animation effect="fade" time="250">WindowClose</animation>
    </control>
    <control>
      <type>label</type>
      <description>Number of Files Label</description>
      <id>0</id>
      <posX>1246</posX>
      <posY>14</posY>
      <width>350</width>
      <font>mediastream10c</font>
      <textcolor>ff006698</textcolor>
      <align>right</align>
      <label>#mvCentral.TotalVideos</label>
      <visible>control.isvisible(50)</visible>
      <animation effect="fade" time="250">WindowOpen</animation>
      <animation effect="fade" time="250">WindowClose</animation>
    </control>

   
		<control>
			<description>Title</description>
			<type>image</type>
			<id>0</id>
			<posX>0</posX>
			<posY>675</posY>
			<width>1280</width>
			<height>47</height>
			<texture>imagestreamtitle.png</texture>
		</control>
    
		<control>
			<description>TopBar Overlay</description>
			<type>image</type>
			<id>0</id>
			<posX>0</posX>
			<posY>0</posY>
			<width>1280</width>
			<height>51</height>
			<texture>overlay_topbar.png</texture>
		</control>
		<control>
			<description>Bottom Bar Overlay</description>
			<type>image</type>
			<id>0</id>
			<posX>0</posX>
			<posY>675</posY>
			<width>1280</width>
			<height>47</height>
			<texture>imagestreamtitle.png</texture>
		</control>   
      
      <control>
        <description>Favorite Vid Image</description>
        <type>image</type>
        <width>200</width>
        <height>160</height>
        <id>18</id>
        <posX>160</posX>
        <posY>180</posY>
        <centered>yes</centered>
        <texture>-</texture>
        <keepaspectratio>yes</keepaspectratio>
        <animation effect="slide" time="100" start="300,0">visible</animation>
        <animation effect="slide" time="0" end="300,0">hidden</animation>
      </control>
      <control>
        <description>Favorite Video</description>
        <type>fadelabel</type>
        <label>Most Played Video: #mvCentral.MostPlayed</label>
        <font>mediastream11</font>
        <id>0</id>
        <posX>160</posX>
        <posY>335</posY>
        <width>400</width>
        <animation effect="slide" time="100" start="300,0">visible</animation>
        <animation effect="slide" time="0" end="300,0">hidden</animation>
      </control>
      
      <control>
        <description>Favorite Artist</description>
        <type>image</type>
        <width>200</width>
        <height>160</height>
        <posX>160</posX>
        <posY>365</posY>
        <id>20</id>
        <centered>yes</centered>
        <texture>-</texture>
        <keepaspectratio>yes</keepaspectratio>
        <animation effect="slide" time="100" start="300,0">visible</animation>
        <animation effect="slide" time="0" end="300,0">hidden</animation>
      </control>
      <control>
        <description>Favorite Artist Static</description>
        <type>label</type>
        <label>Most Played Artist: #mvCentral.FavArtist</label>
        <font>mediastream11</font>
        <id>1</id>
        <posX>160</posX>
        <posY>530</posY>
        <animation effect="slide" time="100" start="300,0">visible</animation>
        <animation effect="slide" time="0" end="300,0">hidden</animation>
      </control>



      <control>
        <description>Top 10 Videos</description>
        <type>label</type>
        <id>0</id>
        <posX>850</posX>
        <posY>220</posY>
        <align>center</align>
        <font>mediastream14tc</font>
			  <shadowAngle>45</shadowAngle> 
			  <shadowDistance>4</shadowDistance> 
			  <shadowColor>#shadow.dark</shadowColor>
        <textcolor>ff006698</textcolor>
			  <label>Top Ten Played Videos</label>
        <animation effect="slide" time="100" start="300,0">visible</animation>
        <animation effect="slide" time="0" end="300,0">hidden</animation>
      </control>       
      <control>
        <description>Top 10 Video - 1</description>
        <type>fadelabel</type>
        <id>30</id>
        <posX>600</posX>
        <posY>240</posY>
        <font>mediastream12</font>
        <label>-</label>
        <animation effect="slide" time="100" start="300,0">visible</animation>
        <animation effect="slide" time="0" end="300,0">hidden</animation>
      </control>      
      <control>
        <description>Top 10 Video - 2</description>
        <type>fadelabel</type>
        <id>31</id>
        <posX>600</posX>
        <posY>270</posY>
        <font>mediastream12</font>
        <label>-</label>
        <animation effect="slide" time="100" start="300,0">visible</animation>
        <animation effect="slide" time="0" end="300,0">hidden</animation>
      </control>      
      <control>
        <description>Top 10 Video - 3</description>
        <type>fadelabel</type>
        <id>32</id>
        <posX>600</posX>
        <posY>300</posY>
        <font>mediastream12</font>
        <label>-</label>
        <animation effect="slide" time="100" start="300,0">visible</animation>
        <animation effect="slide" time="0" end="300,0">hidden</animation>
      </control>      
      <control>
        <description>Top 10 Video - 4</description>
        <type>fadelabel</type>
        <id>33</id>
        <posX>600</posX>
        <posY>330</posY>
        <font>mediastream12</font>
        <label>-</label>
        <animation effect="slide" time="100" start="300,0">visible</animation>
        <animation effect="slide" time="0" end="300,0">hidden</animation>
      </control>      
      <control>
        <description>Top 10 Video - 5</description>
        <type>fadelabel</type>
        <id>34</id>
        <posX>600</posX>
        <posY>360</posY>
        <font>mediastream12</font>
        <label>-</label>
        <animation effect="slide" time="100" start="300,0">visible</animation>
        <animation effect="slide" time="0" end="300,0">hidden</animation>
      </control>      
      <control>
        <description>Top 10 Video - 6</description>
        <type>fadelabel</type>
        <id>35</id>
        <posX>600</posX>
        <posY>390</posY>
        <font>mediastream12</font>
        <label>-</label>
        <animation effect="slide" time="100" start="300,0">visible</animation>
        <animation effect="slide" time="0" end="300,0">hidden</animation>
      </control>      
      <control>
        <description>Top 10 Video - 7</description>
        <type>fadelabel</type>
        <id>36</id>
        <posX>600</posX>
        <posY>420</posY>
        <font>mediastream12</font>
        <label>-</label>
        <animation effect="slide" time="100" start="300,0">visible</animation>
        <animation effect="slide" time="0" end="300,0">hidden</animation>
      </control>      
      <control>
        <description>Top 10 Video - 8</description>
        <type>fadelabel</type>
        <id>37</id>
        <posX>600</posX>
        <posY>450</posY>
        <font>mediastream12</font>
        <label>-</label>
        <animation effect="slide" time="100" start="300,0">visible</animation>
        <animation effect="slide" time="0" end="300,0">hidden</animation>
      </control>      
      <control>
        <description>Top 10 Video - 9</description>
        <type>fadelabel</type>
        <id>38</id>
        <posX>600</posX>
        <posY>480</posY>
        <font>mediastream12</font>
        <label>-</label>
        <animation effect="slide" time="100" start="300,0">visible</animation>
        <animation effect="slide" time="0" end="300,0">hidden</animation>
      </control>      
      <control>
        <description>Top 10 Video - 10</description>
        <type>fadelabel</type>
        <id>39</id>
        <posX>600</posX>
        <posY>510</posY>
        <font>mediastream12</font>
        <label>-</label>
        <animation effect="slide" time="100" start="300,0">visible</animation>
        <animation effect="slide" time="0" end="300,0">hidden</animation>
      </control>      

        <control>
          <description>Empty button</description>
          <type>button</type>
          <id>14</id>
          <label>-</label>
          <visible>false</visible>
        </control>     

    <import>common.time.xml</import>
  </controls>
</window>
<!--Checksum:9a7c8ec997f869d568cedba4df888be7-->