﻿<?xml version="1.0" encoding="utf-8" standalone="yes"?>
<window>
  <id>804</id>
  <defaultcontrol>2</defaultcontrol>
  <allowoverlay>no</allowoverlay>
  <define>#header.label:14001</define>
  <define>#header.hover:hover_extensions.png</define>
  <define>#header.BG.overlay:mainoverlay.png</define>
  <define>#header.BG.colordiffuse:ffffffff</define>
  <controls>
    <control>
      <id>1</id>
      <description>Background Image</description>
      <type>image</type>
      <posX>0</posX>
      <posY>0</posY>
      <width>1280</width>
      <height>720</height>
      <texture>#header.hover</texture>
      <colordiffuse>#header.BG.colordiffuse</colordiffuse>
    </control>
    <control>
      <id>1</id>
      <description>Overlay Image</description>
      <type>image</type>
      <posX>0</posX>
      <posY>0</posY>
      <width>1281</width>
      <height>720</height>
      <texture>#header.BG.overlay</texture>
    </control>    
    <control>
      <id>1</id>
      <description>Top Title Background</description>
      <type>image</type>
      <posX>77</posX>
      <posY>11</posY>
      <width>437</width>
      <height>35</height>
      <texture>tvtitlebg.png</texture>
      <animation effect="slide" start="-514,0" end="0,0" tween="quadratic" time="300" delay="0">WindowOpen</animation>
      <animation effect="slide" start="0,0" end="-514,0" tween="quadratic" time="300" delay="0">WindowClose</animation>
      <animation effect="fade" time="150">WindowClose</animation>
    </control>
    <control>
      <id>1</id>
      <type>fadelabel</type>
      <description>Top Title</description>
      <posX>493</posX>
      <posY>13</posY>
      <width>350</width>
      <font>mediastream12c</font>
      <align>right</align>
      <visible>yes</visible>
      <label>#header.label</label>
      <animation effect="slide" start="-514,0" end="0,0" tween="quadratic" time="300" delay="0">WindowOpen</animation>
      <animation effect="slide" start="0,0" end="-514,0" tween="quadratic" time="300" delay="0">WindowClose</animation>
      <animation effect="fade" time="150">WindowClose</animation>
    </control>
    <import>common.time.xml</import>
    <!-- GUI Buttons -->  
    <control>
      <description>Action Buttons</description>
      <type>group</type>
      <posX>30</posX>
      <posY>250</posY>
      <layout>StackLayout(0, Vertical, true)</layout>
      <animation effect="Fade" time="250">WindowOpen</animation>
      <animation effect="Fade" time="100">WindowClose</animation>
      <control>
        <description>Install Button</description>
        <type>button</type>
        <id>2</id>
        <label>#MPEI.Translation.Install.Label</label>
        <width>240</width>
        <height>40</height>
        <onup>17</onup>
        <ondown>3</ondown>
        <onright>2</onright>
        <onleft>2</onleft>
        <textcolor>ffffffff</textcolor>
        <textcolorNoFocus>bfffffff</textcolorNoFocus>
        <font>mediastream12tc</font>      
        <textYOff>8</textYOff>
        <textXOff>20</textXOff>
        <textureFocus>tv_button_focus.png</textureFocus>
        <textureNoFocus>tv_button_ no_focus.png</textureNoFocus>
        <visible>!string.equals(#MPE.Selected.isinstalled,true)</visible>
      </control>
      <control>
        <description>UnInstall Button</description>
        <type>button</type>
        <id>3</id>
        <label>#MPEI.Translation.Uninstall.Label</label>
        <width>240</width>
        <height>40</height>
        <onup>2</onup>
        <ondown>4</ondown>
        <onright>3</onright>
        <onleft>3</onleft>
        <textcolor>ffffffff</textcolor>
        <textcolorNoFocus>bfffffff</textcolorNoFocus>
        <font>mediastream12tc</font>
        <textYOff>8</textYOff>
        <textXOff>20</textXOff>
        <textureFocus>tv_button_focus.png</textureFocus>
        <textureNoFocus>tv_button_ no_focus.png</textureNoFocus>
        <visible>string.equals(#MPE.Selected.isinstalled,true)</visible>
      </control>
      <control>
        <description>Update Button</description>
        <type>button</type>
        <id>4</id>
        <label>#MPEI.Translation.Update.Label</label>
        <width>240</width>
        <height>40</height>
        <onup>3</onup>
        <ondown>5</ondown>
        <onright>4</onright>
        <onleft>4</onleft>
        <textcolor>ffffffff</textcolor>
        <textcolorNoFocus>bfffffff</textcolorNoFocus>
        <font>mediastream12tc</font>      
        <textYOff>8</textYOff>
        <textXOff>20</textXOff>
        <textureFocus>tv_button_focus.png</textureFocus>
        <textureNoFocus>tv_button_ no_focus.png</textureNoFocus>
        <visible>string.equals(#MPE.Selected.haveupdate,true)+string.equals(#MPE.Selected.isinstalled,true)</visible>
      </control>
      <control>
        <description>Disable Button</description>
        <type>button</type>
        <id>5</id>
        <label>#MPEI.Translation.Disable.Label</label>
        <width>240</width>
        <height>40</height>
        <onup>4</onup>
        <ondown>6</ondown>
        <onright>5</onright>
        <onleft>5</onleft>
        <textcolor>ffffffff</textcolor>
        <textcolorNoFocus>bfffffff</textcolorNoFocus>
        <font>mediastream12tc</font>      
        <textYOff>8</textYOff>
        <textXOff>20</textXOff>
        <textureFocus>tv_button_focus.png</textureFocus>
        <textureNoFocus>tv_button_ no_focus.png</textureNoFocus>
        <visible>string.equals(#MPE.Selected.IsEnabled,true)+string.equals(#MPE.Selected.isinstalled,true)</visible>
      </control>
      <control>
        <description>Enable Button</description>
        <type>button</type>
        <id>6</id>
        <label>#MPEI.Translation.Enable.Label</label>
        <width>240</width>
        <height>40</height>
        <onup>5</onup>
        <ondown>7</ondown>
        <onright>6</onright>
        <onleft>6</onleft>
        <textcolor>ffffffff</textcolor>
        <textcolorNoFocus>bfffffff</textcolorNoFocus>
        <font>mediastream12tc</font>      
        <textYOff>8</textYOff>
        <textXOff>20</textXOff>
        <textureFocus>tv_button_focus.png</textureFocus>
        <textureNoFocus>tv_button_ no_focus.png</textureNoFocus>
        <visible>string.equals(#MPE.Selected.IsDisabled,true)+string.equals(#MPE.Selected.isinstalled,true)</visible>
      </control>
      <control>
        <description>Settings Button</description>
        <type>button</type>
        <id>7</id>
        <label>#MPEI.Translation.Settings.Label</label>
        <width>240</width>
        <height>40</height>
        <onup>6</onup>
        <ondown>8</ondown>
        <onright>7</onright>
        <onleft>7</onleft>
        <textcolor>ffffffff</textcolor>
        <textcolorNoFocus>bfffffff</textcolorNoFocus>
        <font>mediastream12tc</font>      
        <textYOff>8</textYOff>
        <textXOff>20</textXOff>
        <textureFocus>tv_button_focus.png</textureFocus>
        <textureNoFocus>tv_button_ no_focus.png</textureNoFocus>
        <visible>string.equals(#MPE.Selected.HaveSettings,true)+string.equals(#MPE.Selected.isinstalled,true)</visible>
      </control>
      <control>
        <description>Change Log Button</description>
        <type>button</type>
        <id>8</id>
        <label>#MPEI.Translation.ChangeLog.Label</label>
        <onup>7</onup>
        <ondown>9</ondown>
        <onright>8</onright>
        <onleft>8</onleft>
        <textcolor>ffffffff</textcolor>
        <textcolorNoFocus>bfffffff</textcolorNoFocus>
        <font>mediastream12tc</font>
        <width>240</width>
        <height>40</height>
        <textYOff>8</textYOff>
        <textXOff>20</textXOff>
        <textureFocus>tv_button_focus.png</textureFocus>
        <textureNoFocus>tv_button_ no_focus.png</textureNoFocus>
        <visible>!string.equals(#MPE.View.Name,#MPEI.Translation.MPOnlineExtensions.Label)</visible>
      </control>
      <control>
        <description>Change Log Button</description>
        <type>button</type>
        <id>9</id>
        <label>#MPEI.Translation.Screenshots.Label</label>
        <onup>8</onup>
        <ondown>2</ondown>
        <onright>9</onright>
        <onleft>9</onleft>
        <textcolor>ffffffff</textcolor>
        <textcolorNoFocus>bfffffff</textcolorNoFocus>
        <font>mediastream12tc</font>
        <width>240</width>
        <height>40</height>
        <textYOff>8</textYOff>
        <textXOff>20</textXOff>
        <textureFocus>tv_button_focus.png</textureFocus>
        <textureNoFocus>tv_button_ no_focus.png</textureNoFocus>
        <visible>string.equals(#MPE.Selected.HaveScreenShots,true)</visible>
      </control>
    </control>
    <!-- Details -->
    <control>
      <description>Plugin Icon</description>
      <type>image</type>
      <posX>1080</posX>
      <posY>250</posY>
      <width>150</width>
      <height>150</height>
      <keepaspectratio>yes</keepaspectratio>
      <texture>#MPE.Selected.Icon</texture>
      <animation effect="Fade" time="250">WindowOpen</animation>
      <animation effect="Fade" time="100">WindowClose</animation>
    </control>
    <control Style="smallTitleB">
      <type>label</type>
      <posX>310</posX>
      <posY>250</posY>
      <width>249</width>
      <label>#MPEI.Translation.Version.Label</label>
      <animation effect="Fade" time="250">WindowOpen</animation>
      <animation effect="Fade" time="100">WindowClose</animation>
    </control>
    <control Style="smallTitle">
      <type>label</type>
      <posX>500</posX>
      <posY>251</posY>
      <width>426</width>
      <label>#MPE.Selected.Version</label>
      <animation effect="Fade" time="250">WindowOpen</animation>
      <animation effect="Fade" time="100">WindowClose</animation>
    </control>
    <control Style="smallTitleB">
      <type>label</type>
      <posX>310</posX>
      <posY>276</posY>
      <width>249</width>
      <label>#MPEI.Translation.Author.Label</label>
      <animation effect="Fade" time="250">WindowOpen</animation>
      <animation effect="Fade" time="100">WindowClose</animation>
    </control>
    <control Style="smallTitle">
      <type>label</type>
      <posX>500</posX>
      <posY>277</posY>
      <width>428</width>
      <label>#MPE.Selected.Author</label>
      <animation effect="Fade" time="250">WindowOpen</animation>
      <animation effect="Fade" time="100">WindowClose</animation>
    </control>
    <control Style="smallTitleB">
      <type>label</type>
      <posX>310</posX>
      <posY>302</posY>
      <width>248</width>
      <label>#MPEI.Translation.ReleaseDate.Label</label>
      <animation effect="Fade" time="250">WindowOpen</animation>
      <animation effect="Fade" time="100">WindowClose</animation>
    </control>
    <control Style="smallTitle">
      <type>fadelabel</type>
      <posX>500</posX>
      <posY>303</posY>
      <width>428</width>
      <label>#MPE.Selected.ReleaseDate</label>
      <animation effect="Fade" time="250">WindowOpen</animation>
      <animation effect="Fade" time="100">WindowClose</animation>
    </control>
    <control Style="smallTitleB">
      <type>label</type>
      <posX>310</posX>
      <posY>328</posY>
      <width>248</width>
      <label>#MPEI.Translation.Status.Label</label>
      <animation effect="Fade" time="250">WindowOpen</animation>
      <animation effect="Fade" time="100">WindowClose</animation>
    </control>
    <control Style="smallTitle">
      <type>fadelabel</type>
      <posX>500</posX>
      <posY>329</posY>
      <width>428</width>
      <label>#MPE.Selected.Status</label>
      <animation effect="Fade" time="250">WindowOpen</animation>
      <animation effect="Fade" time="100">WindowClose</animation>
    </control>
    <control Style="smallTitleB">
      <type>label</type>
      <posX>310</posX>
      <posY>356</posY>
      <width>248</width>
      <label>#MPEI.Translation.Downloads.Label</label>
      <animation effect="Fade" time="250">WindowOpen</animation>
      <animation effect="Fade" time="100">WindowClose</animation>
      <visible>string.equals(#MPE.View.Name,#MPEI.Translation.MPOnlineExtensions.Label)</visible>
    </control>
    <control Style="smallTitle">
      <type>fadelabel</type>
      <posX>500</posX>
      <posY>357</posY>
      <width>428</width>
      <!-- Show Downloads and Hits -->
      <label>#(string.format('{0:#,0} ({1:#,0} #MPEI.Translation.Hits.Label)',cint(#MPE.Selected.Downloads),cint(#MPE.Selected.Hits)))</label>
      <animation effect="Fade" time="250">WindowOpen</animation>
      <animation effect="Fade" time="100">WindowClose</animation>
      <visible>string.equals(#MPE.View.Name,#MPEI.Translation.MPOnlineExtensions.Label)+!string.equals(#MPE.Selected.Downloads,)</visible>
    </control>
    <control Style="smallTitle">
      <type>fadelabel</type>
      <posX>500</posX>
      <posY>357</posY>
      <width>428</width>
      <!-- Show Hits Only (avoid skin expression error) -->
      <label>#(string.format('{0:#,0} #MPEI.Translation.Hits.Label',cint(#MPE.Selected.Hits)))</label>
      <animation effect="Fade" time="250">WindowOpen</animation>
      <animation effect="Fade" time="100">WindowClose</animation>
      <visible>string.equals(#MPE.View.Name,#MPEI.Translation.MPOnlineExtensions.Label)+string.equals(#MPE.Selected.Downloads,)</visible>
    </control>
    <control Style="smallTitleB">
      <type>label</type>
      <posX>310</posX>
      <posY>382</posY>
      <width>248</width>
      <label>#MPEI.Translation.Compatibility.Label</label>
      <animation effect="Fade" time="250">WindowOpen</animation>
      <animation effect="Fade" time="100">WindowClose</animation>
      <visible>string.equals(#MPE.View.Name,#MPEI.Translation.MPOnlineExtensions.Label)</visible>
    </control>
    <control Style="smallTitle">
      <type>fadelabel</type>
      <posX>500</posX>
      <posY>383</posY>
      <width>428</width>
      <label>MediaPortal #(iif(eq(#MPE.Selected.CompatibleVersions,' '),'N/A','#MPE.Selected.CompatibleVersions'))</label>
      <animation effect="Fade" time="250">WindowOpen</animation>
      <animation effect="Fade" time="100">WindowClose</animation>
      <visible>string.equals(#MPE.View.Name,#MPEI.Translation.MPOnlineExtensions.Label)</visible>
    </control>
    <control Style="smallTitleB">
      <type>label</type>
      <posX>310</posX>
      <posY>408</posY>
      <width>248</width>
      <label>#MPEI.Translation.Rating.Label</label>
      <animation effect="Fade" time="250">WindowOpen</animation>
      <animation effect="Fade" time="100">WindowClose</animation>
      <visible>string.equals(#MPE.View.Name,#MPEI.Translation.MPOnlineExtensions.Label)</visible>
    </control>
    <control>
      <type>imagelist</type>
      <description>-</description>
      <id>0</id>
      <posX>500</posX>
      <posY>405</posY>
      <width>130</width>
      <height>24</height>
      <colordiffuse>ffffffff</colordiffuse>
      <percentage>#MPE.Selected.Rating</percentage>
      <textureHeight>22</textureHeight>
      <orientation>horizontal</orientation>
      <textureWidth>22</textureWidth>
      <subitems>
        <subitem>starwhitehollow.png</subitem>
        <subitem>starwhite.png</subitem>
      </subitems>
      <animation effect="Fade" time="250">WindowOpen</animation>
      <animation effect="Fade" time="100">WindowClose</animation>
      <visible>string.equals(#MPE.View.Name,#MPEI.Translation.MPOnlineExtensions.Label)</visible>
    </control>
    <control Style="smallTitle">
      <type>fadelabel</type>
      <posX>620</posX>
      <posY>408</posY>
      <width>428</width>
      <label>#(div(cint(#MPE.Selected.Rating), cflt(2))) #(string.format('({0:#,0} #MPEI.Translation.Votes.Label)',cint(#MPE.Selected.Votes)))</label>
      <animation effect="Fade" time="250">WindowOpen</animation>
      <animation effect="Fade" time="100">WindowClose</animation>
      <visible>string.equals(#MPE.View.Name,#MPEI.Translation.MPOnlineExtensions.Label)</visible>
    </control>
    
    <control>
      <type>textboxscrollup</type>
      <posX>310</posX>
      <posY>460</posY>
      <width>911</width>
      <height>160</height>
      <font>mediastream11</font>
      <label>#MPE.Selected.Description</label>
      <animation effect="Fade" time="250">WindowOpen</animation>
      <animation effect="Fade" time="100">WindowClose</animation>
      <visible>string.equals(#MPE.View.Name,#MPEI.Translation.MPOnlineExtensions.Label)</visible>
    </control>
    <control>
      <type>textboxscrollup</type>
      <posX>310</posX>
      <posY>420</posY>
      <width>911</width>
      <height>250</height>
      <font>mediastream11</font>
      <label>#MPE.Selected.Description</label>
      <animation effect="Fade" time="250">WindowOpen</animation>
      <animation effect="Fade" time="100">WindowClose</animation>
      <visible>!string.equals(#MPE.View.Name,#MPEI.Translation.MPOnlineExtensions.Label)</visible>
    </control>
    
    <control>
      <type>image</type>
      <id>0</id>
      <posX>0</posX>
      <posY>675</posY>
      <width>1280</width>
      <height>47</height>
      <texture>imagestreamtitle.png</texture>
      <animation effect="Fade" time="250">WindowOpen</animation>
      <animation effect="Fade" time="100">WindowClose</animation>
    </control>
    <control>
      <type>fadelabel</type>
      <id>1</id>
      <posX>40</posX>
      <posY>684</posY>
      <width>1200</width>
      <label>#MPE.Selected.Name</label>
      <font>mediastream16tc</font>
      <textcolor>White</textcolor>
      <animation effect="Fade" time="250">WindowOpen</animation>
      <animation effect="Fade" time="100">WindowClose</animation>
    </control>
    <import>common.overlays2.xml</import>
  </controls>
</window>
<!--Checksum:83d14a51a0801a9842bb90c3cd051b79-->