﻿<?xml version="1.0" encoding="utf-8" standalone="yes"?>
<window>
  <id>801</id>
  <defaultcontrol>50</defaultcontrol>
  <allowoverlay>no</allowoverlay>
  <define>#header.label:14001</define>
  <define>#header.extension.label:#MPE.View.Name</define>
  <define>#header.hover:hover_extensions.png</define>
  <define>#header.BG.overlay:mainoverlay.png</define>
  <define>#header.BG.colordiffuse:ffffffff</define>
  <controls>
    <control>
      <id>1</id>
      <description>Background Image</description>
      <type>image</type>
      <posX>0</posX>
      <posY>0</posY>
      <width>1280</width>
      <height>720</height>
      <texture>#header.hover</texture>
      <colordiffuse>#header.BG.colordiffuse</colordiffuse>
    </control>
    <control>
      <id>1</id>
      <description>Overlay Image</description>
      <type>image</type>
      <posX>0</posX>
      <posY>0</posY>
      <width>1281</width>
      <height>720</height>
      <texture>#header.BG.overlay</texture>
    </control>
    <control>
      <description>Top Title Extension Background</description>
      <type>image</type>
      <id>0</id>
      <posX>431</posX>
      <posY>11</posY>
      <width>456</width>
      <height>36</height>
      <texture>tvtitlebg.png</texture>
      <animation effect="slide" start="-514,0" end="0,0" tween="quadratic" time="300" delay="300">WindowOpen</animation>
      <animation effect="slide" start="0,0" end="-514,0" tween="quadratic" time="600" delay="0">WindowClose</animation>
      <animation effect="fade" time="250" delay="0">WindowOpen</animation>
      <animation effect="fade" time="250" delay="0">WindowClose</animation>
    </control>
    <control>
      <id>1</id>
      <description>Top Title Background</description>
      <type>image</type>
      <posX>77</posX>
      <posY>11</posY>
      <width>437</width>
      <height>35</height>
      <texture>tvtitlebg.png</texture>
      <animation effect="slide" start="-514,0" end="0,0" tween="quadratic" time="300" delay="0">WindowOpen</animation>
      <animation effect="slide" start="0,0" end="-514,0" tween="quadratic" time="300" delay="0">WindowClose</animation>
      <animation effect="fade" time="150">WindowClose</animation>
    </control>
    <control>
      <id>1</id>
      <type>fadelabel</type>
      <description>Top Title</description>
      <posX>493</posX>
      <posY>13</posY>
      <width>350</width>
      <font>mediastream12c</font>
      <align>right</align>
      <visible>yes</visible>
      <label>#header.label</label>
      <animation effect="slide" start="-514,0" end="0,0" tween="quadratic" time="300" delay="0">WindowOpen</animation>
      <animation effect="slide" start="0,0" end="-514,0" tween="quadratic" time="300" delay="0">WindowClose</animation>
      <animation effect="fade" time="150">WindowClose</animation>
    </control>
    <control>
      <description>Top Extension Title</description>
      <type>fadelabel</type>
      <id>1</id>
      <posX>852</posX>
      <posY>13</posY>
      <width>340</width>
      <font>mediastream12c</font>
      <align>right</align>
      <label>#header.extension.label</label>
      <wrapString> |  </wrapString>
      <scrollStartDelaySec>10</scrollStartDelaySec>
      <visible>yes</visible>
      <animation effect="slide" start="-514,0" end="0,0" tween="bounce" time="700" delay="300">WindowOpen</animation>
      <animation effect="slide" start="0,0" end="-514,0" tween="quadratic" time="600" delay="0">WindowClose</animation>
      <animation effect="fade" time="250" delay="0">WindowOpen</animation>
      <animation effect="fade" time="250" delay="0">WindowClose</animation>
    </control>
    <import>common.time.xml</import>
    <control>
      <description>Hidden Menu</description>
      <type>actiongroup</type>
      <buttonX>1232</buttonX>
      <buttonY>50</buttonY>
      <buttonwidth>48</buttonwidth>
      <buttonheight>144</buttonheight>
      <textureFocus>#StreamedMP.ActionMenu.Image</textureFocus>
      <textureNoFocus>#StreamedMP.ActionMenu.Image</textureNoFocus>
      <description>action menu</description>
      <defaultcontrol>2</defaultcontrol>
      <onexit>50</onexit>
      <dimColor>00ffffff</dimColor>
      <control>
        <type>image</type>
        <posX>1002</posX>
        <posY>0</posY>
        <width>278</width>
        <height>720</height>
        <texture>hiddenmenu_right.png</texture>
        <visible>!control.hasfocus(50)</visible>
        <animation effect="slide" time="100" start="300,0">visible</animation>
        <animation effect="slide" time="0" end="300,0">hidden</animation>
      </control>
      <control>
        <id>0</id>
        <label>VIEW OPTIONS</label>
        <type>label</type>
        <font>mediastream12tc</font>
        <posX>1040</posX>
        <posY>225</posY>
        <visible>!control.hasfocus(50)</visible>
        <animation effect="slide" time="100" start="300,0">visible</animation>
        <animation effect="slide" time="0" end="300,0">hidden</animation>
      </control>
      <control>
        <type>group</type>
        <description>group element</description>
        <visible>!control.hasfocus(50)</visible>
        <animation effect="slide" time="100" start="300,0">visible</animation>
        <animation effect="slide" time="0" end="300,0">hidden</animation>
        <posX>1040</posX>
        <posY>250</posY>
        <width>220</width>
        <height>720</height>
        <layout>StackLayout</layout>
        <control>
          <description>View-As</description>
          <type>button</type>
          <id>2</id>
          <label>100</label>
          <onleft>50</onleft>
          <onright>50</onright>
          <onup>17</onup>
        </control>
        <control>
          <description>Sort</description>
          <type>sortbutton</type>
          <id>3</id>
          <onleft>50</onleft>
          <onright>50</onright>
        </control>
        <control>
          <description>Views</description>
          <type>button</type>
          <id>6</id>
          <label>14002</label>
          <onright>50</onright>
          <onleft>50</onleft>
        </control>
        <control>
          <description>Restart</description>
          <type>button</type>
          <id>5</id>
          <label>#MPEI.Translation.Restart.Label</label>
          <onright>50</onright>
          <onleft>50</onleft>
        </control>
        <control>
          <description>Update all</description>
          <type>button</type>
          <id>8</id>
          <label>#MPEI.Translation.UpdateAll.Label</label>
          <onright>50</onright>
          <onleft>50</onleft>
          <ondown>90</ondown>
        </control>
        <control>
          <description>MPEI Update Available</description>
          <type>button</type>
          <id>90</id>
          <label>#MPEI.Translation.UpdateAvailable.Label</label>
          <onright>50</onright>
          <onleft>50</onleft>
          <ondown>2</ondown>
          <visible>string.equals(#mpei.a6afa4d6_4fd8_4607_8878_5911db044fd7.haveupdate,true)</visible>
        </control>
      </control>
    </control>    
    <control>
      <description>Summary</description>
      <type>textboxscrollup</type>
      <id>0</id>
      <posX>26</posX>
      <posY>350</posY>
      <width>570</width>
      <height>280</height>
      <font>mediastream11</font>
      <textcolor>ffFFFFFF</textcolor>
      <label>#MPE.Selected.Description</label>
      <visible>facadeview.list+!string.starts(#MPE.Selected.Description, #MPE.)+!string.equals(#MPE.Selected.Description,)</visible>
      <animation effect="fade" time="250" delay="0">WindowOpen</animation>
      <animation effect="fade" time="250" delay="0">WindowClose</animation>
    </control>
    
    <control Style="smallTitleB">
      <type>label</type>
      <posX>26</posX>
      <posY>250</posY>
      <width>249</width>
      <label>#MPEI.Translation.Version.Label</label>
      <visible>facadeview.list+!string.starts(#MPE.Selected.Version, #MPE.)+!string.equals(#MPE.Selected.Version,)</visible>
      <animation effect="Fade" time="250">WindowOpen</animation>
      <animation effect="Fade" time="100">WindowClose</animation>
    </control>
    <control Style="smallTitle">
      <type>label</type>
      <posX>250</posX>
      <posY>251</posY>
      <width>426</width>
      <label>#MPE.Selected.Version</label>
      <visible>facadeview.list+!string.starts(#MPE.Selected.Version, #MPE.)+!string.equals(#MPE.Selected.Version,)</visible>
      <animation effect="Fade" time="250">WindowOpen</animation>
      <animation effect="Fade" time="100">WindowClose</animation>
    </control>
    <control Style="smallTitleB">
      <type>label</type>
      <posX>26</posX>
      <posY>276</posY>
      <width>249</width>
      <label>#MPEI.Translation.Status.Label</label>
      <visible>facadeview.list+!string.starts(#MPE.Selected.Status, #MPE.)+!string.equals(#MPE.Selected.Status,)</visible>
      <animation effect="Fade" time="250">WindowOpen</animation>
      <animation effect="Fade" time="100">WindowClose</animation>
    </control>
    <control Style="smallTitle">
      <type>label</type>
      <posX>250</posX>
      <posY>277</posY>
      <width>428</width>
      <label>#MPE.Selected.Status</label>
      <visible>facadeview.list+!string.starts(#MPE.Selected.Status, #MPE.)+!string.equals(#MPE.Selected.Status,)</visible>
      <animation effect="Fade" time="250">WindowOpen</animation>
      <animation effect="Fade" time="100">WindowClose</animation>
    </control>
    <control Style="smallTitleB">
      <type>label</type>
      <posX>26</posX>
      <posY>302</posY>
      <width>248</width>
      <label>#MPEI.Translation.ReleaseDate.Label</label>
      <visible>facadeview.list+!string.starts(#MPE.Selected.ReleaseDate, #MPE.)+!string.equals(#MPE.Selected.ReleaseDate,)</visible>
      <animation effect="Fade" time="250">WindowOpen</animation>
      <animation effect="Fade" time="100">WindowClose</animation>
    </control>
    <control Style="smallTitle">
      <type>fadelabel</type>
      <posX>250</posX>
      <posY>303</posY>
      <width>428</width>
      <label>#MPE.Selected.ReleaseDate</label>
      <visible>facadeview.list+!string.starts(#MPE.Selected.ReleaseDate, #MPE.)+!string.equals(#MPE.Selected.ReleaseDate,)</visible>
      <animation effect="Fade" time="250">WindowOpen</animation>
      <animation effect="Fade" time="100">WindowClose</animation>
    </control>
    
    <control>
      <description>Selected item Background</description>
      <type>image</type>
      <id>0</id>
      <posX>0</posX>
      <posY>675</posY>
      <width>1280</width>
      <height>47</height>
      <texture>imagestreamtitle.png</texture>
      <animation effect="fade" time="300" delay="300">WindowOpen</animation>
      <animation effect="fade" time="230" delay="0">WindowClose</animation>
    </control>
    <control>
      <description>Selected item Label</description>
      <type>fadelabel</type>
      <id>1</id>
      <posX>25</posX>
      <posY>684</posY>
      <width>950</width>
      <font>mediastream16tc</font>
      <label>#selecteditem</label>
      <animation effect="fade" time="300" delay="300">WindowOpen</animation>
      <animation effect="fade" time="230" delay="0">WindowClose</animation>
    </control>
    <control>
      <description>Page Count Background</description>
      <type>image</type>
      <id>0</id>
      <posX>1010</posX>
      <posY>683</posY>
      <width>260</width>
      <height>32</height>
      <texture>mediacountbg_Spin.png</texture>      
      <animation effect="fade" time="250">WindowOpen</animation>
      <animation effect="fade" time="250">WindowClose</animation>
      <animation effect="slide" time="150" start="800,0">WindowOpen</animation>
      <animation effect="slide" time="250" end="800,0">WindowClose</animation>
    </control>
    <control>
      <description>Page Count Label</description>
      <type>label</type>
      <label>30009</label>
      <id>0</id>
      <posX>1020</posX>
      <posY>688</posY>
      <font>mediastream12tc</font>
      <textcolor>ff909090</textcolor>
      <animation effect="fade" time="250">WindowOpen</animation>
      <animation effect="fade" time="250">WindowClose</animation>
      <animation effect="slide" time="150" start="800,0">WindowOpen</animation>
      <animation effect="slide" time="250" end="800,0">WindowClose</animation>
    </control>
    <control>
      <description>Item Count Background</description>
      <type>image</type>
      <id>0</id>
      <posX>1065</posX>
      <posY>13</posY>
      <width>202</width>
      <height>28</height>
      <texture>mediacountbg.png</texture>
      <animation effect="fade" time="250">WindowOpen</animation>
      <animation effect="fade" time="250">WindowClose</animation>
      <animation effect="slide" time="150" start="800,0">WindowOpen</animation>
      <animation effect="slide" time="250" end="800,0">WindowClose</animation>
    </control>
    <control>
      <description>Items Translation</description>
      <type>label</type>
      <label>507</label>
      <id>0</id>
      <width>90</width>
      <posX>1077</posX>
      <posY>17</posY>
      <align>left</align>
      <font>mediastream10tc</font>
      <textcolor>ff909090</textcolor>
      <animation effect="fade" time="250">WindowOpen</animation>
      <animation effect="fade" time="250">WindowClose</animation>
      <animation effect="slide" time="150" start="800,0">WindowOpen</animation>
      <animation effect="slide" time="250" end="800,0">WindowClose</animation>
    </control>
    <control>
      <description>Item Count</description>
      <type>label</type>
      <label>#itemcount</label>
      <id>0</id>
      <posX>1240</posX>
      <posY>16</posY>
      <font>mediastream10c</font>
      <textcolor>ff006698</textcolor>
      <align>right</align>
      <animation effect="fade" time="250">WindowOpen</animation>
      <animation effect="fade" time="250">WindowClose</animation>
      <animation effect="slide" time="150" start="800,0">WindowOpen</animation>
      <animation effect="slide" time="250" end="800,0">WindowClose</animation>      
    </control>
    <control>
      <description>group element</description>
      <type>group</type>
      <animation effect="fade" time="250">WindowOpen</animation>
      <animation effect="fade" time="250">WindowClose</animation>
      <animation effect="slide" time="250" start="800,0">WindowOpen</animation>
      <animation effect="slide" time="250" end="800,0">WindowClose</animation>
      <control>
        <type>facadeview</type>
        <id>50</id>
        <control>
          <description>List</description>
          <type>listcontrol</type>
          <id>50</id>
          <posX>690</posX>
          <posY>240</posY>
          <height>480</height>
          <width>660</width>
          <onleft>2</onleft>
          <onright>2</onright>
          <scrollOffset>4</scrollOffset>
          <itemWidth>42</itemWidth>
          <itemHeight>32</itemHeight>
          <IconXOff>-30</IconXOff>
          <IconYOff>7</IconYOff>
          <font2>mediastream10</font2>
          <keepaspectratio>yes</keepaspectratio>
          <spinPosX>1172</spinPosX>
          <spinPosY>681</spinPosY>
          <spinAlign>Right</spinAlign>
          <textureUp>arrow_round_up_nofocus.png</textureUp>
          <textureDown>arrow_round_down_nofocus.png</textureDown>
          <textureUpFocus>arrow_round_up_focus.png</textureUpFocus>
          <textureDownFocus>arrow_round_down_focus.png</textureDownFocus>
          <spinWidth>50</spinWidth>
          <spinHeight>37</spinHeight>
          <suffix>|</suffix>
        </control>
        <control>
          <description>Thumbnail Panel</description>
          <type>thumbnailpanel</type>
          <id>50</id>
          <posX>30</posX>
          <posY>240</posY>
          <width>1270</width>
          <height>475</height>
          <scrollOffset>0</scrollOffset>
          <onleft>2</onleft>
          <onright>2</onright>
          <frameNoFocus>imagebg.png</frameNoFocus>
          <frameFocus>thumbborder5.png</frameFocus>
          <!-- Small Icons -->
          <itemWidth>135</itemWidth>
          <itemHeight>110</itemHeight>
          <textureWidth>131</textureWidth>
          <textureHeight>100</textureHeight>
          <thumbWidth>121</thumbWidth>
          <thumbHeight>92</thumbHeight>
          <thumbPosX>5</thumbPosX>
          <thumbPosY>4</thumbPosY>
          <!-- Large Icons -->
          <itemWidthBig>243</itemWidthBig>
          <itemHeightBig>200</itemHeightBig>
          <textureWidthBig>240</textureWidthBig>
          <textureHeightBig>180</textureHeightBig>
          <thumbWidthBig>221</thumbWidthBig>
          <thumbHeightBig>166</thumbHeightBig>
          <thumbPosXBig>9</thumbPosXBig>
          <thumbPosYBig>7</thumbPosYBig>
          <!-- Page Spin Buttons -->
          <textureUp>arrow_round_up_nofocus.png</textureUp>
          <textureDown>arrow_round_down_nofocus.png</textureDown>
          <textureUpFocus>arrow_round_up_focus.png</textureUpFocus>
          <textureDownFocus>arrow_round_down_focus.png</textureDownFocus>
          <spinPosX>1172</spinPosX>
          <spinPosY>681</spinPosY>
          <spinWidth>50</spinWidth>
          <spinHeight>37</spinHeight>
          <spinAlign>Right</spinAlign>
          <spinColor>ff006698</spinColor>
          <spinCanFocus>no</spinCanFocus>
        </control>
      </control>
    </control>
    <import>common.overlays2.xml</import>
  </controls>
</window>
<!--Checksum:111d01cd2fb5864e3203e2146b672f7d-->