﻿<?xml version="1.0" encoding="utf-8" standalone="yes"?>
<window>
  <id>803</id>
  <defaultcontrol>50</defaultcontrol>
  <allowoverlay>no</allowoverlay>
  <define>#header.label:14001</define>
  <define>#header.extension.label:#MPE.Selected.Name</define>
  <define>#header.hover:hover_extensions.png</define>
  <define>#header.BG.overlay:mainoverlay.png</define>
  <define>#header.BG.colordiffuse:ffffffff</define>
  <controls>
    <control>
      <id>1</id>
      <description>Background Image</description>
      <type>image</type>
      <posX>0</posX>
      <posY>0</posY>
      <width>1280</width>
      <height>720</height>
      <texture>#header.hover</texture>
      <colordiffuse>#header.BG.colordiffuse</colordiffuse>
    </control>
    <control>
      <id>1</id>
      <description>Overlay Image</description>
      <type>image</type>
      <posX>0</posX>
      <posY>0</posY>
      <width>1281</width>
      <height>720</height>
      <texture>#header.BG.overlay</texture>
    </control>
    <control>
      <description>Top Title Extension Background</description>
      <type>image</type>
      <id>0</id>
      <posX>431</posX>
      <posY>11</posY>
      <width>456</width>
      <height>36</height>
      <texture>tvtitlebg.png</texture>
      <animation effect="slide" start="-514,0" end="0,0" tween="quadratic" time="300" delay="300">WindowOpen</animation>
      <animation effect="slide" start="0,0" end="-514,0" tween="quadratic" time="600" delay="0">WindowClose</animation>
      <animation effect="fade" time="250" delay="0">WindowOpen</animation>
      <animation effect="fade" time="250" delay="0">WindowClose</animation>
    </control>
    <control>
      <id>1</id>
      <description>Top Title Background</description>
      <type>image</type>
      <posX>77</posX>
      <posY>11</posY>
      <width>437</width>
      <height>35</height>
      <texture>tvtitlebg.png</texture>
      <animation effect="slide" start="-514,0" end="0,0" tween="quadratic" time="300" delay="0">WindowOpen</animation>
      <animation effect="slide" start="0,0" end="-514,0" tween="quadratic" time="300" delay="0">WindowClose</animation>
      <animation effect="fade" time="150">WindowClose</animation>
    </control>
    <control>
      <id>1</id>
      <type>fadelabel</type>
      <description>Top Title</description>
      <posX>493</posX>
      <posY>13</posY>
      <width>350</width>
      <font>mediastream12c</font>
      <align>right</align>
      <visible>yes</visible>
      <label>#header.label</label>
      <animation effect="slide" start="-514,0" end="0,0" tween="quadratic" time="300" delay="0">WindowOpen</animation>
      <animation effect="slide" start="0,0" end="-514,0" tween="quadratic" time="300" delay="0">WindowClose</animation>
      <animation effect="fade" time="150">WindowClose</animation>
    </control>
    <control>
      <description>Top Extension Title</description>
      <type>fadelabel</type>
      <id>1</id>
      <posX>852</posX>
      <posY>13</posY>
      <width>340</width>
      <font>mediastream12c</font>
      <align>right</align>
      <label>#header.extension.label</label>
      <wrapString> |  </wrapString>
      <scrollStartDelaySec>10</scrollStartDelaySec>
      <visible>yes</visible>
      <animation effect="slide" start="-514,0" end="0,0" tween="bounce" time="700" delay="300">WindowOpen</animation>
      <animation effect="slide" start="0,0" end="-514,0" tween="quadratic" time="600" delay="0">WindowClose</animation>
      <animation effect="fade" time="250" delay="0">WindowOpen</animation>
      <animation effect="fade" time="250" delay="0">WindowClose</animation>
    </control>
    <import>common.time.xml</import>
    <control>
      <type>image</type>
      <id>0</id>
      <posX>0</posX>
      <posY>675</posY>
      <width>1280</width>
      <height>47</height>
      <texture>imagestreamtitle.png</texture>
      <animation effect="fade" time="250" delay="0">WindowClose</animation>
    </control>
    <control>
      <type>fadelabel</type>
      <id>1</id>
      <posX>40</posX>
      <posY>684</posY>
      <width>940</width>
      <label>#selecteditem</label>
      <font>mediastream16tc</font>
      <textcolor>White</textcolor>
      <animation effect="fade" time="250" delay="0">WindowClose</animation>
    </control>
    <control>
      <description>Page Count Background</description>
      <type>image</type>
      <id>0</id>
      <posX>1013</posX>
      <posY>684</posY>
      <width>260</width>
      <height>30</height>
      <texture>mediacountbg_Spin.png</texture>
      <animation effect="fade" time="250" delay="0">WindowClose</animation>
    </control>
    <control>
      <description>Page Label</description>
      <type>label</type>
      <label>30009</label>
      <id>0</id>
      <posX>1023</posX>
      <posY>688</posY>
      <font>mediastream12tc</font>
      <textcolor>ff909090</textcolor>
      <animation effect="fade" time="250" delay="0">WindowClose</animation>
    </control>
    <control>
      <description>Item Count Background</description>
      <type>image</type>
      <id>0</id>
      <posX>1065</posX>
      <posY>13</posY>
      <width>202</width>
      <height>28</height>
      <texture>mediacountbg.png</texture>
      <animation effect="fade" time="250">WindowOpen</animation>
      <animation effect="fade" time="250">WindowClose</animation>
      <animation effect="slide" time="150" start="800,0">WindowOpen</animation>
      <animation effect="slide" time="250" end="800,0">WindowClose</animation>
    </control>
    <control>
      <description>Items Translation</description>
      <type>label</type>
      <label>897</label>
      <id>0</id>
      <width>90</width>
      <posX>1077</posX>
      <posY>17</posY>
      <align>left</align>
      <font>mediastream10tc</font>
      <textcolor>ff909090</textcolor>
      <animation effect="fade" time="250">WindowOpen</animation>
      <animation effect="fade" time="250">WindowClose</animation>
      <animation effect="slide" time="150" start="800,0">WindowOpen</animation>
      <animation effect="slide" time="250" end="800,0">WindowClose</animation>
    </control>
    <control>
      <description>Item Count</description>
      <type>label</type>
      <label>#itemcount</label>
      <id>0</id>
      <posX>1240</posX>
      <posY>16</posY>
      <font>mediastream10c</font>
      <textcolor>ff006698</textcolor>
      <align>right</align>
      <animation effect="fade" time="250">WindowOpen</animation>
      <animation effect="fade" time="250">WindowClose</animation>
      <animation effect="slide" time="150" start="800,0">WindowOpen</animation>
      <animation effect="slide" time="250" end="800,0">WindowClose</animation>      
    </control>
    <control>
      <type>group</type>
      <description>group element</description>
      <posX>30</posX>
      <posY>250</posY>      
      <layout>StackLayout</layout>
      <control>
        <description>Sections</description>
        <type>button</type>
        <id>2</id>
        <label>#MPEI.Translation.Sections.Label</label>
        <onup>17</onup>
        <ondown>2</ondown>
        <onright>50</onright>
        <onleft>50</onleft>
        <textcolor>ffffffff</textcolor>
        <textcolorNoFocus>bfffffff</textcolorNoFocus>
        <font>mediastream12tc</font>
        <height>40</height>
        <width>280</width>
        <textYOff>8</textYOff>
        <textXOff>20</textXOff>
        <textureFocus>tv_button_focus.png</textureFocus>
        <textureNoFocus>tv_button_ no_focus.png</textureNoFocus>
        <animation effect="fade" time="250">WindowOpen</animation>
        <animation effect="fade" time="250">WindowClose</animation>
      </control>
    </control>  
    <control>
      <description>group element</description>
      <type>group</type>
      <animation effect="fade" time="250">WindowOpen</animation>
      <animation effect="fade" time="250">WindowClose</animation>
      <animation effect="slide" time="150" start="800,0">WindowOpen</animation>
      <animation effect="slide" time="250" end="800,0">WindowClose</animation>
      <control>
        <type>facadeview</type>
        <id>50</id>
        <control>
          <type>listcontrol</type>
          <id>50</id>
          <onleft>2</onleft>
          <onright>50</onright>
          <posX>356</posX>
          <posY>240</posY>
          <width>900</width>
          <height>340</height>
          <textXOff2>880</textXOff2>
          <spinPosX>1175</spinPosX>
          <spinPosY>681</spinPosY>
          <spinAlign>Right</spinAlign>
          <spinColor>ff006698</spinColor>
          <spinWidth>50</spinWidth>
          <spinHeight>37</spinHeight>
          <spinCanFocus>no</spinCanFocus>
          <textureUp>arrow_round_up_nofocus.png</textureUp>
          <textureDown>arrow_round_down_nofocus.png</textureDown>
          <textureUpFocus>arrow_round_up_focus.png</textureUpFocus>
          <textureDownFocus>arrow_round_down_focus.png</textureDownFocus>
        </control>
      </control>
    </control>    
		<control>
      <type>textboxscrollup</type>
      <posX>335</posX>
      <posY>560</posY>
      <width>915</width>
      <height>100</height>
      <font>mediastream11</font>
      <label>#MPE.Selection.Description</label>
      <animation effect="Fade" time="250">WindowOpen</animation>
      <animation effect="Fade" time="100">WindowClose</animation>
    </control>
    <import>common.overlays2.xml</import>
  </controls>
</window>
<!--Checksum:515c6c09296b7b086d2434cee512fed5-->