﻿<?xml version="1.0" encoding="utf-8"?>
<profile>
  <section name="ID0000">
    <entry name="LogosPath">
    </entry>
    <entry name="LogoPresets">Use Logos of currently selected skin</entry>
    <entry name="Spacing">2</entry>
  </section>
  <section name="ID2001">
    <entry name="ID2001_0">VideoFormat;contains;div;or;VideoFormat;contains;dx;MediaInfo\Textual\Video\DIVX.png</entry>
    <entry name="ID2001_1">VideoFormat;contains;xvid;;;;;MediaInfo\Textual\Video\XVID.png</entry>
    <entry name="ID2001_2">VideoFormat;contains;h264;or;VideoFormat;contains;avc;MediaInfo\Textual\Video\H264.png</entry>
    <entry name="ID2001_3">VideoFormat;contains;wmv;;;;;MediaInfo\Textual\Video\WMV.png</entry>
    <entry name="ID2001_4">VideoFormat;contains;vc-1;;;;;MediaInfo\Textual\Video\VC-1.png</entry>
    <entry name="ID2001_5">VideoFormat;contains;vp6;;;;;MediaInfo\Textual\Video\VP6.png</entry>
    <entry name="ID2001_6">VideoFormat;contains;mp4;or;VideoFormat;contains;mpeg 4;MediaInfo\Textual\Video\MP4V.png</entry>
    <entry name="ID2001_7">VideoFormat;contains;mpeg2;or;VideoFormat;contains;mpeg-2;MediaInfo\Textual\Video\MPEG VIDEO VERSION 2.png</entry>
    <entry name="ID2001_8">VideoFormat;contains;sorenson;or;VideoFormat;contains;svq;MediaInfo\Textual\Video\sorenson 3.png</entry>
    <entry name="ID2001_9">VideoFormat;contains;flash;;;;;MediaInfo\Textual\Video\FLASH.png</entry>
    <entry name="ID2001_10">VideoFormat;contains;real;;;;;MediaInfo\Textual\Video\REAL.png</entry>
    <entry name="ID2001_11">Resolution;contains;1920x;;;;;MediaInfo\Textual\Video\1080p.png</entry>
    <entry name="ID2001_12">Resolution;contains;1280x;;;;;MediaInfo\Textual\Video\720p.png</entry>
    <entry name="ID2001_13">Resolution;contains;960x;;;;;MediaInfo\Textual\Video\SD 540P.png</entry>
    <entry name="ID2001_14">AudioFormat;contains;a_mpeg;or;AudioFormat;contains;mpa1l3;MediaInfo\Textual\Audio\MPEG AUDIO VERSION 1 LAYER 3.png</entry>
    <entry name="ID2001_15">AudioFormat;contains;layer 2;;;;;MediaInfo\Textual\Audio\MPEG AUDIO VERSION 1 LAYER 2.png</entry>
    <entry name="ID2001_16">AudioFormat;contains;mpeg2;or;AudioFormat;contains;mpa1l2;MediaInfo\Textual\Audio\MPEG AUDIO VERSION 1 LAYER 2.png</entry>
    <entry name="ID2001_17">AudioFormat;contains;mp3;or;AudioFormat;contains;layer 3;MediaInfo\Textual\Audio\MPEG AUDIO VERSION 1 LAYER 3.png</entry>
    <entry name="ID2001_18">AudioFormat;contains;ac3;or;;;;MediaInfo\Textual\Audio\AC3.png</entry>
    <entry name="ID2001_19">AudioFormat;contains;dts;;;;;MediaInfo\Textual\Audio\DTS.png</entry>
    <entry name="ID2001_20">AudioFormat;contains;acc;;;;;MediaInfo\Textual\Audio\AAC.png</entry>
    <entry name="ID2001_21">AudioFormat;contains;flac;;;;;MediaInfo\Textual\Audio\FLAC.png</entry>
    <entry name="ID2001_22">AudioFormat;contains;wma2;;;;;MediaInfo\Textual\Audio\WMA.png</entry>
    <entry name="ID2001_23">AudioFormat;contains;truehd;;;;;MediaInfo\Textual\Audio\TrueHD.png</entry>
    <entry name="ID2001_24">AudioFormat;contains;vorbis;;;;;MediaInfo\Textual\Audio\VORBIS.png</entry>
    <entry name="ID2001_25">AudioFormat;contains;pcm;;;;;MediaInfo\Textual\Audio\PCM.png</entry>
    <entry name="ID2001_26">AudioFormat;contains;real;;;;;MediaInfo\Textual\Audio\REAL.png</entry>
    <entry name="ID2001_27">Source;contains;bluray;;;;;MediaInfo\Textual\Misc\BluRay.png</entry>
    <entry name="ID2001_28">Source;contains;hdtv;;;;;MediaInfo\Textual\Misc\HDTV.png</entry>
    <entry name="ID2001_29">Source;contains;dvd;;;;;MediaInfo\Textual\Misc\DVD.png</entry>
    <entry name="ID2001_30">Source;contains;hddvd;;;;;MediaInfo\Textual\Misc\HDDVD.png</entry>
    <entry name="ID2001_31">Source;contains;svcd;;;;;MediaInfo\Textual\Misc\SVCD.png</entry>
    <entry name="ID2001_32">Source;contains;web-dl;or;Source;contains;itunes;MediaInfo\Textual\Misc\WEB-DL.png</entry>
    <entry name="ID2001_33">Subtitles;filled;;;;;;MediaInfo\Textual\Misc\SUBTITLES.png</entry>
  </section>
  <section name="ID2002">
    <entry name="ID2002_0">Category;contains;action;;;;;Action.png</entry>
    <entry name="ID2002_1">Category;contains;adventure;;;;;Adventure.png</entry>
    <entry name="ID2002_2">Category;contains;animat;;;;;Animation.png</entry>
    <entry name="ID2002_3">Category;contains;biography;;;;;Biography.png</entry>
    <entry name="ID2002_4">Category;contains;comedy;;;;;Comedy.png</entry>
    <entry name="ID2002_5">Category;contains;crime;;;;;Crime.png</entry>
    <entry name="ID2002_6">Category;contains;documentary;;;;;Documentary.png</entry>
    <entry name="ID2002_7">Category;contains;drama;;;;;Drama.png</entry>
    <entry name="ID2002_8">Category;contains;family;;;;;Family.png</entry>
    <entry name="ID2002_9">Category;contains;fantasy;;;;;Fantasy.png</entry>
    <entry name="ID2002_10">Category;contains;noir;;;;;Film Noir.png</entry>
    <entry name="ID2002_11">Category;contains;history;;;;;History.png</entry>
    <entry name="ID2002_12">Category;contains;horror;;;;;Horror.png</entry>
    <entry name="ID2002_13">Category;equal;music;;;;;Music.png</entry>
    <entry name="ID2002_14">Category;contains;musical;;;;;Musical.png</entry>
    <entry name="ID2002_15">Category;contains;mystery;;;;;Mystery.png</entry>
    <entry name="ID2002_16">Category;contains;romance;;;;;Romance.png</entry>
    <entry name="ID2002_17">Category;contains;sci-fi;;;;;SciFi.png</entry>
    <entry name="ID2002_18">Category;contains;sport;;;;;Sport.png</entry>
    <entry name="ID2002_19">Category;contains;thriller;;;;;Thriller.png</entry>
    <entry name="ID2002_20">Category;contains;war;;;;;War.png</entry>
    <entry name="ID2002_21">Category;contains;western;;;;;Western.png</entry>
  </section>
</profile>
<!--Checksum:c27705795f575c7399fb04979274b635-->