﻿<?xml version="1.0" encoding="utf-8"?>
<window>
  <controls>
    <control>
      <type>image</type>
      <id>0</id>
      <posX>0</posX>
      <posY>1012</posY>
      <width>1920</width>
      <height>70</height>
      <texture>imagestreamtitle.png</texture>
      <animation effect="fade" time="250" delay="0">WindowClose</animation>
      <animation effect="fade" time="250" delay="0">WindowOpen</animation>
      <visible>[facadeview.list|facadeview.album]+control.isvisible(50)</visible>
    </control>
    <control>
      <description>Movie Cover Art</description>
      <type>image</type>
      <id>1155</id>
      <posX>46</posX>
      <posY>381</posY>
      <width>385</width>
      <height>570</height>
      <texture>#myfilms.coverimage</texture>
      <visible>[facadeview.list|facadeview.album]+control.isvisible(50)+!control.isvisible(34)</visible>
      <animation effect="fade" time="250" delay="0">WindowOpen</animation>
      <animation effect="fade" time="250" delay="0">WindowClose</animation>
    </control>
    <control>
      <description>Cover Art Glass Overlay</description>
      <type>image</type>
      <id>0</id>
      <posX>46</posX>
      <posY>381</posY>
      <width>342</width>
      <height>265</height>
      <texture>glassoverlay2.png</texture>
      <visible>[facadeview.list|facadeview.album]+control.isvisible(50)+!control.isvisible(34)+control.hasthumb(1155)</visible>
      <animation effect="fade" time="250" delay="0">WindowClose</animation>
      <animation effect="fade" time="250" delay="0">WindowOpen</animation>
    </control>
    <control>
      <description>Watched Icon Background</description>
      <type>image</type>
      <id>0</id>
      <posX>384</posX>
      <posY>426</posY>
      <width>48</width>
      <height>58</height>
      <texture>#StreamedMP.Icons.Background</texture>
      <visible>[facadeview.list|facadeview.album]+control.isvisible(50)+!control.isvisible(34)+control.hasthumb(1155)</visible>
      <animation effect="fade" time="250" delay="0">WindowClose</animation>
      <animation effect="fade" time="250" delay="0">WindowOpen</animation>
    </control>
    <control>
      <description>Watched Icon</description>
      <type>image</type>
      <id>0</id>
      <posX>394</posX>
      <posY>430</posY>
      <width>36</width>
      <height>36</height>
      <texture>#StreamedMP.Icons.Watched</texture>
      <visible>[facadeview.list|facadeview.album]+control.isvisible(50)+!control.isvisible(34)+string.contains(#myfilms.user.watched.value)+!string.contains(#myfilms.globalfilter.unwatched,True)+control.hasthumb(1155)</visible>
      <animation effect="fade" time="250" delay="0">WindowClose</animation>
      <animation effect="fade" time="250" delay="0">WindowOpen</animation>
    </control>
    <control>
      <description>Un-Watched Icon</description>
      <type>image</type>
      <id>0</id>
      <posX>394</posX>
      <posY>430</posY>
      <width>36</width>
      <height>36</height>
      <texture>#StreamedMP.Icons.UnWatched</texture>
      <visible>[facadeview.list|facadeview.album]+control.isvisible(50)+!control.isvisible(34)+!string.contains(#myfilms.user.watched.value)+!string.contains(#myfilms.globalfilter.unwatched,True)+control.hasthumb(1155)</visible>
      <animation effect="fade" time="250" delay="0">WindowClose</animation>
      <animation effect="fade" time="250" delay="0">WindowOpen</animation>
    </control>
    <control>
      <description>Group View Thumb</description>
      <type>image</type>
      <id>1</id>
      <posX>46</posX>
      <posY>381</posY>
      <width>385</width>
      <height>570</height>
      <texture>#myfilms.groupcoverimage</texture>
      <keepaspectratio>yes</keepaspectratio>
      <valign>middle</valign>
      <visible>[facadeview.list|facadeview.album]+control.isvisible(50)+control.isvisible(34)</visible>
      <animation effect="fade" time="250" delay="0">WindowOpen</animation>
      <animation effect="fade" time="250" delay="0">WindowClose</animation>
    </control>
    <control>
      <description>Movie Title</description>
      <type>label</type>
      <id>0</id>
      <posX>462</posX>
      <posY>376</posY>
      <width>585</width>
      <font>mediastream16tc</font>
      <label>#selecteditem</label>
      <textcolor>ffFFFFFF</textcolor>
      <shadowAngle>45</shadowAngle>
      <shadowDistance>6</shadowDistance>
      <shadowColor>#shadow.light</shadowColor>
      <visible>[facadeview.list|facadeview.album]+control.isvisible(50)+!control.isvisible(34)</visible>
      <animation effect="fade" time="250" delay="0">WindowOpen</animation>
      <animation effect="fade" time="250" delay="0">WindowClose</animation>
    </control>
    <control>
      <description>Genres</description>
      <type>label</type>
      <label>#myfilms.db.category.value</label>
      <id>0</id>
      <posX>463</posX>
      <posY>423</posY>
      <width>585</width>
      <font>mediastream11tc</font>
      <textcolor>ff909090</textcolor>
      <shadowAngle>45</shadowAngle>
      <shadowDistance>4</shadowDistance>
      <shadowColor>#shadow.dark</shadowColor>
      <visible>[facadeview.list|facadeview.album]+control.isvisible(50)+!control.isvisible(34)</visible>
      <animation effect="fade" time="250" delay="0">WindowOpen</animation>
      <animation effect="fade" time="250" delay="0">WindowClose</animation>
    </control>
    <control>
      <id>0</id>
      <type>label</type>
      <label>#(string.format('{0:0.0} / 10', cflt(#myfilms.db.rating.value)))</label>
      <posX>660</posX>
      <posY>457</posY>
      <width>300</width>
      <align>left</align>
      <font>mediastream11c</font>
      <shadowAngle>45</shadowAngle>
      <shadowDistance>3</shadowDistance>
      <shadowColor>#shadow.light</shadowColor>
      <visible>[facadeview.list|facadeview.album]+control.isvisible(50)+!control.isvisible(34)+!string.equals(#myfilms.db.rating.value,)+!string.equals(#myfilms.db.rating.value,0.0)</visible>
      <animation effect="fade" time="250" delay="0">WindowOpen</animation>
      <animation effect="fade" time="250" delay="0">WindowClose</animation>
    </control>
    <control>
      <description>Star Rating Image</description>
      <type>imagelist</type>
      <id>0</id>
      <width>172</width>
      <height>33</height>
      <posX>463</posX>
      <posY>457</posY>
      <textureWidth>36</textureWidth>
      <textureHeight>36</textureHeight>
      <subitems>
        <subitem>starwhitehollow.png</subitem>
        <subitem>starwhite.png</subitem>
      </subitems>
      <orientation>horizontal</orientation>
      <align>left</align>
      <imagesToDraw>5</imagesToDraw>
      <percentage>#myfilms.db.rating.value</percentage>
      <visible>[facadeview.list|facadeview.album]+control.isvisible(50)+!control.isvisible(34)+!string.equals(#myfilms.db.rating.value,)</visible>
      <animation effect="fade" time="250">WindowOpen</animation>
      <animation effect="fade" time="250">WindowClose</animation>
    </control>
    <control>
      <description>Summary</description>
      <type>textboxscrollup</type>
      <id>0</id>
      <posX>462</posX>
      <posY>507</posY>
      <width>600</width>
      <height>334</height>
      <textcolor>ffFFFFFF</textcolor>
      <seperator>-----------------------------------------------------------------------------------</seperator>
      <font>mediastream11</font>
      <label>#myfilms.db.description.value</label>
      <visible>[facadeview.list|facadeview.album]+control.isvisible(50)+!control.isvisible(34)</visible>
      <animation effect="fade" time="250" delay="0">WindowOpen</animation>
      <animation effect="fade" time="250" delay="0">WindowClose</animation>
    </control>
    <control Style="smallTitleB">
      <description>User Item 2 Label</description>
      <id>0</id>
      <type>label</type>
      <label>#myfilms.user.item2.label</label>
      <posX>465</posX>
      <posY>858</posY>
      <width>210</width>
      <visible>[facadeview.list|facadeview.album]+control.isvisible(50)+!control.isvisible(34)+!string.equals(#myfilms.user.item2.value,)</visible>
      <animation effect="fade" time="250" delay="0">WindowOpen</animation>
      <animation effect="fade" time="250" delay="0">WindowClose</animation>
    </control>
    <control Style="smallTitle">
      <description>User Item 2</description>
      <id>0</id>
      <type>label</type>
      <label>#myfilms.user.item2.value</label>
      <posX>705</posX>
      <posY>859</posY>
      <width>300</width>
      <visible>[facadeview.list|facadeview.album]+control.isvisible(50)+!control.isvisible(34)</visible>
      <animation effect="fade" time="250" delay="0">WindowOpen</animation>
      <animation effect="fade" time="250" delay="0">WindowClose</animation>
    </control>
    <control Style="smallTitleB">
      <description>User Item 3 Label</description>
      <id>0</id>
      <type>label</type>
      <label>#myfilms.user.item3.label</label>
      <posX>465</posX>
      <posY>891</posY>
      <width>210</width>
      <visible>[facadeview.list|facadeview.album]+control.isvisible(50)+!control.isvisible(34)+!string.equals(#myfilms.user.item3.value,)</visible>
      <animation effect="fade" time="250" delay="0">WindowOpen</animation>
      <animation effect="fade" time="250" delay="0">WindowClose</animation>
    </control>
    <control Style="smallTitle">
      <description>User Item 3</description>
      <id>0</id>
      <type>label</type>
      <label>#myfilms.user.item3.value</label>
      <posX>705</posX>
      <posY>892</posY>
      <width>300</width>
      <visible>[facadeview.list|facadeview.album]+control.isvisible(50)+!control.isvisible(34)</visible>
      <animation effect="fade" time="250" delay="0">WindowOpen</animation>
      <animation effect="fade" time="250" delay="0">WindowClose</animation>
    </control>
    <control Style="smallTitleB">
      <description>User Item 5 Label</description>
      <type>label</type>
      <label>#myfilms.user.item5.label</label>
      <posX>465</posX>
      <posY>924</posY>
      <width>210</width>
      <visible>[facadeview.list|facadeview.album]+control.isvisible(50)+!control.isvisible(34)+!string.equals(#myfilms.user.item5.value,)</visible>
      <animation effect="fade" time="250" delay="0">WindowOpen</animation>
      <animation effect="fade" time="250" delay="0">WindowClose</animation>
    </control>
    <control Style="smallTitle">
      <description>User Item 5</description>
      <id>0</id>
      <type>label</type>
      <label>#myfilms.user.item5.value</label>
      <posX>705</posX>
      <posY>925</posY>
      <width>300</width>
      <visible>[facadeview.list|facadeview.album]+control.isvisible(50)+!control.isvisible(34)</visible>
      <animation effect="fade" time="250" delay="0">WindowOpen</animation>
      <animation effect="fade" time="250" delay="0">WindowClose</animation>
    </control>
  </controls>
</window>
<!--Checksum:276307c9d9df199e57202698e1f78380-->