﻿<?xml version="1.0" encoding="utf-8"?>
<window>
  <controls>
    <control>
      <description>Details View</description>
      <type>listcontrol</type>
      <id>51</id>
      <onright>51</onright>
      <onleft>97258</onleft>
      <posX>820</posX>
      <posY>300</posY>
      <width>460</width>
      <height>410</height>
      <textXOff2>440</textXOff2>
      <spinWidth>50</spinWidth>
      <spinHeight>37</spinHeight>
      <spinPosX>1172</spinPosX>
      <spinPosY>681</spinPosY>
      <spinAlign>Right</spinAlign>
      <spinColor>ff006698</spinColor>
      <textureUp>arrow_round_up_nofocus.png</textureUp>
      <textureDown>arrow_round_down_nofocus.png</textureDown>
      <textureUpFocus>arrow_round_up_focus.png</textureUpFocus>
      <textureDownFocus>arrow_round_down_focus.png</textureDownFocus>
      <visible>string.equals(#OnlineVideos.state,details)</visible>
      <animation effect="fade" time="250">WindowOpen</animation>
      <animation effect="fade" time="250">WindowClose</animation>
    </control>
    <control>
      <description>Add to Trakt Movie Watch List</description>
      <type>button</type>
      <id>97258</id>
      <label>#Trakt.Translation.AddToWatchList.Label</label>
      <onup>51</onup>
      <ondown>51</ondown>
      <onright>51</onright>
      <onleft>51</onleft>
      <posX>20</posX>
      <posY>632</posY>
      <width>270</width>
      <height>32</height>
      <textcolor>ffffffff</textcolor>
      <font>mediastream10tc</font>
      <textYOff>0</textYOff>
      <textXOff>40</textXOff>
      <textalign>left</textalign>
      <textvalign>middle</textvalign>
      <scrollStartDelaySec>1</scrollStartDelaySec>
      <scrollWrapString>|</scrollWrapString>
      <textcolorNoFocus>bfffffff</textcolorNoFocus>
      <textureFocus>tv_button_focus.png</textureFocus>
      <textureNoFocus>tv_button_ no_focus.png</textureNoFocus>
      <visible>string.equals(#OnlineVideos.state,details)+[string.equals(#OnlineVideos.selectedSiteUtil,IMDB)|string.equals(#OnlineVideos.selectedSiteUtil,ITMovieTrailers)]+plugin.isenabled(Trakt)</visible>
      <animation effect="fade" time="250">WindowOpen</animation>
      <animation effect="fade" time="250">WindowClose</animation>
    </control>
  </controls>
</window>
<!--Checksum:df1f962b9689817f6d0111a904986196-->