﻿<?xml version="1.0" encoding="utf-8" standalone="yes"?>
<window>
  <id>4755</id>
  <defaultcontrol>50</defaultcontrol>
  <allowoverlay>no</allowoverlay>
  <define>#header.Extension.label:#OnlineVideos.HeaderLabel</define>
  <define>#header.label:Online Videos</define>
  <define>#header.hover:hover_onlinevideos.png</define>
  <define>#header.BG.colordiffuse:ffffffff</define>
  <define>#header.BG.overlay:mainoverlay.png</define>
  <controls>
    <import>common.window.default.xml</import>
    <control>
      <description>Top Title Extension Background</description>
      <type>image</type>
      <id>1</id>
      <posX>381</posX>
      <posY>11</posY>
      <width>546</width>
      <height>36</height>
      <texture>tvtitlebg.png</texture>
      <visible>!string.equals(#OnlineVideos.state,sites)</visible>
      <animation effect="fade" time="300" delay="300">WindowOpen</animation>
      <animation effect="fade" time="300" delay="0">WindowClose</animation>
      <animation effect="slide" start="-514,0" end="0,0" tween="quadratic" time="300" delay="300">WindowOpen</animation>
      <animation effect="slide" start="0,0" end="-514,0" tween="quadratic" time="600" delay="0">WindowClose</animation>
    </control>
    <control>
      <id>1</id>
      <description>Top Title Background</description>
      <type>image</type>
      <posX>77</posX>
      <posY>11</posY>
      <width>437</width>
      <height>35</height>
      <texture>tvtitlebg.png</texture>
      <visible>!string.equals(#OnlineVideos.state,sites)</visible>
      <animation effect="slide" start="-514,0" end="0,0" tween="quadratic" time="300" delay="0">WindowOpen</animation>
      <animation effect="fade" time="150">WindowClose</animation>
    </control>
    <control>
      <description>Extension label</description>
      <type>fadelabel</type>
      <id>1</id>
      <posX>899</posX>
      <posY>13</posY>
      <width>380</width>
      <align>right</align>
      <label>#header.Extension.label</label>
      <font>mediastream12c</font>
      <align>right</align>
			<scrollStartDelaySec>3600</scrollStartDelaySec>
      <visible>!string.equals(#OnlineVideos.state,sites)</visible>
      <animation effect="fade" time="300" delay="300">WindowOpen</animation>
      <animation effect="fade" time="230" delay="0">WindowClose</animation>
      <animation effect="slide" start="-514,0" end="0,0" tween="bounce" time="700" delay="300">WindowOpen</animation>
      <animation effect="slide" start="0,0" end="-514,0" tween="quadratic" time="600" delay="0">WindowClose</animation>
    </control>
    <control>
      <description>Category Logo (Root Site Menu)</description>
      <type>image</type>
      <id>1</id>
      <posX>28</posX>
      <posY>248</posY>
      <width>250</width>
      <height>83</height>
      <texture>#OnlineVideos.HeaderImage</texture>
      <visible>facadeview.list+!control.isvisible(51)+string.equals(#selectedthumb,)+string.equals(#OnlineVideos.state,videos)+![string.equals(#OnlineVideos.selectedSiteUtil,ITMovieTrailers)|string.equals(#OnlineVideos.selectedSiteUtil,IMDb)]</visible>
      <animation effect="fade" time="250">WindowOpen</animation>
      <animation effect="fade" time="250">WindowClose</animation>
    </control>
    <import>myonlinevideos.itunestrailers.xml</import>
    <import>myonlinevideos.imdb.xml</import>
    <import>myonlinevideos.details.common.xml</import>
    <import>myonlinevideos.genericsite.xml</import>
		<import>myonlinevideos.youtube.xml</import>
    <import>myonlinevideos.hiddenmenu.xml</import>
    <import>common.overlays.xml</import>
    <import>myonlinevideos.facade.xml</import>
    <import>common.time.xml</import>
  </controls>
</window>
<!--Checksum:59db717bbe579f37c5ce6bc2a7ea2f4b-->