﻿<?xml version="1.0" encoding="utf-8"?>
<window>
  <controls>
    <control>
			<description>Hidden Menu Indicator</description>
      <type>image</type>
      <posX>1232</posX>
      <posY>50</posY>
      <width>48</width>
      <height>144</height>
      <texture>#StreamedMP.ActionMenu.Image</texture>
      <visible>[control.isvisible(50)|control.isvisible(51)]+![string.equals(#OnlineVideos.state,details)]</visible>
      <animation effect="fade" time="250" delay="0">WindowClose</animation>
    </control>
    <control>
      <type>actiongroup</type>
      <description>action menu</description>
      <onexit>50</onexit>
      <defaultcontrol>2</defaultcontrol>
      <posX>1002</posX>
      <posY>0</posY>
      <width>278</width>
      <height>720</height>
      <buttonX>1231</buttonX>
      <buttonY>55</buttonY>
      <buttonwidth>49</buttonwidth>
      <buttonheight>153</buttonheight>
      <visible>!Control.HasFocus(50)+!control.isvisible(51)</visible>
      <dimColor>00ffffff</dimColor>
      <animation effect="slide" time="200" start="300,0">visible</animation>
      <animation effect="slide" time="0" end="300,0">hidden</animation>
      <control>
        <description>Menu Background</description>
        <type>image</type>
        <posX>1002</posX>
        <posY>0</posY>
        <width>278</width>
        <height>720</height>
        <texture>hiddenmenu_right.png</texture>
      </control>
      <control>
        <description>Views</description>
        <type>label</type>
        <id>0</id>
        <font>mediastream12tc</font>
        <posX>1040</posX>
        <posY>230</posY>
        <label>499</label>
      </control>
      <control>
        <description>Filters</description>
        <type>label</type>
        <id>0</id>
        <font>mediastream12tc</font>
        <posX>1040</posX>
        <posY>283</posY>
        <label>19149</label>
      </control>
      <control>
        <description>OPTIONS</description>
        <type>label</type>
        <id>0</id>
        <font>mediastream12tc</font>
        <posX>1040</posX>
        <posY>455</posY>
        <label>496</label>
      </control>
      <control>
        <description>Button Group</description>
        <type>group</type>
        <posX>1040</posX>
        <posY>250</posY>
        <width>220</width>
        <height>720</height>
        <layout>StackLayout</layout>
        <control>
          <description>Layout</description>
          <type>button</type>
          <id>2</id>
          <label>#OnlineVideos.Translation.LayoutList.Label</label>
          <onup>17</onup>
          <onleft>50</onleft>
          <onright>50</onright>
        </control>
        <control>
          <description>Empty button</description>
          <type>button</type>
          <id>0</id>
          <label>-</label>
          <visible>false</visible>
        </control>
        <control>
          <description>Refresh Search</description>
          <type>button</type>
          <id>8</id>
          <onleft>50</onleft>
          <onright>50</onright>
          <label>#OnlineVideos.Translation.Refresh.Label</label>
          <visible>no</visible>
        </control>
        <control>
          <description>Select Category</description>
          <type>selectbutton</type>
          <id>9</id>
          <onleft>50</onleft>
          <onright>50</onright>
          <label>#OnlineVideos.Translation.Category.Label</label>
          <visible>no</visible>
        </control>
        <control>
          <description>Max Results</description>
          <type>selectbutton</type>
          <id>5</id>
          <onleft>50</onleft>
          <onright>50</onright>
          <label>#OnlineVideos.Translation.MaxResults.Label</label>
          <visible>no</visible>
        </control>
        <control>
          <description>Order By</description>
          <type>selectbutton</type>
          <id>6</id>
          <onleft>50</onleft>
          <onright>50</onright>
          <label>#OnlineVideos.Translation.SortOptions.Label</label>
          <visible>no</visible>
        </control>
        <control>
          <description>TimeFrame</description>
          <type>selectbutton</type>
          <id>7</id>
          <onleft>50</onleft>
          <onright>50</onright>
          <label>#OnlineVideos.Translation.Timeframe.Label</label>
          <visible>no</visible>
        </control>
        <control>
          <description>Empty button</description>
          <type>button</type>
          <id>0</id>
          <label>-</label>
          <visible>false</visible>
        </control>
        <control>
          <description>Search</description>
          <type>button</type>
          <id>10</id>
          <label>#OnlineVideos.Translation.Search.Label</label>
          <onleft>50</onleft>
          <onright>50</onright>
          <visible>no</visible>
        </control>
        <control>
          <description>Do Age Check</description>
          <type>button</type>
          <id>12</id>
          <label>#OnlineVideos.Translation.EnterPin.Label</label>
          <onleft>50</onleft>
          <onright>50</onright>
          <visible>no</visible>
        </control>
        <control>
          <description>Update Sites</description>
          <type>button</type>
          <id>13</id>
          <ondown>98</ondown>
          <onleft>50</onleft>
          <onright>50</onright>
          <label>#OnlineVideos.Translation.ManageSites.Label</label>
          <hyperlink>4757</hyperlink>
          <visible>no</visible>
        </control>
        <control>
          <description>MPEICONFIGURE:269bd257_7ce5_450a_b786_1c2834c81849</description>
          <type>button</type>
          <id>98</id>
          <onup>13</onup>
          <ondown>99</ondown>
          <onleft>50</onleft>
          <onright>50</onright>
          <label>#MPEI.Translation.Settings.Label</label>
          <visible>string.equals(#mpei.269bd257_7ce5_450a_b786_1c2834c81849.isinstalled, true)</visible>
        </control>
        <control>
          <description>MPEIUPDATE:269bd257_7ce5_450a_b786_1c2834c81849</description>
          <type>button</type>
          <id>99</id>
          <onup>98</onup>
          <ondown>2</ondown>
          <onleft>50</onleft>
          <onright>50</onright>
          <label>#MPEI.Translation.UpdateAvailable.Label</label>
          <visible>string.equals(#mpei.269bd257_7ce5_450a_b786_1c2834c81849.haveupdate, true)</visible>
        </control>
      </control>
    </control>
  </controls>
</window>
<!--Checksum:7e806f79976546e5ac7fbd5dc8b338d8-->