﻿<?xml version="1.0" encoding="utf-8" standalone="yes"?>
<window>
  <id>30</id>
  <defaultcontrol>2</defaultcontrol>
  <allowoverlay>no</allowoverlay>
  <rememberLastFocusedControl>yes</rememberLastFocusedControl>
  <define>#header.label:862</define>
  <define>#header.hover:hover_my radio.png</define>
  <define>#header.BG.colordiffuse:ffffffff</define>
  <define>#header.BG.overlay:mainoverlay.png</define>
  <controls>
    <import>common.window.default.xml</import>
    <import>common.time.xml</import>
    <control>
      <type>actiongroup</type>
      <description>action menu</description>
      <defaultcontrol>2</defaultcontrol>
      <onexit>50</onexit>
      <buttonX>1232</buttonX>
      <buttonY>50</buttonY>
      <buttonwidth>48</buttonwidth>
      <buttonheight>144</buttonheight>
      <textureFocus>#StreamedMP.ActionMenu.Image</textureFocus>
      <textureNoFocus>#StreamedMP.ActionMenu.Image</textureNoFocus>
      <dimColor>00ffffff</dimColor>
      <control>
        <type>image</type>
        <posX>1002</posX>
        <posY>0</posY>
        <width>278</width>
        <height>720</height>
        <texture>hiddenmenu_right.png</texture>
        <visible>!Control.HasFocus(50)</visible>
        <animation effect="slide" time="100" start="300,0">visible</animation>
        <animation effect="slide" time="0" end="300,0">hidden</animation>
      </control>
      <control>
        <id>0</id>
        <description>dummy button</description>
        <label>-</label>
        <type>button</type>
        <posX>1002</posX>
        <posY>0</posY>
        <width>278</width>
        <height>720</height>
        <visible>!Control.HasFocus(50)</visible>
        <animation effect="slide" time="100" start="300,0">visible</animation>
        <animation effect="slide" time="0" end="300,0">hidden</animation>
      </control>
      <control>
        <id>0</id>
        <description>label SWITCH VIEW</description>
        <label>457</label>
        <type>label</type>
        <font>mediastream12tc</font>
        <posX>1040</posX>
        <posY>225</posY>
        <visible>!Control.HasFocus(50)</visible>
        <animation effect="slide" time="100" start="300,0">visible</animation>
        <animation effect="slide" time="0" end="300,0">hidden</animation>
      </control>
      <control>
        <id>0</id>
        <description>label JUMP TO</description>
        <label>1065</label>
        <type>label</type>
        <font>mediastream12tc</font>
        <posX>1040</posX>
        <posY>311</posY>
        <visible>!Control.HasFocus(50)</visible>
        <animation effect="slide" time="100" start="300,0">visible</animation>
        <animation effect="slide" time="0" end="300,0">hidden</animation>
      </control>
      <control>
        <type>group</type>
        <description>group element</description>
        <visible>!Control.HasFocus(50)</visible>
        <animation effect="slide" time="100" start="300,0">visible</animation>
        <animation effect="slide" time="0" end="300,0">hidden</animation>
        <posX>1040</posX>
        <posY>250</posY>
        <width>220</width>
        <height>720</height>
        <layout>StackLayout</layout>
        <control>
          <description>View-As button</description>
          <type>button</type>
          <id>2</id>
          <label>100</label>
          <onup>21</onup>
          <onleft>50</onleft>
        </control>
        <control>
          <type>sortbutton</type>
          <onleft>50</onleft>
        </control>
        <control>
          <description>Empty button</description>
          <type>button</type>
          <id>0</id>
          <label>-</label>
          <visible>false</visible>
        </control>
        <control>
          <description>Previous button</description>
          <type>button</type>
          <id>6</id>
          <label>210</label>
          <onleft>50</onleft>
          <action>15</action>
        </control>
        <control>
          <description>Next</description>
          <type>button</type>
          <id>7</id>
          <label>209</label>
          <onleft>50</onleft>
          <action>14</action>
        </control>
        <control>
          <description>Radio Guide</description>
          <type>button</type>
          <id>8</id>
          <label>533</label>
          <onleft>50</onleft>
          <hyperlink>762</hyperlink>
        </control>
				<control>
					<description>Recorded Radio</description>
					<type>button</type>
					<id>9</id>
					<label>914</label>
					<onright>50</onright>
					<onup>8</onup>
					<ondown>10</ondown>
					<hyperlink>763</hyperlink>
				</control>
				<control>
					<description>Radio Search</description>
					<type>button</type>
					<id>10</id>
					<label>137</label>
					<onright>50</onright>
					<onup>9</onup>
					<ondown>2</ondown>
					<hyperlink>8900</hyperlink>
				</control>
        <!--<control>
          <description>Now playing button</description>
          <type>button</type>
          <id>11</id>
          <label>4540</label>
          <onleft>50</onleft>
          <hyperlink>510</hyperlink>
        </control>-->
        <control>
          <description>My Lyrics</description>
          <type>button</type>
          <id>1142</id>
          <label>Lyrics</label>
          <onleft>50</onleft>
          <hyperlink>90478</hyperlink>
          <visible>plugin.isenabled(My Lyrics)</visible>
        </control>
        <control>
          <description>Last.FM</description>
          <type>button</type>
          <id>1143</id>
          <label>Last.Fm Radio</label>
          <onleft>50</onleft>
          <hyperlink>7890</hyperlink>
          <visible>plugin.isenabled(Last.fm Radio)</visible>
        </control>
      </control>
    </control>
    <control>
      <description>Radio Thumb</description>
      <type>image</type>
      <id>1</id>
      <posX>28</posX>
      <posY>240</posY>
      <height>200</height>
      <width>354</width>
      <zoom>no</zoom>
      <texture flipY="true" diffuse="diffusemirrorwide.png">#selectedthumb</texture>
      <visible>[facadeview.list|facadeview.album]+[Control.HasFocus(50)]</visible>
      <keepaspectratio>yes</keepaspectratio>
      <centered>yes</centered>
      <animation effect="fade" time="250">WindowOpen</animation>
      <animation effect="fade" time="250">WindowClose</animation>
      <animation effect="slide" time="150" start="-800,0">WindowOpen</animation>
      <animation effect="slide" time="250" end="-800,0">WindowClose</animation>
    </control>
    <import>common.facade.radio.xml</import>
    <import>common.overlays.xml</import>
  </controls>
</window>
<!--Checksum:4e9b30018f728e4217b7775f33d0320a-->