﻿<?xml version="1.0" encoding="utf-8" standalone="yes"?>
<window>
  <id>8900</id>
  <defaultcontrol>2</defaultcontrol>
  <allowoverlay>no</allowoverlay>
  <define>#header.label:137</define>
  <define>#header.hover:hover_my radio.png</define>
  <define>#header.BG.colordiffuse:ffffffff</define>
  <define>#header.BG.overlay:mainoverlay.png</define>
  <controls>
    <import>common.window.default.xml</import>
    <import>common.time.xml</import>
    <control>
      <description>Page Count Background</description>
      <type>image</type>
      <id>0</id>
      <posX>1003</posX>
      <posY>684</posY>
      <width>260</width>
      <height>32</height>
      <texture>mediacountbg_Spin.png</texture>
      <animation effect="fade" time="250">WindowOpen</animation>
      <animation effect="fade" time="250">WindowClose</animation>
    </control>
    <control>
      <description>Page Count Label</description>
      <type>label</type>
      <label>30009</label>
      <id>0</id>
      <posX>1013</posX>
      <posY>689</posY>
      <font>mediastream12tc</font>
      <textcolor>ff909090</textcolor>
      <animation effect="fade" time="250">WindowOpen</animation>
      <animation effect="fade" time="250">WindowClose</animation>
    </control>
    <control>
      <description>Item Count Background</description>
      <type>image</type>
      <id>0</id>
      <posX>1065</posX>
      <posY>13</posY>
      <width>202</width>
      <height>28</height>
      <texture>mediacountbg.png</texture>
      <visible>yes</visible>
      <animation effect="fade" time="250">WindowOpen</animation>
      <animation effect="fade" time="250">WindowClose</animation>
    </control>
    <control>
      <type>label</type>
      <description>Items Translation</description>
      <id>0</id>
      <posX>1077</posX>
      <posY>17</posY>
      <width>90</width>
      <font>mediastream10tc</font>
      <textcolor>ff909090</textcolor>
      <label>507</label>
      <visible>yes</visible>
      <animation effect="fade" time="250">WindowOpen</animation>
      <animation effect="fade" time="250">WindowClose</animation>
    </control>
    <control>
      <type>label</type>
      <description>Number of Files Label</description>
      <id>12</id>
      <posX>1246</posX>
      <posY>14</posY>
      <!--control attribute posY without a function-->
      <width>350</width>
      <font>mediastream10c</font>
      <textcolor>ff006698</textcolor>
      <align>right</align>
      <label>#itemcount</label>
      <visible>no</visible>
      <animation effect="fade" time="250">WindowOpen</animation>
      <animation effect="fade" time="250">WindowClose</animation>
    </control>
    <control>
      <type>label</type>
      <description>Number of Files Label(replacement for ID 12)</description>
      <id>1</id>
      <posX>1240</posX>
      <posY>16</posY>
      <width>350</width>
      <font>mediastream10c</font>
      <textcolor>ff006698</textcolor>
      <align>right</align>
      <label>#itemcount</label>
      <visible>yes</visible>
      <animation effect="fade" time="250">WindowOpen</animation>
      <animation effect="fade" time="250">WindowClose</animation>
    </control>
    <control>
      <type>actiongroup</type>
      <description>action menu</description>
      <defaultcontrol>2</defaultcontrol>
      <onexit>10</onexit>
      <buttonX>1232</buttonX>
      <buttonY>50</buttonY>
      <buttonwidth>48</buttonwidth>
      <buttonheight>144</buttonheight>
      <textureFocus>#StreamedMP.ActionMenu.Image</textureFocus>
      <textureNoFocus>#StreamedMP.ActionMenu.Image</textureNoFocus>
      <dimColor>00ffffff</dimColor>
      <animation effect="fade" time="250">WindowOpen</animation>
      <animation effect="fade" time="250">WindowClose</animation>
      <control>
        <type>image</type>
        <posX>1002</posX>
        <posY>0</posY>
        <width>278</width>
        <height>720</height>
        <texture>hiddenmenu_right.png</texture>
        <visible>!control.hasfocus(10)+!control.hasfocus(11)</visible>
        <animation effect="slide" time="100" start="300,0">visible</animation>
        <animation effect="slide" time="0" end="300,0">hidden</animation>
      </control>
      <control>
        <id>0</id>
        <description>dummy button</description>
        <label>-</label>
        <type>button</type>
        <posX>1002</posX>
        <posY>0</posY>
        <width>278</width>
        <height>720</height>
        <visible>!control.hasfocus(10)+!control.hasfocus(11)</visible>
        <animation effect="slide" time="100" start="300,0">visible</animation>
        <animation effect="slide" time="0" end="300,0">hidden</animation>
      </control>
      <control>
        <id>0</id>
        <description>label OPTIONS</description>
        <label>496</label>
        <type>label</type>
        <font>mediastream12tc</font>
        <posX>1040</posX>
        <posY>220</posY>
        <visible>!control.hasfocus(10)+!control.hasfocus(11)</visible>
        <animation effect="slide" time="100" start="300,0">visible</animation>
        <animation effect="slide" time="0" end="300,0">hidden</animation>
      </control>
      <control>
        <type>group</type>
        <description>group element</description>
        <visible>!control.hasfocus(10)+!control.hasfocus(11)</visible>
        <animation effect="slide" time="100" start="300,0">visible</animation>
        <animation effect="slide" time="0" end="300,0">hidden</animation>
        <posX>1040</posX>
        <posY>250</posY>
        <width>220</width>
        <height>720</height>
        <layout>StackLayout</layout>
        <control>
          <id>2</id>
          <type>sortbutton</type>
          <label>620</label>
          <onleft>10</onleft>
          <onright>11</onright>
        </control>
        <control>
          <id>20</id>
          <description>View by Title/Genre</description>
          <type>button</type>
          <label>1522</label>
          <onleft>10</onleft>
          <onright>11</onright>
        </control>
        <control>
          <description>Starts with</description>
          <type>selectbutton</type>
          <id>7</id>
          <label>872</label>
          <onleft>10</onleft>
          <onright>11</onright>
        </control>
        <control>
          <description>sms input</description>
          <type>button</type>
          <id>19</id>
          <label>2051</label>
          <onleft>10</onleft>
          <onright>11</onright>
        </control>
        <control>
          <description>Search by Description</description>
          <type>button</type>
          <id>21</id>
          <label>1523</label>
          <onleft>10</onleft>
          <onright>11</onright>
          <ondown>2</ondown>
        </control>
      </control>
    </control>
    <control>
      <description>Current program channel</description>
      <type>label</type>
      <id>16</id>
      <posX>28</posX>
      <posY>240</posY>
      <width>570</width>
      <label>#Radio.Search.Channel</label>
      <font>mediastream16tc</font>
      <textcolor>ff909090</textcolor>
      <animation effect="fade" time="250">WindowOpen</animation>
      <animation effect="fade" time="250">WindowClose</animation>
    </control>
    <control>
      <type>fadelabel</type>
      <description>Selected item Label</description>
      <id>1</id>
      <posX>28</posX>
      <posY>275</posY>
      <width>570</width>
      <label>#selecteditem</label>
      <font>mediastream12tc</font>
      <visible>string.equals(#Radio.Search.Title,)</visible>
      <animation effect="fade" time="250">WindowOpen</animation>
      <animation effect="fade" time="250">WindowClose</animation>
    </control>
    <control>
      <description>Current program title</description>
      <type>fadelabel</type>
      <id>13</id>
      <posX>28</posX>
      <posY>275</posY>
      <width>570</width>
      <font>mediastream12tc</font>
      <label>-</label>
      <animation effect="fade" time="250">WindowOpen</animation>
      <animation effect="fade" time="250">WindowClose</animation>
    </control>
    <control>
      <description>Current program title</description>
      <type>fadelabel</type>
      <id>1</id>
      <posX>28</posX>
      <posY>275</posY>
      <width>570</width>
      <font>mediastream12tc</font>
      <label>#Radio.Search.Title</label>
      <animation effect="fade" time="250">WindowOpen</animation>
      <animation effect="fade" time="250">WindowClose</animation>
    </control>
    <control>
      <description>Current program time</description>
      <type>label</type>
      <id>14</id>
      <posX>28</posX>
      <posY>330</posY>
      <font>mediastream11tc</font>
      <label>#Radio.Search.Time</label>
      <animation effect="fade" time="250">WindowOpen</animation>
      <animation effect="fade" time="250">WindowClose</animation>
    </control>
    <control>
      <type>label</type>
      <description>genre</description>
      <id>17</id>
      <posX>28</posX>
      <posY>300</posY>
      <width>468</width>
      <font>mediastream11tc</font>
      <label>#Radio.Search.Genre</label>
      <textcolor>ff006698</textcolor>
      <animation effect="fade" time="250">WindowOpen</animation>
      <animation effect="fade" time="250">WindowClose</animation>
    </control>
    <control>
      <description>Description</description>
      <type>textboxscrollup</type>
      <id>15</id>
      <posX>28</posX>
      <posY>370</posY>
      <width>570</width>
      <height>260</height>
      <font>mediastream12</font>
      <label>#Radio.Search.Description</label>
      <animation effect="fade" time="250">WindowOpen</animation>
      <animation effect="fade" time="250">WindowClose</animation>
    </control>
    <control>
      <type>image</type>
      <id>18</id>
      <posX>17</posX>
      <posY>615</posY>
      <width>180</width>
      <height>113</height>
      <texture>-</texture>
    </control>
    <control>
      <type>group</type>
      <description>group element</description>
      <animation effect="fade" time="250">WindowOpen</animation>
      <animation effect="fade" time="250">WindowClose</animation>
      <animation effect="slide" time="150" start="800,0">WindowOpen</animation>
      <animation effect="slide" time="250" end="800,0">WindowClose</animation>
      <control>
        <description>listcontrol</description>
        <type>listcontrol</type>
        <id>10</id>
        <posX>620</posX>
        <posY>240</posY>
        <height>450</height>
        <width>660</width>
        <scrollOffset>2</scrollOffset>
        <PinIconWidth>20</PinIconWidth>
        <PinIconHeight>20</PinIconHeight>
        <PinIconXOff>72</PinIconXOff>
        <PinIconYOff>22</PinIconYOff>
        <itemWidth>60</itemWidth>
        <itemHeight>60</itemHeight>
        <IconXOff>5</IconXOff>
        <IconYOff>2</IconYOff>
        <textXOff>40</textXOff>
        <textXOff2>650</textXOff2>
        <textXOff3>110</textXOff3>
        <textYOff2>37</textYOff2>
        <textureHeight>64</textureHeight>
        <font2>mediastream10c</font2>
        <keepaspectratio>yes</keepaspectratio>
        <onleft>2</onleft>
        <onright>2</onright>
        <spinPosX>1165</spinPosX>
        <spinPosY>683</spinPosY>
        <spinAlign>Right</spinAlign>
        <textureUp>arrow_round_up_nofocus.png</textureUp>
        <textureDown>arrow_round_down_nofocus.png</textureDown>
        <textureUpFocus>arrow_round_up_focus.png</textureUpFocus>
        <textureDownFocus>arrow_round_down_focus.png</textureDownFocus>
        <spinWidth>50</spinWidth>
        <spinHeight>37</spinHeight>
        <onleft>11</onleft>
        <onright>2</onright>
        <keepaspectratio>yes</keepaspectratio>
      </control>
      <control>
        <description>scheduler recordings listcontrol</description>
        <type>listcontrol</type>
        <subtype>album</subtype>
        <id>11</id>
        <posX>620</posX>
        <posY>240</posY>
        <height>450</height>
        <width>660</width>
        <scrollOffset>2</scrollOffset>
        <PinIconWidth>20</PinIconWidth>
        <PinIconHeight>20</PinIconHeight>
        <PinIconXOff>72</PinIconXOff>
        <PinIconYOff>22</PinIconYOff>
        <itemWidth>60</itemWidth>
        <itemHeight>60</itemHeight>
        <IconXOff>5</IconXOff>
        <IconYOff>2</IconYOff>
        <textXOff>40</textXOff>
        <textXOff2>650</textXOff2>
        <textXOff3>110</textXOff3>
        <textYOff2>37</textYOff2>
        <textureHeight>64</textureHeight>
        <font2>mediastream10c</font2>
        <keepaspectratio>yes</keepaspectratio>
        <onleft>2</onleft>
        <onright>2</onright>
        <spinPosX>1165</spinPosX>
        <spinPosY>683</spinPosY>
        <spinAlign>Right</spinAlign>
        <textureUp>arrow_round_up_nofocus.png</textureUp>
        <textureDown>arrow_round_down_nofocus.png</textureDown>
        <textureUpFocus>arrow_round_up_focus.png</textureUpFocus>
        <textureDownFocus>arrow_round_down_focus.png</textureDownFocus>
        <spinWidth>50</spinWidth>
        <spinHeight>37</spinHeight>
        <onleft>2</onleft>
        <onright>2</onright>
        <keepaspectratio>yes</keepaspectratio>
      </control>
    </control>
    <import>common.overlays.xml</import>
  </controls>
</window>
<!--Checksum:76d2ac4a39ad3b23c7447e96e797d6ab-->