<?xml version="1.0" encoding="utf-8"?>
<window>
  <id>196208</id>
  <defaultcontrol>2</defaultcontrol>
  <allowoverlay>no</allowoverlay>  
  <define>#header.hover:hover_settings.png</define>
  <define>#defaultcontrol:2</define>  
  <define>#plugin1:MYALARM</define>
  <define>#plugin2:ARCSOFT PLAYER</define>
  <define>#plugin3:DVD</define>
  <define>#plugin4:MY EMULATORS</define>
  <define>#plugin5:EXTENTIONS</define>
  <define>#plugin6:FANART HANDLER</define>
  <define>#plugin7:FOR THE RECORD</define>
  <define>#plugin8:FRIZMANAGER</define>
  <define>#plugin9:GLOBAL SEARCH</define>
  <define>#plugin10:HTPC INFO</define>
  <define>#plugin11:INFOSERVICE</define>
  <define>#plugin12:LAST.FM</define>
  <define>#plugin13:MY LYRICS</define>
  <define>#plugin14:MY MUSIC</define>
  <define>#plugin15:MY RADIO</define>
  <define>#plugin16:MY TRAILERS</define>
  <define>#plugin17:MY TV</define>
  <define>#plugin18:MY WEATHER</define>
  <define>#plugin19:MEDIASLAYER</define>
  <define>#plugin20:MEDIATIP</define>
  <define>#plugin21:MOVING PICTURES</define>
  <define>#plugin22:MPNZB</define>
  <define>#plugin23:DOWNLOAD CENTRAL</define>
  <define>#plugin24:MP MUSIC VIDEOS</define>
  <define>#plugin25:ONLINEVIDEOS</define>
  <define>#plugin26:PANDORA MUSICBOX</define>
  <define>#plugin27:MY PICTURES</define>
  <define>#plugin28:WEBBROWSER</define>
  <define>#plugin29:POWER CONTROL</define>
  <define>#plugin30:UPDATE CONTROL</define>
  <define>#plugin31:RADIOTIME</define>
  <define>#plugin32:RSS/NEWS</define>
  <define>#plugin33:MY SETTINGS</define>
  <define>#plugin34:SHOWTIMES</define>
  <define>#plugin35:SUDOKU</define>
  <define>#plugin36:SYSINFO (MP DASHBOARD)</define>
  <define>#plugin37:MP-TVSERIES</define>
  <define>#plugin38:WIKIPEDIA</define>
  <define>#plugin39:WORLDCLOCK</define>
  <define>#plugin40:STOCKS AND INDICES</define>
  <define>#plugin41:FILE EXPLORER</define>
  <define>#plugin42:I.F.C</define>
  <define>#plugin43:MY TETRIS</define>
  <define>#plugin44:MY VIDEOS</define>
  <define>#plugin45:SLEEP CONTROL</define>
  <define>#plugin46:SUBCENTRAL</define>  
	<define>#plugin47:IMDB+</define>
	<define>#plugin48:TRAKT</define>
  <controls>    
    <control>
      <type>image</type>
      <id>0</id>
      <posX>0</posX>
      <posY>0</posY>
      <width>1280</width>
      <height>720</height>
      <texture>#header.hover</texture>
    </control>    
    <import>common.time.xml</import>    
    <control>
      <type>image</type>
      <id>0</id>
      <posX>30</posX>
      <posY>80</posY>
      <width>1220</width>
      <height>600</height>
      <texture>subsearchbg.png</texture>
    </control>    
    <control>
      <type>image</type>
      <id>0</id>
      <posX>940</posX>
      <posY>93</posY>
      <width>300</width>
      <height>75</height>
      <texture>streamedmp-logo-2.png</texture>
    </control>
    <control>
      <type>group</type>
      <description>group element</description>
      <posX>-100</posX>
      <posY>-100</posY>
      <width>50</width>
      <layout>StackLayout</layout>
      <control>
        <type>button</type>
        <description>Back</description>
        <id>2</id>
        <action>10</action>
        <label>Back</label>
        <width>100</width>
      </control>
    </control>
    <!-- Header -->    
    <control>
      <description>auth txt</description>
      <type>label</type>
      <id>1</id>
      <posX>240</posX>
      <posY>100</posY>
      <label>Author:</label>
      <textcolor>ffa9d0f7</textcolor>
      <align>right</align>
    </control>
    <control>
      <description>auth value</description>
      <type>label</type>
      <id>1</id>
      <posX>250</posX>
      <posY>100</posY>
      <label>StreamedMP Team</label>
    </control> 
    <control>
      <description>vers txt</description>
      <type>label</type>
      <id>1</id>
      <posX>240</posX>
      <posY>125</posY>
      <label>Version:</label>
      <textcolor>ffa9d0f7</textcolor>
      <align>right</align>
    </control>
    <control>
      <description>vers value</description>
      <type>label</type>
      <id>3</id>
      <posX>250</posX>
      <posY>125</posY>
      <label>-</label>
    </control> 
    <control>
      <description>Resolution text</description>
      <type>label</type>
      <id>1</id>
      <posX>240</posX>
      <posY>150</posY>
      <label>Design Resolution:</label>
      <textcolor>ffa9d0f7</textcolor>
      <align>right</align>
    </control>
    <control>
      <description>Resolution value</description>
      <type>label</type>
      <id>1</id>
      <posX>250</posX>
      <posY>150</posY>
      <label>[16:9]  (1280x720)</label>
    </control>
    <control>
      <description>Actual Resolution text</description>
      <type>label</type>
      <id>1</id>
      <posX>550</posX>
      <posY>150</posY>
      <label>Physical:</label>
      <textcolor>ffa9d0f7</textcolor>
      <align>right</align>
    </control>
    <control>
      <description>Resolution value</description>
      <type>label</type>
      <id>4</id>
      <posX>560</posX>
      <posY>150</posY>
      <label>-</label>
    </control>    
    <!-- Skin Description -->
    <control>
      <description>desc txt</description>
      <type>label</type>
      <id>1</id>
      <posX>240</posX>
      <posY>190</posY>
      <label>Description:</label>
      <textcolor>ffa9d0f7</textcolor>
      <align>right</align>
    </control>
    <control>
      <description>Skin Description - Line 1</description>
      <type>label</type>
      <id>0</id>
      <posX>250</posX>
      <posY>187</posY>
      <width>970</width>
      <height>170</height>
      <font>mediastream10</font>
      <label>Streamed MP is a port of Team Razorfishes skin Mediastream created for XBMC, over to the popular open source HTPC Application</label>
    </control>
    <control>
      <description>Skin Description - Line 2</description>
      <type>label</type>
      <id>0</id>
      <posX>250</posX>
      <posY>207</posY>
      <width>970</width>
      <height>170</height>
      <font>mediastream10</font>
      <label>MediaPortal. StreamedMP is a close port, however there are some new views/layouts included with the skin that will keep the fanart fans</label>
    </control>
    <control>
      <description>Skin Description - Line 3</description>
      <type>label</type>
      <id>0</id>
      <posX>250</posX>
      <posY>227</posY>
      <width>970</width>
      <height>170</height>
      <font>mediastream10</font>
      <label>happy. This skin has also been designed with ease of use in mind, with a custom menu generator included to make creating menus suited</label>
    </control>    
    <control>
      <description>Skin Description - Line 4</description>
      <type>label</type>
      <id>0</id>
      <posX>250</posX>
      <posY>247</posY>
      <width>970</width>
      <height>170</height>
      <font>mediastream10</font>
      <label>to your setup extremely easy. All of this is wrapped up in a nice installer that installs the latest stable version of several plugins including</label>
    </control>    
    <control>
      <description>Skin Description - Line 5</description>
      <type>label</type>
      <id>0</id>
      <posX>250</posX>
      <posY>267</posY>
      <width>960</width>
      <height>170</height>
      <font>mediastream10</font>
      <label>the the two very popular plugins MP TV-Series and Moving-Pictures.</label>
    </control>      
    <!-- Supported Plugins -->
    <control>
      <description>plug txt</description>
      <type>label</type>
      <id>1</id>
      <posX>240</posX>
      <posY>330</posY>
      <label>Supported Plugins:</label>
      <textcolor>ffa9d0f7</textcolor>
	  <align>right</align>
    </control>  
    <!-- The Plugins are.... -->
    <control>
      <description>plug value line 1</description>
      <type>label</type>
      <id>1</id>
      <posX>250</posX>
      <posY>330</posY>
      <label>#plugin1</label>
    </control>
    <control>
      <description>plug value line 1</description>
      <type>label</type>
      <id>1</id>
      <posX>490</posX>
      <posY>330</posY>
      <label>#plugin2</label>
    </control>
    <control>
      <description>plug value line 1</description>
      <type>label</type>
      <id>1</id>
      <posX>710</posX>
      <posY>330</posY>
      <label>#plugin3</label>
    </control>
    <control>
      <description>plug value line 1</description>
      <type>label</type>
      <id>1</id>
      <posX>930</posX>
      <posY>330</posY>
      <label>#plugin4</label>
    </control>
    
    <control>
      <description>plug value line 2</description>
      <type>label</type>
      <id>1</id>
      <posX>250</posX>
      <posY>350</posY>
      <label>#plugin5</label>
    </control>
    <control>
      <description>plug value line 2</description>
      <type>label</type>
      <id>1</id>
      <posX>490</posX>
      <posY>350</posY>
      <label>#plugin6</label>
    </control>
    <control>
      <description>plug value line 2</description>
      <type>label</type>
      <id>1</id>
      <posX>710</posX>
      <posY>350</posY>
      <label>#plugin7</label>
    </control>
    <control>
      <description>plug value line 2</description>
      <type>label</type>
      <id>1</id>
      <posX>930</posX>
      <posY>350</posY>
      <label>#plugin8</label>
    </control>  

    <control>
      <description>plug value line 3</description>
      <type>label</type>
      <id>1</id>
      <posX>250</posX>
      <posY>370</posY>
      <label>#plugin9</label>
    </control>
    <control>
      <description>plug value line 3</description>
      <type>label</type>
      <id>1</id>
      <posX>490</posX>
      <posY>370</posY>
      <label>#plugin10</label>
    </control>
    <control>
      <description>plug value line 3</description>
      <type>label</type>
      <id>1</id>
      <posX>710</posX>
      <posY>370</posY>
      <label>#plugin11</label>
    </control>
    <control>
      <description>plug value line 3</description>
      <type>label</type>
      <id>1</id>
      <posX>930</posX>
      <posY>370</posY>
      <label>#plugin12</label>
    </control>     

    <control>
      <description>plug value line 4</description>
      <type>label</type>
      <id>1</id>
      <posX>250</posX>
      <posY>390</posY>
      <label>#plugin13</label>
    </control>
    <control>
      <description>plug value line 4</description>
      <type>label</type>
      <id>1</id>
      <posX>490</posX>
      <posY>390</posY>
      <label>#plugin14</label>
    </control>
    <control>
      <description>plug value line 4</description>
      <type>label</type>
      <id>1</id>
      <posX>710</posX>
      <posY>390</posY>
      <label>#plugin15</label>
    </control>
    <control>
      <description>plug value line 4</description>
      <type>label</type>
      <id>1</id>
      <posX>930</posX>
      <posY>390</posY>
      <label>#plugin16</label>
    </control> 
 
     <control>
      <description>plug value line 5</description>
      <type>label</type>
      <id>1</id>
      <posX>250</posX>
      <posY>410</posY>
      <label>#plugin17</label>
    </control>
    <control>
      <description>plug value line 5</description>
      <type>label</type>
      <id>1</id>
      <posX>490</posX>
      <posY>410</posY>
      <label>#plugin18</label>
    </control>
    <control>
      <description>plug value line 5</description>
      <type>label</type>
      <id>1</id>
      <posX>710</posX>
      <posY>410</posY>
      <label>#plugin19</label>
    </control>
    <control>
      <description>plug value line 5</description>
      <type>label</type>
      <id>1</id>
      <posX>930</posX>
      <posY>410</posY>
      <label>#plugin20</label>
    </control> 
 
     <control>
      <description>plug value line 6</description>
      <type>label</type>
      <id>1</id>
      <posX>250</posX>
      <posY>430</posY>
      <label>#plugin21</label>
    </control>
    <control>
      <description>plug value line 6</description>
      <type>label</type>
      <id>1</id>
      <posX>490</posX>
      <posY>430</posY>
      <label>#plugin22</label>
    </control>
    <control>
      <description>plug value line 6</description>
      <type>label</type>
      <id>1</id>
      <posX>710</posX>
      <posY>430</posY>
      <label>#plugin23</label>
    </control>
    <control>
      <description>plug value line 6</description>
      <type>label</type>
      <id>1</id>
      <posX>930</posX>
      <posY>430</posY>
      <label>#plugin24</label>
    </control> 
  
     <control>
      <description>plug value line 7</description>
      <type>label</type>
      <id>1</id>
      <posX>250</posX>
      <posY>450</posY>
      <label>#plugin25</label>
    </control>
    <control>
      <description>plug value line 7</description>
      <type>label</type>
      <id>1</id>
      <posX>490</posX>
      <posY>450</posY>
      <label>#plugin26</label>
    </control>
    <control>
      <description>plug value line 7</description>
      <type>label</type>
      <id>1</id>
      <posX>710</posX>
      <posY>450</posY>
      <label>#plugin27</label>
    </control>
    <control>
      <description>plug value line 7</description>
      <type>label</type>
      <id>1</id>
      <posX>930</posX>
      <posY>450</posY>
      <label>#plugin28</label>
    </control> 
    
     <control>
      <description>plug value line 8</description>
      <type>label</type>
      <id>1</id>
      <posX>250</posX>
      <posY>470</posY>
      <label>#plugin29</label>
    </control>
    <control>
      <description>plug value line 8</description>
      <type>label</type>
      <id>1</id>
      <posX>490</posX>
      <posY>470</posY>
      <label>#plugin30</label>
    </control>
    <control>
      <description>plug value line 8</description>
      <type>label</type>
      <id>1</id>
      <posX>710</posX>
      <posY>470</posY>
      <label>#plugin31</label>
    </control>
    <control>
      <description>plug value line 8</description>
      <type>label</type>
      <id>1</id>
      <posX>930</posX>
      <posY>470</posY>
      <label>#plugin32</label>
    </control> 

     <control>
      <description>plug value line 9</description>
      <type>label</type>
      <id>1</id>
      <posX>250</posX>
      <posY>490</posY>
      <label>#plugin33</label>
    </control>
    <control>
      <description>plug value line 9</description>
      <type>label</type>
      <id>1</id>
      <posX>490</posX>
      <posY>490</posY>
      <label>#plugin34</label>
    </control>
    <control>
      <description>plug value line 9</description>
      <type>label</type>
      <id>1</id>
      <posX>710</posX>
      <posY>490</posY>
      <label>#plugin35</label>
    </control>
    <control>
      <description>plug value line 9</description>
      <type>label</type>
      <id>1</id>
      <posX>930</posX>
      <posY>490</posY>
      <label>#plugin36</label>
    </control> 
    
     <control>
      <description>plug value line 10</description>
      <type>label</type>
      <id>1</id>
      <posX>250</posX>
      <posY>510</posY>
      <label>#plugin37</label>      
    </control>
    <control>
      <description>plug value line 10</description>
      <type>label</type>
      <id>1</id>
      <posX>490</posX>
      <posY>510</posY>
      <label>#plugin38</label>      
    </control>
    <control>
      <description>plug value line 10</description>
      <type>label</type>
      <id>1</id>
      <posX>710</posX>
      <posY>510</posY>
      <label>#plugin39</label>      
    </control>
    <control>
      <description>plug value line 10</description>
      <type>label</type>
      <id>1</id>
      <posX>930</posX>
      <posY>510</posY>
			<label>#plugin40</label>
    </control>

    <control>
      <description>plug value line 11</description>
      <type>label</type>
      <id>1</id>
      <posX>250</posX>
      <posY>530</posY>
      <label>#plugin41</label>      
    </control>
    <control>
      <description>plug value line 11</description>
      <type>label</type>
      <id>1</id>
      <posX>490</posX>
      <posY>530</posY>
      <label>#plugin42</label>      
    </control>
    <control>
      <description>plug value line 11</description>
      <type>label</type>
      <id>1</id>
      <posX>710</posX>
      <posY>530</posY>
      <label>#plugin43</label>      
    </control>
    <control>
      <description>plug value line 11</description>
      <type>label</type>
      <id>1</id>
      <posX>930</posX>
      <posY>530</posY>
      <label>#plugin44</label>      
    </control>

    <control>
      <description>plug value line 12</description>
      <type>label</type>
      <id>1</id>
      <posX>250</posX>
      <posY>550</posY>
      <label>#plugin45</label>      
    </control>
    <control>
      <description>plug value line 12</description>
      <type>label</type>
      <id>1</id>
      <posX>490</posX>
      <posY>550</posY>
      <label>#plugin46</label>      
    </control>
    <control>
      <description>plug value line 12</description>
      <type>label</type>
      <id>1</id>
      <posX>710</posX>
      <posY>550</posY>
			<label>#plugin47</label>
    </control>
    <control>
      <description>plug value line 12</description>
      <type>label</type>
      <id>1</id>
      <posX>930</posX>
      <posY>550</posY>
      <label>#plugin48</label>
    </control>
    
    <!-- History Link -->
    <control>
      <description>hist txt</description>
      <type>label</type>
      <id>1</id>
      <posX>250</posX>
      <posY>590</posY>
      <label>History:</label>
      <textcolor>ffa9d0f7</textcolor>
      <align>right</align>
      <visible>no</visible>
    </control>
    <control>
      <description>desc value line 1</description>
      <type>label</type>
      <id>1</id>
      <posX>260</posX>
      <posY>590</posY>
      <label>*** Add a link here ***</label>
      <visible>no</visible>
    </control>
    
    
    
    
   </controls>
</window>
<!--Checksum:1ffc656d68615b27b641dbc0e866d14c-->