<?xml version="1.0" encoding="utf-8" standalone="yes"?>
<window>
  <controls>
		<control>
      <description>TvGroup button</description>
      <type>button3part</type>
      <id>100</id>
      <posX>15</posX>
      <posY>120</posY>
      <width>30</width>
      <height>437</height>
      <textureFocusedLeft overlay="tvguide_arrow_left_colorize_overlay.png">tvguide_arrow_left_colorize.png</textureFocusedLeft>
      <textureNonFocusedLeft overlay="tvguide_arrow_left_colorize_overlay.png">tvguide_arrow_left_colorize.png</textureNonFocusedLeft>
      <textureFocusedMid overlay="tvguide_button_middle_colorize_overlay.png">tvguide_button_middle_colorize.png</textureFocusedMid>
      <textureNonFocusedMid overlay="tvguide_button_middle_colorize_overlay.png">tvguide_button_middle_colorize.png</textureNonFocusedMid>
      <textureFocusedRight overlay="tvguide_arrow_right_colorize_overlay.png">tvguide_arrow_right_colorize.png</textureFocusedRight>
      <textureNonFocusedRight overlay="tvguide_arrow_right_colorize_overlay.png">tvguide_arrow_right_colorize.png</textureNonFocusedRight>
      <textureIcon>-</textureIcon>
      <textureIcon2>-</textureIcon2>
      <label>
      </label>
      <onleft>60</onleft>
      <onright>6</onright>
      <onup>6</onup>
      <ondown>6</ondown>
      <animation effect="zoom" start="100,100" end="100,100" time="0">focus</animation>
      <animation effect="zoom" start="100,100" end="100,100" time="0">unfocus</animation>
    </control>
    <control>
      <description>template for program on now button</description>
      <type>button3part</type>
      <id>35</id>
      <textureFocusedLeft overlay="tvguide_arrow_left_colorize_overlay.png">tvguide_arrow_left_colorize.png</textureFocusedLeft>
      <textureNonFocusedLeft overlay="tvguide_arrow_left_colorize_overlay.png">tvguide_arrow_left_colorize.png</textureNonFocusedLeft>
      <textureFocusedMid overlay="tvguide_button_middle_colorize_overlay.png">tvguide_button_middle_colorize.png</textureFocusedMid>
      <textureNonFocusedMid overlay="tvguide_button_middle_colorize_overlay.png">tvguide_button_middle_colorize.png</textureNonFocusedMid>
      <textureFocusedRight overlay="tvguide_arrow_right_colorize_overlay.png">tvguide_arrow_right_colorize.png</textureFocusedRight>
      <textureNonFocusedRight overlay="tvguide_arrow_right_colorize_overlay.png">tvguide_arrow_right_colorize.png</textureNonFocusedRight>
      <!-- This icon is used for the hd program indicator -->
      <textureIcon2>tvguide_hd_program_on_now.png</textureIcon2>
      <icon2Align>left</icon2Align>
      <icon2VAlign>middle</icon2VAlign>
      <icon2OffsetX>10</icon2OffsetX>
      <icon2OffsetY>1</icon2OffsetY>
      <icon2InlineLabel1>yes</icon2InlineLabel1>
    </control>
    <control>
      <description>template for program not on now button</description>
      <type>button3part</type>
      <id>36</id>
      <textureFocusedLeft overlay="tvguide_arrow_left_colorize_overlay.png">tvguide_arrow_left_colorize.png</textureFocusedLeft>
      <textureNonFocusedLeft overlay="tvguide_arrow_left_colorize_overlay.png">tvguide_arrow_left_colorize.png</textureNonFocusedLeft>
      <textureFocusedMid overlay="tvguide_button_middle_colorize_overlay.png">tvguide_button_middle_colorize.png</textureFocusedMid>
      <textureNonFocusedMid overlay="tvguide_button_middle_colorize_overlay.png">tvguide_button_middle_colorize.png</textureNonFocusedMid>
      <textureFocusedRight overlay="tvguide_arrow_right_colorize_overlay.png">tvguide_arrow_right_colorize.png</textureFocusedRight>
      <textureNonFocusedRight overlay="tvguide_arrow_right_colorize_overlay.png">tvguide_arrow_right_colorize.png</textureNonFocusedRight>
      <!-- This icon is used for the hd program indicator -->
      <textureIcon2>tvguide_hd_program_not_on_now.png</textureIcon2>
      <icon2Align>left</icon2Align>
      <icon2VAlign>middle</icon2VAlign>
      <icon2OffsetX>10</icon2OffsetX>
      <icon2OffsetY>1</icon2OffsetY>
      <icon2InlineLabel1>yes</icon2InlineLabel1>
    </control>
    <control>
      <description>template for program notify button</description>
      <type>button3part</type>
      <id>37</id>
      <textureFocusedLeft overlay="tvguide_arrow_left_colorize_overlay.png">tvguide_arrow_left_colorize.png</textureFocusedLeft>
      <textureNonFocusedLeft overlay="tvguide_arrow_left_colorize_overlay.png">tvguide_arrow_left_colorize.png</textureNonFocusedLeft>
      <textureFocusedMid overlay="tvguide_button_middle_colorize_overlay.png">tvguide_button_middle_colorize.png</textureFocusedMid>
      <textureNonFocusedMid overlay="tvguide_button_middle_colorize_overlay.png">tvguide_button_middle_colorize.png</textureNonFocusedMid>
      <textureFocusedRight overlay="tvguide_arrow_right_colorize_overlay.png">tvguide_arrow_right_colorize.png</textureFocusedRight>
      <textureNonFocusedRight overlay="tvguide_arrow_right_colorize_overlay.png">tvguide_arrow_right_colorize.png</textureNonFocusedRight>
      <!-- The textureIcon is used for the notify indicator; these attributes help position the icon -->
      <iconAlign>right</iconAlign>
      <iconVAlign>middle</iconVAlign>
      <iconOffsetX>10</iconOffsetX>
      <iconOffsetY>0</iconOffsetY>
      <iconInlineLabel1>no</iconInlineLabel1>
			<visible>skin.hassetting(#skin.tvguide.usecolorsforgenre)</visible>
    </control>
    <control>
      <description>template for program record button</description>
      <type>button3part</type>
      <id>38</id>
      <textureFocusedLeft overlay="tvguide_arrow_left_colorize_overlay.png">tvguide_arrow_left_colorize.png</textureFocusedLeft>
      <textureNonFocusedLeft overlay="tvguide_arrow_left_colorize_overlay.png">tvguide_arrow_left_colorize.png</textureNonFocusedLeft>
      <textureFocusedMid overlay="tvguide_button_middle_colorize_overlay.png">tvguide_button_middle_colorize.png</textureFocusedMid>
      <textureNonFocusedMid overlay="tvguide_button_middle_colorize_overlay.png">tvguide_button_middle_colorize.png</textureNonFocusedMid>
      <textureFocusedRight overlay="tvguide_arrow_right_colorize_overlay.png">tvguide_arrow_right_colorize.png</textureFocusedRight>
      <textureNonFocusedRight overlay="tvguide_arrow_right_colorize_overlay.png">tvguide_arrow_right_colorize.png</textureNonFocusedRight>
      <!-- The textureIcon is used for the record indicator; these attributes help position the icon -->
      <iconAlign>right</iconAlign>
      <iconVAlign>middle</iconVAlign>
      <iconOffsetX>10</iconOffsetX>
      <iconOffsetY>0</iconOffsetY>
      <iconInlineLabel1>no</iconInlineLabel1>
			<visible>skin.hassetting(#skin.tvguide.usecolorsforgenre)</visible>
    </control>
    <control>
      <description>template for program partial record button</description>
      <type>button3part</type>
      <id>39</id>
      <textureFocusedLeft overlay="tvguide_arrow_left_colorize_overlay.png">tvguide_arrow_left_colorize.png</textureFocusedLeft>
      <textureNonFocusedLeft overlay="tvguide_arrow_left_colorize_overlay.png">tvguide_arrow_left_colorize.png</textureNonFocusedLeft>
      <textureFocusedMid overlay="tvguide_button_middle_colorize_overlay.png">tvguide_button_middle_colorize.png</textureFocusedMid>
      <textureNonFocusedMid overlay="tvguide_button_middle_colorize_overlay.png">tvguide_button_middle_colorize.png</textureNonFocusedMid>
      <textureFocusedRight overlay="tvguide_arrow_right_colorize_overlay.png">tvguide_arrow_right_colorize.png</textureFocusedRight>
      <textureNonFocusedRight overlay="tvguide_arrow_right_colorize_overlay.png">tvguide_arrow_right_colorize.png</textureNonFocusedRight>
      <!-- The textureIcon is used for the partial record indicator; these attributes help position the icon -->
      <iconAlign>right</iconAlign>
      <iconVAlign>middle</iconVAlign>
      <iconOffsetX>10</iconOffsetX>
      <iconOffsetY>0</iconOffsetY>
      <iconInlineLabel1>no</iconInlineLabel1>
			<visible>skin.hassetting(#skin.tvguide.usecolorsforgenre)</visible>
    </control>
    <control>
      <description>Template for genre key color</description>
      <type>image</type>
      <id>110</id>
      <posX>240</posX>
      <posY>692</posY>
      <width>32</width>
      <height>18</height>
      <texture overlay="tvguide_button_middle_colorize_overlay.png">tvguide_button_middle_colorize.png</texture>
      <visible>skin.hassetting(#skin.tvguide.showgenrekey)</visible>
    </control>
    <control>
      <description>Template for genre key name</description>
      <type>fadelabel</type>
      <id>111</id>
      <posY>690</posY>
      <textcolor>FFffffff</textcolor>
      <font>mediastream10tc</font>
      <visible>skin.hassetting(#skin.tvguide.showgenrekey)</visible>
    </control>
		<control>
      <description>Current program genre</description>
      <type>label</type>
      <id>0</id>
      <posX>1250</posX>
      <posY>690</posY>
      <width>1200</width>
      <label>#TV.Guide.Genre</label>
      <align>right</align>
      <font>mediastream11tc</font>
      <visible>!skin.hassetting(#skin.tvguide.showgenrekey)</visible>
    </control>
  </controls>
</window>