﻿<?xml version="1.0" encoding="utf-8" standalone="yes"?>
<window>
  <id>747</id>
  <defaultcontrol>7</defaultcontrol>
  <allowoverlay>no</allowoverlay>  
  <define>#header.label:Search</define>
  <define>#useRandomTVSeriesFanart:No</define>
  <controls>
    <import>common.window.tv.xml</import>
    <import>common.time.xml</import>
    <control>
      <description>Page Count Background</description>
      <type>image</type>
      <id>0</id>
      <posX>1013</posX>
      <posY>684</posY>
      <width>260</width>
      <height>32</height>
      <texture>mediacountbg_Spin.png</texture>
      <visible>control.isvisible(50)</visible>
      <animation effect="fade" time="250">WindowOpen</animation>
      <animation effect="fade" time="250">WindowClose</animation>
    </control>
    <control>
      <description>Page Count Label</description>
      <type>label</type>
      <label>30009</label>
      <id>0</id>
      <posX>1023</posX>
      <posY>689</posY>
      <font>mediastream12tc</font>
      <textcolor>ff909090</textcolor>
      <visible>control.isvisible(50)</visible>
      <animation effect="fade" time="250">WindowOpen</animation>
      <animation effect="fade" time="250">WindowClose</animation>
    </control>
		<control>
      <type>group</type>
      <description>group element</description>
      <posX>80</posX>
      <posY>250</posY>		
      <layout>StackLayout</layout>
      <control>
        <description>Search title</description>
        <type>button</type>
        <id>7</id>
        <label>6032</label>
        <textcolor>ffffffff</textcolor>
        <textcolorNoFocus>bfffffff</textcolorNoFocus>
        <font>mediastream12tc</font>
        <width>300</width>
				<height>40</height>
        <textYOff>8</textYOff>
        <textXOff>20</textXOff>
        <textureFocus>tv_button_focus.png</textureFocus>
        <textureNoFocus>tv_button_ no_focus.png</textureNoFocus>
        <animation effect="fade" time="250">WindowOpen</animation>
        <animation effect="fade" time="250">WindowClose</animation>
        <animation effect="zoom" start="100,100" end="110,100" center="433,81" time="300">focus</animation>
        <animation effect="zoom" start="110,100" end="100,100" center="433,81" time="500">unfocus</animation>
      </control>
      <control>
        <description>Search by keyword</description>
        <type>button</type>
        <id>8</id>
        <label>6033</label>
        <textcolor>ffffffff</textcolor>
        <textcolorNoFocus>bfffffff</textcolorNoFocus>
        <font>mediastream12tc</font>
				<width>300</width>
        <height>40</height>
        <textYOff>8</textYOff>
        <textXOff>20</textXOff>
        <textureFocus>tv_button_focus.png</textureFocus>
        <textureNoFocus>tv_button_ no_focus.png</textureNoFocus>
        <animation effect="fade" time="250">WindowOpen</animation>
        <animation effect="fade" time="250">WindowClose</animation>
        <animation effect="zoom" start="100,100" end="110,100" center="433,81" time="300">focus</animation>
        <animation effect="zoom" start="110,100" end="100,100" center="433,81" time="500">unfocus</animation>
      </control>
      <control>
        <description>Search by genre</description>
        <type>button</type>
        <id>9</id>
        <label>6034</label>
        <textcolor>ffffffff</textcolor>
        <textcolorNoFocus>bfffffff</textcolorNoFocus>
        <font>mediastream12tc</font>
				<width>300</width>
        <height>40</height>
        <textYOff>8</textYOff>
        <textXOff>20</textXOff>
				<ondown>7</ondown>
        <textureFocus>tv_button_focus.png</textureFocus>
        <textureNoFocus>tv_button_ no_focus.png</textureNoFocus>
        <animation effect="fade" time="250">WindowOpen</animation>
        <animation effect="fade" time="250">WindowClose</animation>
        <animation effect="zoom" start="100,100" end="110,100" center="433,81" time="300">focus</animation>
        <animation effect="zoom" start="110,100" end="100,100" center="433,81" time="500">unfocus</animation>
      </control>      
    </control>		
    <control>
      <description>listcontrol</description>
      <type>listcontrol</type>
      <id>50</id>
      <posX>620</posX>
      <posY>240</posY>
      <height>450</height>
      <width>660</width>
      <onleft>7</onleft>
      <onright>7</onright>
      <scrollOffset>3</scrollOffset>
      <PinIconWidth>15</PinIconWidth>
      <PinIconHeight>15</PinIconHeight>
      <PinIconXOff>57</PinIconXOff>
      <PinIconYOff>13</PinIconYOff>
      <itemWidth>32</itemWidth>
      <itemHeight>32</itemHeight>
      <IconXOff>0</IconXOff>
      <IconYOff>4</IconYOff>
      <textXOff>10</textXOff>
      <textYOff>5</textYOff>
      <textXOff2>0</textXOff2>
      <textYOff2>5</textYOff2>
      <font>mediastream11c</font>
			<font2>mediastream10c</font2>
      <keepaspectratio>yes</keepaspectratio>
      <spinPosX>1175</spinPosX>
      <spinPosY>682</spinPosY>
      <spinAlign>Right</spinAlign>
      <textureUp>arrow_round_up_nofocus.png</textureUp>
      <textureDown>arrow_round_down_nofocus.png</textureDown>
      <textureUpFocus>arrow_round_up_focus.png</textureUpFocus>
      <textureDownFocus>arrow_round_down_focus.png</textureDownFocus>
      <spinWidth>50</spinWidth>
      <spinHeight>37</spinHeight>
      <suffix>|</suffix>
      <animation effect="fade" time="250">WindowOpen</animation>
      <animation effect="fade" time="250">WindowClose</animation>
      <animation effect="slide" time="150" start="800,0">WindowOpen</animation>
      <animation effect="slide" time="250" end="800,0">WindowClose</animation>
    </control>
		<import>common.overlays.xml</import>
  </controls>
</window>
<!--Checksum:0361f72a5f647a2ea4db729d119d5507-->