﻿<?xml version="1.0" encoding="utf-8" standalone="yes"?>
<window>
  <id>6</id>
  <defaultcontrol>2</defaultcontrol>
  <allowoverlay>no</allowoverlay>
  <define>#header.label:134</define>
  <define>#header.hover:hover_my videos.png</define>
  <define>#useSelectedFanart:Yes</define>
	<define evaluateNow="true">#listX1Off:#(iif(#StreamedMP.ShowProgressIndicators, -30, -60))</define>
	<define evaluateNow="true">#listX3Off:#(iif(#StreamedMP.ShowProgressIndicators, 0, 2000))</define>
  <controls>
    <import>myvideos.selected.fanart.xml</import>
    <control>
      <description>dummy label for imdb info</description>
      <type>label</type>
      <id>4441</id>
      <posX>1300</posX>
      <posY>800</posY>
      <label>#title</label>
      <visible>control.hastext(4441)</visible>
    </control>
    <control>
      <description>Backdrop Overlay</description>
      <type>image</type>
      <id>0</id>
      <posX>0</posX>
      <posY>0</posY>
      <width>1281</width>
      <height>720</height>
      <texture>mainoverlay.png</texture>
      <visible>facadeview.list|facadeview.smallicons|facadeview.largeicons</visible>
    </control>
    <control>
      <description>Top Bar Overlay</description>
      <type>image</type>
      <id>0</id>
      <posX>0</posX>
      <posY>0</posY>
      <width>1280</width>
      <height>51</height>
      <texture>overlay_topbar.png</texture>
      <visible>![facadeview.list|facadeview.smallicons|facadeview.largeicons|facadeview.playlist|facadeview.filmstrip]</visible>
    </control>
    <import>myvideoHiddenMenu.xml</import>
    <import>myvideoListView.xml</import>
    <import>myvideoFilmstripView.xml</import>
    <import>myvideoThumbsView.xml</import>
    <import>myvideo.mediainfo.xml</import>
    <import>common.facade.video.xml</import>
    <import>myvideoCoverFlow.xml</import>
    <import>common.overlays2.xml</import>
    <import>common.window.xml</import>
    <import>common.time.xml</import>
    <import>common.scrollingpopup.xml</import>
  </controls>
</window>
<!--Checksum:1960bdc57fb394ab1e6c03554bb24934-->