﻿<?xml version="1.0" encoding="utf-8" standalone="yes"?>
<window>
  <id>2600</id>
  <defaultcontrol>2</defaultcontrol>
  <allowoverlay>no</allowoverlay>
  <define>#header.label:8</define>
  <define>#header.hover:hover_my weather.png</define>
  <controls>
    <control>
      <description>weather background image</description>
      <type>image</type>
      <id>0</id>
      <posX>0</posX>
      <posY>0</posY>
      <width>1280</width>
      <height>720</height>
      <texture>#header.hover</texture>
      <animation effect="fade" time="400" delay="0">WindowOpen</animation>
    </control>
    <control>
      <description>Weather BG</description>
      <type>image</type>
      <id>0</id>
      <posx>0</posx>
      <posy>0</posy>
      <width>1280</width>
      <height>720</height>
      <texture>SMPbackgrounds\linkedweather\#WorldWeather.TodayIconNumber.jpg</texture>
      <visible>plugin.isenabled(World Weather)</visible>
    </control>
    <control>
      <description>Current Weather BG</description>
      <type>image</type>
      <id>0</id>
      <posX>135</posX>
      <posY>95</posY>
      <width>1010</width>
      <height>510</height>
      <texture>weatherframe.png</texture>
      <visible>control.isvisible(23)</visible>
      <animation effect="fade" time="300">WindowOpen</animation>
      <animation effect="fade" time="250">WindowClose</animation>
      <animation effect="zoom" delay="20" tween="back" easing="out" start="55,55" end="100,100" center="640,310" time="550">WindowOpen</animation>
    </control>
    <control>
      <description>BUTTONS BG</description>
      <type>image</type>
      <id>0</id>
      <posX>5</posX>
      <posY>658</posY>
      <width>1270</width>
      <height>30</height>
      <texture>buttonbar.png</texture>
      <animation effect="fade" time="200">WindowOpen</animation>
      <animation effect="fade" time="250">WindowClose</animation>
    </control>
    <control>
      <description>location label</description>
      <type>label</type>
      <id>10</id>
      <posX>15</posX>
      <posY>662</posY>
      <width>250</width>
      <font>mediastream10c</font>
      <label>-</label>
      <textcolor>White</textcolor>
      <animation effect="fade" time="250">WindowOpen</animation>
      <animation effect="fade" time="250">WindowClose</animation>
    </control>
    <control>
      <description>update time </description>
      <type>label</type>
      <id>11</id>
      <posX>1265</posX>
      <posY>662</posY>
      <label>-</label>
      <font>mediastream10</font>
      <textcolor>White</textcolor>
      <align>right</align>
      <animation effect="fade" time="250">WindowOpen</animation>
      <animation effect="fade" time="250">WindowClose</animation>
    </control>
    <control>
      <type>group</type>
      <description>group element</description>
      <posX>300</posX>
      <posY>660</posY>
      <layout>StackLayout(0,Horizontal)</layout>
      <animation effect="fade" time="250">WindowOpen</animation>
      <animation effect="fade" time="250">WindowClose</animation>
      <control>
        <description>Switch Button</description>
        <type>button</type>
        <id>2</id>
        <label>716</label>
        <onup>17</onup>
        <font>mediastream11c</font>
        <textureFocus>dialogbigbuttonfo.png</textureFocus>
        <textureNoFocus>dialogbigbuttonnf.png</textureNoFocus>
        <width>162</width>
        <height>26</height>
        <textalign>center</textalign>
        <textYOff>1</textYOff>
        <disabledcolor>ff909090</disabledcolor>
        <textcolorNoFocus>ff909090</textcolorNoFocus>
      </control>
      <control>
        <description>Refresh Button</description>
        <type>button</type>
        <id>3</id>
        <label>184</label>
        <onup>17</onup>
        <onup>17</onup>
        <font>mediastream11c</font>
        <textureFocus>dialogbigbuttonfo.png</textureFocus>
        <textureNoFocus>dialogbigbuttonnf.png</textureNoFocus>
        <width>162</width>
        <height>26</height>
        <textalign>center</textalign>
        <textYOff>1</textYOff>
        <disabledcolor>ff909090</disabledcolor>
        <textcolorNoFocus>ff909090</textcolorNoFocus>
      </control>
      <control>
        <description>View Button</description>
        <type>button</type>
        <id>4</id>
        <label>743</label>
        <onup>17</onup>
        <font>mediastream11c</font>
        <textureFocus>dialogbigbuttonfo.png</textureFocus>
        <textureNoFocus>dialogbigbuttonnf.png</textureNoFocus>
        <width>162</width>
        <height>26</height>
        <textalign>center</textalign>
        <textYOff>1</textYOff>
        <disabledcolor>ff909090</disabledcolor>
        <textcolorNoFocus>ff909090</textcolorNoFocus>
      </control>
      <control>
        <description>weather location select</description>
        <type>button</type>
        <id>5</id>
        <label>1028</label>
        <onright>2</onright>
        <font>mediastream11c</font>
        <textureFocus>dialogbigbuttonfo.png</textureFocus>
        <textureNoFocus>dialogbigbuttonnf.png</textureNoFocus>
        <width>162</width>
        <height>26</height>
        <textalign>center</textalign>
        <textYOff>1</textYOff>
        <disabledcolor>ff909090</disabledcolor>
        <textcolorNoFocus>ff909090</textcolorNoFocus>
      </control>
    </control>
    <control>
      <description>TWC Logo</description>
      <type>image</type>
      <id>101</id>
      <posX>239</posX>
      <posY>489</posY>
      <width>114</width>
      <height>85</height>
      <texture>-</texture>
      <animation effect="fade" time="250">WindowClose</animation>
    </control>
    <!-- ******************** Current Weather Information ***************************** -->
    <control>
      <description>current weather icon</description>
      <type>image</type>
      <id>21</id>
      <posX>380</posX>
      <posY>140</posY>
      <width>180</width>
      <height>180</height>
      <texture>-</texture>
      <colorkey>FFFF00FF</colorkey>
      <colordiffuse>White:#20</colordiffuse>
      <animation effect="fade" time="250">WindowClose</animation>
      <animation effect="zoom" delay="20" tween="back" easing="out" start="55,55" end="100,100" center="640,310" time="550">WindowOpen</animation>
    </control>
    <control>
      <description>Current Condition Label</description>
      <type>label</type>
      <id>22</id>
      <posX>180</posX>
      <posY>300</posY>
      <width>230</width>
      <label>-</label>
      <align>left</align>
      <font>mediastream14tc</font>
      <textcolor>ffFFFFFF</textcolor>
      <animation effect="fade" time="250">WindowClose</animation>
      <animation effect="zoom" delay="20" tween="back" easing="out" start="55,55" end="100,100" center="640,310" time="550">WindowOpen</animation>
    </control>
    <control>
      <description>Current Temp static label</description>
      <type>label</type>
      <id>223</id>
      <posX>182</posX>
      <posY>165</posY>
      <label>Temp</label>
      <font>mediastream11tc</font>
      <textcolor>White</textcolor>
      <animation effect="fade" time="250">WindowClose</animation>
      <animation effect="zoom" delay="20" tween="back" easing="out" start="55,55" end="100,100" center="640,310" time="550">WindowOpen</animation>
    </control>
    <control>
      <description>current temp label</description>
      <type>label</type>
      <id>23</id>
      <posX>180</posX>
      <posY>190</posY>
      <height>72</height>
      <align>left</align>
      <label>-</label>
      <font>mediastream28tc</font>
      <textcolor>White</textcolor>
      <animation effect="fade" time="250">WindowClose</animation>
      <animation effect="zoom" delay="20" tween="back" easing="out" start="55,55" end="100,100" center="640,310" time="550">WindowOpen</animation>
    </control>
    <control>
      <description>current feels like static label</description>
      <type>label</type>
      <id>224</id>
      <posX>180</posX>
      <posY>430</posY>
      <label>-</label>
      <font>mediastream11tc</font>
      <textcolor>White</textcolor>
      <animation effect="fade" time="250">WindowClose</animation>
      <animation effect="zoom" delay="20" tween="back" easing="out" start="55,55" end="100,100" center="640,310" time="550">WindowOpen</animation>
    </control>
    <control>
      <description>current feels like label</description>
      <type>label</type>
      <id>24</id>
      <posX>350</posX>
      <posY>430</posY>
      <align>left</align>
      <label>-</label>
      <font>mediastream11c</font>
      <textcolor>White</textcolor>
      <animation effect="fade" time="250">WindowClose</animation>
      <animation effect="zoom" delay="20" tween="back" easing="out" start="55,55" end="100,100" center="640,310" time="550">WindowOpen</animation>
    </control>
    <control>
      <description>current UV Index static label</description>
      <type>label</type>
      <id>225</id>
      <posX>180</posX>
      <posY>530</posY>
      <label>-</label>
      <font>mediastream11tc</font>
      <textcolor>White</textcolor>
      <animation effect="fade" time="250">WindowClose</animation>
      <animation effect="zoom" delay="20" tween="back" easing="out" start="55,55" end="100,100" center="640,310" time="550">WindowOpen</animation>
    </control>
    <control>
      <description>current UV Index label</description>
      <type>label</type>
      <id>25</id>
      <posX>350</posX>
      <posY>530</posY>
      <align>left</align>
      <label>-</label>
      <font>mediastream11c</font>
      <textcolor>White</textcolor>
      <animation effect="fade" time="250">WindowClose</animation>
      <animation effect="zoom" delay="20" tween="back" easing="out" start="55,55" end="100,100" center="640,310" time="550">WindowOpen</animation>
    </control>
    <control>
      <description>current wind static label</description>
      <type>label</type>
      <id>226</id>
      <posX>180</posX>
      <posY>505</posY>
      <label>-</label>
      <font>mediastream11tc</font>
      <textcolor>White</textcolor>
      <animation effect="fade" time="250">WindowClose</animation>
      <animation effect="zoom" delay="20" tween="back" easing="out" start="55,55" end="100,100" center="640,310" time="550">WindowOpen</animation>
    </control>
    <control>
      <description>current wind label</description>
      <type>label</type>
      <id>26</id>
      <posX>350</posX>
      <posY>505</posY>
      <align>left</align>
      <font>mediastream11c</font>
      <textcolor>White</textcolor>
      <animation effect="fade" time="250">WindowClose</animation>
      <animation effect="zoom" delay="20" tween="back" easing="out" start="55,55" end="100,100" center="640,310" time="550">WindowOpen</animation>
    </control>
    <control>
      <description>current dew static label</description>
      <type>label</type>
      <id>227</id>
      <posX>180</posX>
      <posY>455</posY>
      <label>-</label>
      <font>mediastream11tc</font>
      <textcolor>White</textcolor>
      <animation effect="fade" time="250">WindowClose</animation>
      <animation effect="zoom" delay="20" tween="back" easing="out" start="55,55" end="100,100" center="640,310" time="550">WindowOpen</animation>
    </control>
    <control>
      <description>current dew label</description>
      <type>label</type>
      <id>27</id>
      <posX>350</posX>
      <posY>455</posY>
      <align>left</align>
      <label>-</label>
      <font>mediastream11c</font>
      <textcolor>White</textcolor>
      <animation effect="fade" time="250">WindowClose</animation>
      <animation effect="zoom" delay="20" tween="back" easing="out" start="55,55" end="100,100" center="640,310" time="550">WindowOpen</animation>
    </control>
    <control>
      <description>current humidity static label</description>
      <type>label</type>
      <id>228</id>
      <posX>180</posX>
      <posY>480</posY>
      <label>-</label>
      <font>mediastream11tc</font>
      <textcolor>White</textcolor>
      <animation effect="fade" time="250">WindowClose</animation>
      <animation effect="zoom" delay="20" tween="back" easing="out" start="55,55" end="100,100" center="640,310" time="550">WindowOpen</animation>
    </control>
    <control>
      <description>current humidity label</description>
      <type>label</type>
      <id>28</id>
      <posX>350</posX>
      <posY>480</posY>
      <align>left</align>
      <label>-</label>
      <font>mediastream11c</font>
      <textcolor>White</textcolor>
      <animation effect="fade" time="250">WindowClose</animation>
      <animation effect="zoom" delay="20" tween="back" easing="out" start="55,55" end="100,100" center="640,310" time="550">WindowOpen</animation>
    </control>
    <control>
      <description>sun rise label</description>
      <type>label</type>
      <id>200</id>
      <posX>350</posX>
      <posY>530</posY>
      <align>left</align>
      <label>-</label>
      <font>mediastream11c</font>
      <textcolor>White</textcolor>
      <animation effect="fade" time="250">WindowClose</animation>
    </control>
    <control>
      <description>sun rise static label</description>
      <type>label</type>
      <id>201</id>
      <posX>180</posX>
      <posY>530</posY>
      <label>-</label>
      <font>mediastream11tc</font>
      <textcolor>White</textcolor>
      <animation effect="fade" time="250">WindowClose</animation>
    </control>
    <control>
      <description>sun set control</description>
      <type>label</type>
      <id>202</id>
      <posX>350</posX>
      <posY>555</posY>
      <align>left</align>
      <label>-</label>
      <font>mediastream11c</font>
      <textcolor>White</textcolor>
      <animation effect="fade" time="250">WindowClose</animation>
    </control>
    <control>
      <description>sun set static label</description>
      <type>label</type>
      <id>203</id>
      <posX>180</posX>
      <posY>555</posY>
      <label>-</label>
      <font>mediastream11tc</font>
      <textcolor>White</textcolor>
      <animation effect="fade" time="250">WindowClose</animation>
    </control>
    <!-- ***************************** Day 0 Weather Forcast ******************************** -->
    <control>
      <description>DAY 0 LABEL</description>
      <type>label</type>
      <id>31</id>
      <posX>-100</posX>
      <posY>-100</posY>
      <width>200</width>
      <align>left</align>
      <label>-</label>
      <font>mediastream11tc</font>
      <textalign>center</textalign>
      <textcolor>White</textcolor>
      <animation effect="fade" time="250">WindowClose</animation>
      <animation effect="zoom" delay="20" tween="back" easing="out" start="55,55" end="100,100" center="640,310" time="550">WindowOpen</animation>
    </control>
    <control>
      <description>DAY 0 ICON</description>
      <type>image</type>
      <id>35</id>
      <posX>-100</posX>
      <posY>-100</posY>
      <height>80</height>
      <texture>-</texture>
      <keepaspectratio>yes</keepaspectratio>
      <animation effect="fade" time="250">WindowClose</animation>
      <animation effect="zoom" delay="20" tween="back" easing="out" start="55,55" end="100,100" center="640,310" time="550">WindowOpen</animation>
    </control>
    <control>
      <description>DAY 0 MAX LABEL</description>
      <type>label</type>
      <id>0</id>
      <posX>-100</posX>
      <posY>-100</posY>
      <label>MAX</label>
      <font>mediastream10tc</font>
      <textcolor>White</textcolor>
      <visible>control.isvisible(23)+Control.IsVisible(42)</visible>
      <animation effect="fade" time="250">WindowClose</animation>
      <animation effect="zoom" delay="20" tween="back" easing="out" start="55,55" end="100,100" center="640,310" time="550">WindowOpen</animation>
    </control>
    <control>
      <description>DAY 0 MAX VALUE</description>
      <type>label</type>
      <id>32</id>
      <posX>-100</posX>
      <posY>-100</posY>
      <align>right</align>
      <label>-</label>
      <font>mediastream11c</font>
      <textcolor>White</textcolor>
      <animation effect="fade" time="250">WindowClose</animation>
      <animation effect="zoom" delay="20" tween="back" easing="out" start="55,55" end="100,100" center="640,310" time="550">WindowOpen</animation>
    </control>
    <control>
      <description>DAY 0 MIN LABEL</description>
      <type>label</type>
      <id>0</id>
      <posX>-100</posX>
      <posY>-100</posY>
      <label>MIN</label>
      <font>mediastream10tc</font>
      <textcolor>White</textcolor>
      <visible>control.isvisible(23)+Control.IsVisible(43)</visible>
      <animation effect="fade" time="250">WindowClose</animation>
      <animation effect="zoom" delay="20" tween="back" easing="out" start="55,55" end="100,100" center="640,310" time="550">WindowOpen</animation>
    </control>
    <control>
      <description>DAY 0 MIN VALUE</description>
      <type>label</type>
      <id>33</id>
      <posX>-100</posX>
      <posY>-100</posY>
      <align>right</align>
      <label>-</label>
      <font>mediastream11c</font>
      <textcolor>White</textcolor>
      <animation effect="fade" time="250">WindowClose</animation>
      <animation effect="zoom" delay="20" tween="back" easing="out" start="55,55" end="100,100" center="640,310" time="550">WindowOpen</animation>
    </control>
    <control>
      <description>DAY 0 GENERAL WEATHER</description>
      <type>label</type>
      <id>34</id>
      <posX>-100</posX>
      <posY>-100</posY>
      <label>-</label>
      <font>mediastream10tc</font>
      <textcolor>White</textcolor>
      <animation effect="fade" time="250">WindowClose</animation>
      <animation effect="zoom" delay="20" tween="back" easing="out" start="55,55" end="100,100" center="640,310" time="550">WindowOpen</animation>
    </control>
    <!-- ************************************************* Day 1 Weather ************************************************* -->
    <control>
      <description>DAY 1 LABEL</description>
      <type>label</type>
      <id>41</id>
      <posX>650</posX>
      <posY>111</posY>
      <width>200</width>
      <align>left</align>
      <label>-</label>
      <font>mediastream11tc</font>
      <textalign>center</textalign>
      <textcolor>White</textcolor>
      <animation effect="fade" time="250">WindowClose</animation>
      <animation effect="zoom" delay="20" tween="back" easing="out" start="55,55" end="100,100" center="640,310" time="550">WindowOpen</animation>
    </control>
    <control>
      <description>DAY 1 ICON</description>
      <type>image</type>
      <id>45</id>
      <posX>1000</posX>
      <posY>138</posY>
      <height>80</height>
      <texture>-</texture>
      <keepaspectratio>yes</keepaspectratio>
      <animation effect="fade" time="250">WindowClose</animation>
      <animation effect="zoom" delay="20" tween="back" easing="out" start="55,55" end="100,100" center="640,310" time="550">WindowOpen</animation>
    </control>
    <control>
      <description>DAY 1 MAX LABEL</description>
      <type>label</type>
      <id>0</id>
      <posX>650</posX>
      <posY>152</posY>
      <label>MAX</label>
      <font>mediastream10tc</font>
      <textcolor>White</textcolor>
      <visible>control.isvisible(23)+Control.IsVisible(42)</visible>
      <animation effect="fade" time="250">WindowClose</animation>
      <animation effect="zoom" delay="20" tween="back" easing="out" start="55,55" end="100,100" center="640,310" time="550">WindowOpen</animation>
    </control>
    <control>
      <description>DAY 1 MAX VALUE</description>
      <type>label</type>
      <id>42</id>
      <posX>760</posX>
      <posY>150</posY>
      <align>right</align>
      <label>-</label>
      <font>mediastream11c</font>
      <textcolor>White</textcolor>
      <animation effect="fade" time="250">WindowClose</animation>
      <animation effect="zoom" delay="20" tween="back" easing="out" start="55,55" end="100,100" center="640,310" time="550">WindowOpen</animation>
    </control>
    <control>
      <description>DAY 1 MIN LABEL</description>
      <type>label</type>
      <id>0</id>
      <posX>650</posX>
      <posY>177</posY>
      <label>MIN</label>
      <font>mediastream10tc</font>
      <textcolor>White</textcolor>
      <visible>control.isvisible(23)+Control.IsVisible(43)</visible>
      <animation effect="fade" time="250">WindowClose</animation>
      <animation effect="zoom" delay="20" tween="back" easing="out" start="55,55" end="100,100" center="640,310" time="550">WindowOpen</animation>
    </control>
    <control>
      <description>DAY 1 MIN VALUE</description>
      <type>label</type>
      <id>43</id>
      <posX>760</posX>
      <posY>175</posY>
      <align>right</align>
      <label>-</label>
      <font>mediastream11c</font>
      <textcolor>White</textcolor>
      <animation effect="fade" time="250">WindowClose</animation>
      <animation effect="zoom" delay="20" tween="back" easing="out" start="55,55" end="100,100" center="640,310" time="550">WindowOpen</animation>
    </control>
    <control>
      <description>DAY 1 GENERAL WEATHER</description>
      <type>label</type>
      <id>44</id>
      <posX>850</posX>
      <posY>155</posY>
      <label>-</label>
      <font>mediastream10tc</font>
      <textcolor>White</textcolor>
      <animation effect="fade" time="250">WindowClose</animation>
      <animation effect="zoom" delay="20" tween="back" easing="out" start="55,55" end="100,100" center="640,310" time="550">WindowOpen</animation>
    </control>
    <!-- ************************************************* Day 2 Weather ************************************************* -->
    <control>
      <description>DAY 2 LABEL</description>
      <type>label</type>
      <id>51</id>
      <posX>650</posX>
      <posY>229</posY>
      <width>200</width>
      <align>left</align>
      <label>-</label>
      <font>mediastream11tc</font>
      <textalign>left</textalign>
      <textcolor>White</textcolor>
      <animation effect="fade" time="250">WindowClose</animation>
      <animation effect="zoom" delay="20" tween="back" easing="out" start="55,55" end="100,100" center="640,310" time="550">WindowOpen</animation>
    </control>
    <control>
      <description>DAY 2 ICON</description>
      <type>image</type>
      <id>55</id>
      <posX>1000</posX>
      <posY>262</posY>
      <height>80</height>
      <texture>-</texture>
      <keepaspectratio>yes</keepaspectratio>
      <animation effect="fade" time="250">WindowClose</animation>
      <animation effect="zoom" delay="20" tween="back" easing="out" start="55,55" end="100,100" center="640,310" time="550">WindowOpen</animation>
    </control>
    <control>
      <description>DAY 2 MAX LABEL</description>
      <type>label</type>
      <id>0</id>
      <posX>650</posX>
      <posY>279</posY>
      <label>MAX</label>
      <font>mediastream10tc</font>
      <textcolor>White</textcolor>
      <visible>control.isvisible(23)+Control.IsVisible(52)</visible>
      <animation effect="fade" time="250">WindowClose</animation>
      <animation effect="zoom" delay="20" tween="back" easing="out" start="55,55" end="100,100" center="640,310" time="550">WindowOpen</animation>
    </control>
    <control>
      <description>DAY 2 MAX VALUE</description>
      <type>label</type>
      <id>52</id>
      <posX>760</posX>
      <posY>277</posY>
      <align>right</align>
      <label>-</label>
      <font>mediastream11c</font>
      <textcolor>White</textcolor>
      <animation effect="fade" time="250">WindowClose</animation>
      <animation effect="zoom" delay="20" tween="back" easing="out" start="55,55" end="100,100" center="640,310" time="550">WindowOpen</animation>
    </control>
    <control>
      <description>DAY 2 MIN VALUE</description>
      <type>label</type>
      <id>0</id>
      <posX>650</posX>
      <posY>304</posY>
      <label>MIN</label>
      <font>mediastream10tc</font>
      <textcolor>White</textcolor>
      <visible>control.isvisible(23)+Control.IsVisible(53)</visible>
      <animation effect="fade" time="250">WindowClose</animation>
      <animation effect="zoom" delay="20" tween="back" easing="out" start="55,55" end="100,100" center="640,310" time="550">WindowOpen</animation>
    </control>
    <control>
      <description>DAY 2 LOW VALUE</description>
      <type>label</type>
      <id>53</id>
      <posX>760</posX>
      <posY>302</posY>
      <align>right</align>
      <label>-</label>
      <font>mediastream11c</font>
      <textcolor>White</textcolor>
      <animation effect="fade" time="250">WindowClose</animation>
      <animation effect="zoom" delay="20" tween="back" easing="out" start="55,55" end="100,100" center="640,310" time="550">WindowOpen</animation>
    </control>
    <control>
      <description>DAY 2 GENERAL WEATHER</description>
      <type>label</type>
      <id>54</id>
      <posX>850</posX>
      <posY>282</posY>
      <label>-</label>
      <font>mediastream10tc</font>
      <textcolor>White</textcolor>
      <animation effect="fade" time="250">WindowClose</animation>
      <animation effect="zoom" delay="20" tween="back" easing="out" start="55,55" end="100,100" center="640,310" time="550">WindowOpen</animation>
    </control>
    <!-- ************************************************* Day 3 Weather ************************************************* -->
    <control>
      <description>DAY 3 LABEL</description>
      <type>label</type>
      <id>61</id>
      <posX>650</posX>
      <posY>354</posY>
      <width>200</width>
      <align>left</align>
      <label>-</label>
      <font>mediastream11tc</font>
      <textalign>left</textalign>
      <textcolor>White</textcolor>
      <animation effect="fade" time="250">WindowClose</animation>
      <animation effect="zoom" delay="20" tween="back" easing="out" start="55,55" end="100,100" center="640,310" time="550">WindowOpen</animation>
    </control>
    <control>
      <description>DAY 3 ICON</description>
      <type>image</type>
      <id>65</id>
      <posX>1000</posX>
      <posY>385</posY>
      <height>80</height>
      <texture>-</texture>
      <keepaspectratio>yes</keepaspectratio>
      <animation effect="fade" time="250">WindowClose</animation>
      <animation effect="zoom" delay="20" tween="back" easing="out" start="55,55" end="100,100" center="640,310" time="550">WindowOpen</animation>
    </control>
    <control>
      <description>DAY 3 MAX LABEL</description>
      <type>label</type>
      <id>0</id>
      <posX>650</posX>
      <posY>399</posY>
      <label>MAX</label>
      <font>mediastream10tc</font>
      <textcolor>White</textcolor>
      <visible>control.isvisible(23)+Control.IsVisible(62)</visible>
      <animation effect="fade" time="250">WindowClose</animation>
      <animation effect="zoom" delay="20" tween="back" easing="out" start="55,55" end="100,100" center="640,310" time="550">WindowOpen</animation>
    </control>
    <control>
      <description>DAY 3 MAX VALUE</description>
      <type>label</type>
      <id>62</id>
      <posX>760</posX>
      <posY>397</posY>
      <align>right</align>
      <label>-</label>
      <font>mediastream11c</font>
      <textcolor>White</textcolor>
      <animation effect="fade" time="250">WindowClose</animation>
      <animation effect="zoom" delay="20" tween="back" easing="out" start="55,55" end="100,100" center="640,310" time="550">WindowOpen</animation>
    </control>
    <control>
      <description>DAY 3 MIN LABEL</description>
      <type>label</type>
      <id>0</id>
      <posX>650</posX>
      <posY>424</posY>
      <label>MIN</label>
      <font>mediastream10tc</font>
      <textcolor>White</textcolor>
      <visible>control.isvisible(23)+Control.IsVisible(63)</visible>
      <animation effect="fade" time="250">WindowClose</animation>
      <animation effect="zoom" delay="20" tween="back" easing="out" start="55,55" end="100,100" center="640,310" time="550">WindowOpen</animation>
    </control>
    <control>
      <description>DAY 3 MIN VALUE</description>
      <type>label</type>
      <id>63</id>
      <posX>760</posX>
      <posY>422</posY>
      <align>right</align>
      <label>-</label>
      <font>mediastream11c</font>
      <textcolor>White</textcolor>
      <animation effect="fade" time="250">WindowClose</animation>
      <animation effect="zoom" delay="20" tween="back" easing="out" start="55,55" end="100,100" center="640,310" time="550">WindowOpen</animation>
    </control>
    <control>
      <description>DAY 3 GENERAL WEATHER</description>
      <type>label</type>
      <id>64</id>
      <posX>850</posX>
      <posY>402</posY>
      <label>-</label>
      <font>mediastream10tc</font>
      <textcolor>White</textcolor>
      <animation effect="fade" time="250">WindowClose</animation>
      <animation effect="zoom" delay="20" tween="back" easing="out" start="55,55" end="100,100" center="640,310" time="550">WindowOpen</animation>
    </control>
    <!-- ************************************************* Day 4 Weather ************************************************* -->
    <control>
      <description>DAY 4 LABEL</description>
      <type>label</type>
      <id>71</id>
      <posX>650</posX>
      <posY>477</posY>
      <width>200</width>
      <align>left</align>
      <label>-</label>
      <font>mediastream11tc</font>
      <textalign>left</textalign>
      <textcolor>White</textcolor>
      <animation effect="fade" time="250">WindowClose</animation>
      <animation effect="zoom" delay="20" tween="back" easing="out" start="55,55" end="100,100" center="640,310" time="550">WindowOpen</animation>
    </control>
    <control>
      <description>DAY 4 ICON</description>
      <type>image</type>
      <id>75</id>
      <posX>1000</posX>
      <posY>506</posY>
      <height>80</height>
      <texture>-</texture>
      <keepaspectratio>yes</keepaspectratio>
      <animation effect="fade" time="250">WindowClose</animation>
      <animation effect="zoom" delay="20" tween="back" easing="out" start="55,55" end="100,100" center="640,310" time="550">WindowOpen</animation>
    </control>
    <control>
      <description>DAY 4 MAX LABEL</description>
      <type>label</type>
      <id>0</id>
      <posX>650</posX>
      <posY>522</posY>
      <label>MAX</label>
      <font>mediastream10tc</font>
      <textcolor>White</textcolor>
      <visible>control.isvisible(23)+Control.IsVisible(72)</visible>
      <animation effect="fade" time="250">WindowClose</animation>
      <animation effect="zoom" delay="20" tween="back" easing="out" start="55,55" end="100,100" center="640,310" time="550">WindowOpen</animation>
    </control>
    <control>
      <description>DAY 4 MAX VALUE</description>
      <type>label</type>
      <id>72</id>
      <posX>760</posX>
      <posY>520</posY>
      <align>right</align>
      <label>-</label>
      <font>mediastream11c</font>
      <textcolor>White</textcolor>
      <animation effect="fade" time="250">WindowClose</animation>
      <animation effect="zoom" delay="20" tween="back" easing="out" start="55,55" end="100,100" center="640,310" time="550">WindowOpen</animation>
    </control>
    <control>
      <description>DAY 4 MIN LABEL</description>
      <type>label</type>
      <id>0</id>
      <posX>650</posX>
      <posY>547</posY>
      <label>MIN</label>
      <font>mediastream10tc</font>
      <textcolor>White</textcolor>
      <visible>control.isvisible(23)+Control.IsVisible(73)</visible>
      <animation effect="fade" time="250">WindowClose</animation>
      <animation effect="zoom" delay="20" tween="back" easing="out" start="55,55" end="100,100" center="640,310" time="550">WindowOpen</animation>
    </control>
    <control>
      <description>DAY 4 MIN VALUE</description>
      <type>label</type>
      <id>73</id>
      <posX>760</posX>
      <posY>545</posY>
      <align>right</align>
      <label>-</label>
      <font>mediastream11c</font>
      <textcolor>White</textcolor>
      <animation effect="fade" time="250">WindowClose</animation>
      <animation effect="zoom" delay="20" tween="back" easing="out" start="55,55" end="100,100" center="640,310" time="550">WindowOpen</animation>
    </control>
    <control>
      <description>DAY 4 </description>
      <type>label</type>
      <id>74</id>
      <posX>850</posX>
      <posY>525</posY>
      <label>-</label>
      <font>mediastream10tc</font>
      <textcolor>White</textcolor>
      <animation effect="fade" time="250">WindowClose</animation>
      <animation effect="zoom" delay="20" tween="back" easing="out" start="55,55" end="100,100" center="640,310" time="550">WindowOpen</animation>
    </control>
    <!-- ************************************************* Satellite Image/SunClock  ************************************************* -->
    <control>
      <description>Satellite image</description>
      <type>image</type>
      <id>1000</id>
      <posX>80</posX>
      <posY>60</posY>
      <width>1120</width>
      <height>580</height>
      <texture />
      <visible>no</visible>
      <colorkey>00000000</colorkey>
      <colordiffuse>White</colordiffuse>
      <centered>yes</centered>
      <keepaspectratio>yes</keepaspectratio>
      <animation effect="fade" time="250">WindowClose</animation>
    </control>
    <control>
      <description>Sunclock image</description>
      <type>image</type>
      <id>1200</id>
      <label>-</label>
      <posX>60</posX>
      <posY>60</posY>
      <width>1160</width>
      <height>655</height>
      <onleft>3</onleft>
      <onright>3</onright>
      <onup>3</onup>
      <ondown>3</ondown>
      <keepaspectratio>yes</keepaspectratio>
      <animation effect="fade" time="250">WindowClose</animation>
    </control>
    <import>common.time.xml</import>
  </controls>
</window>
<!--Checksum:dd4a1ea7d0f6ff7710e6d0b16022946c-->