﻿<?xml version="1.0" encoding="utf-8" standalone="yes"?>
<window>
  <id>7969</id>
  <defaultcontrol>2</defaultcontrol>
  <allowoverlay>no</allowoverlay>
  <define>#header.label:Sleep Control</define>
  <define>#header.hover:hover_SleepControl.png</define>
  <define>#header.BG.colordiffuse:ffffffff</define>
  <define>#header.BG.overlay:streamed_overlay.png</define>
  <controls>
    <import>common.window.default.xml</import>
    <import>common.time.xml</import>
    <import>common.overlays.xml</import>
    <!-- *** Menu Buttons *** -->
    <control>
      <type>group</type>
      <description>group element</description>
      <posX>880</posX>
      <posY>250</posY>
      <width>370</width>
      <height>80</height>
      <layout>StackLayout</layout>
      <control>
        <description>Sleep Mode</description>
        <type>button</type>
        <id>2</id>
        <label>Sleep Mode</label>
        <onup>17</onup>
        <ondown>3</ondown>
        <onright>2</onright>
        <onleft>2</onleft>
        <textcolor>ffffffff</textcolor>
        <textcolorNoFocus>bfffffff</textcolorNoFocus>
        <font>mediastream11tc</font>
        <height>40</height>
        <width>370</width>
        <textYOff>8</textYOff>
        <textXOff>20</textXOff>
        <textureFocus>tv_button_focus.png</textureFocus>
        <textureNoFocus>tv_button_ no_focus.png</textureNoFocus>
        <animation effect="fade" time="250">WindowOpen</animation>
        <animation effect="fade" time="250">WindowClose</animation>
      </control>
      <control>
        <description>Set Timer</description>
        <type>button</type>
        <id>3</id>
        <label>Set Timer</label>
        <onup>2</onup>
        <ondown>4</ondown>
        <onright>3</onright>
        <onleft>3</onleft>
        <textcolor>ffffffff</textcolor>
        <textcolorNoFocus>bfffffff</textcolorNoFocus>
        <font>mediastream11tc</font>
        <height>40</height>
        <textYOff>8</textYOff>
        <textXOff>20</textXOff>
        <textureFocus>tv_button_focus.png</textureFocus>
        <textureNoFocus>tv_button_ no_focus.png</textureNoFocus>
        <animation effect="fade" time="250">WindowOpen</animation>
        <animation effect="fade" time="250">WindowClose</animation>
      </control>
      <control>
        <description>Start Timer</description>
        <type>button</type>
        <id>4</id>
        <label>Start Timer</label>
        <onup>3</onup>
        <ondown>5</ondown>
        <onright>4</onright>
        <onleft>4</onleft>
        <textcolor>ffffffff</textcolor>
        <textcolorNoFocus>bfffffff</textcolorNoFocus>
        <font>mediastream11tc</font>
        <height>40</height>
        <textYOff>8</textYOff>
        <textXOff>20</textXOff>
        <textureFocus>tv_button_focus.png</textureFocus>
        <textureNoFocus>tv_button_ no_focus.png</textureNoFocus>
        <animation effect="fade" time="250">WindowOpen</animation>
        <animation effect="fade" time="250">WindowClose</animation>
      </control>
      <control>
        <description>Pause timer</description>
        <type>button</type>
        <id>5</id>
        <label>Pause timer</label>
        <onup>4</onup>
        <ondown>6</ondown>
        <onright>5</onright>
        <onleft>5</onleft>
        <textcolor>ffffffff</textcolor>
        <textcolorNoFocus>bfffffff</textcolorNoFocus>
        <font>mediastream11tc</font>
        <height>40</height>
        <textYOff>8</textYOff>
        <textXOff>20</textXOff>
        <textureFocus>tv_button_focus.png</textureFocus>
        <textureNoFocus>tv_button_ no_focus.png</textureNoFocus>
        <animation effect="fade" time="250">WindowOpen</animation>
        <animation effect="fade" time="250">WindowClose</animation>
      </control>
      <control>
        <description>Increment Timer</description>
        <type>button</type>
        <id>6</id>
        <label>Increment Timer</label>
        <onup>5</onup>
        <ondown>7</ondown>
        <onright>6</onright>
        <onleft>6</onleft>
        <textcolor>ffffffff</textcolor>
        <textcolorNoFocus>bfffffff</textcolorNoFocus>
        <font>mediastream11tc</font>
        <height>40</height>
        <textYOff>8</textYOff>
        <textXOff>20</textXOff>
        <textureFocus>tv_button_focus.png</textureFocus>
        <textureNoFocus>tv_button_ no_focus.png</textureNoFocus>
        <animation effect="fade" time="250">WindowOpen</animation>
        <animation effect="fade" time="250">WindowClose</animation>
      </control>
      <control>
        <description>Decrement Timer</description>
        <type>button</type>
        <id>7</id>
        <label>Decrement Timer</label>
        <onup>6</onup>
        <ondown>8</ondown>
        <onright>7</onright>
        <onleft>7</onleft>
        <textcolor>ffffffff</textcolor>
        <textcolorNoFocus>bfffffff</textcolorNoFocus>
        <font>mediastream11tc</font>
        <height>40</height>
        <textYOff>8</textYOff>
        <textXOff>20</textXOff>
        <textureFocus>tv_button_focus.png</textureFocus>
        <textureNoFocus>tv_button_ no_focus.png</textureNoFocus>
        <animation effect="fade" time="250">WindowOpen</animation>
        <animation effect="fade" time="250">WindowClose</animation>
      </control>
      <control>
        <description>Wait until tasks finished</description>
        <type>togglebutton</type>
        <id>8</id>
        <label>Wait until tasks finished</label>
        <onup>7</onup>
        <ondown>9</ondown>
        <onright>8</onright>
        <onleft>8</onleft>
        <textcolor>ffffffff</textcolor>
        <textcolorNoFocus>bfffffff</textcolorNoFocus>
        <font>mediastream11tc</font>
        <height>40</height>
        <textYOff>8</textYOff>
        <textXOff>20</textXOff>
        <textureFocus>tv_button_focus_ledon.png</textureFocus>
        <textureNoFocus>tv_button_no_focus_ledon.png</textureNoFocus>
        <AltTextureFocus>tv_button_focus_ledoff.png</AltTextureFocus>
        <AltTextureNoFocus>tv_button_no_focus_ledoff.png</AltTextureNoFocus>
        <animation effect="fade" time="250">WindowOpen</animation>
        <animation effect="fade" time="250">WindowClose</animation>
      </control>
      <control>
        <description>Volume Reduction</description>
        <type>togglebutton</type>
        <id>9</id>
        <label>Volume Reduction</label>
        <onup>8</onup>
        <ondown>2</ondown>
        <onright>9</onright>
        <onleft>9</onleft>
        <textcolor>ffffffff</textcolor>
        <textcolorNoFocus>bfffffff</textcolorNoFocus>
        <font>mediastream11tc</font>
        <height>40</height>
        <textYOff>8</textYOff>
        <textXOff>20</textXOff>
        <textureFocus>tv_button_focus_ledon.png</textureFocus>
        <textureNoFocus>tv_button_no_focus_ledon.png</textureNoFocus>
        <AltTextureFocus>tv_button_focus_ledoff.png</AltTextureFocus>
        <AltTextureNoFocus>tv_button_no_focus_ledoff.png</AltTextureNoFocus>
        <animation effect="fade" time="250">WindowOpen</animation>
        <animation effect="fade" time="250">WindowClose</animation>
      </control>
    </control>
    <!-- *** Sleep Activity *** -->
    <control>
      <description>Sleep Activity</description>
      <type>label</type>
      <id>0</id>
      <posX>0</posX>
      <posY>265</posY>
      <width>1000</width>
      <height>20</height>
      <label>#SleepControl.Activity</label>
      <align>center</align>
      <font>mediastream28tc</font>
      <textcolor>ffffffff</textcolor>
      <animation effect="fade" time="250">WindowOpen</animation>
      <animation effect="fade" time="250">WindowClose</animation>
    </control>
    <!-- *** Sleep Method *** -->
    <control>
      <description>Sleep Method</description>
      <type>label</type>
      <id>0</id>
      <posX>0</posX>
      <posY>305</posY>
      <width>1000</width>
      <height>20</height>
      <label>#SleepControl.Method</label>
      <align>center</align>
      <font>mediastream16tc</font>
      <textcolor>ff808080</textcolor>
      <animation effect="fade" time="250">WindowOpen</animation>
      <animation effect="fade" time="250">WindowClose</animation>
    </control>
    <!-- *** Sleep Counter *** -->
    <control>
      <description>Sleep Counter</description>
      <type>label</type>
      <id>0</id>
      <posX>0</posX>
      <posY>365</posY>
      <width>1000</width>
      <height>20</height>
      <label>#SleepControl.Counter</label>
      <align>center</align>
      <font>mediastream28tc</font>
      <textcolor>ff808080</textcolor>
      <animation effect="fade" time="250">WindowOpen</animation>
      <animation effect="fade" time="250">WindowClose</animation>
    </control>
    <!-- *** Sleep Start/End *** -->
    <control>
      <description>Sleep Method</description>
      <type>label</type>
      <id>0</id>
      <posX>0</posX>
      <posY>405</posY>
      <width>1000</width>
      <height>20</height>
      <label>#SleepControl.Start #SleepControl.End</label>
      <align>center</align>
      <font>mediastream16tc</font>
      <textcolor>ff808080</textcolor>
      <animation effect="fade" time="250">WindowOpen</animation>
      <animation effect="fade" time="250">WindowClose</animation>
    </control>
    <!-- *** Sleep Status *** -->
    <control>
      <description>Sleep Status</description>
      <type>label</type>
      <id>0</id>
      <posX>0</posX>
      <posY>405</posY>
      <width>1000</width>
      <height>20</height>
      <label>#SleepControl.Status</label>
      <align>center</align>
      <font>mediastream16tc</font>
      <textcolor>ff808080</textcolor>
      <animation effect="fade" time="250">WindowOpen</animation>
      <animation effect="fade" time="250">WindowClose</animation>
    </control>
  </controls>
</window>
<!--Checksum:215c48ef5e34f7013029dae9b202b5fc-->