﻿<?xml version="1.0" encoding="utf-8" standalone="yes"?>
<window>
  <id>7973</id>
  <defaultcontrol>2</defaultcontrol>
  <allowoverlay>yes</allowoverlay>
  <define>#header.label:Stocks &amp; Indices</define>
  <define>#header.hover:hover_Stocks.png</define>
  <define>#header.BG.colordiffuse:ffffffff</define>
  <define>#header.BG.overlay:mainoverlay.png</define>
  <controls>
    <import>common.window.default.xml</import>
    <import>common.time.xml</import>
    <control>
      <description>Page Label</description>
      <type>label</type>
      <label>30009</label>
      <id>0</id>
      <posX>1023</posX>
      <posY>688</posY>
      <font>mediastream12tc</font>
      <textcolor>ff909090</textcolor>
      <animation effect="fade" time="300">WindowOpen</animation>
      <animation effect="fade" time="300">WindowClose</animation>
    </control>
    <control>
      <description>Page Count Background</description>
      <type>image</type>
      <id>0</id>
      <posX>1013</posX>
      <posY>684</posY>
      <width>260</width>
      <height>30</height>
      <texture>mediacountbg_Spin.png</texture>
      <animation effect="fade" time="300">WindowOpen</animation>
      <animation effect="fade" time="300">WindowClose</animation>
    </control>
    <control>
      <description>Refresh Time</description>
      <type>label</type>
      <id>0</id>
      <posX>1270</posX>
      <posY>14</posY>
      <label>#StreamedMP.RefreshTime #Stocks.Time</label>
      <font>mediastream10tc</font>
      <textcolor>ff808080</textcolor>
      <align>right</align>
      <animation effect="fade" time="300">WindowOpen</animation>
      <animation effect="fade" time="300">WindowClose</animation>
    </control>
    <control>
      <description>Action</description>
      <type>label</type>
      <id>1</id>
      <posX>280</posX>
      <posY>240</posY>
      <width>400</width>
      <font>mediastream12tc</font>
      <align>left</align>
      <label>#Stocks.Action</label>
      <animation effect="fade" time="300">WindowOpen</animation>
      <animation effect="fade" time="300">WindowClose</animation>
    </control>
    <import>Stocks.Menu.xml</import>
    <import>Stocks.Indices.xml</import>
    <import>Stocks.Stocks.xml</import>
    <import>Stocks.Funds.xml</import>
    <import>Stocks.Portfolio.xml</import>
    <import>Stocks.Currencies.xml</import>
    <import>Stocks.Headlines.xml</import>
  </controls>
</window>
<!--Checksum:a0ce4c37a7b9a57c347f75d33ee4b9f0-->