﻿<?xml version="1.0" encoding="utf-8"?>
<window>
  <id>196202</id>
  <defaultcontrol>2</defaultcontrol>
  <allowoverlay>no</allowoverlay>
  <define>#header.label:#StreamedMP.SkinSettings - Video</define>
  <define>#header.hover:hover_settings.png</define>
  <define>#defaultcontrol:2</define>
  <define>#defaultcontrol.onright:9999</define>
  <controls>
    <import>common.settings.xml</import>
    <import>common.time.xml</import>
    <control>
      <type>group</type>
      <description>group element</description>
      <animation effect="fade" time="200" delay="200">windowopen</animation>
      <posX>251</posX>
      <posY>159</posY>
      <width>590</width>
      <height>500</height>
      <layout>StackLayout</layout>
      <control Style="settingsmaincheckbutton">
        <description>Video OSD Min/Full</description>
        <type>checkbutton</type>
        <id>2</id>
        <onleft>2</onleft>
        <onright>#defaultcontrol.onright</onright>
        <onup>2</onup>
        <ondown>99</ondown>
				<width>590</width>
      </control>
    </control>
  </controls>
</window>
<!--Checksum:1ffc656d68615b27b641dbc0e866d14c-->