﻿<?xml version="1.0" encoding="utf-8"?>
<window>
  <id>196203</id>
  <defaultcontrol>2</defaultcontrol>
  <allowoverlay>no</allowoverlay>
  <define>#header.label:#StreamedMP.SkinSettings - Misc</define>
  <define>#header.hover:hover_settings.png</define>
  <define>#defaultcontrol:2</define>
  <define>#defaultcontrol.onright:9999</define>
  <controls>
    <import>common.settings.xml</import>
    <import>common.time.xml</import>
    <control>
      <type>group</type>
      <description>group element</description>
      <animation effect="fade" time="200" delay="200">windowopen</animation>
      <posX>251</posX>
      <posY>159</posY>
      <width>590</width>
      <height>500</height>
      <layout>StackLayout</layout>
      <control Style="settingsmaincheckbutton">
        <description>Enable/Disable Hidden Menu Image</description>
        <type>checkbutton</type>
        <id>2</id>
        <onleft>2</onleft>
        <onright>#defaultcontrol.onright</onright>
        <onup>9</onup>
        <ondown>11</ondown>
				<width>590</width>
      </control>
      <control Style="settingsmaincheckbutton">
        <description>Textual MediaInfo Logos</description>
        <type>checkbutton</type>
        <id>11</id>
        <onleft>11</onleft>
        <onright>#defaultcontrol.onright</onright>
        <onup>2</onup>
        <ondown>3</ondown>
				<width>590</width>
      </control>
      <control Style="settingsmaincheckbutton">
        <description>Enable/Disable Rounded Poster Images</description>
        <type>checkbutton</type>
        <id>3</id>
        <onleft>3</onleft>
        <onright>#defaultcontrol.onright</onright>
        <onup>11</onup>
        <ondown>4</ondown>
				<width>590</width>
      </control>
      <control Style="settingsmaincheckbutton">
        <description>Enable/Disable Watched/Unwatched Icons in Artwork</description>
        <type>checkbutton</type>
        <id>4</id>
        <onleft>4</onleft>
        <onright>#defaultcontrol.onright</onright>
        <onup>3</onup>
        <ondown>5</ondown>
				<width>590</width>
      </control>
      <control Style="settingsmaincheckbutton">
        <description>Enable 123 Play behaviour for Recently Added on BasicHome screen</description>
        <type>checkbutton</type>
        <id>5</id>
        <onleft>5</onleft>
        <onright>#defaultcontrol.onright</onright>
        <onup>4</onup>
        <ondown>6</ondown>
				<width>590</width>
      </control>
      <control Style="settingsmaincheckbutton">
        <description>Fitler Watched Episodes in Recently Added</description>
        <type>checkbutton</type>
        <id>6</id>
        <onleft>6</onleft>
        <onright>#defaultcontrol.onright</onright>
        <onup>5</onup>
        <ondown>7</ondown>
				<width>590</width>
      </control>
      <control Style="settingsmaincheckbutton">
        <description>Use Large Fonts</description>
        <type>checkbutton</type>
        <id>7</id>
        <onleft>7</onleft>
        <onright>#defaultcontrol.onright</onright>
        <onup>6</onup>
        <ondown>10</ondown>
				<width>590</width>
      </control>
      <control Style="settingsmaincheckbutton">
        <description>Show List Scrolling Popup</description>
        <type>checkbutton</type>
        <id>10</id>
        <onleft>10</onleft>
        <onright>#defaultcontrol.onright</onright>
        <onup>7</onup>
        <ondown>12</ondown>
				<width>590</width>
      </control>
			<control Style="settingsmaincheckbutton">
        <description>Show Watched Progress in MyVideos List</description>
        <type>checkbutton</type>
        <id>12</id>
        <onleft>12</onleft>
        <onright>#defaultcontrol.onright</onright>
        <onup>10</onup>
        <ondown>8</ondown>
				<width>590</width>
      </control>
      <control Style="settingsmainbutton">
        <description>Transparency/Opacity Settings</description>
        <type>button</type>
        <id>8</id>
        <onleft>8</onleft>
        <onright>#defaultcontrol.onright</onright>
        <onup>12</onup>
        <ondown>9</ondown>
				<width>590</width>
      </control>
      <control Style="settingsmainbutton">
        <description>Transparency/Opacity Settings</description>
        <type>button</type>
        <id>9</id>
        <onleft>9</onleft>
        <onright>#defaultcontrol.onright</onright>
        <onup>8</onup>
        <ondown>2</ondown>
				<width>590</width>
      </control>
    </control>
  </controls>
</window>
<!--Checksum:000e4e56b3d192d87130ee8358924f62-->