﻿<?xml version="1.0" encoding="utf-8"?>
<window>
  <id>196206</id>
  <defaultcontrol>2</defaultcontrol>
  <allowoverlay>no</allowoverlay>
  <define>#header.label:#StreamedMP.SkinSettings - MovingPictures</define>
  <define>#header.hover:hover_settings.png</define>
  <define>#defaultcontrol:2</define>
  <define>#defaultcontrol.onright:9999</define>
  <controls>
    <import>common.settings.xml</import>
    <import>common.time.xml</import>
    <control>
      <type>group</type>
      <description>group element</description>
      <animation effect="fade" time="200" delay="200">windowopen</animation>
      <posX>251</posX>
      <posY>159</posY>
      <width>595</width>
      <height>500</height>
      <layout>StackLayout</layout>
      <control Style="settingsmaintogglebutton">
        <description>MovingPictures Default/Fanart Style</description>
        <type>togglebutton</type>
        <id>2</id>
        <onleft>2</onleft>
        <onright>#defaultcontrol.onright</onright>
        <onup>2</onup>
        <ondown>3</ondown>
      </control>
      <control Style="settingsmainbutton">
        <description>MovingPictures Thumbnail Mod</description>
        <type>button</type>
        <id>3</id>
        <onleft>2</onleft>
        <onright>#defaultcontrol.onright</onright>
        <onup>2</onup>
        <ondown>4</ondown>
      </control>
			<control Style="settingsmaintogglebutton">
        <description>MovingPictures Tagline in Details Summary</description>
        <type>togglebutton</type>
        <id>4</id>
        <onleft>2</onleft>
        <onright>#defaultcontrol.onright</onright>
        <onup>3</onup>
        <ondown>99</ondown>
      </control>
    </control>
  </controls>
</window>
<!--Checksum:3bbf0d2c385bef95119523e4624caa67-->