﻿<?xml version="1.0" encoding="utf-8" standalone="yes"?>
<window>
  <id>87274</id>
  <defaultcontrol>2</defaultcontrol>
  <allowoverlay>no</allowoverlay>
  <define>#header.label:#Trakt.Translation.GeneralSettings.Label</define>
  <define>#header.hover:hover_trakt.png</define>
  <define>#defaultcontrol:2</define>
  <define>#defaultcontrol.onright:9997</define>
  <controls>
    <import>Trakt.Common.xml</import>
    <import>common.time.xml</import>
    <control>
      <type>group</type>
      <description>group element</description>
      <animation effect="fade" time="200" delay="200">windowopen</animation>
      <posX>251</posX>
      <posY>150</posY>
      <width>595</width>
      <height>500</height>
      <layout>StackLayout</layout>
      <control Style="settingsmaintogglebutton">
        <description>Download Fanart</description>
        <type>togglebutton</type>
        <id>2</id>
        <label>#Trakt.Translation.DownloadFanart.Label</label>
        <onleft>2</onleft>
        <onright>#defaultcontrol.onright</onright>
        <onup>17</onup>
      </control>
      <control Style="settingsmaintogglebutton">
        <description>Download FullSize Fanart</description>
        <type>togglebutton</type>
        <id>3</id>
        <label>#Trakt.Translation.DownloadFullSizeFanart.Label</label>
        <onleft>3</onleft>
        <onright>#defaultcontrol.onright</onright>
      </control>
      <control Style="settingsmaintogglebutton">
        <description>Get Friend Requests on Startup</description>
        <type>togglebutton</type>
        <id>4</id>
        <label>#Trakt.Translation.GetFriendRequestsOnStartup.Label</label>
        <onleft>4</onleft>
        <onright>#defaultcontrol.onright</onright>
      </control>
      <control Style="settingsmaintogglebutton">
        <description>Create Moving Pictures Categories</description>
        <type>togglebutton</type>
        <id>5</id>
        <label>#Trakt.Translation.CreateMovingPicturesCategories.Label</label>
        <onleft>5</onleft>
        <onright>#defaultcontrol.onright</onright>
      </control>
      <control Style="settingsmaintogglebutton">
        <description>Create Moving Pictures Filters</description>
        <type>togglebutton</type>
        <id>6</id>
        <label>#Trakt.Translation.CreateMovingPicturesFilters.Label</label>
        <onleft>6</onleft>
        <onright>#defaultcontrol.onright</onright>
        <ondown>2</ondown>
      </control>
    </control>
  </controls>
</window>
<!--Checksum:4f0ddfdac415b324cfb2f9e63043ed2e-->