﻿<?xml version="1.0" encoding="utf-8" standalone="yes"?>
<window>
  <id>87271</id>
  <defaultcontrol>2</defaultcontrol>
  <allowoverlay>no</allowoverlay>
  <rememberLastFocusedControl>yes</rememberLastFocusedControl>
  <define>#header.label:Trakt #Trakt.Translation.Settings.Label</define>
  <define>#header.hover:hover_trakt.png</define>
  <define>#defaultcontrol:2</define>
  <define>#defaultcontrol.onright:9997</define>
  <controls>
    <import>Trakt.Common.xml</import>
    <import>common.time.xml</import>
    <control>
      <type>group</type>
      <description>group element</description>
      <animation effect="fade" time="200" delay="200">windowopen</animation>
      <posX>251</posX>
      <posY>150</posY>
      <width>595</width>
      <height>500</height>
      <layout>StackLayout</layout>
      <control Style="settingsmainbutton">
        <type>button</type>
        <description>Account Setup</description>
        <id>2</id>
        <onup>17</onup>
        <label>#Trakt.Translation.AccountSetup.Label</label>
        <hyperlink>87272</hyperlink>
        <onright>#defaultcontrol.onright</onright>
      </control>
      <control Style="settingsmainbutton">
        <type>button</type>
        <description>Plugin Setup</description>
        <id>3</id>
        <label>#Trakt.Translation.Plugins.Label</label>
        <hyperlink>87273</hyperlink>
        <onright>#defaultcontrol.onright</onright>
      </control>
      <control Style="settingsmainbutton">
        <type>button</type>
        <description>General Settings</description>
        <id>4</id>
        <label>#Trakt.Translation.General.Label</label>
        <hyperlink>87274</hyperlink>
        <onright>#defaultcontrol.onright</onright>
        <ondown>2</ondown>
      </control>
    </control>
  </controls>
</window>
<!--Checksum:8442609d68306444f2373cf9ec61849c-->