﻿<?xml version="1.0" encoding="utf-8" standalone="yes"?>
<window>
  <id>87266</id>
  <defaultcontrol>50</defaultcontrol>
  <allowoverlay>no</allowoverlay>
  <define>#header.hover:hover_trakt.png</define>
  <define>#header.BG.colordiffuse:ffffffff</define>
  <define>#header.BG.overlay:mainoverlay.png</define>
  <define>#Fanart.1:#Trakt.TrendingMovies.Fanart.1</define>
  <define>#Fanart.2:#Trakt.TrendingMovies.Fanart.2</define>
  <controls>
    <control>
      <id>1</id>
      <description>Background Image</description>
      <type>image</type>
      <posX>0</posX>
      <posY>0</posY>
      <width>1280</width>
      <height>720</height>
      <texture>#header.hover</texture>
      <colordiffuse>#header.BG.colordiffuse</colordiffuse>
      <animation effect="fade" time="300">WindowOpen</animation>
    </control>
    <import>Trakt.Common.Fanart.xml</import>
    <control>
      <id>1</id>
      <description>Overlay Image</description>
      <type>image</type>
      <posX>0</posX>
      <posY>0</posY>
      <width>1281</width>
      <height>720</height>
      <texture>#header.BG.overlay</texture>
    </control>
    <control>
      <description>Title Background</description>
      <type>image</type>
      <id>0</id>
      <posX>77</posX>
      <posY>11</posY>
      <width>437</width>
      <height>35</height>
      <texture>tvtitlebg.png</texture>
      <animation effect="fade" time="150">WindowOpen</animation>
      <animation effect="fade" time="250">WindowClose</animation>
    </control>
    <control>
      <description>Current View</description>
      <type>fadelabel</type>
      <id>0</id>
      <posX>493</posX>
      <posY>14</posY>
      <width>350</width>
      <font>mediastream12c</font>
      <label>#Trakt.Translation.TrendingMovies.Label</label>
      <align>right</align>
      <animation effect="fade" time="150">WindowOpen</animation>
      <animation effect="fade" time="250">WindowClose</animation>
    </control>
    <control>
      <type>image</type>
      <id>0</id>
      <posX>0</posX>
      <posY>675</posY>
      <width>1280</width>
      <height>47</height>
      <texture>imagestreamtitle.png</texture>
      <visible>!facadeview.filmstrip</visible>
      <animation effect="fade" time="150">WindowOpen</animation>
      <animation effect="fade" time="250">WindowClose</animation>
    </control>
    <!-- Facade Item Counts -->
    <control>
      <description>Item Count Background</description>
      <type>image</type>
      <id>0</id>
      <posX>1045</posX>
      <posY>13</posY>
      <width>222</width>
      <height>28</height>
      <texture>mediacountbg.png</texture>
      <animation effect="fade" time="250">WindowOpen</animation>
      <animation effect="fade" time="250">WindowClose</animation>
      <animation effect="slide" time="150" start="800,0">WindowOpen</animation>
      <animation effect="slide" time="250" end="800,0">WindowClose</animation>
    </control>
    <control>
      <description>Item Count Label</description>
      <type>label</type>
      <label>#Trakt.Translation.Movies.Label</label>
      <id>0</id>
      <width>135</width>
      <posX>1057</posX>
      <posY>17</posY>
      <align>left</align>
      <font>mediastream10tc</font>
      <textcolor>ff909090</textcolor>
      <animation effect="fade" time="250">WindowOpen</animation>
      <animation effect="fade" time="250">WindowClose</animation>
      <animation effect="slide" time="150" start="800,0">WindowOpen</animation>
      <animation effect="slide" time="250" end="800,0">WindowClose</animation>
    </control>
    <control>
      <description>Item Count</description>
      <type>label</type>
      <label>#itemcount</label>
      <id>0</id>
      <posX>1238</posX>
      <posY>15</posY>
      <font>mediastream11c</font>
      <textcolor>ff006698</textcolor>
      <align>right</align>
      <animation effect="fade" time="250">WindowOpen</animation>
      <animation effect="fade" time="250">WindowClose</animation>
      <animation effect="slide" time="150" start="800,0">WindowOpen</animation>
      <animation effect="slide" time="250" end="800,0">WindowClose</animation>
    </control>
    <control>
      <description>Page Count Background</description>
      <type>image</type>
      <id>0</id>
      <posX>1013</posX>
      <posY>684</posY>
      <width>260</width>
      <height>30</height>
      <texture>mediacountbg_Spin.png</texture>
      <visible>!facadeview.filmstrip</visible>
      <animation effect="fade" time="150">WindowOpen</animation>
      <animation effect="fade" time="250">WindowClose</animation>
      <animation effect="slide" time="150" start="800,0">WindowOpen</animation>
      <animation effect="slide" time="250" end="800,0">WindowClose</animation>
    </control>
    <control>
      <description>Page Count Label</description>
      <type>label</type>
      <label>30009</label>
      <id>0</id>
      <posX>1023</posX>
      <posY>688</posY>
      <font>mediastream12tc</font>
      <textcolor>ff909090</textcolor>
      <visible>!facadeview.filmstrip</visible>
      <animation effect="fade" time="250">WindowOpen</animation>
      <animation effect="fade" time="250">WindowClose</animation>
      <animation effect="slide" time="150" start="800,0">WindowOpen</animation>
      <animation effect="slide" time="250" end="800,0">WindowClose</animation>
    </control>
    <control>
      <description>Selected item Label</description>
      <type>fadelabel</type>
      <id>1</id>
      <posX>25</posX>
      <posY>684</posY>
      <width>950</width>
      <font>mediastream16tc</font>
      <label>#selecteditem</label>
      <visible>!facadeview.filmstrip</visible>
      <animation effect="fade" time="150">WindowOpen</animation>
      <animation effect="fade" time="250">WindowClose</animation>
    </control>
    <control>
      <description>group element</description>
      <type>group</type>
      <animation effect="fade" time="150">WindowOpen</animation>
      <animation effect="fade" time="250">WindowClose</animation>
      <animation effect="slide" time="150" start="1200,0">WindowOpen</animation>
      <animation effect="slide" time="250" end="1200,0">WindowClose</animation>
      <control>
        <type>facadeview</type>
        <id>50</id>
        <animation effect="fade" time="250" delay="0">WindowClose</animation>
        <control>
          <description>listcontrol</description>
          <type>listcontrol</type>
          <id>50</id>
          <posX>700</posX>
          <posY>240</posY>
          <height>480</height>
          <width>580</width>
          <onleft>2</onleft>
          <onright>2</onright>
          <scrollOffset>5</scrollOffset>
          <itemWidth>32</itemWidth>
          <itemHeight>32</itemHeight>
          <IconXOff>25</IconXOff>
          <IconYOff>4</IconYOff>
          <textXOff>25</textXOff>
          <textYOff>5</textYOff>
          <textXOff2>0</textXOff2>
          <textYOff2>5</textYOff2>
          <textXOff3>75</textXOff3>
          <textYOff3>10</textYOff3>
          <font>mediastream12c</font>
          <font2>mediastream10c</font2>
          <font3>mediastream12tc</font3>
          <keepaspectratio>yes</keepaspectratio>
          <spinPosX>1175</spinPosX>
          <spinPosY>681</spinPosY>
          <spinAlign>Right</spinAlign>
          <spinColor>ff006698</spinColor>
          <textureUp>arrow_round_up_nofocus.png</textureUp>
          <textureDown>arrow_round_down_nofocus.png</textureDown>
          <textureUpFocus>arrow_round_up_focus.png</textureUpFocus>
          <textureDownFocus>arrow_round_down_focus.png</textureDownFocus>
          <spinWidth>50</spinWidth>
          <spinHeight>37</spinHeight>
          <suffix>|</suffix>
        </control>
        <control>
          <visible>control.isvisible(50)</visible>
          <description>Filmstrip</description>
          <type>filmstrip</type>
          <id>50</id>
          <onup>2</onup>
          <posX>40</posX>
          <posY>255</posY>
          <width>1280</width>
          <height>220</height>
          <scrollOffset>4</scrollOffset>
          <thumbWidth>230</thumbWidth>
          <thumbHeight>340</thumbHeight>
          <thumbPosX>4</thumbPosX>
          <thumbPosY>4</thumbPosY>
          <itemWidth>245</itemWidth>
          <itemHeight>185</itemHeight>
          <textureWidth>250</textureWidth>
          <textureHeight>152</textureHeight>
          <thumbPosX>7</thumbPosX>
          <thumbPosY>7</thumbPosY>
          <thumbs flipY="true" diffuse="diffusemirrorwide.png" />
          <InfoImage>
          </InfoImage>
          <imageFolder>-</imageFolder>
          <imageFolderFocus>-</imageFolderFocus>
          <frame>-</frame>
          <frameFocus>-</frameFocus>
          <showFrame>no</showFrame>
          <showFolder>yes</showFolder>
          <showBackGround>no</showBackGround>
          <showInfoImage>no</showInfoImage>
          <thumbAnimation effect="zoom" start="100,100" end="120,120" tween="quadratic" time="0">focus</thumbAnimation>
          <!-- Spin Controls -->
          <spinWidth>50</spinWidth>
          <spinHeight>37</spinHeight>
          <spinPosX>585</spinPosX>
          <spinPosY>685</spinPosY>
          <spinAlign>center</spinAlign>
          <spinColor>ff006698</spinColor>
          <textureUp>arrow_round_up_nofocus.png</textureUp>
          <textureDown>arrow_round_down_nofocus.png</textureDown>
          <textureUpFocus>arrow_round_up_focus.png</textureUpFocus>
          <textureDownFocus>arrow_round_down_focus.png</textureDownFocus>
        </control>
        <control>
          <description>Thumbnail Panel</description>
          <type>thumbnailpanel</type>
          <id>50</id>
          <onleft>2</onleft>
          <onright>2</onright>
          <posX>530</posX>
          <posY>230</posY>
          <width>750</width>
          <height>480</height>
          <!-- Small Icons 0.66 aspect ratio -->
          <itemWidth>100</itemWidth>
          <itemHeight>145</itemHeight>
          <textureWidth>100</textureWidth>
          <textureHeight>144</textureHeight>
          <thumbWidth>90</thumbWidth>
          <thumbHeight>135</thumbHeight>
          <thumbPosX>5</thumbPosX>
          <thumbPosY>5</thumbPosY>
          <!-- Large Icons 0.66 aspect ratio -->
          <textureWidthBig>148</textureWidthBig>
          <textureHeightBig>217</textureHeightBig>
          <itemWidthBig>147</itemWidthBig>
          <itemHeightBig>215</itemHeightBig>
          <thumbWidthBig>132</thumbWidthBig>
          <thumbHeightBig>200</thumbHeightBig>
          <thumbPosXBig>8</thumbPosXBig>
          <thumbPosYBig>8</thumbPosYBig>
          <imageFolderFocus>thumbborder3.png</imageFolderFocus>
          <font>font12</font>
          <suffix>|</suffix>
          <thumbZoom>yes</thumbZoom>
          <enableFocusZoom>no</enableFocusZoom>
          <!-- Spin Controls -->
          <spinWidth>50</spinWidth>
          <spinHeight>37</spinHeight>
          <spinPosX>1175</spinPosX>
          <spinPosY>681</spinPosY>
          <spinAlign>Right</spinAlign>
          <spinColor>ff006698</spinColor>
          <textureUp>arrow_round_up_nofocus.png</textureUp>
          <textureDown>arrow_round_down_nofocus.png</textureDown>
          <textureUpFocus>arrow_round_up_focus.png</textureUpFocus>
          <textureDownFocus>arrow_round_down_focus.png</textureDownFocus>
        </control>
      </control>
    </control>
    <!-- Hidden Menu -->
    <control>
      <description>Hidden Menu Indicator</description>
      <type>image</type>
      <posX>1232</posX>
      <posY>50</posY>
      <width>48</width>
      <height>144</height>
      <texture>#StreamedMP.ActionMenu.Image</texture>
      <visible>control.isvisible(50)</visible>
      <animation effect="fade" time="250" delay="0">WindowClose</animation>
    </control>
    <control>
      <type>actiongroup</type>
      <description>action menu</description>
      <defaultcontrol>2</defaultcontrol>
      <onexit>50</onexit>
      <dimColor>00ffffff</dimColor>
      <buttonX>1231</buttonX>
      <buttonY>55</buttonY>
      <buttonwidth>49</buttonwidth>
      <buttonheight>253</buttonheight>
      <control>
        <type>image</type>
        <posX>1002</posX>
        <posY>0</posY>
        <width>278</width>
        <height>720</height>
        <texture>hiddenmenu_right.png</texture>
        <visible>!Control.HasFocus(50)</visible>
        <animation effect="slide" time="100" start="300,0">visible</animation>
        <animation effect="slide" time="0" end="300,0">hidden</animation>
      </control>
      <control>
        <id>0</id>
        <description>Dummy Button (for Mouse)</description>
        <label>-</label>
        <type>button</type>
        <posX>1002</posX>
        <posY>0</posY>
        <width>278</width>
        <height>720</height>
        <visible>!Control.HasFocus(50)</visible>
        <animation effect="slide" time="100" start="300,0">visible</animation>
        <animation effect="slide" time="0" end="300,0">hidden</animation>
      </control>
      <control>
        <id>0</id>
        <description>MENU</description>
        <label>924</label>
        <type>label</type>
        <font>mediastream12tc</font>
        <posX>1040</posX>
        <posY>223</posY>
        <visible>!Control.HasFocus(50)</visible>
        <animation effect="slide" time="100" start="300,0">visible</animation>
        <animation effect="slide" time="0" end="300,0">hidden</animation>
      </control>
      <control>
        <id>0</id>
        <description>Filters</description>
        <label>#Trakt.Translation.Filters.Label</label>
        <type>label</type>
        <font>mediastream12tc</font>
        <posX>1040</posX>
        <posY>305</posY>
        <visible>!Control.HasFocus(50)</visible>
        <animation effect="slide" time="100" start="300,0">visible</animation>
        <animation effect="slide" time="0" end="300,0">hidden</animation>
      </control>
			<control>
        <id>0</id>
        <description>JUMP TO</description>
        <label>1065</label>
        <type>label</type>
        <font>mediastream12tc</font>
        <posX>1040</posX>
        <posY>445</posY>
        <visible>!Control.HasFocus(50)</visible>
        <animation effect="slide" time="100" start="300,0">visible</animation>
        <animation effect="slide" time="0" end="300,0">hidden</animation>
      </control>
      <control>
        <type>group</type>
        <description>group element</description>
        <visible>!Control.HasFocus(50)</visible>
        <animation effect="slide" time="100" start="300,0">visible</animation>
        <animation effect="slide" time="0" end="300,0">hidden</animation>
        <posX>1040</posX>
        <posY>245</posY>
        <width>220</width>
        <height>720</height>
        <layout>StackLayout</layout>
        <control>
          <description>Change Layout</description>
          <type>button</type>
          <id>2</id>
          <label>-</label>
          <onup>21</onup>
          <!-- Top Bar -->
          <onleft>50</onleft>
        </control>
				<control>
          <description>Sort</description>
          <type>sortbutton</type>
          <id>8</id>
          <label>-</label>
        </control>
        <control>
          <description>Empty button</description>
          <type>button</type>
          <id>0</id>
          <label>-</label>
          <visible>false</visible>
        </control>
				<control>
          <description>Hide Watched</description>
          <type>checkbutton</type>
          <id>9</id>
          <label>#Trakt.Translation.HideWatched.Label</label>
					<onleft>50</onleft>
        </control>
				<control>
          <description>Hide Watchlisted</description>
          <type>checkbutton</type>
          <id>10</id>
          <label>#Trakt.Translation.HideWatchlisted.Label</label>
					<onleft>50</onleft>
        </control>
				<control>
          <description>Hide Collected</description>
          <type>checkbutton</type>
          <id>11</id>
          <label>#Trakt.Translation.HideCollected.Label</label>
					<onleft>50</onleft>
        </control>
				<control>
          <description>Hide Rated</description>
          <type>checkbutton</type>
          <id>12</id>
          <label>#Trakt.Translation.HideRated.Label</label>
					<onleft>50</onleft>
        </control>
				<control>
          <description>Empty button</description>
          <type>button</type>
          <id>0</id>
          <label>-</label>
          <visible>false</visible>
        </control>
        <control>
          <description>MovingPictures</description>
          <id>66610</id>
          <type>button</type>
          <label>Moving Pictures</label>
          <hyperlink>96742</hyperlink>
          <onleft>50</onleft>
        </control>
        <control>
          <description>My Videos</description>
          <type>button</type>
          <id>66611</id>
          <label>100006</label>
          <onleft>50</onleft>
          <hyperlink>6</hyperlink>
          <ondown>66612</ondown>
        </control>
        <control>
          <description>MP-TVSeries</description>
          <type>button</type>
          <id>66612</id>
          <label>MP-TVSeries</label>
          <hyperlink>9811</hyperlink>
          <ondown>2</ondown>
          <onleft>50</onleft>
        </control>
      </control>
    </control>
    <!-- Movies List Layout -->
    <control>
      <description>Cover Art</description>
      <type>image</type>
      <id>6001</id>
      <posX>31</posX>
      <posY>254</posY>
      <width>257</width>
      <height>380</height>
      <texture>#selectedthumb</texture>
      <visible>facadeview.list</visible>
      <animation effect="fade" time="250" delay="0">WindowClose</animation>
      <animation effect="fade" time="250" delay="0">WindowOpen</animation>
    </control>
    <control>
      <description>Cover Art Glass Overlay</description>
      <type>image</type>
      <id>0</id>
      <posX>31</posX>
      <posY>254</posY>
      <width>228</width>
      <height>177</height>
      <texture>glassoverlay2.png</texture>
      <visible>Control.HasThumb(6001)+facadeview.list</visible>
      <animation effect="fade" time="250" delay="0">WindowClose</animation>
      <animation effect="fade" time="250" delay="0">WindowOpen</animation>
    </control>
    <control>
      <description>Movie Title</description>
      <type>label</type>
      <id>0</id>
      <posX>308</posX>
      <posY>251</posY>
      <width>390</width>
      <font>mediastream16tc</font>
      <label>#Trakt.Movie.Title</label>
      <textcolor>ffFFFFFF</textcolor>
      <shadowAngle>45</shadowAngle>
      <shadowDistance>4</shadowDistance>
      <shadowColor>#shadow.light</shadowColor>
      <visible>!string.equals(#Trakt.Movie.Title,)+facadeview.list</visible>
      <animation effect="fade" time="250" delay="0">WindowClose</animation>
      <animation effect="fade" time="250" delay="0">WindowOpen</animation>
    </control>
    <control>
      <description>Number of People Watching</description>
      <type>label</type>
      <label>#Trakt.Movie.Watchers.Extra</label>
      <id>0</id>
      <posX>309</posX>
      <posY>282</posY>
      <width>900</width>
      <font>mediastream11tc</font>
      <textcolor>ff909090</textcolor>
      <shadowAngle>45</shadowAngle>
      <shadowDistance>3</shadowDistance>
      <shadowColor>#shadow.dark</shadowColor>
      <visible>!string.equals(#Trakt.Movie.Watchers.Extra,)+facadeview.list</visible>
      <animation effect="fade" time="250" delay="0">WindowClose</animation>
      <animation effect="fade" time="250" delay="0">WindowOpen</animation>
    </control>
    <control>
      <description>Rating Percent</description>
      <type>label</type>
      <id>0</id>
      <posX>309</posX>
      <posY>307</posY>
      <width>60</width>
      <font>mediastream14tc</font>
      <label>#Trakt.Movie.Ratings.Percentage%</label>
      <textcolor>ffFFFFFF</textcolor>
      <shadowAngle>45</shadowAngle>
      <shadowDistance>4</shadowDistance>
      <shadowColor>#shadow.light</shadowColor>
      <visible>!string.equals(#Trakt.Movie.Ratings.Percentage,)+facadeview.list</visible>
      <animation effect="fade" time="250" delay="0">WindowClose</animation>
      <animation effect="fade" time="250" delay="0">WindowOpen</animation>
    </control>
    <control>
      <description>Rating Icon</description>
      <type>image</type>
      <id>1</id>
      <width>35</width>
      <height>32</height>
      <posX>370</posX>
      <posY>305</posY>
      <texture>#Trakt.Movie.Ratings.Icon.png</texture>
      <visible>!string.equals(#Trakt.Movie.Ratings.Icon,)+facadeview.list</visible>
      <animation effect="fade" time="250" delay="0">WindowClose</animation>
      <animation effect="fade" time="250" delay="0">WindowOpen</animation>
    </control>
    <control>
      <description>Rating Votes</description>
      <type>label</type>
      <id>0</id>
      <posX>415</posX>
      <posY>311</posY>
      <width>390</width>
      <font>mediastream10c</font>
      <label>#Trakt.Movie.Ratings.Votes #Trakt.Translation.Votes.Label</label>
      <textcolor>ffFFFFFF</textcolor>
      <shadowAngle>45</shadowAngle>
      <shadowDistance>2</shadowDistance>
      <shadowColor>#shadow.light</shadowColor>
      <visible>!string.equals(#Trakt.Movie.Ratings.Votes,)+facadeview.list</visible>
      <animation effect="fade" time="250" delay="0">WindowClose</animation>
      <animation effect="fade" time="250" delay="0">WindowOpen</animation>
    </control>
    <control>
      <description>Summary</description>
      <type>textboxscrollup</type>
      <id>0</id>
      <posX>308</posX>
      <posY>345</posY>
      <width>400</width>
      <height>220</height>
      <textcolor>ffFFFFFF</textcolor>
      <seperator>-----------------------------------------------------------------------------------</seperator>
      <font>mediastream11</font>
      <label>#Trakt.Movie.Overview</label>
      <visible>!string.equals(#Trakt.Movie.Overview,)+facadeview.list</visible>
      <animation effect="fade" time="250" delay="0">WindowClose</animation>
      <animation effect="fade" time="250" delay="0">WindowOpen</animation>
    </control>
    <control Style="smallTitleB">
      <description>Certification Label</description>
      <id>0</id>
      <type>label</type>
      <label>#Trakt.Translation.Certification.Label</label>
      <posX>310</posX>
      <posY>572</posY>
      <width>190</width>
      <visible>!string.equals(#Trakt.Movie.Certification,)+facadeview.list</visible>
      <animation effect="fade" time="250" delay="0">WindowClose</animation>
      <animation effect="fade" time="250" delay="0">WindowOpen</animation>
    </control>
    <control Style="smallTitle">
      <description>Certification</description>
      <id>0</id>
      <type>label</type>
      <label>#Trakt.Movie.Certification</label>
      <posX>520</posX>
      <posY>573</posY>
      <width>200</width>
      <visible>!string.equals(#Trakt.Movie.Certification,)+facadeview.list</visible>
      <animation effect="fade" time="250" delay="0">WindowClose</animation>
      <animation effect="fade" time="250" delay="0">WindowOpen</animation>
    </control>
    <control Style="smallTitleB">
      <description>Runtime Label</description>
      <id>0</id>
      <type>label</type>
      <label>#Trakt.Translation.Runtime.Label</label>
      <posX>310</posX>
      <posY>594</posY>
      <width>190</width>
      <visible>!string.equals(#Trakt.Movie.Runtime,)+facadeview.list</visible>
      <animation effect="fade" time="250" delay="0">WindowClose</animation>
      <animation effect="fade" time="250" delay="0">WindowOpen</animation>
    </control>
    <control Style="smallTitle">
      <description>Runtime</description>
      <id>0</id>
      <type>label</type>
      <label>#Trakt.Movie.Runtime mins</label>
      <posX>520</posX>
      <posY>595</posY>
      <width>200</width>
      <visible>!string.equals(#Trakt.Movie.Runtime,)+facadeview.list</visible>
      <animation effect="fade" time="250" delay="0">WindowClose</animation>
      <animation effect="fade" time="250" delay="0">WindowOpen</animation>
    </control>
    <control Style="smallTitleB">
      <description>Released Label</description>
      <type>label</type>
      <label>#Trakt.Translation.Released.Label</label>
      <posX>310</posX>
      <posY>616</posY>
      <width>190</width>
      <visible>!string.equals(#Trakt.Movie.Released,)+facadeview.list</visible>
      <animation effect="fade" time="250" delay="0">WindowClose</animation>
      <animation effect="fade" time="250" delay="0">WindowOpen</animation>
    </control>
    <control Style="smallTitle">
      <description>Released</description>
      <id>0</id>
      <type>label</type>
      <label>#Trakt.Movie.Released</label>
      <posX>520</posX>
      <posY>617</posY>
      <visible>!string.equals(#Trakt.Movie.Released,)+facadeview.list</visible>
      <animation effect="fade" time="250" delay="0">WindowClose</animation>
      <animation effect="fade" time="250" delay="0">WindowOpen</animation>
    </control>
    <!-- Movies Thumbnails Layout -->
    <control>
      <description>Movie Title</description>
      <type>label</type>
      <id>0</id>
      <posX>20</posX>
      <posY>240</posY>
      <width>500</width>
      <font>mediastream14tc</font>
      <label>#Trakt.Movie.Title</label>
      <textcolor>ffFFFFFF</textcolor>
      <shadowAngle>45</shadowAngle>
      <shadowDistance>4</shadowDistance>
      <shadowColor>#shadow.light</shadowColor>
      <visible>[facadeview.smallicons|facadeview.largeicons]+control.isvisible(50)+!string.equals(#Trakt.Movie.Title,)</visible>
      <animation effect="fade" time="250" delay="0">WindowClose</animation>
      <animation effect="fade" time="250" delay="0">WindowOpen</animation>
    </control>
    <control>
      <description>Number of Watchers</description>
      <type>label</type>
      <label>#Trakt.Movie.Watchers.Extra</label>
      <id>0</id>
      <posX>20</posX>
      <posY>265</posY>
      <width>500</width>
      <font>mediastream12tc</font>
      <textcolor>ff909090</textcolor>
      <shadowAngle>45</shadowAngle>
      <shadowDistance>3</shadowDistance>
      <shadowColor>#shadow.dark</shadowColor>
      <visible>[facadeview.smallicons|facadeview.largeicons]+control.isvisible(50)+!string.equals(#Trakt.Movie.Watchers.Extra,)</visible>
      <animation effect="fade" time="250" delay="0">WindowClose</animation>
      <animation effect="fade" time="250" delay="0">WindowOpen</animation>
    </control>
    <control>
      <description>Rating Percent</description>
      <type>label</type>
      <id>0</id>
      <posX>20</posX>
      <posY>290</posY>
      <width>60</width>
      <font>mediastream14tc</font>
      <label>#Trakt.Movie.Ratings.Percentage%</label>
      <textcolor>ffFFFFFF</textcolor>
      <shadowAngle>45</shadowAngle>
      <shadowDistance>4</shadowDistance>
      <shadowColor>#shadow.light</shadowColor>
      <visible>!string.equals(#Trakt.Movie.Ratings.Percentage,)+[facadeview.smallicons|facadeview.largeicons]</visible>
      <animation effect="fade" time="250" delay="0">WindowClose</animation>
      <animation effect="fade" time="250" delay="0">WindowOpen</animation>
    </control>
    <control>
      <description>Rating Icon</description>
      <type>image</type>
      <id>1</id>
      <width>35</width>
      <height>32</height>
      <posX>85</posX>
      <posY>288</posY>
      <texture>#Trakt.Movie.Ratings.Icon.png</texture>
      <visible>!string.equals(#Trakt.Movie.Ratings.Icon,)+[facadeview.smallicons|facadeview.largeicons]</visible>
      <animation effect="fade" time="250" delay="0">WindowClose</animation>
      <animation effect="fade" time="250" delay="0">WindowOpen</animation>
    </control>
    <control>
      <description>Rating Votes</description>
      <type>label</type>
      <id>0</id>
      <posX>130</posX>
      <posY>292</posY>
      <width>390</width>
      <font>mediastream10c</font>
      <label>#Trakt.Movie.Ratings.Votes #Trakt.Translation.Votes.Label</label>
      <textcolor>ffFFFFFF</textcolor>
      <shadowAngle>45</shadowAngle>
      <shadowDistance>2</shadowDistance>
      <shadowColor>#shadow.light</shadowColor>
      <visible>!string.equals(#Trakt.Movie.Ratings.Votes,)+[facadeview.smallicons|facadeview.largeicons]</visible>
      <animation effect="fade" time="250" delay="0">WindowClose</animation>
      <animation effect="fade" time="250" delay="0">WindowOpen</animation>
    </control>
    <control>
      <description>Overview</description>
      <type>textboxscrollup</type>
      <id>0</id>
      <posX>20</posX>
      <posY>330</posY>
      <width>500</width>
      <height>215</height>
      <textcolor>ffFFFFFF</textcolor>
      <seperator>-----------------------------------------------------------------------------------</seperator>
      <font>mediastream11</font>
      <label>#Trakt.Movie.Overview</label>
      <visible>[facadeview.smallicons|facadeview.largeicons]+control.isvisible(50)+!string.equals(#Trakt.Movie.Overview,)</visible>
      <animation effect="fade" time="250" delay="0">WindowClose</animation>
      <animation effect="fade" time="250" delay="0">WindowOpen</animation>
    </control>
    <control Style="smallTitleB">
      <description>Certification Label</description>
      <id>0</id>
      <type>label</type>
      <label>#Trakt.Translation.Certification.Label</label>
      <posX>20</posX>
      <posY>551</posY>
      <width>140</width>
      <visible>[facadeview.smallicons|facadeview.largeicons]+control.isvisible(50)+!string.equals(#Trakt.Movie.Certification,)</visible>
      <animation effect="fade" time="250" delay="0">WindowClose</animation>
      <animation effect="fade" time="250" delay="0">WindowOpen</animation>
    </control>
    <control Style="smallTitle">
      <description>Certification</description>
      <id>1004</id>
      <type>label</type>
      <label>#Trakt.Movie.Certification</label>
      <posX>180</posX>
      <posY>552</posY>
      <width>200</width>
      <visible>[facadeview.smallicons|facadeview.largeicons]+control.isvisible(50)+!string.equals(#Trakt.Movie.Certification,)</visible>
      <animation effect="fade" time="250" delay="0">WindowClose</animation>
      <animation effect="fade" time="250" delay="0">WindowOpen</animation>
    </control>
    <control Style="smallTitleB">
      <description>Runtime Label</description>
      <id>0</id>
      <type>label</type>
      <label>#Trakt.Translation.Runtime.Label</label>
      <posX>20</posX>
      <posY>573</posY>
      <width>140</width>
      <visible>[facadeview.smallicons|facadeview.largeicons]+control.isvisible(50)+!string.equals(#Trakt.Movie.Runtime,)</visible>
      <animation effect="fade" time="250" delay="0">WindowClose</animation>
      <animation effect="fade" time="250" delay="0">WindowOpen</animation>
    </control>
    <control Style="smallTitle">
      <description>Runtime</description>
      <id>1005</id>
      <type>label</type>
      <label>#Trakt.Movie.Runtime mins</label>
      <posX>180</posX>
      <posY>574</posY>
      <width>200</width>
      <visible>[facadeview.smallicons|facadeview.largeicons]+control.isvisible(50)+!string.equals(#Trakt.Movie.Runtime,)</visible>
      <animation effect="fade" time="250" delay="0">WindowClose</animation>
      <animation effect="fade" time="250" delay="0">WindowOpen</animation>
    </control>
    <control Style="smallTitleB">
      <description>Released Label</description>
      <type>label</type>
      <label>#Trakt.Translation.Released.Label</label>
      <posX>20</posX>
      <posY>595</posY>
      <width>140</width>
      <visible>[facadeview.smallicons|facadeview.largeicons]+control.isvisible(50)+!string.equals(#Trakt.Movie.Released,)</visible>
      <animation effect="fade" time="250" delay="0">WindowClose</animation>
      <animation effect="fade" time="250" delay="0">WindowOpen</animation>
    </control>
    <control Style="smallTitle">
      <description>Released</description>
      <id>1006</id>
      <type>label</type>
      <label>#Trakt.Movie.Released</label>
      <posX>180</posX>
      <posY>596</posY>
      <visible>[facadeview.smallicons|facadeview.largeicons]+control.isvisible(50)+!string.equals(#Trakt.Movie.Released,)</visible>
      <animation effect="fade" time="250" delay="0">WindowClose</animation>
      <animation effect="fade" time="250" delay="0">WindowOpen</animation>
    </control>
    <!-- Filmstrip -->
    <control>
      <description>Movie Title</description>
      <type>label</type>
      <id>1</id>
      <posX>20</posX>
      <posY>660</posY>
      <width>1280</width>
      <align>center</align>
      <font>mediastream16tc</font>
      <label>#Trakt.Movie.Title</label>
      <visible>facadeview.filmstrip+control.isvisible(50)+!string.equals(#Trakt.Movie.Title,)</visible>
      <animation effect="fade" time="150">WindowOpen</animation>
      <animation effect="fade" time="250">WindowClose</animation>
    </control>
    <control>
      <description>Number of Watchers</description>
      <type>label</type>
      <label>#Trakt.Movie.Watchers.Extra</label>
      <id>0</id>
      <posX>20</posX>
      <posY>680</posY>
      <width>1280</width>
      <align>center</align>
      <font>mediastream12tc</font>
      <textcolor>ff909090</textcolor>
      <shadowAngle>45</shadowAngle>
      <shadowDistance>3</shadowDistance>
      <shadowColor>#shadow.dark</shadowColor>
      <visible>facadeview.filmstrip+control.isvisible(50)+!string.equals(#Trakt.Movie.Watchers.Extra,)</visible>
      <animation effect="fade" time="250" delay="0">WindowClose</animation>
      <animation effect="fade" time="250" delay="0">WindowOpen</animation>
    </control>
    <import>common.overlays.xml</import>
    <import>common.time.xml</import>
  </controls>
</window>
<!--Checksum:94d33fac4ebbb85647cc74711873085a-->