﻿<?xml version="1.0" encoding="utf-8" standalone="yes"?>
<window>
  <id>87260</id>
  <defaultcontrol>50</defaultcontrol>
  <allowoverlay>no</allowoverlay>
  <define>#header.hover:hover_trakt.png</define>
  <define>#header.BG.colordiffuse:ffffffff</define>
  <define>#header.BG.overlay:mainoverlay.png</define>
  <define>#Fanart.1:#Trakt.Friends.Fanart.1</define>
  <define>#Fanart.2:#Trakt.Friends.Fanart.2</define>
  <controls>
    <control>
      <id>1</id>
      <description>Background Image</description>
      <type>image</type>
      <posX>0</posX>
      <posY>0</posY>
      <width>1280</width>
      <height>720</height>
      <texture>#header.hover</texture>
      <colordiffuse>#header.BG.colordiffuse</colordiffuse>
      <animation effect="fade" time="300">WindowOpen</animation>
    </control>
    <import>Trakt.Common.Fanart.xml</import>
    <control>
      <id>1</id>
      <description>Overlay Image</description>
      <type>image</type>
      <posX>0</posX>
      <posY>0</posY>
      <width>1281</width>
      <height>720</height>
      <texture>#header.BG.overlay</texture>
    </control>
    <control>
      <description>Top Title Extension Background</description>
      <type>image</type>
      <id>0</id>
      <posX>381</posX>
      <posY>11</posY>
      <width>386</width>
      <height>35</height>
      <texture>tvtitlebgshort.png</texture>
      <visible>!string.equals(#Trakt.View.Level,Friends)</visible>
      <animation effect="fade" time="100" delay="0">visiblechange</animation>
      <animation effect="fade" time="150">WindowOpen</animation>
      <animation effect="fade" time="250">WindowClose</animation>
    </control>
    <control>
      <description>Current Friend</description>
      <type>label</type>
      <id>0</id>
      <posX>739</posX>
      <posY>14</posY>
      <width>220</width>
      <font>mediastream12c</font>
      <label>#(iif(eq(#Trakt.View.Level,'Friends'),'Trakt #Trakt.Translation.Friends.Label','#Trakt.User.Username'))</label>
      <align>right</align>
      <visible>!string.equals(#Trakt.View.Level,Friends)</visible>
      <animation effect="fade" time="100" delay="0">visiblechange</animation>
      <animation effect="fade" time="150">WindowOpen</animation>
      <animation effect="fade" time="250">WindowClose</animation>
    </control>
    <control>
      <description>Title Background</description>
      <type>image</type>
      <id>0</id>
      <posX>77</posX>
      <posY>11</posY>
      <width>437</width>
      <height>35</height>
      <texture>tvtitlebg.png</texture>
      <animation effect="fade" time="150">WindowOpen</animation>
      <animation effect="fade" time="250">WindowClose</animation>
    </control>
    <control>
      <description>Current View</description>
      <type>fadelabel</type>
      <id>0</id>
      <posX>493</posX>
      <posY>14</posY>
      <width>350</width>
      <font>mediastream12c</font>
      <label>#(iif(eq(#Trakt.View.Level,'WatchedHistory'),iif(eq(#Trakt.Selected.Type,'episode'),'#Trakt.Translation.WatchedEpisodes.Label','#Trakt.Translation.WatchedMovies.Label'),'Trakt #Trakt.Translation.Friends.Label'))</label>
      <align>right</align>
      <animation effect="fade" time="150">WindowOpen</animation>
      <animation effect="fade" time="250">WindowClose</animation>
    </control>
    <control>
      <type>image</type>
      <id>0</id>
      <posX>0</posX>
      <posY>675</posY>
      <width>1280</width>
      <height>47</height>
      <texture>imagestreamtitle.png</texture>
      <animation effect="fade" time="150">WindowOpen</animation>
      <animation effect="fade" time="250">WindowClose</animation>
    </control>
    <!-- Facade Item Counts -->
    <control>
      <description>Item Count Background</description>
      <type>image</type>
      <id>0</id>
      <posX>1045</posX>
      <posY>13</posY>
      <width>222</width>
      <height>28</height>
      <texture>mediacountbg.png</texture>
      <animation effect="fade" time="250">WindowOpen</animation>
      <animation effect="fade" time="250">WindowClose</animation>
      <animation effect="slide" time="150" start="800,0">WindowOpen</animation>
      <animation effect="slide" time="250" end="800,0">WindowClose</animation>
    </control>
    <control>
      <description>Item Count Label</description>
      <type>label</type>
      <label>#(switch(eq(#Trakt.View.Level,'Friends'),'#Trakt.Translation.Friends.Label',eq(#Trakt.View.Level,'WatchedTypes'),L(507),and(eq(#Trakt.View.Level,'WatchedHistory'),eq(#Trakt.Selected.Type,'episode')),'#Trakt.Translation.Episodes.Label',and(eq(#Trakt.View.Level,'WatchedHistory'),eq(#Trakt.Selected.Type,'movie')),'#Trakt.Translation.Movies.Label'))</label>
      <id>0</id>
      <width>135</width>
      <posX>1057</posX>
      <posY>17</posY>
      <align>left</align>
      <font>mediastream10tc</font>
      <textcolor>ff909090</textcolor>
      <animation effect="fade" time="250">WindowOpen</animation>
      <animation effect="fade" time="250">WindowClose</animation>
      <animation effect="slide" time="150" start="800,0">WindowOpen</animation>
      <animation effect="slide" time="250" end="800,0">WindowClose</animation>
    </control>
    <control>
      <description>Item Count</description>
      <type>label</type>
      <label>#itemcount</label>
      <id>0</id>
      <posX>1238</posX>
      <posY>15</posY>
      <font>mediastream11c</font>
      <textcolor>ff006698</textcolor>
      <align>right</align>
      <animation effect="fade" time="250">WindowOpen</animation>
      <animation effect="fade" time="250">WindowClose</animation>
      <animation effect="slide" time="150" start="800,0">WindowOpen</animation>
      <animation effect="slide" time="250" end="800,0">WindowClose</animation>
    </control>
    <control>
      <description>Page Count Background</description>
      <type>image</type>
      <id>0</id>
      <posX>1013</posX>
      <posY>684</posY>
      <width>260</width>
      <height>30</height>
      <texture>mediacountbg_Spin.png</texture>
      <animation effect="fade" time="150">WindowOpen</animation>
      <animation effect="fade" time="250">WindowClose</animation>
      <animation effect="slide" time="150" start="800,0">WindowOpen</animation>
      <animation effect="slide" time="250" end="800,0">WindowClose</animation>
      <visible>!string.equals(#Trakt.View.Level,WatchedTypes)</visible>
    </control>
    <control>
      <description>Page Count Label</description>
      <type>label</type>
      <label>30009</label>
      <id>0</id>
      <posX>1023</posX>
      <posY>688</posY>
      <font>mediastream12tc</font>
      <textcolor>ff909090</textcolor>
      <animation effect="fade" time="250">WindowOpen</animation>
      <animation effect="fade" time="250">WindowClose</animation>
      <animation effect="slide" time="150" start="800,0">WindowOpen</animation>
      <animation effect="slide" time="250" end="800,0">WindowClose</animation>
      <visible>!string.equals(#Trakt.View.Level,WatchedTypes)</visible>
    </control>
    <control>
      <description>Selected item Label</description>
      <type>fadelabel</type>
      <id>1</id>
      <posX>25</posX>
      <posY>684</posY>
      <width>950</width>
      <font>mediastream16tc</font>
      <label>#selecteditem</label>
      <animation effect="fade" time="150">WindowOpen</animation>
      <animation effect="fade" time="250">WindowClose</animation>
    </control>
    <control>
      <description>group element</description>
      <type>group</type>
      <animation effect="fade" time="150">WindowOpen</animation>
      <animation effect="fade" time="250">WindowClose</animation>
      <animation effect="slide" time="150" start="1200,0">WindowOpen</animation>
      <animation effect="slide" time="250" end="1200,0">WindowClose</animation>
      <control>
        <type>facadeview</type>
        <id>50</id>
        <control>
          <description>listcontrol</description>
          <type>listcontrol</type>
          <id>50</id>
          <posX>660</posX>
          <posY>240</posY>
          <height>480</height>
          <width>620</width>
          <onleft>50</onleft>
          <onright>50</onright>
          <scrollOffset>3</scrollOffset>
          <itemWidth>89</itemWidth>
          <itemHeight>50</itemHeight>
          <textureHeight>60</textureHeight>
          <IconXOff>25</IconXOff>
          <IconYOff>4</IconYOff>
          <textXOff>25</textXOff>
          <textYOff>5</textYOff>
          <textXOff2>0</textXOff2>
          <textYOff2>5</textYOff2>
          <textXOff3>75</textXOff3>
          <textYOff3>10</textYOff3>
          <font>mediastream12c</font>
          <font2>mediastream10c</font2>
          <font3>mediastream12tc</font3>
          <keepaspectratio>yes</keepaspectratio>
          <spinPosX>1175</spinPosX>
          <spinPosY>681</spinPosY>
          <spinAlign>Right</spinAlign>
          <spinColor>ff006698</spinColor>
          <textureUp>arrow_round_up_nofocus.png</textureUp>
          <textureDown>arrow_round_down_nofocus.png</textureDown>
          <textureUpFocus>arrow_round_up_focus.png</textureUpFocus>
          <textureDownFocus>arrow_round_down_focus.png</textureDownFocus>
          <spinWidth>50</spinWidth>
          <spinHeight>37</spinHeight>
          <suffix>|</suffix>
        </control>
      </control>
    </control>
    <control>
      <description>Avatar</description>
      <type>image</type>
      <id>1</id>
      <posX>18</posX>
      <posY>240</posY>
      <height>138</height>
      <width>138</width>
      <keepaspectratio>yes</keepaspectratio>
      <zoom>yes</zoom>
      <texture flipY="true" diffuse="diffusemirrorwide.png">#selectedthumb</texture>
      <animation effect="fade" time="250" delay="0">WindowClose</animation>
      <visible>!string.equals(#Trakt.View.Level,WatchedHistory)</visible>
    </control>
    <control>
      <type>label</type>
      <label>#Trakt.User.Username</label>
      <id>0</id>
      <posX>165</posX>
      <posY>240</posY>
      <font>mediastream12tc</font>
      <textcolor>ff909090</textcolor>
      <shadowAngle>45</shadowAngle>
      <shadowDistance>3</shadowDistance>
      <shadowColor>#shadow.dark</shadowColor>
      <animation effect="fade" time="250" delay="0">WindowClose</animation>
      <visible>!string.equals(#Trakt.View.Level,WatchedHistory)</visible>
    </control>
    <control>
      <type>textboxscrollup</type>
      <label>#Trakt.User.FullName</label>
      <id>0</id>
      <posX>165</posX>
      <posY>258</posY>
      <width>460</width>
      <height>60</height>
      <font>mediastream14tc</font>
      <textcolor>ffffffff</textcolor>
      <shadowAngle>45</shadowAngle>
      <shadowDistance>4</shadowDistance>
      <shadowColor>#shadow.light</shadowColor>
      <animation effect="fade" time="250" delay="0">WindowClose</animation>
      <visible>!string.equals(#Trakt.View.Level,WatchedHistory)+!string.equals(#Trakt.User.FullName,N/A)</visible>
    </control>
    <control Style="smallTitleB">
      <description>Join Date</description>
      <id>0</id>
      <label>#Trakt.Translation.JoinDate.Label</label>
      <type>label</type>
      <posX>18</posX>
      <posY>438</posY>
      <width>150</width>
      <animation effect="fade" time="250" delay="0">WindowClose</animation>
      <visible>!string.equals(#Trakt.User.JoinDate,)+!string.equals(#Trakt.View.Level,WatchedHistory)</visible>
    </control>
    <control Style="smallTitle">
      <description>Join Date Value</description>
      <id>12001</id>
      <label>#Trakt.User.JoinDate</label>
      <type>label</type>
      <posX>173</posX>
      <posY>439</posY>
      <width>230</width>
      <animation effect="fade" time="250" delay="0">WindowClose</animation>
      <visible>!string.equals(#Trakt.View.Level,WatchedHistory)</visible>
    </control>
    <control Style="smallTitleB">
      <description>Gender</description>
      <id>0</id>
      <label>#Trakt.Translation.Gender.Label</label>
      <type>label</type>
      <posX>18</posX>
      <posY>463</posY>
      <width>150</width>
      <animation effect="fade" time="250" delay="0">WindowClose</animation>
      <visible>!string.equals(#Trakt.User.Gender,)+!string.equals(#Trakt.View.Level,WatchedHistory)</visible>
    </control>
    <control Style="smallTitle">
      <description>Gender Value</description>
      <id>12001</id>
      <label>#Trakt.User.Gender</label>
      <type>label</type>
      <posX>173</posX>
      <posY>464</posY>
      <width>230</width>
      <animation effect="fade" time="250" delay="0">WindowClose</animation>
      <visible>!string.equals(#Trakt.View.Level,WatchedHistory)</visible>
    </control>
    <control Style="smallTitleB">
      <description>Location</description>
      <id>0</id>
      <label>#Trakt.Translation.Location.Label</label>
      <type>label</type>
      <posX>18</posX>
      <posY>488</posY>
      <width>150</width>
      <animation effect="fade" time="250" delay="0">WindowClose</animation>
      <visible>!string.equals(#Trakt.User.Location,)+!string.equals(#Trakt.View.Level,WatchedHistory)</visible>
    </control>
    <control Style="smallTitle">
      <description>Location Value</description>
      <id>12001</id>
      <label>#Trakt.User.Location</label>
      <type>label</type>
      <posX>173</posX>
      <posY>489</posY>
      <width>230</width>
      <animation effect="fade" time="250" delay="0">WindowClose</animation>
      <visible>!string.equals(#Trakt.View.Level,WatchedHistory)</visible>
    </control>
    <control Style="smallTitleB">
      <description>Protected</description>
      <id>0</id>
      <label>#Trakt.Translation.Protected.Label</label>
      <type>label</type>
      <posX>18</posX>
      <posY>513</posY>
      <width>150</width>
      <animation effect="fade" time="250" delay="0">WindowClose</animation>
      <visible>!string.equals(#Trakt.User.Protected,)+!string.equals(#Trakt.View.Level,WatchedHistory)</visible>
    </control>
    <control Style="smallTitle">
      <description>Protected Value</description>
      <id>12001</id>
      <label>#Trakt.User.Protected</label>
      <type>label</type>
      <posX>173</posX>
      <posY>514</posY>
      <width>230</width>
      <animation effect="fade" time="250" delay="0">WindowClose</animation>
      <visible>!string.equals(#Trakt.View.Level,WatchedHistory)</visible>
    </control>
    <control>
      <description>User About</description>
      <type>textboxscrollup</type>
      <id>0</id>
      <posX>18</posX>
      <posY>540</posY>
      <width>620</width>
      <height>125</height>
      <font>mediastream11</font>
      <label>#Trakt.User.About</label>
      <scrollStartDelaySec>12</scrollStartDelaySec>
      <animation effect="fade" time="250" delay="0">WindowClose</animation>
      <animation effect="fade" time="250" delay="0">WindowOpen</animation>
      <visible>!string.equals(#Trakt.User.About,)+!string.equals(#Trakt.User.About,N/A)+!string.equals(#Trakt.View.Level,WatchedHistory)</visible>
    </control>
    <!-- Trakt Episodes -->
    <control>
      <description>Big Episode Thumb</description>
      <type>image</type>
      <id>1</id>
      <posX>28</posX>
      <posY>254</posY>
      <height>200</height>
      <width>354</width>
      <keepaspectratio>yes</keepaspectratio>
      <zoom>yes</zoom>
      <texture flipY="true" diffuse="diffusemirrorwide.png">#selectedthumb</texture>
      <animation effect="fade" time="250" delay="0">WindowClose</animation>
      <animation effect="fade" time="250" delay="0">WindowOpen</animation>
      <visible>string.equals(#Trakt.View.Level,WatchedHistory)+string.equals(#Trakt.Selected.Type,episode)</visible>
    </control>
    <control>
      <description>Rating Percent</description>
      <type>label</type>
      <id>0</id>
      <posX>159</posX>
      <posY>460</posY>
      <width>80</width>
      <align>right</align>
      <font>mediastream14tc</font>
      <label>#Trakt.Episode.Ratings.Percentage%</label>
      <textcolor>ffFFFFFF</textcolor>
      <shadowAngle>45</shadowAngle>
      <shadowDistance>4</shadowDistance>
      <shadowColor>#shadow.light</shadowColor>
      <visible>!string.equals(#Trakt.Episode.Ratings.Percentage,)+string.equals(#Trakt.View.Level,WatchedHistory)+string.equals(#Trakt.Selected.Type,episode)</visible>
      <animation effect="fade" time="250" delay="0">WindowClose</animation>
      <animation effect="fade" time="250" delay="0">WindowOpen</animation>
    </control>
    <control>
      <description>Rating Icon</description>
      <type>image</type>
      <id>1</id>
      <width>35</width>
      <height>32</height>
      <posX>171</posX>
      <posY>458</posY>
      <texture>#Trakt.Episode.Ratings.Icon.png</texture>
      <visible>!string.equals(#Trakt.Episode.Ratings.Icon,)+string.equals(#Trakt.View.Level,WatchedHistory)+string.equals(#Trakt.Selected.Type,episode)</visible>
      <animation effect="fade" time="250" delay="0">WindowClose</animation>
      <animation effect="fade" time="250" delay="0">WindowOpen</animation>
    </control>
    <control>
      <description>Rating Votes</description>
      <type>label</type>
      <id>0</id>
      <posX>216</posX>
      <posY>464</posY>
      <width>390</width>
      <font>mediastream10c</font>
      <label>#Trakt.Episode.Ratings.Votes #Trakt.Translation.Votes.Label</label>
      <textcolor>ffFFFFFF</textcolor>
      <shadowAngle>45</shadowAngle>
      <shadowDistance>2</shadowDistance>
      <shadowColor>#shadow.light</shadowColor>
      <visible>!string.equals(#Trakt.Episode.Ratings.Votes,)+string.equals(#Trakt.View.Level,WatchedHistory)+string.equals(#Trakt.Selected.Type,episode)</visible>
      <animation effect="fade" time="250" delay="0">WindowClose</animation>
      <animation effect="fade" time="250" delay="0">WindowOpen</animation>
    </control>
    <control>
      <description>Episode Plot</description>
      <type>textboxscrollup</type>
      <id>631</id>
      <posX>30</posX>
      <posY>500</posY>
      <width>620</width>
      <height>150</height>
      <font>mediastream11</font>
      <label>#Trakt.Episode.Overview</label>
      <scrollStartDelaySec>12</scrollStartDelaySec>
      <animation effect="fade" time="250" delay="0">WindowClose</animation>
      <animation effect="fade" time="250" delay="0">WindowOpen</animation>
      <visible>!string.equals(#Trakt.Episode.Overview,)+string.equals(#Trakt.View.Level,WatchedHistory)+string.equals(#Trakt.Selected.Type,episode)</visible>
    </control>
    <control>
      <type>label</type>
      <label>#Trakt.Translation.Season.Label #Trakt.Episode.Season</label>
      <id>0</id>
      <posX>400</posX>
      <posY>251</posY>
      <width>295</width>
      <font>mediastream12tc</font>
      <textcolor>ff909090</textcolor>
      <shadowAngle>45</shadowAngle>
      <shadowDistance>3</shadowDistance>
      <shadowColor>#shadow.dark</shadowColor>
      <animation effect="fade" time="250" delay="0">WindowClose</animation>
      <animation effect="fade" time="250" delay="0">WindowOpen</animation>
      <visible>!string.equals(#Trakt.Episode.Season,)+string.equals(#Trakt.View.Level,WatchedHistory)+string.equals(#Trakt.Selected.Type,episode)</visible>
    </control>
    <control>
      <type>textbox</type>
      <label>#Trakt.Episode.Title</label>
      <id>0</id>
      <posX>400</posX>
      <posY>270</posY>
      <width>270</width>
      <height>100</height>
      <font>mediastream14tc</font>
      <textcolor>ffffffff</textcolor>
      <shadowAngle>45</shadowAngle>
      <shadowDistance>4</shadowDistance>
      <shadowColor>#shadow.light</shadowColor>
      <animation effect="fade" time="250" delay="0">WindowClose</animation>
      <animation effect="fade" time="250" delay="0">WindowOpen</animation>
      <visible>!string.equals(#Trakt.Episode.Title,)+string.equals(#Trakt.View.Level,WatchedHistory)+string.equals(#Trakt.Selected.Type,episode)</visible>
    </control>
    <control Style="smallTitleB">
      <id>0</id>
      <label>#Trakt.Translation.Network.Label</label>
      <type>label</type>
      <posX>401</posX>
      <posY>369</posY>
      <width>150</width>
      <animation effect="fade" time="250" delay="0">WindowClose</animation>
      <animation effect="fade" time="250" delay="0">WindowOpen</animation>
      <visible>!string.equals(#Trakt.Show.Network,)+string.equals(#Trakt.View.Level,WatchedHistory)+string.equals(#Trakt.Selected.Type,episode)</visible>
    </control>
    <control Style="smallTitle">
      <id>0</id>
      <label>#Trakt.Show.Network</label>
      <type>label</type>
      <posX>560</posX>
      <posY>370</posY>
      <width>100</width>
      <animation effect="fade" time="250" delay="0">WindowClose</animation>
      <animation effect="fade" time="250" delay="0">WindowOpen</animation>
      <visible>!string.equals(#Trakt.Show.Network,)+string.equals(#Trakt.View.Level,WatchedHistory)+string.equals(#Trakt.Selected.Type,episode)</visible>
    </control>
    <control Style="smallTitleB">
      <label>#Trakt.Translation.AirDay.Label</label>
      <type>label</type>
      <posX>400</posX>
      <posY>392</posY>
      <width>150</width>
      <animation effect="fade" time="250" delay="0">WindowClose</animation>
      <animation effect="fade" time="250" delay="0">WindowOpen</animation>
      <visible>!string.equals(#Trakt.Show.AirDay,)+string.equals(#Trakt.View.Level,WatchedHistory)+string.equals(#Trakt.Selected.Type,episode)</visible>
    </control>
    <control Style="smallTitle">
      <id>0</id>
      <label>#Trakt.Show.AirDay</label>
      <type>label</type>
      <posX>560</posX>
      <posY>393</posY>
      <width>100</width>
      <animation effect="fade" time="250" delay="0">WindowClose</animation>
      <animation effect="fade" time="250" delay="0">WindowOpen</animation>
      <visible>!string.equals(#Trakt.Show.AirDay,)+string.equals(#Trakt.View.Level,WatchedHistory)+string.equals(#Trakt.Selected.Type,episode)</visible>
    </control>
    <control Style="smallTitleB">
      <id>0</id>
      <label>#Trakt.Translation.AirTime.Label</label>
      <type>label</type>
      <posX>400</posX>
      <posY>415</posY>
      <width>150</width>
      <animation effect="fade" time="250" delay="0">WindowClose</animation>
      <animation effect="fade" time="250" delay="0">WindowOpen</animation>
      <visible>!string.equals(#Trakt.Show.AirTime,)+string.equals(#Trakt.View.Level,WatchedHistory)+string.equals(#Trakt.Selected.Type,episode)</visible>
    </control>
    <control Style="smallTitle">
      <id>0</id>
      <label>#Trakt.Show.AirTime</label>
      <type>label</type>
      <posX>560</posX>
      <posY>416</posY>
      <width>180</width>
      <width>100</width>
      <animation effect="fade" time="250" delay="0">WindowClose</animation>
      <animation effect="fade" time="250" delay="0">WindowOpen</animation>
      <visible>!string.equals(#Trakt.Show.AirTime,)+string.equals(#Trakt.View.Level,WatchedHistory)+string.equals(#Trakt.Selected.Type,episode)</visible>
    </control>
    <control Style="smallTitleB">
      <label>#Trakt.Translation.Certification.Label</label>
      <type>label</type>
      <posX>400</posX>
      <posY>438</posY>
      <width>150</width>
      <animation effect="fade" time="250" delay="0">WindowClose</animation>
      <animation effect="fade" time="250" delay="0">WindowOpen</animation>
      <visible>!string.equals(#Trakt.Show.Certification,)+string.equals(#Trakt.View.Level,WatchedHistory)+string.equals(#Trakt.Selected.Type,episode)</visible>
    </control>
    <control Style="smallTitle">
      <id>10005</id>
      <label>#Trakt.Show.Certification</label>
      <type>label</type>
      <posX>560</posX>
      <posY>439</posY>
      <width>180</width>
      <width>100</width>
      <animation effect="fade" time="250" delay="0">WindowClose</animation>
      <visible>!string.equals(#Trakt.Show.Certification,)+string.equals(#Trakt.View.Level,WatchedHistory)+string.equals(#Trakt.Selected.Type,episode)</visible>
    </control>
    <!-- Movies -->
    <control>
      <description>Cover Art</description>
      <type>image</type>
      <id>6007</id>
      <posX>31</posX>
      <posY>254</posY>
      <width>257</width>
      <height>380</height>
      <texture>#selectedthumb</texture>
      <visible>string.equals(#Trakt.View.Level,WatchedHistory)+string.equals(#Trakt.Selected.Type,movie)</visible>
      <animation effect="fade" time="250" delay="0">WindowClose</animation>
      <animation effect="fade" time="250" delay="0">WindowOpen</animation>
    </control>
    <control>
      <description>Cover Art Glass Overlay</description>
      <type>image</type>
      <id>0</id>
      <posX>31</posX>
      <posY>254</posY>
      <width>228</width>
      <height>177</height>
      <texture>glassoverlay2.png</texture>
      <visible>string.equals(#Trakt.View.Level,WatchedHistory)+string.equals(#Trakt.Selected.Type,movie)+Control.HasThumb(6007)</visible>
      <animation effect="fade" time="250" delay="0">WindowClose</animation>
      <animation effect="fade" time="250" delay="0">WindowOpen</animation>
    </control>
    <control>
      <description>Movie Title</description>
      <type>label</type>
      <id>0</id>
      <posX>308</posX>
      <posY>251</posY>
      <width>350</width>
      <font>mediastream16tc</font>
      <label>#Trakt.Movie.Title</label>
      <textcolor>ffFFFFFF</textcolor>
      <shadowAngle>45</shadowAngle>
      <shadowDistance>4</shadowDistance>
      <shadowColor>#shadow.light</shadowColor>
      <visible>!string.equals(#Trakt.Movie.Title,)+string.equals(#Trakt.View.Level,WatchedHistory)+string.equals(#Trakt.Selected.Type,movie)</visible>
      <animation effect="fade" time="250" delay="0">WindowClose</animation>
      <animation effect="fade" time="250" delay="0">WindowOpen</animation>
    </control>
    <control>
      <description>Genres</description>
      <type>label</type>
      <label>#Trakt.Movie.Genres</label>
      <id>0</id>
      <posX>309</posX>
      <posY>282</posY>
      <width>350</width>
      <font>mediastream11tc</font>
      <textcolor>ff909090</textcolor>
      <shadowAngle>45</shadowAngle>
      <shadowDistance>3</shadowDistance>
      <shadowColor>#shadow.dark</shadowColor>
      <visible>!string.equals(#Trakt.Movie.Genres,)+string.equals(#Trakt.View.Level,WatchedHistory)+string.equals(#Trakt.Selected.Type,movie)</visible>
      <animation effect="fade" time="250" delay="0">WindowClose</animation>
      <animation effect="fade" time="250" delay="0">WindowOpen</animation>
    </control>
    <control>
      <description>Rating Percent</description>
      <type>label</type>
      <id>0</id>
      <posX>309</posX>
      <posY>307</posY>
      <width>60</width>
      <font>mediastream14tc</font>
      <label>#Trakt.Movie.Ratings.Percentage%</label>
      <textcolor>ffFFFFFF</textcolor>
      <shadowAngle>45</shadowAngle>
      <shadowDistance>4</shadowDistance>
      <shadowColor>#shadow.light</shadowColor>
      <visible>!string.equals(#Trakt.Movie.Ratings.Percentage.Icon,)+string.equals(#Trakt.View.Level,WatchedHistory)+string.equals(#Trakt.Selected.Type,movie)</visible>
      <animation effect="fade" time="250" delay="0">WindowClose</animation>
      <animation effect="fade" time="250" delay="0">WindowOpen</animation>
    </control>
    <control>
      <description>Rating Icon</description>
      <type>image</type>
      <id>1</id>
      <width>35</width>
      <height>32</height>
      <posX>370</posX>
      <posY>305</posY>
      <texture>#Trakt.Movie.Ratings.Icon.png</texture>
      <visible>!string.equals(#Trakt.Movie.Ratings.Icon,)+string.equals(#Trakt.View.Level,WatchedHistory)+string.equals(#Trakt.Selected.Type,movie)</visible>
      <animation effect="fade" time="250" delay="0">WindowClose</animation>
      <animation effect="fade" time="250" delay="0">WindowOpen</animation>
    </control>
    <control>
      <description>Rating Votes</description>
      <type>label</type>
      <id>0</id>
      <posX>415</posX>
      <posY>311</posY>
      <width>390</width>
      <font>mediastream10c</font>
      <label>#Trakt.Movie.Ratings.Votes #Trakt.Translation.Votes.Label</label>
      <textcolor>ffFFFFFF</textcolor>
      <shadowAngle>45</shadowAngle>
      <shadowDistance>2</shadowDistance>
      <shadowColor>#shadow.light</shadowColor>
      <visible>!string.equals(#Trakt.Movie.Ratings.Votes,)+string.equals(#Trakt.View.Level,WatchedHistory)+string.equals(#Trakt.Selected.Type,movie)</visible>
      <animation effect="fade" time="250" delay="0">WindowClose</animation>
      <animation effect="fade" time="250" delay="0">WindowOpen</animation>
    </control>
    <control>
      <description>Summary</description>
      <type>textboxscrollup</type>
      <id>0</id>
      <posX>308</posX>
      <posY>345</posY>
      <width>370</width>
      <height>220</height>
      <textcolor>ffFFFFFF</textcolor>
      <font>mediastream11</font>
      <label>#Trakt.Movie.Overview</label>
      <visible>!string.equals(#Trakt.Movie.Overview,)+string.equals(#Trakt.View.Level,WatchedHistory)+string.equals(#Trakt.Selected.Type,movie)</visible>
      <animation effect="fade" time="250" delay="0">WindowClose</animation>
      <animation effect="fade" time="250" delay="0">WindowOpen</animation>
    </control>
    <control Style="smallTitleB">
      <description>Certification Label</description>
      <id>0</id>
      <type>label</type>
      <label>#Trakt.Translation.Certification.Label</label>
      <posX>310</posX>
      <posY>572</posY>
      <width>190</width>
      <visible>!string.equals(#Trakt.Movie.Certification,)+string.equals(#Trakt.View.Level,WatchedHistory)+string.equals(#Trakt.Selected.Type,movie)</visible>
      <animation effect="fade" time="250" delay="0">WindowClose</animation>
      <animation effect="fade" time="250" delay="0">WindowOpen</animation>
    </control>
    <control Style="smallTitle">
      <description>Certification</description>
      <id>0</id>
      <type>label</type>
      <label>#Trakt.Movie.Certification</label>
      <posX>520</posX>
      <posY>573</posY>
      <width>200</width>
      <visible>!string.equals(#Trakt.Movie.Certification,)+string.equals(#Trakt.View.Level,WatchedHistory)+string.equals(#Trakt.Selected.Type,movie)</visible>
      <animation effect="fade" time="250" delay="0">WindowClose</animation>
      <animation effect="fade" time="250" delay="0">WindowOpen</animation>
    </control>
    <control Style="smallTitleB">
      <description>Runtime Label</description>
      <id>0</id>
      <type>label</type>
      <label>#Trakt.Translation.Runtime.Label</label>
      <posX>310</posX>
      <posY>594</posY>
      <width>190</width>
      <visible>!string.equals(#Trakt.Movie.Runtime,)+string.equals(#Trakt.View.Level,WatchedHistory)+string.equals(#Trakt.Selected.Type,movie)</visible>
      <animation effect="fade" time="250" delay="0">WindowClose</animation>
      <animation effect="fade" time="250" delay="0">WindowOpen</animation>
    </control>
    <control Style="smallTitle">
      <description>Runtime</description>
      <id>0</id>
      <type>label</type>
      <label>#Trakt.Movie.Runtime mins</label>
      <posX>520</posX>
      <posY>595</posY>
      <width>200</width>
      <visible>!string.equals(#Trakt.Movie.Runtime,)+string.equals(#Trakt.View.Level,WatchedHistory)+string.equals(#Trakt.Selected.Type,movie)</visible>
      <animation effect="fade" time="250" delay="0">WindowClose</animation>
      <animation effect="fade" time="250" delay="0">WindowOpen</animation>
    </control>
    <control Style="smallTitleB">
      <description>Released Label</description>
      <type>label</type>
      <label>#Trakt.Translation.Released.Label</label>
      <posX>310</posX>
      <posY>616</posY>
      <width>190</width>
      <visible>!string.equals(#Trakt.Movie.Released,)+string.equals(#Trakt.View.Level,WatchedHistory)+string.equals(#Trakt.Selected.Type,movie)</visible>
      <animation effect="fade" time="250" delay="0">WindowClose</animation>
      <animation effect="fade" time="250" delay="0">WindowOpen</animation>
    </control>
    <control Style="smallTitle">
      <description>Released</description>
      <id>0</id>
      <type>label</type>
      <label>#Trakt.Movie.Released</label>
      <posX>520</posX>
      <posY>617</posY>
      <visible>!string.equals(#Trakt.Movie.Released,)+string.equals(#Trakt.View.Level,WatchedHistory)+string.equals(#Trakt.Selected.Type,movie)</visible>
      <animation effect="fade" time="250" delay="0">WindowClose</animation>
      <animation effect="fade" time="250" delay="0">WindowOpen</animation>
    </control>
    <import>common.overlays.xml</import>
    <import>common.time.xml</import>
  </controls>
</window>
<!--Checksum:2968ddfa1102152643683e0222e100dc-->