﻿<?xml version="1.0" encoding="utf-8" standalone="yes"?>
<window>
  <id>87259</id>
  <defaultcontrol>50</defaultcontrol>
  <allowoverlay>no</allowoverlay>
  <define>#header.label:</define>
  <define>#header.hover:hover_trakt.png</define>
  <define>#header.BG.colordiffuse:ffffffff</define>
  <define>#header.BG.overlay:mainoverlay.png</define>
  <define>#Fanart.1:#Trakt.Calendar.Fanart.1</define>
  <define>#Fanart.2:#Trakt.Calendar.Fanart.2</define>
  <controls>
    <control>
      <id>1</id>
      <description>Background Image</description>
      <type>image</type>
      <posX>0</posX>
      <posY>0</posY>
      <width>1280</width>
      <height>720</height>
      <texture>#header.hover</texture>
      <colordiffuse>#header.BG.colordiffuse</colordiffuse>
      <animation effect="fade" time="300">WindowOpen</animation>
    </control>
    <import>Trakt.Common.Fanart.xml</import>
    <control>
      <id>1</id>
      <description>Overlay Image</description>
      <type>image</type>
      <posX>0</posX>
      <posY>0</posY>
      <width>1281</width>
      <height>720</height>
      <texture>#header.BG.overlay</texture>
    </control>
    <control>
      <description>Top Title Extension Background</description>
      <type>image</type>
      <id>0</id>
      <posX>381</posX>
      <posY>11</posY>
      <width>386</width>
      <height>35</height>
      <texture>tvtitlebgshort.png</texture>
      <animation effect="fade" time="150">WindowOpen</animation>
      <animation effect="fade" time="250">WindowClose</animation>
    </control>
    <control>
      <description>Calendar Type</description>
      <type>label</type>
      <id>0</id>
      <posX>739</posX>
      <posY>14</posY>
      <width>220</width>
      <font>mediastream12c</font>
      <label>#(switch(eq(#Trakt.Calendar.Type,'MyShows'),'#Trakt.Translation.CalendarMyShows.Label',eq(#Trakt.Calendar.Type,'Premieres'),'#Trakt.Translation.CalendarPremieres.Label',eq(#Trakt.Calendar.Type,'AllShows'),'#Trakt.Translation.CalendarAllShows.Label'))</label>
      <align>right</align>
      <animation effect="fade" time="150">WindowOpen</animation>
      <animation effect="fade" time="250">WindowClose</animation>
    </control>
    <control>
      <description>Title Background</description>
      <type>image</type>
      <id>0</id>
      <posX>77</posX>
      <posY>11</posY>
      <width>437</width>
      <height>35</height>
      <texture>tvtitlebg.png</texture>
      <animation effect="fade" time="150">WindowOpen</animation>
      <animation effect="fade" time="250">WindowClose</animation>
    </control>
    <control>
      <description>Current View</description>
      <type>fadelabel</type>
      <id>0</id>
      <posX>493</posX>
      <posY>14</posY>
      <width>350</width>
      <font>mediastream12c</font>
      <label>Trakt #Trakt.Translation.Calendar.Label</label>
      <align>right</align>
      <animation effect="fade" time="150">WindowOpen</animation>
      <animation effect="fade" time="250">WindowClose</animation>
    </control>
    <control>
      <type>image</type>
      <id>0</id>
      <posX>0</posX>
      <posY>675</posY>
      <width>1280</width>
      <height>47</height>
      <texture>imagestreamtitle.png</texture>
      <animation effect="fade" time="150">WindowOpen</animation>
      <animation effect="fade" time="250">WindowClose</animation>
    </control>
    <!-- Facade Item Counts -->
    <control>
      <description>Item Count Background</description>
      <type>image</type>
      <id>0</id>
      <posX>1045</posX>
      <posY>13</posY>
      <width>222</width>
      <height>28</height>
      <texture>mediacountbg.png</texture>
      <animation effect="fade" time="250">WindowOpen</animation>
      <animation effect="fade" time="250">WindowClose</animation>
      <animation effect="slide" time="150" start="800,0">WindowOpen</animation>
      <animation effect="slide" time="250" end="800,0">WindowClose</animation>
      <visible>control.isvisible(50)</visible>
    </control>
    <control>
      <description>Item Count Label</description>
      <type>label</type>
      <label>#Trakt.Translation.Episodes.Label</label>
      <id>0</id>
      <width>135</width>
      <posX>1057</posX>
      <posY>17</posY>
      <align>left</align>
      <font>mediastream10tc</font>
      <textcolor>ff909090</textcolor>
      <animation effect="fade" time="250">WindowOpen</animation>
      <animation effect="fade" time="250">WindowClose</animation>
      <animation effect="slide" time="150" start="800,0">WindowOpen</animation>
      <animation effect="slide" time="250" end="800,0">WindowClose</animation>
      <visible>control.isvisible(50)</visible>
    </control>
    <control>
      <description>Item Count</description>
      <type>label</type>
      <label>#itemcount</label>
      <id>0</id>
      <posX>1238</posX>
      <posY>15</posY>
      <font>mediastream11c</font>
      <textcolor>ff006698</textcolor>
      <align>right</align>
      <animation effect="fade" time="250">WindowOpen</animation>
      <animation effect="fade" time="250">WindowClose</animation>
      <animation effect="slide" time="150" start="800,0">WindowOpen</animation>
      <animation effect="slide" time="250" end="800,0">WindowClose</animation>
      <visible>control.isvisible(50)</visible>
    </control>
    <control>
      <description>Page Count Background</description>
      <type>image</type>
      <id>0</id>
      <posX>1013</posX>
      <posY>684</posY>
      <width>260</width>
      <height>30</height>
      <texture>mediacountbg_Spin.png</texture>
      <animation effect="fade" time="150">WindowOpen</animation>
      <animation effect="fade" time="250">WindowClose</animation>
      <animation effect="slide" time="150" start="800,0">WindowOpen</animation>
      <animation effect="slide" time="250" end="800,0">WindowClose</animation>
    </control>
    <control>
      <description>Page Count Label</description>
      <type>label</type>
      <label>30009</label>
      <id>0</id>
      <posX>1023</posX>
      <posY>688</posY>
      <font>mediastream12tc</font>
      <textcolor>ff909090</textcolor>
      <animation effect="fade" time="250">WindowOpen</animation>
      <animation effect="fade" time="250">WindowClose</animation>
      <animation effect="slide" time="150" start="800,0">WindowOpen</animation>
      <animation effect="slide" time="250" end="800,0">WindowClose</animation>
    </control>
    <control>
      <description>Selected item Label</description>
      <type>fadelabel</type>
      <id>1</id>
      <posX>25</posX>
      <posY>684</posY>
      <width>950</width>
      <font>mediastream16tc</font>
      <label>#selecteditem</label>
      <animation effect="fade" time="150">WindowOpen</animation>
      <animation effect="fade" time="250">WindowClose</animation>
    </control>
    <control>
      <description>group element</description>
      <type>group</type>
      <animation effect="fade" time="150">WindowOpen</animation>
      <animation effect="fade" time="250">WindowClose</animation>
      <animation effect="slide" time="150" start="1200,0">WindowOpen</animation>
      <animation effect="slide" time="250" end="1200,0">WindowClose</animation>
      <control>
        <type>facadeview</type>
        <id>50</id>
        <control>
          <description>listcontrol</description>
          <type>listcontrol</type>
          <id>50</id>
          <posX>650</posX>
          <posY>240</posY>
          <height>480</height>
          <width>620</width>
          <onleft>2</onleft>
          <onright>2</onright>
          <scrollOffset>5</scrollOffset>
          <itemWidth>57</itemWidth>
          <itemHeight>32</itemHeight>
          <IconXOff>1200</IconXOff>
          <IconYOff>4</IconYOff>
          <textXOff>-10</textXOff>
          <textYOff>5</textYOff>
          <textXOff2>0</textXOff2>
          <textYOff2>5</textYOff2>
          <textXOff3>55</textXOff3>
          <textYOff3>10</textYOff3>
          <font>mediastream12c</font>
          <font2>mediastream10c</font2>
          <font3>mediastream12tc</font3>
          <keepaspectratio>yes</keepaspectratio>
          <spinPosX>1175</spinPosX>
          <spinPosY>681</spinPosY>
          <spinAlign>Right</spinAlign>
          <spinColor>ff006698</spinColor>
          <textureUp>arrow_round_up_nofocus.png</textureUp>
          <textureDown>arrow_round_down_nofocus.png</textureDown>
          <textureUpFocus>arrow_round_up_focus.png</textureUpFocus>
          <textureDownFocus>arrow_round_down_focus.png</textureDownFocus>
          <spinWidth>50</spinWidth>
          <spinHeight>37</spinHeight>
          <suffix>|</suffix>
        </control>
      </control>
    </control>
    <!-- Hidden Menu -->
    <control>
      <description>Hidden Menu Indicator</description>
      <type>image</type>
      <posX>1232</posX>
      <posY>50</posY>
      <width>48</width>
      <height>144</height>
      <texture>#StreamedMP.ActionMenu.Image</texture>
      <visible>control.isvisible(50)</visible>
      <animation effect="fade" time="250" delay="0">WindowClose</animation>
    </control>
    <control>
      <type>actiongroup</type>
      <description>action menu</description>
      <defaultcontrol>2</defaultcontrol>
      <onexit>50</onexit>
      <dimColor>00ffffff</dimColor>
      <buttonX>1231</buttonX>
      <buttonY>55</buttonY>
      <buttonwidth>49</buttonwidth>
      <buttonheight>253</buttonheight>
      <control>
        <type>image</type>
        <posX>1002</posX>
        <posY>0</posY>
        <width>278</width>
        <height>720</height>
        <texture>hiddenmenu_right.png</texture>
        <visible>!Control.HasFocus(50)</visible>
        <animation effect="slide" time="100" start="300,0">visible</animation>
        <animation effect="slide" time="0" end="300,0">hidden</animation>
      </control>
      <control>
        <id>0</id>
        <description>Dummy Button (for Mouse)</description>
        <label>-</label>
        <type>button</type>
        <posX>1002</posX>
        <posY>0</posY>
        <width>278</width>
        <height>720</height>
        <visible>!Control.HasFocus(50)</visible>
        <animation effect="slide" time="100" start="300,0">visible</animation>
        <animation effect="slide" time="0" end="300,0">hidden</animation>
      </control>
      <control>
        <id>0</id>
        <description>MENU</description>
        <label>924</label>
        <type>label</type>
        <font>mediastream12tc</font>
        <posX>1040</posX>
        <posY>223</posY>
        <visible>!Control.HasFocus(50)</visible>
        <animation effect="slide" time="100" start="300,0">visible</animation>
        <animation effect="slide" time="0" end="300,0">hidden</animation>
      </control>
      <control>
        <id>0</id>
        <description>JUMP TO</description>
        <label>1065</label>
        <type>label</type>
        <font>mediastream12tc</font>
        <posX>1040</posX>
        <posY>330</posY>
        <visible>!Control.HasFocus(50)</visible>
        <animation effect="slide" time="100" start="300,0">visible</animation>
        <animation effect="slide" time="0" end="300,0">hidden</animation>
      </control>
      <control>
        <type>group</type>
        <description>group element</description>
        <visible>!Control.HasFocus(50)</visible>
        <animation effect="slide" time="100" start="300,0">visible</animation>
        <animation effect="slide" time="0" end="300,0">hidden</animation>
        <posX>1040</posX>
        <posY>245</posY>
        <width>220</width>
        <height>720</height>
        <layout>StackLayout</layout>
        <control>
          <description>Switch View</description>
          <type>button</type>
          <id>2</id>
          <label>-</label>
          <onup>21</onup>
          <onleft>50</onleft>
        </control>
        <control>
          <description>Start Date</description>
          <type>button</type>
          <id>3</id>
          <label>-</label>
          <onleft>50</onleft>
        </control>
				<control>
          <description>Hide Watchlisted</description>
          <type>checkbutton</type>
          <id>4</id>
          <label>-</label>
          <onleft>50</onleft>
        </control>
        <control>
          <description>Empty button</description>
          <type>button</type>
          <id>0</id>
          <label>-</label>
          <visible>false</visible>
        </control>
        <control>
          <description>MovingPictures</description>
          <id>66610</id>
          <type>button</type>
          <label>Moving Pictures</label>
          <hyperlink>96742</hyperlink>
          <onleft>50</onleft>
        </control>
        <control>
          <description>My Videos</description>
          <type>button</type>
          <id>66611</id>
          <label>100006</label>
          <onleft>50</onleft>
          <hyperlink>6</hyperlink>
          <ondown>66612</ondown>
        </control>
        <control>
          <description>MP-TVSeries</description>
          <type>button</type>
          <id>66612</id>
          <label>MP-TVSeries</label>
          <hyperlink>9811</hyperlink>
          <ondown>2</ondown>
          <onleft>50</onleft>
        </control>
      </control>
    </control>
    <control>
      <description>Big Episode Thumb</description>
      <type>image</type>
      <id>1</id>
      <posX>28</posX>
      <posY>254</posY>
      <height>200</height>
      <width>354</width>
      <keepaspectratio>no</keepaspectratio>
      <zoom>no</zoom>
      <texture flipY="true" diffuse="diffusemirrorwide.png">#selectedthumb</texture>
      <animation effect="fade" time="250" delay="0">WindowClose</animation>
      <animation effect="fade" time="250" delay="0">WindowOpen</animation>
    </control>
    <control>
      <description>Rating Percent</description>
      <type>label</type>
      <id>0</id>
      <posX>159</posX>
      <posY>460</posY>
      <width>80</width>
      <align>right</align>
      <font>mediastream14tc</font>
      <label>#Trakt.Episode.Ratings.Percentage%</label>
      <textcolor>ffFFFFFF</textcolor>
      <shadowAngle>45</shadowAngle>
      <shadowDistance>4</shadowDistance>
      <shadowColor>#shadow.light</shadowColor>
      <visible>!string.equals(#Trakt.Episode.Ratings.Percentage,)+!string.equals(#Trakt.Episode.Ratings.Votes,0)</visible>
      <animation effect="fade" time="250" delay="0">WindowClose</animation>
      <animation effect="fade" time="250" delay="0">WindowOpen</animation>
    </control>
    <control>
      <description>Rating Icon</description>
      <type>image</type>
      <id>1</id>
      <width>35</width>
      <height>32</height>
      <posX>171</posX>
      <posY>458</posY>
      <texture>#Trakt.Episode.Ratings.Icon.png</texture>
      <visible>!string.equals(#Trakt.Episode.Ratings.Icon,)+!string.equals(#Trakt.Episode.Ratings.Votes,0)</visible>
      <animation effect="fade" time="250" delay="0">WindowClose</animation>
      <animation effect="fade" time="250" delay="0">WindowOpen</animation>
    </control>
    <control>
      <description>Rating Votes</description>
      <type>label</type>
      <id>0</id>
      <posX>216</posX>
      <posY>464</posY>
      <width>390</width>
      <font>mediastream10c</font>
      <label>#Trakt.Episode.Ratings.Votes #Trakt.Translation.Votes.Label</label>
      <textcolor>ffFFFFFF</textcolor>
      <shadowAngle>45</shadowAngle>
      <shadowDistance>2</shadowDistance>
      <shadowColor>#shadow.light</shadowColor>
      <visible>!string.equals(#Trakt.Episode.Ratings.Votes,)+!string.equals(#Trakt.Episode.Ratings.Votes,0)</visible>
      <animation effect="fade" time="250" delay="0">WindowClose</animation>
      <animation effect="fade" time="250" delay="0">WindowOpen</animation>
    </control>
    <control>
      <description>Episode Plot</description>
      <type>textboxscrollup</type>
      <id>631</id>
      <posX>30</posX>
      <posY>500</posY>
      <width>620</width>
      <height>150</height>
      <seperator>----------------------------------------------------------------------------------------------------</seperator>
      <font>mediastream11</font>
      <label>#Trakt.Episode.Overview</label>
      <scrollStartDelaySec>12</scrollStartDelaySec>
      <animation effect="fade" time="250" delay="0">WindowClose</animation>
      <animation effect="fade" time="250" delay="0">WindowOpen</animation>
      <visible>!string.equals(#Trakt.Episode.Overview,)</visible>
    </control>
    <control>
      <type>label</type>
      <label>#(iif(eq(#Trakt.Episode.Season,'0'),'#Trakt.Translation.Specials.Label','#Trakt.Translation.Season.Label #Trakt.Episode.Season'))</label>
      <id>0</id>
      <posX>400</posX>
      <posY>251</posY>
      <width>295</width>
      <font>mediastream12tc</font>
      <textcolor>ff909090</textcolor>
      <shadowAngle>45</shadowAngle>
      <shadowDistance>3</shadowDistance>
      <shadowColor>#shadow.dark</shadowColor>
      <animation effect="fade" time="250" delay="0">WindowClose</animation>
      <animation effect="fade" time="250" delay="0">WindowOpen</animation>
      <visible>!string.equals(#Trakt.Episode.Season,)</visible>
    </control>
    <control>
      <type>textbox</type>
      <label>#Trakt.Episode.Title</label>
      <id>0</id>
      <posX>400</posX>
      <posY>270</posY>
      <width>270</width>
      <height>100</height>
      <font>mediastream14tc</font>
      <textcolor>ffffffff</textcolor>
      <shadowAngle>45</shadowAngle>
      <shadowDistance>4</shadowDistance>
      <shadowColor>#shadow.light</shadowColor>
      <animation effect="fade" time="250" delay="0">WindowClose</animation>
      <animation effect="fade" time="250" delay="0">WindowOpen</animation>
      <visible>!string.equals(#Trakt.Episode.Title,)</visible>
    </control>
    <control Style="smallTitleB">
      <id>0</id>
      <label>#Trakt.Translation.Network.Label</label>
      <type>label</type>
      <posX>401</posX>
      <posY>369</posY>
      <width>150</width>
      <animation effect="fade" time="250" delay="0">WindowClose</animation>
      <animation effect="fade" time="250" delay="0">WindowOpen</animation>
      <visible>!string.equals(#Trakt.Show.Network,)</visible>
    </control>
    <control Style="smallTitle">
      <id>0</id>
      <label>#Trakt.Show.Network</label>
      <type>label</type>
      <posX>560</posX>
      <posY>370</posY>
      <width>100</width>
      <animation effect="fade" time="250" delay="0">WindowClose</animation>
      <animation effect="fade" time="250" delay="0">WindowOpen</animation>
      <visible>!string.equals(#Trakt.Show.Network,)</visible>
    </control>
    <control Style="smallTitleB">
      <label>#Trakt.Translation.AirDay.Label</label>
      <type>label</type>
      <posX>400</posX>
      <posY>392</posY>
      <width>150</width>
      <animation effect="fade" time="250" delay="0">WindowClose</animation>
      <animation effect="fade" time="250" delay="0">WindowOpen</animation>
      <visible>!string.equals(#Trakt.Show.AirDay,)</visible>
    </control>
    <control Style="smallTitle">
      <id>0</id>
      <label>#Trakt.Episode.FirstAiredLocalizedDayOfWeek</label>
      <type>label</type>
      <posX>560</posX>
      <posY>393</posY>
      <width>100</width>
      <animation effect="fade" time="250" delay="0">WindowClose</animation>
      <animation effect="fade" time="250" delay="0">WindowOpen</animation>
      <visible>!string.equals(#Trakt.Episode.FirstAiredLocalizedDayOfWeek,)+!string.equals(#Trakt.Episode.FirstAiredLocalizedDayOfWeek,N/A)</visible>
    </control>
		<control Style="smallTitle">
      <id>0</id>
      <label>#Trakt.Show.AirDay</label>
      <type>label</type>
      <posX>560</posX>
      <posY>393</posY>
      <width>100</width>
      <animation effect="fade" time="250" delay="0">WindowClose</animation>
      <animation effect="fade" time="250" delay="0">WindowOpen</animation>
      <visible>string.equals(#Trakt.Episode.FirstAiredLocalizedDayOfWeek,)</visible>
    </control>
    <control Style="smallTitleB">
      <id>0</id>
      <label>#Trakt.Translation.AirTime.Label</label>
      <type>label</type>
      <posX>400</posX>
      <posY>415</posY>
      <width>150</width>
      <animation effect="fade" time="250" delay="0">WindowClose</animation>
      <animation effect="fade" time="250" delay="0">WindowOpen</animation>
      <visible>!string.equals(#Trakt.Show.AirTime,)</visible>
    </control>
    <control Style="smallTitle">
      <id>0</id>
      <label>#Trakt.Show.AirTimeLocalized</label>
      <type>label</type>
      <posX>560</posX>
      <posY>416</posY>
      <width>180</width>
      <width>100</width>
      <animation effect="fade" time="250" delay="0">WindowClose</animation>
      <animation effect="fade" time="250" delay="0">WindowOpen</animation>
      <visible>!string.equals(#Trakt.Show.AirTimeLocalized,)+!string.equals(#Trakt.Show.AirTimeLocalized,N/A)</visible>
    </control>
		<control Style="smallTitle">
      <id>0</id>
      <label>#Trakt.Show.AirTime</label>
      <type>label</type>
      <posX>560</posX>
      <posY>416</posY>
      <width>180</width>
      <width>100</width>
      <animation effect="fade" time="250" delay="0">WindowClose</animation>
      <animation effect="fade" time="250" delay="0">WindowOpen</animation>
      <visible>string.equals(#Trakt.Show.AirTimeLocalized,N/A)</visible>
    </control>
    <control Style="smallTitleB">
      <label>#Trakt.Translation.Certification.Label</label>
      <type>label</type>
      <posX>400</posX>
      <posY>438</posY>
      <width>150</width>
      <animation effect="fade" time="250" delay="0">WindowClose</animation>
      <animation effect="fade" time="250" delay="0">WindowOpen</animation>
      <visible>!string.equals(#Trakt.Show.Certification,)</visible>
    </control>
    <control Style="smallTitle">
      <id>10005</id>
      <label>#Trakt.Show.Certification</label>
      <type>label</type>
      <posX>560</posX>
      <posY>439</posY>
      <width>180</width>
      <width>100</width>
      <animation effect="fade" time="250" delay="0">WindowClose</animation>
      <visible>!string.equals(#Trakt.Show.Certification,)</visible>
    </control>
    <import>common.overlays.xml</import>
    <import>common.time.xml</import>
  </controls>
</window>
<!--Checksum:30c2ec846e5c6c809a2b339e946fe7d8-->