﻿<?xml version="1.0" encoding="utf-8" standalone="yes"?>
<window>
  <id>87280</id>
  <defaultcontrol>50</defaultcontrol>
  <allowoverlay>yes</allowoverlay>
  <define>#header.hover:hover_trakt.png</define>
  <define>#header.BG.colordiffuse:ffffffff</define>
  <define>#header.BG.overlay:mainoverlay.png</define>
  <controls>
    <control>
      <id>1</id>
      <description>Background Image</description>
      <type>image</type>
      <posX>0</posX>
      <posY>0</posY>
      <width>1280</width>
      <height>720</height>
      <texture>#header.hover</texture>
      <colordiffuse>#header.BG.colordiffuse</colordiffuse>
      <animation effect="fade" time="300">WindowOpen</animation>
    </control>
    <control>
      <id>1</id>
      <description>Background Image</description>
      <type>image</type>
      <posX>0</posX>
      <posY>0</posY>
      <width>1280</width>
      <height>720</height>
      <texture>#Trakt.Shout.Fanart</texture>
      <animation effect="fade" time="300">WindowOpen</animation>
    </control>
    <control>
      <id>1</id>
      <description>Overlay Image</description>
      <type>image</type>
      <posX>0</posX>
      <posY>0</posY>
      <width>1281</width>
      <height>720</height>
      <texture>#header.BG.overlay</texture>
    </control>
    <control>
      <description>Top Title Extension Background</description>
      <type>image</type>
      <id>0</id>
      <posX>381</posX>
      <posY>11</posY>
      <width>386</width>
      <height>35</height>
      <texture>tvtitlebgshort.png</texture>
      <animation effect="fade" time="100" delay="0">visiblechange</animation>
      <animation effect="fade" time="150">WindowOpen</animation>
      <animation effect="fade" time="250">WindowClose</animation>
    </control>
    <control>
      <description>Current Item</description>
      <type>fadelabel</type>
      <id>0</id>
      <posX>739</posX>
      <posY>14</posY>
      <width>220</width>
      <font>mediastream12c</font>
      <label>#Trakt.Shout.CurrentItem</label>
      <align>right</align>
      <animation effect="fade" time="100" delay="0">visiblechange</animation>
      <animation effect="fade" time="150">WindowOpen</animation>
      <animation effect="fade" time="250">WindowClose</animation>
    </control>
    <control>
      <description>Title Background</description>
      <type>image</type>
      <id>0</id>
      <posX>77</posX>
      <posY>11</posY>
      <width>437</width>
      <height>35</height>
      <texture>tvtitlebg.png</texture>
      <animation effect="fade" time="150">WindowOpen</animation>
      <animation effect="fade" time="250">WindowClose</animation>
    </control>
    <control>
      <description>Current View</description>
      <type>fadelabel</type>
      <id>0</id>
      <posX>493</posX>
      <posY>14</posY>
      <width>350</width>
      <font>mediastream12c</font>
      <label>Trakt #Trakt.Translation.Shouts.Label</label>
      <align>right</align>
      <animation effect="fade" time="150">WindowOpen</animation>
      <animation effect="fade" time="250">WindowClose</animation>
    </control>
    <control>
      <type>image</type>
      <id>0</id>
      <posX>0</posX>
      <posY>675</posY>
      <width>1280</width>
      <height>47</height>
      <texture>imagestreamtitle.png</texture>
      <animation effect="fade" time="150">WindowOpen</animation>
      <animation effect="fade" time="250">WindowClose</animation>
    </control>
    <!-- Facade Item Counts -->
    <control>
      <description>Item Count Background</description>
      <type>image</type>
      <id>0</id>
      <posX>1045</posX>
      <posY>13</posY>
      <width>222</width>
      <height>28</height>
      <texture>mediacountbg.png</texture>
      <animation effect="fade" time="250">WindowOpen</animation>
      <animation effect="fade" time="250">WindowClose</animation>
      <animation effect="slide" time="150" start="800,0">WindowOpen</animation>
      <animation effect="slide" time="250" end="800,0">WindowClose</animation>
    </control>
    <control>
      <description>Item Count Label</description>
      <type>label</type>
      <label>#Trakt.Translation.Shouts.Label</label>
      <id>0</id>
      <width>135</width>
      <posX>1057</posX>
      <posY>17</posY>
      <align>left</align>
      <font>mediastream10tc</font>
      <textcolor>ff909090</textcolor>
      <animation effect="fade" time="250">WindowOpen</animation>
      <animation effect="fade" time="250">WindowClose</animation>
      <animation effect="slide" time="150" start="800,0">WindowOpen</animation>
      <animation effect="slide" time="250" end="800,0">WindowClose</animation>
    </control>
    <control>
      <description>Item Count</description>
      <type>label</type>
      <label>#itemcount</label>
      <id>0</id>
      <posX>1238</posX>
      <posY>15</posY>
      <font>mediastream11c</font>
      <textcolor>ff006698</textcolor>
      <align>right</align>
      <animation effect="fade" time="250">WindowOpen</animation>
      <animation effect="fade" time="250">WindowClose</animation>
      <animation effect="slide" time="150" start="800,0">WindowOpen</animation>
      <animation effect="slide" time="250" end="800,0">WindowClose</animation>
    </control>
    <control>
      <description>Page Count Background</description>
      <type>image</type>
      <id>0</id>
      <posX>1013</posX>
      <posY>684</posY>
      <width>260</width>
      <height>30</height>
      <texture>mediacountbg_Spin.png</texture>
      <animation effect="fade" time="150">WindowOpen</animation>
      <animation effect="fade" time="250">WindowClose</animation>
      <animation effect="slide" time="150" start="800,0">WindowOpen</animation>
      <animation effect="slide" time="250" end="800,0">WindowClose</animation>
      <visible>!string.equals(#Trakt.View.Level,WatchedTypes)</visible>
    </control>
    <control>
      <description>Page Count Label</description>
      <type>label</type>
      <label>30009</label>
      <id>0</id>
      <posX>1023</posX>
      <posY>688</posY>
      <font>mediastream12tc</font>
      <textcolor>ff909090</textcolor>
      <animation effect="fade" time="250">WindowOpen</animation>
      <animation effect="fade" time="250">WindowClose</animation>
      <animation effect="slide" time="150" start="800,0">WindowOpen</animation>
      <animation effect="slide" time="250" end="800,0">WindowClose</animation>
      <visible>!string.equals(#Trakt.View.Level,WatchedTypes)</visible>
    </control>
    <control>
      <description>Selected item Label</description>
      <type>fadelabel</type>
      <id>1</id>
      <posX>25</posX>
      <posY>684</posY>
      <width>950</width>
      <font>mediastream16tc</font>
      <label>#selecteditem</label>
      <animation effect="fade" time="150">WindowOpen</animation>
      <animation effect="fade" time="250">WindowClose</animation>
    </control>
    <control>
      <description>group element</description>
      <type>group</type>
      <animation effect="fade" time="150">WindowOpen</animation>
      <animation effect="fade" time="250">WindowClose</animation>
      <animation effect="slide" time="150" start="1200,0">WindowOpen</animation>
      <animation effect="slide" time="250" end="1200,0">WindowClose</animation>
      <control>
        <type>facadeview</type>
        <id>50</id>
        <control>
          <description>listcontrol</description>
          <type>listcontrol</type>
          <id>50</id>
          <posX>660</posX>
          <posY>240</posY>
          <height>480</height>
          <width>620</width>
          <onleft>50</onleft>
          <onright>50</onright>
          <scrollOffset>3</scrollOffset>
          <itemWidth>89</itemWidth>
          <itemHeight>50</itemHeight>
          <textureHeight>60</textureHeight>
          <IconXOff>25</IconXOff>
          <IconYOff>4</IconYOff>
          <textXOff>25</textXOff>
          <textYOff>5</textYOff>
          <textXOff2>0</textXOff2>
          <textYOff2>5</textYOff2>
          <textXOff3>75</textXOff3>
          <textYOff3>10</textYOff3>
          <font>mediastream12c</font>
          <font2>mediastream10c</font2>
          <font3>mediastream12tc</font3>
          <keepaspectratio>yes</keepaspectratio>
          <spinPosX>1175</spinPosX>
          <spinPosY>681</spinPosY>
          <spinAlign>Right</spinAlign>
          <spinColor>ff006698</spinColor>
          <textureUp>arrow_round_up_nofocus.png</textureUp>
          <textureDown>arrow_round_down_nofocus.png</textureDown>
          <textureUpFocus>arrow_round_up_focus.png</textureUpFocus>
          <textureDownFocus>arrow_round_down_focus.png</textureDownFocus>
          <spinWidth>50</spinWidth>
          <spinHeight>37</spinHeight>
          <suffix>|</suffix>
        </control>
      </control>
    </control>
    <control>
      <description>Avatar</description>
      <type>image</type>
      <id>1</id>
      <posX>18</posX>
      <posY>240</posY>
      <height>138</height>
      <width>138</width>
      <keepaspectratio>yes</keepaspectratio>
      <zoom>yes</zoom>
      <texture flipY="true" diffuse="diffusemirrorwide.png">#selectedthumb</texture>
      <animation effect="fade" time="250" delay="0">WindowClose</animation>
    </control>
    <control>
      <type>label</type>
      <label>#Trakt.User.Username</label>
      <id>0</id>
      <posX>165</posX>
      <posY>240</posY>
      <font>mediastream12tc</font>
      <textcolor>ff909090</textcolor>
      <shadowAngle>45</shadowAngle>
      <shadowDistance>3</shadowDistance>
      <shadowColor>#shadow.dark</shadowColor>
      <animation effect="fade" time="250" delay="0">WindowClose</animation>
    </control>
    <control>
      <type>textboxscrollup</type>
      <label>#Trakt.User.FullName</label>
      <id>0</id>
      <posX>165</posX>
      <posY>258</posY>
      <width>460</width>
      <height>60</height>
      <font>mediastream14tc</font>
      <textcolor>ffffffff</textcolor>
      <shadowAngle>45</shadowAngle>
      <shadowDistance>4</shadowDistance>
      <shadowColor>#shadow.light</shadowColor>
      <animation effect="fade" time="250" delay="0">WindowClose</animation>
			<visible>!string.equals(#Trakt.User.FullName,N/A)</visible>
    </control>
    
		<control Style="smallTitleB">
      <description>Age</description>
      <id>0</id>
      <label>#Trakt.Translation.Age.Label</label>
      <type>label</type>
      <posX>165</posX>
      <posY>318</posY>
      <width>150</width>
      <animation effect="fade" time="250" delay="0">WindowClose</animation>
			<visible>!string.equals(#Trakt.User.Age,)+!string.equals(#Trakt.User.Age,N/A)</visible>
    </control>
    <control Style="smallTitle">
      <description>Age Value</description>
      <id>0</id>
      <label>#Trakt.User.Age</label>
      <type>label</type>
      <posX>320</posX>
      <posY>319</posY>
      <width>230</width>
      <animation effect="fade" time="250" delay="0">WindowClose</animation>
			<visible>!string.equals(Trakt.User.Age,)+!string.equals(#Trakt.User.Age,N/A)</visible>
    </control>
    <control Style="smallTitleB">
      <description>Gender</description>
      <id>0</id>
      <label>#Trakt.Translation.Gender.Label</label>
      <type>label</type>
      <posX>165</posX>
      <posY>338</posY>
      <width>150</width>
      <animation effect="fade" time="250" delay="0">WindowClose</animation>
			<visible>!string.equals(#Trakt.User.Gender,)+!string.equals(#Trakt.User.Gender,N/A)</visible>
    </control>
    <control Style="smallTitle">
      <description>Gender Value</description>
      <id>0</id>
      <label>#Trakt.User.Gender</label>
      <type>label</type>
      <posX>320</posX>
      <posY>339</posY>
      <width>230</width>
      <animation effect="fade" time="250" delay="0">WindowClose</animation>
			<visible>!string.equals(Trakt.User.Gender,)+!string.equals(#Trakt.User.Gender,N/A)</visible>
    </control>
    <control Style="smallTitleB">
      <description>Location</description>
      <id>0</id>
      <label>#Trakt.Translation.Location.Label</label>
      <type>label</type>
      <posX>165</posX>
      <posY>358</posY>
      <width>150</width>
      <animation effect="fade" time="250" delay="0">WindowClose</animation>
			<visible>!string.equals(#Trakt.User.Location,)+!string.equals(#Trakt.User.Location,N/A)</visible>
    </control>
    <control Style="smallTitle">
      <description>Location Value</description>
      <id>0</id>
      <label>#Trakt.User.Location</label>
      <type>label</type>
      <posX>320</posX>
      <posY>359</posY>
      <width>230</width>
      <animation effect="fade" time="250" delay="0">WindowClose</animation>
			<visible>!string.equals(#Trakt.User.Location,)+!string.equals(#Trakt.User.Location,N/A)</visible>
    </control>    
    <control>
      <description>Shout</description>
      <type>textboxscrollup</type>
      <id>0</id>
      <posX>18</posX>
      <posY>440</posY>
      <width>620</width>
      <height>220</height>
      <seperator>----------------------------------------------------------------------------------------------------</seperator>
      <font>mediastream11</font>
      <label>#Trakt.Shout.Text</label>
      <scrollStartDelaySec>12</scrollStartDelaySec>
      <animation effect="fade" time="250" delay="0">WindowClose</animation>
      <animation effect="fade" time="250" delay="0">WindowOpen</animation>
    </control>    
    <import>common.time.xml</import>
  </controls>
</window>
<!--Checksum:e42351c117f1976b6589f7b7d8f65bec-->