﻿<?xml version="1.0" encoding="utf-8" standalone="yes"?>
<settings>
  <!--
		The purpose of TVSeries.SkinSettings.xml is to allow the skinner to control the presentation of the TVSeries plugin to the user
		Advanced users may disable this by removing the file or by setting the import attribute  to false in the relevant XML element.
		
		The TVSeries plugin reads this file on load and will import settings into its database.
		IMPORTANT: Ensure that all settings are wrapped in a CDATA type otherwise this docment will not get parsed as proper XML.
	-->
  <!-- version may be useful for logging purposes and/or future upgrades -->
  <version>1.5.0.0</version>
  
  <!-- Skin Defines -->
  <defines>
    <!-- fanart can be disabled per layout and/or per view by setting to false -->
    <property key="fanart.seriesview">true</property>
    <property key="fanart.seasonview">true</property>
    <property key="fanart.episodeview">true</property>
    <property key="fanart.listlayout">true</property>
    <property key="fanart.iconslayout">true</property>
    <property key="fanart.filmstriplayout">true</property>
    <property key="fanart.coverflowlayout">true</property>
  </defines>
  
  <!-- Position of 'NEW' stamp in thumb views -->
  <!-- Draws 'tvseries_newlabel.png' on thumbnail -->
  <thumbstamp>
    <widebanners>
      <posx>668</posx>
      <posy>-5</posy>
    </widebanners>
    <posters>
      <posx>580</posx>
      <posy>-5</posy>
    </posters>
  </thumbstamp>
  
  <!-- Define the images loaded in Video OSD -->
  <!-- Note: You can reorder the items to set priority -->
  <!-- Values of custom tag is a path to custom image, where you could use:
			thumbs\ relative path - <![CDATA[thumbs\Media\custom.png]]>,
			skin\ relative path - <![CDATA[skin\*SKIN NAME*\Media\custom.png]]>,
			absolute path - <![CDATA[C:\Media\custom.png]]>
			with any of episode/season/series database fields (<Series.ID> for example)
	-->
  <videoosdimages import="true">
    <episode use="true" />
    <series use="true" />
    <season use="true" />
    <!--<custom use="false"><![CDATA[skin\StreamedMP\Media\custom.png]]></custom>-->
  </videoosdimages>
  
  <!-- Define the images loaded in properties during play -->
  <videoplayimages import="true">
    <property>
      <name>TVSeries.Play.ClearArt</name>
      <value><![CDATA[thumbs\ClearArt\<Series.ID>.png]]></value>
    </property>
    <!-- You can define multiple properties -->
  </videoplayimages>
  
  <!-- 
		Possible Layout Types supported by the plugin, the defined layout will be what is loaded by default for the corresponding view:
		
			Groups:
				layout="List"
				layout="SmallIcons" <not supported>
			Series:
				layout="ListPosters"
				layout="ListBanners"
				layout="Filmstrip"
				layout="WideBanners"
        layout="Coverflow"
			Season:
				layout="List"
				layout="Filmstrip"
        layout="Coverflow"
			Episode:
				layout="List"
			
		Notes:
		item1 = <text3> (left aligned)
		item3 = <text2> (right aligned)
	-->
  <layouts>
    <group List="true" SmallIcons="false" />
    <series ListPosters="true" ListBanners="true" Filmstrip="true" WideBanners="true" Coverflow="true" />
    <season List="true" Filmstrip="true" Coverflow="true" />
    <episode List="true" />
  </layouts>
  <views import="true" AppendlmageToList="false">
    <group layout="List">
    </group>
    <series layout="ListPosters">
      <item1>SeriesWatchedAndUnWatched</item1>
      <item2><![CDATA[<Series.Pretty_Name>]]></item2>
      <item3>SMALLSPACE</item3>
    </series>
    <season layout="List">
      <item1>SeasonWatchedAndUnWatched</item1>
      <item2><![CDATA[Season <Season.SeasonIndex>]]></item2>
      <item3>SMALLSPACE</item3>
    </season>
    <episode>
      <item1><![CDATA[<Episode.FirstAired>]]></item1>
      <item2><![CDATA[<Episode.EpisodeIndex>: <Episode.LocalEpisodeName>]]></item2>
      <item3>SMALLSPACE</item3>
    </episode>
  </views>
  <formatting import="true"><![CDATA[<Enabled>1<Format><Episode.DataPanelLine2Key><FormatAs>Trans(Runtime)
<Enabled>1<Format><Episode.DataPanelLine2Value><FormatAs><Episode.PrettyLocalPlaytime>
<Enabled>1<Format><Episode.DataPanelLine3Key><FormatAs>Trans(Rating)
<Enabled>1<Format><Episode.DataPanelLine30Value><FormatAs>Eval(Round(<Episode.Rating>*10)/10)
<Enabled>1<Format><Episode.DataPanelLine31Value><FormatAs>Eval(Round(<Episode.Rating>*10)/10) / 10
<Enabled>1<Format><Episode.DataPanelLine32Value><FormatAs>(Trans(Rated): <Episode.myRating>)
<Enabled>1<Format><Episode.DataPanelLine33Value><FormatAs>(<Episode.RatingCount> Trans(Votes), Trans(Rated): <Episode.myRating>)
<Enabled>1<Format><Episode.DataPanelLine34Value><FormatAs>(<Episode.RatingCount> Trans(Votes))
<Enabled>1<Format><Episode.DataPanelLine4Key><FormatAs>Trans(Director)
<Enabled>1<Format><Episode.DataPanelLine4Value><FormatAs><Episode.Director>
<Enabled>1<Format><Episode.DataPanelLine5Key><FormatAs>Trans(Writer)
<Enabled>1<Format><Episode.DataPanelLine5Value><FormatAs><Episode.Writer>
<Enabled>1<Format><Episode.SeasonLabel><FormatAs>Season <Episode.SeasonIndex>
<Enabled>1<Format><Episode.SeriesName><FormatAs><Series.Pretty_Name>
<Enabled>1<Format><Episode.SeasonLabel><FormatAs>Season <Episode.SeasonIndex>
<Enabled>1<Format><Season.SeasonLabel><FormatAs>Season <Season.SeasonIndex>
<Enabled>1<Format><Season.SeasonTitle><FormatAs><Series.Pretty_Name>Season <Season.SeasonIndex>
<Enabled>1<Format><Series.DataPanelLine1Key><FormatAs>Trans(Genre)
<Enabled>1<Format><Series.DataPanelLine1Value><FormatAs><Series.Genre>
<Enabled>1<Format><Series.DataPanelLine2Key><FormatAs>Trans(FirstAired)
<Enabled>1<Format><Series.DataPanelLine2Value><FormatAs><Series.FirstAired> (Trans(AiredStatus<Series.Status>))
<Enabled>1<Format><Series.DataPanelLine3Key><FormatAs>Trans(Runtime)
<Enabled>1<Format><Series.DataPanelLine3Value><FormatAs><Series.Runtime> Trans(Minutes)
<Enabled>1<Format><Series.DataPanelLine4Key><FormatAs>Trans(Rating)
<Enabled>1<Format><Series.DataPanelLine40Value><FormatAs>Eval(Round(<Series.Rating>*10)/10)
<Enabled>1<Format><Series.DataPanelLine41Value><FormatAs>Eval(Round(<Series.Rating>*10)/10) / 10
<Enabled>1<Format><Series.DataPanelLine42Value><FormatAs>(Trans(Rated): <Series.myRating>)
<Enabled>1<Format><Series.DataPanelLine43Value><FormatAs>(<Series.RatingCount> Trans(Votes), Trans(Rated): <Series.myRating>)
<Enabled>1<Format><Series.DataPanelLine44Value><FormatAs>(<Series.RatingCount> Trans(Votes))
<Enabled>1<Format><Series.DataPanelLine5Key><FormatAs>Trans(Network)
<Enabled>1<Format><Series.DataPanelLine5Value><FormatAs><Series.Network>
<Enabled>1<Format><Series.DataPanelLine6Value><FormatAs>Eval(<Series.EpisodeCount>-<Series.EpisodesUnWatched>) Trans(Watched)
<Enabled>1<Format><Series.DataPanelLine7Value><FormatAs><Series.EpisodesUnWatched> Trans(Unwatched)
<Enabled>1<Format><Series.DataPanelLine8Key><FormatAs>Trans(Episodes)
<Enabled>1<Format><Series.DataPanelLine8Value><FormatAs><Series.EpisodeCount> Trans(Episodes), <Series.EpisodesUnWatched> Trans(Unwatched)
<Enabled>1<Format><Series.FiveStarPath><FormatAs>starEval(Round(<Series.Rating>)).png
<Enabled>1<Format>star.png<FormatAs>star0.png
<Enabled>1<Format>SeriesUnWatched<FormatAs><Series.EpisodesUnWatched>
<Enabled>1<Format>SeriesWatchedAndUnWatched<FormatAs>Eval(PrettyNumber100(<Series.EpisodesUnWatched>))         Eval(PrettyNumber100(<Series.EpisodeCount>-<Series.EpisodesUnWatched>))
<Enabled>1<Format>SeriesTotalEpisodes<FormatAs><Series.EpisodeCount> Episodes
<Enabled>1<Format>SeasonUnWatched<FormatAs>Eval(PrettyNumber10(<Season.EpisodesUnWatched>))
<Enabled>1<Format>SeasonWatchedAndUnWatched<FormatAs>Eval(PrettyNumber10(<Season.EpisodesUnWatched>))          Eval(PrettyNumber10(<Season.EpisodeCount>-<Season.EpisodesUnWatched>))
<Enabled>1<Format>SeasonTotalEpisodes<FormatAs><Season.EpisodeCount> Trans(Episodes)
<Enabled>1<Format>SMALLSPACE<FormatAs> 
<Enabled>1<Format>LARGESPACE<FormatAs>                                        
<Enabled>1<Format>SeriesAirsDay<FormatAs><Series.AirsDay>]]></formatting>
  <logos import="true"><![CDATA[skin\StreamedMP\Media\Logos\MediaInfo\Textual\Video\SD Fullscreen.png;-;<Episode.videoWidth>;-;<;-;960;-;AND;-;<Episode.VideoAspectRatio>;-;<;-;1.5;-;AND;-;<Episode.VideoAspectRatio>;-;>;-;1.2;-;<Restrict:Episode>
skin\StreamedMP\Media\Logos\MediaInfo\Textual\Video\SD Widescreen.png;-;<Episode.videoWidth>;-;<;-;960;-;AND;-;<Episode.VideoAspectRatio>;-;<;-;1.9;-;AND;-;<Episode.VideoAspectRatio>;-;>=;-;1.5;-;<Restrict:Episode>
skin\StreamedMP\Media\Logos\MediaInfo\Textual\Video\SD 540P.png;-;<Episode.videoWidth>;-;=;-;960;-;AND;-;<Episode.videoHeight>;-;<=;-;600;-;AND;-;;-;=;-;;-;<Restrict:Episode>
skin\StreamedMP\Media\Logos\MediaInfo\Textual\Video\720P.png;-;<Episode.videoWidth>;-;=;-;1280;-;OR;-;<Episode.videoHeight>;-;=;-;720;-;AND;-;;-;=;-;;-;<Restrict:Episode>
skin\StreamedMP\Media\Logos\MediaInfo\Textual\Video\1080P.png;-;<Episode.videoWidth>;-;=;-;1920;-;OR;-;<Episode.videoHeight>;-;=;-;1080;-;AND;-;;-;=;-;;-;<Restrict:Episode>
skin\StreamedMP\Media\Logos\MediaInfo\Textual\Video\H264.png;-;<Episode.VideoFormat>;-;=;-;AVC;-;OR;-;<Episode.VideoCodec>;-;=;-;h264;-;AND;-;;-;=;-;;-;<Restrict:Episode>
skin\StreamedMP\Media\Logos\MediaInfo\Textual\Video\MP2V.png;-;<Episode.VideoFormat>;-;=;-;MPEG Video;-;AND;-;<Episode.VideoFormatProfile>;-;contains;-;Main;-;AND;-;;-;=;-;;-;<Restrict:Episode>
skin\StreamedMP\Media\Logos\MediaInfo\Textual\Video\DIVX.png;-;<Episode.VideoCodec>;-;contains;-;DIVX;-;OR;-;<Episode.VideoCodec>;-;contains;-;DX50;-;OR;-;<Episode.VideoCodec>;-;contains;-;DIV3;-;<Restrict:Episode>
skin\StreamedMP\Media\Logos\MediaInfo\Textual\Video\XVID.png;-;<Episode.VideoCodec>;-;contains;-;XVID;-;OR;-;<Episode.VideoCodec>;-;contains;-;MPG4;-;AND;-;;-;=;-;;-;<Restrict:Episode>
skin\StreamedMP\Media\Logos\MediaInfo\Textual\Video\VC-1.png;-;<Episode.VideoFormat>;-;contains;-;VC-1;-;OR;-;<Episode.VideoCodec>;-;contains;-;VC1;-;AND;-;;-;=;-;;-;<Restrict:Episode>
skin\StreamedMP\Media\Logos\MediaInfo\Textual\Video\WMV.png;-;<Episode.VideoCodec>;-;contains;-;WMV;-;AND;-;;-;=;-;;-;AND;-;;-;=;-;;-;<Restrict:Episode>
skin\StreamedMP\Media\Logos\MediaInfo\Textual\Video\VP6.png;-;<Episode.VideoFormat>;-;=;-;VP6;-;AND;-;;-;=;-;;-;AND;-;;-;=;-;;-;<Restrict:Episode>
skin\StreamedMP\Media\Logos\MediaInfo\Textual\Video\REAL.png;-;<Episode.VideoCodec>;-;contains;-;REAL;-;AND;-;;-;=;-;;-;AND;-;;-;=;-;;-;<Restrict:Episode>
skin\StreamedMP\Media\Logos\MediaInfo\Textual\Audio\AC3 Stereo.png;-;<Episode.AudioFormat>;-;=;-;AC-3;-;AND;-;<Episode.AudioChannels>;-;=;-;2;-;AND;-;;-;=;-;;-;<Restrict:Episode>
skin\StreamedMP\Media\Logos\MediaInfo\Textual\Audio\AC3 5.1.png;-;<Episode.AudioFormat>;-;=;-;AC-3;-;AND;-;<Episode.AudioChannels>;-;=;-;6;-;AND;-;;-;=;-;;-;<Restrict:Episode>
skin\StreamedMP\Media\Logos\MediaInfo\Textual\Audio\AC3+ 5.1.png;-;<Episode.AudioFormat>;-;=;-;E-AC-3;-;AND;-;<Episode.AudioChannels>;-;=;-;6;-;AND;-;;-;=;-;;-;<Restrict:Episode>
skin\StreamedMP\Media\Logos\MediaInfo\Textual\Audio\AC3+ 7.1.png;-;<Episode.AudioFormat>;-;=;-;E-AC-3;-;AND;-;<Episode.AudioChannels>;-;=;-;8;-;AND;-;;-;=;-;;-;<Restrict:Episode>
skin\StreamedMP\Media\Logos\MediaInfo\Textual\Audio\DTS 5.1.png;-;<Episode.AudioFormat>;-;=;-;DTS;-;AND;-;<Episode.AudioFormatProfile>;-;=;-;-1;-;AND;-;<Episode.AudioChannels>;-;=;-;6;-;<Restrict:Episode>
skin\StreamedMP\Media\Logos\MediaInfo\Textual\Audio\DTS 7.png;-;<Episode.AudioFormat>;-;=;-;DTS;-;AND;-;<Episode.AudioFormatProfile>;-;=;-;-1;-;AND;-;<Episode.AudioChannels>;-;=;-;7;-;<Restrict:Episode>
skin\StreamedMP\Media\Logos\MediaInfo\Textual\Audio\DTS 7.1.png;-;<Episode.AudioFormat>;-;=;-;DTS;-;AND;-;<Episode.AudioFormatProfile>;-;=;-;-1;-;AND;-;<Episode.AudioChannels>;-;=;-;8;-;<Restrict:Episode>
skin\StreamedMP\Media\Logos\MediaInfo\Textual\Audio\DTS MA 5.1.png;-;<Episode.AudioFormat>;-;=;-;DTS;-;AND;-;<Episode.AudioFormatProfile>;-;=;-;MA;-;AND;-;<Episode.AudioChannels>;-;=;-;6;-;<Restrict:Episode>
skin\StreamedMP\Media\Logos\MediaInfo\Textual\Audio\DTS MA 7.png;-;<Episode.AudioFormat>;-;=;-;DTS;-;AND;-;<Episode.AudioFormatProfile>;-;=;-;MA;-;AND;-;<Episode.AudioChannels>;-;=;-;7;-;<Restrict:Episode>
skin\StreamedMP\Media\Logos\MediaInfo\Textual\Audio\DTS MA 7.1.png;-;<Episode.AudioFormat>;-;=;-;DTS;-;AND;-;<Episode.AudioFormatProfile>;-;=;-;MA;-;AND;-;<Episode.AudioChannels>;-;=;-;8;-;<Restrict:Episode>
skin\StreamedMP\Media\Logos\MediaInfo\Textual\Audio\DTS HRA 5.1.png;-;<Episode.AudioFormat>;-;=;-;DTS;-;AND;-;<Episode.AudioFormatProfile>;-;=;-;HRA;-;AND;-;<Episode.AudioChannels>;-;=;-;6;-;<Restrict:Episode>
skin\StreamedMP\Media\Logos\MediaInfo\Textual\Audio\DTS HRA 7.png;-;<Episode.AudioFormat>;-;=;-;DTS;-;AND;-;<Episode.AudioFormatProfile>;-;=;-;HRA;-;AND;-;<Episode.AudioChannels>;-;=;-;7;-;<Restrict:Episode>
skin\StreamedMP\Media\Logos\MediaInfo\Textual\Audio\DTS HRA 7.1.png;-;<Episode.AudioFormat>;-;=;-;DTS;-;AND;-;<Episode.AudioFormatProfile>;-;=;-;HRA;-;AND;-;<Episode.AudioChannels>;-;=;-;8;-;<Restrict:Episode>
skin\StreamedMP\Media\Logos\MediaInfo\Textual\Audio\TrueHD 5.1.png;-;<Episode.AudioFormatProfile>;-;contains;-;TrueHD;-;AND;-;<Episode.AudioChannels>;-;=;-;6;-;AND;-;;-;=;-;;-;<Restrict:Episode>
skin\StreamedMP\Media\Logos\MediaInfo\Textual\Audio\TrueHD 7.1.png;-;<Episode.AudioFormatProfile>;-;contains;-;TrueHD;-;AND;-;<Episode.AudioChannels>;-;contains;-;8;-;AND;-;;-;=;-;;-;<Restrict:Episode>
skin\StreamedMP\Media\Logos\MediaInfo\Textual\Audio\FLAC Stereo.png;-;<Episode.AudioFormat>;-;contains;-;FLAC;-;AND;-;<Episode.AudioChannels>;-;=;-;2;-;AND;-;;-;=;-;;-;<Restrict:Episode>
skin\StreamedMP\Media\Logos\MediaInfo\Textual\Audio\FLAC 5.1.png;-;<Episode.AudioFormat>;-;contains;-;FLAC;-;AND;-;<Episode.AudioChannels>;-;=;-;6;-;AND;-;;-;=;-;;-;<Restrict:Episode>
skin\StreamedMP\Media\Logos\MediaInfo\Textual\Audio\FLAC 7.1.png;-;<Episode.AudioFormat>;-;contains;-;FLAC;-;AND;-;<Episode.AudioChannels>;-;=;-;8;-;AND;-;;-;=;-;;-;<Restrict:Episode>
skin\StreamedMP\Media\Logos\MediaInfo\Textual\Audio\MP3 Stereo.png;-;<Episode.AudioFormat>;-;=;-;MPEG Audio;-;AND;-;<Episode.AudioChannels>;-;=;-;2;-;AND;-;;-;=;-;;-;<Restrict:Episode>
skin\StreamedMP\Media\Logos\MediaInfo\Textual\Audio\MP3 5.1.png;-;<Episode.AudioFormat>;-;=;-;MPEG Audio;-;AND;-;<Episode.AudioChannels>;-;=;-;6;-;AND;-;;-;=;-;;-;<Restrict:Episode>
skin\StreamedMP\Media\Logos\MediaInfo\Textual\Audio\AAC Stereo.png;-;<Episode.AudioFormat>;-;=;-;AAC;-;AND;-;<Episode.AudioChannels>;-;=;-;2;-;AND;-;;-;=;-;;-;<Restrict:Episode>
skin\StreamedMP\Media\Logos\MediaInfo\Textual\Audio\AAC 5.1.png;-;<Episode.AudioFormat>;-;=;-;AAC;-;AND;-;<Episode.AudioChannels>;-;=;-;6;-;AND;-;;-;=;-;;-;<Restrict:Episode>
skin\StreamedMP\Media\Logos\MediaInfo\Textual\Audio\VORBIS.png;-;<Episode.AudioFormat>;-;=;-;VORBIS;-;AND;-;;-;=;-;;-;AND;-;;-;=;-;;-;<Restrict:Episode>
skin\StreamedMP\Media\Logos\MediaInfo\Textual\Audio\WMA Stereo.png;-;<Episode.AudioFormat>;-;=;-;WMA;-;AND;-;<Episode.AudioChannels>;-;=;-;2;-;AND;-;;-;=;-;;-;<Restrict:Episode>
skin\StreamedMP\Media\Logos\MediaInfo\Textual\Audio\WMA 5.1.png;-;<Episode.AudioFormat>;-;=;-;WMA;-;AND;-;<Episode.AudioChannels>;-;=;-;6;-;AND;-;;-;=;-;;-;<Restrict:Episode>
skin\StreamedMP\Media\Logos\MediaInfo\Textual\Audio\REAL.png;-;<Episode.AudioFormat>;-;contains;-;REAL;-;AND;-;;-;=;-;;-;AND;-;;-;=;-;;-;<Restrict:Episode>
skin\StreamedMP\Media\Logos\MediaInfo\Textual\Misc\MULTIAUDIO.png;-;<Episode.AudioTracks>;-;>;-;1;-;AND;-;;-;=;-;;-;AND;-;;-;=;-;;-;<Restrict:Episode>
skin\StreamedMP\Media\Logos\MediaInfo\Textual\Misc\DVD.png;-;<Episode.EpisodeFilename>;-;contains;-;DVD;-;AND;-;<Episode.EpisodeFilename>;-;!contains;-;HDDVD;-;AND;-;<Episode.EpisodeFilename>;-;!contains;-;HD-DVD;-;<Restrict:Episode>
skin\StreamedMP\Media\Logos\MediaInfo\Textual\Misc\HDTV.png;-;<Episode.EpisodeFilename>;-;contains;-;HDTV;-;AND;-;;-;=;-;;-;AND;-;;-;=;-;;-;<Restrict:Episode>
skin\StreamedMP\Media\Logos\MediaInfo\Textual\Misc\HDDVD.png;-;<Episode.EpisodeFilename>;-;contains;-;HDDVD;-;OR;-;<Episode.EpisodeFilename>;-;contains;-;HD-DVD;-;AND;-;;-;=;-;;-;<Restrict:Episode>
skin\StreamedMP\Media\Logos\MediaInfo\Textual\Misc\BLURAY.png;-;<Episode.EpisodeFilename>;-;contains;-;BLURAY;-;OR;-;<Episode.EpisodeFilename>;-;contains;-;BLU-RAY;-;AND;-;;-;=;-;;-;<Restrict:Episode>
skin\StreamedMP\Media\Logos\MediaInfo\Textual\Misc\WEB-DL.png;-;<Episode.EpisodeFilename>;-;contains;-;WEBDL;-;OR;-;<Episode.EpisodeFilename>;-;contains;-;WEB-DL;-;OR;-;<Episode.EpisodeFilename>;-;contains;-;ITUNES;-;<Restrict:Episode>
skin\StreamedMP\Media\Logos\MediaInfo\Textual\Misc\SUBTITLES.png;-;<Episode.AvailableSubtitles>;-;=;-;1;-;OR;-;<Episode.EpisodeFilename>;-;contains;-;subbed.;-;AND;-;;-;=;-;;-;]]></logos>
  <!-- Only used for Thumbnail view creation e.g. Filmstrip and WideBanners. Episode Thumbs are the exception -->
  <!-- #TVSeries.SeriesBanner and #TVSeries.SeasonBanner properties dont use the values below, the image will be presented as they are but will be using a delay of 250ms to present image -->
  <!-- Should use highest of both Default/Fanart tvseries xmls (let setup handle this), the settings below are for optimal performance without too much loss to visual quality -->
  <graphicsquality import="true">
    <seriesbanners>60</seriesbanners>
    <seriesposters>20</seriesposters>
    <seriescoverflow>40</seriescoverflow>
    <!-- 20% for Default, 35% for Fanart style-->
    <seasonbanners>75</seasonbanners>
    <seasoncoverflow>90</seasoncoverflow>
    <episodethumbs>90</episodethumbs>
  </graphicsquality>
</settings>
<!--Checksum:967c9ffbfa06872114d2e10b2f7d1d19-->