﻿<?xml version="1.0" encoding="utf-8" standalone="yes"?>
<window>
  <id>9814</id>
  <defaultcontrol>10</defaultcontrol>
  <allowoverlay>yes</allowoverlay>
  <controls>
    <import>common.dialog.xml</import>
    <!-- Star Controls -->
    <control>
      <description>1 Star</description>
      <type>checkmark</type>
      <id>100</id>
      <posX>440</posX>
      <posY>362</posY>
      <width>32</width>
      <height>32</height>
      <onup>101</onup>
      <textureCheckmark>UserRatingStarOn.png</textureCheckmark>
      <textureCheckmarkNoFocus>UserRatingStarOff.png</textureCheckmarkNoFocus>
      <animation effect="fade" time="200">windowopen</animation>
      <animation effect="fade" time="200">windowclose</animation>
    </control>
    <control>
      <description>2 Star</description>
      <type>checkmark</type>
      <id>101</id>
      <posX>480</posX>
      <posY>362</posY>
      <width>32</width>
      <height>32</height>
      <onup>102</onup>
      <textureCheckmark>UserRatingStarOn.png</textureCheckmark>
      <textureCheckmarkNoFocus>UserRatingStarOff.png</textureCheckmarkNoFocus>
      <animation effect="fade" time="200">windowopen</animation>
      <animation effect="fade" time="200">windowclose</animation>
    </control>
    <control>
      <description>3 Star</description>
      <type>checkmark</type>
      <id>102</id>
      <posX>520</posX>
      <posY>362</posY>
      <width>32</width>
      <height>32</height>
      <onup>103</onup>
      <textureCheckmark>UserRatingStarOn.png</textureCheckmark>
      <textureCheckmarkNoFocus>UserRatingStarOff.png</textureCheckmarkNoFocus>
      <animation effect="fade" time="200">windowopen</animation>
      <animation effect="fade" time="200">windowclose</animation>
    </control>
    <control>
      <description>4 Star</description>
      <type>checkmark</type>
      <id>103</id>
      <posX>560</posX>
      <posY>362</posY>
      <width>32</width>
      <height>32</height>
      <onup>104</onup>
      <textureCheckmark>UserRatingStarOn.png</textureCheckmark>
      <textureCheckmarkNoFocus>UserRatingStarOff.png</textureCheckmarkNoFocus>
      <animation effect="fade" time="200">windowopen</animation>
      <animation effect="fade" time="200">windowclose</animation>
    </control>
    <control>
      <description>5 Star</description>
      <type>checkmark</type>
      <id>104</id>
      <posX>600</posX>
      <posY>362</posY>
      <width>32</width>
      <height>32</height>
      <onup>105</onup>
      <textureCheckmark>UserRatingStarOn.png</textureCheckmark>
      <textureCheckmarkNoFocus>UserRatingStarOff.png</textureCheckmarkNoFocus>
      <animation effect="fade" time="200">windowopen</animation>
      <animation effect="fade" time="200">windowclose</animation>
    </control>
    <control>
      <description>6 Star</description>
      <type>checkmark</type>
      <id>105</id>
      <posX>640</posX>
      <posY>362</posY>
      <width>32</width>
      <height>32</height>
      <onup>106</onup>
      <textureCheckmark>UserRatingStarOn.png</textureCheckmark>
      <textureCheckmarkNoFocus>UserRatingStarOff.png</textureCheckmarkNoFocus>
      <animation effect="fade" time="200">windowopen</animation>
      <animation effect="fade" time="200">windowclose</animation>
    </control>
    <control>
      <description>7 Star</description>
      <type>checkmark</type>
      <id>106</id>
      <posX>680</posX>
      <posY>362</posY>
      <width>32</width>
      <height>32</height>
      <onup>107</onup>
      <textureCheckmark>UserRatingStarOn.png</textureCheckmark>
      <textureCheckmarkNoFocus>UserRatingStarOff.png</textureCheckmarkNoFocus>
      <animation effect="fade" time="200">windowopen</animation>
      <animation effect="fade" time="200">windowclose</animation>
    </control>
    <control>
      <description>8 Star</description>
      <type>checkmark</type>
      <id>107</id>
      <posX>720</posX>
      <posY>362</posY>
      <width>32</width>
      <height>32</height>
      <onup>108</onup>
      <textureCheckmark>UserRatingStarOn.png</textureCheckmark>
      <textureCheckmarkNoFocus>UserRatingStarOff.png</textureCheckmarkNoFocus>
      <animation effect="fade" time="200">windowopen</animation>
      <animation effect="fade" time="200">windowclose</animation>
    </control>
    <control>
      <description>9 Star</description>
      <type>checkmark</type>
      <id>108</id>
      <posX>760</posX>
      <posY>362</posY>
      <width>32</width>
      <height>32</height>
      <onup>109</onup>
      <textureCheckmark>UserRatingStarOn.png</textureCheckmark>
      <textureCheckmarkNoFocus>UserRatingStarOff.png</textureCheckmarkNoFocus>
      <animation effect="fade" time="200">windowopen</animation>
      <animation effect="fade" time="200">windowclose</animation>
    </control>
    <control>
      <description>10 Star</description>
      <type>checkmark</type>
      <id>109</id>
      <posX>800</posX>
      <posY>362</posY>
      <width>32</width>
      <height>32</height>
      <textureCheckmark>UserRatingStarOn.png</textureCheckmark>
      <textureCheckmarkNoFocus>UserRatingStarOff.png</textureCheckmarkNoFocus>
      <animation effect="fade" time="200">windowopen</animation>
      <animation effect="fade" time="200">windowclose</animation>
    </control>
    <control Style="smallTitle">
      <description>Selected Rating</description>
      <type>label</type>
      <id>7</id>
      <posX>825</posX>
      <posY>400</posY>
      <width>200</width>
      <align>right</align>
      <animation effect="fade" time="200">windowopen</animation>
      <animation effect="fade" time="200">windowclose</animation>
    </control>
  </controls>
</window>
<!--Checksum:b2fd0b3fa03009f3ca2e275b3d3c11ea-->