﻿<?xml version="1.0" encoding="utf-8" standalone="yes"?>
<window>
  <id>9815</id>
  <defaultcontrol>10</defaultcontrol>
  <allowoverlay>yes</allowoverlay>
  <controls>
    <import>common.dialog.xml</import>
    <control>
      <description>Lock</description>
      <type>image</type>
      <id>1</id>
      <posX>840</posX>
      <posY>250</posY>
      <width>48</width>
      <height>48</height>
      <texture>parentallock.png</texture>
			<animation effect="fade" time="200">windowopen</animation>
      <animation effect="fade" time="200">windowclose</animation>
    </control>
    <!-- Star Controls -->
    <control>
      <description>PinCode Item 1</description>
      <type>image</type>
      <id>1</id>
      <posX>550</posX>
      <posY>352</posY>
      <width>32</width>
      <height>32</height>
      <onup>101</onup>
      <texture>pinSmall.png</texture>
			<animation effect="fade" time="200">windowopen</animation>
      <animation effect="fade" time="200">windowclose</animation>
    </control>
    <control>
      <description>PinCode Item 1</description>
      <type>image</type>
      <id>100</id>
      <posX>550</posX>
      <posY>352</posY>
      <width>32</width>
      <height>32</height>
      <onup>101</onup>
      <texture>pinLarge.png</texture>
			<animation effect="fade" time="200">windowopen</animation>
      <animation effect="fade" time="200">windowclose</animation>
    </control>
    <control>
      <description>PinCode Item 2</description>
      <type>image</type>
      <id>1</id>
      <posX>590</posX>
      <posY>352</posY>
      <width>32</width>
      <height>32</height>
      <onup>101</onup>
      <texture>pinSmall.png</texture>
			<animation effect="fade" time="200">windowopen</animation>
      <animation effect="fade" time="200">windowclose</animation>
    </control>
    <control>
      <description>PinCode Item 2</description>
      <type>image</type>
      <id>101</id>
      <posX>590</posX>
      <posY>352</posY>
      <width>32</width>
      <height>32</height>
      <onup>102</onup>
      <texture>pinLarge.png</texture>
			<animation effect="fade" time="200">windowopen</animation>
      <animation effect="fade" time="200">windowclose</animation>
    </control>
    <control>
      <description>PinCode Item 3</description>
      <type>image</type>
      <id>1</id>
      <posX>630</posX>
      <posY>352</posY>
      <width>32</width>
      <height>32</height>
      <onup>101</onup>
      <texture>pinSmall.png</texture>
			<animation effect="fade" time="200">windowopen</animation>
      <animation effect="fade" time="200">windowclose</animation>
    </control>
    <control>
      <description>PinCode Item 3</description>
      <type>image</type>
      <id>102</id>
      <posX>630</posX>
      <posY>352</posY>
      <width>32</width>
      <height>32</height>
      <onup>103</onup>
      <texture>pinLarge.png</texture>
			<animation effect="fade" time="200">windowopen</animation>
      <animation effect="fade" time="200">windowclose</animation>
    </control>
    <control>
      <description>PinCode Item 4</description>
      <type>image</type>
      <id>1</id>
      <posX>670</posX>
      <posY>352</posY>
      <width>32</width>
      <height>32</height>
      <onup>101</onup>
      <texture>pinSmall.png</texture>
			<animation effect="fade" time="200">windowopen</animation>
      <animation effect="fade" time="200">windowclose</animation>
    </control>
    <control>
      <description>PinCode Item 4</description>
      <type>image</type>
      <id>103</id>
      <posX>670</posX>
      <posY>352</posY>
      <width>32</width>
      <height>32</height>
      <onup>104</onup>
      <texture>pinLarge.png</texture>
			<animation effect="fade" time="200">windowopen</animation>
      <animation effect="fade" time="200">windowclose</animation>
    </control>
    <control Style="smallTitle">
      <description>Feedback</description>
      <type>label</type>
      <id>6</id>
      <posX>825</posX>
      <posY>400</posY>
      <width>200</width>
      <align>right</align>
			<animation effect="fade" time="200">windowopen</animation>
      <animation effect="fade" time="200">windowclose</animation>
    </control>
  </controls>
</window>
<!--Checksum:563258ec89682db1432519c05c929409-->