﻿<?xml version="1.0" encoding="utf-8" standalone="yes"?>
<window>
  <id>9812</id>
  <defaultcontrol>50</defaultcontrol>
  <allowoverlay>no</allowoverlay>
  <disabletopbar>no</disabletopbar>
  <define>#title.color:ffffffff</define>
  <!-- Titles Color                       Default: ffdedede-->
  <define>#text.color:ffffffff</define>
  <!-- Text Color                         Default: ffffffff-->
  <define>#default.color:ffffffff</define>
  <!-- Normal List Color                  Default: ffffffff-->
  <define>#watched.color:ff808080</define>
  <!-- Watched List Color                 Default: ff666666 -->
  <define>#notpresent.color:ffF87B72</define>
  <!-- File Not Present in List Color     Default: ffef6d16 -->
  <controls>
    <!-- :::::::::::::: BACKGROUNDS :::::::::::::: -->
    <control>
      <description>Default Background</description>
      <type>image</type>
      <id>0</id>
      <posX>0</posX>
      <posY>0</posY>
      <width>1280</width>
      <height>720</height>
      <texture>hover_my tv series.png</texture>
      <animation effect="fade" time="400" delay="0">WindowOpen</animation>
    </control>
    <control>
      <description>preview</description>
      <id>0</id>
      <type>image</type>
      <posx>0</posx>
      <posy>0</posy>
      <width>1280</width>
      <height>720</height>
      <texture>#TVSeries.FanArt.SelectedPreview</texture>
      <animation effect="fade" time="400" delay="0">WindowOpen</animation>
    </control>
    <control>
      <description>FanArt Overlay</description>
      <type>image</type>
      <id>0</id>
      <posX>0</posX>
      <posY>0</posY>
      <width>1280</width>
      <height>720</height>
      <texture>mainoverlay.png</texture>
    </control>
    <!-- :::::::::::::: TOP BAR :::::::::::::: -->
    <control>
      <description>Season Number BG</description>
      <type>image</type>
      <id>0</id>
      <posX>381</posX>
      <posY>11</posY>
      <width>290</width>
      <height>36</height>
      <texture>tvtitlebgshort.png</texture>
    </control>
    <control>
      <description>CURRENT FILTER Label</description>
      <type>fadelabel</type>
      <id>0</id>
      <posX>652</posX>
      <posY>14</posY>
      <width>150</width>
      <font>mediastream12c</font>
      <align>right</align>
      <textcolor>ffFFFFFF</textcolor>
      <scrollStartDelaySec>30</scrollStartDelaySec>
      <wrapString> |  </wrapString>
      <label>#TVSeries.FanArt.FilterResolution</label>
    </control>
    <control>
      <description>Page Title BG</description>
      <type>image</type>
      <id>0</id>
      <posX>77</posX>
      <posY>11</posY>
      <width>437</width>
      <height>35</height>
      <texture>tvtitlebg.png</texture>
    </control>
    <control>
      <type>fadelabel</type>
      <description>Page Title Lable</description>
      <id>0</id>
      <posX>493</posX>
      <posY>14</posY>
      <width>350</width>
      <font>mediastream12c</font>
      <label>#TVSeries.FanArt.PageTitle</label>
      <align>right</align>
      <scrollStartDelaySec>30</scrollStartDelaySec>
      <wrapString> |  </wrapString>
    </control>
    <import>common.time.xml</import>
    <!-- :::::::::::::: STATUS LABELS :::::::::::::: -->
    <control>
      <description>Loading Status</description>
      <type>label</type>
      <id>0</id>
      <posX>640</posX>
      <posY>235</posY>
      <align>center</align>
      <font>mediastream12c</font>
      <label>#TVSeries.FanArt.LoadingStatus</label>
    </control>
    <control>
      <description>Download Status</description>
      <type>label</type>
      <id>0</id>
      <posX>730</posX>
      <posY>15</posY>
      <font>mediastream12c</font>
      <label>#TVSeries.FanArt.DownloadingStatus</label>
    </control>
    <!--      :: HIDDEN MENU ::      -->
    <control>
      <type>actiongroup</type>
      <description>action menu</description>
      <defaultcontrol>2</defaultcontrol>
      <onexit>50</onexit>
      <buttonX>1232</buttonX>
      <buttonY>50</buttonY>
      <buttonwidth>48</buttonwidth>
      <buttonheight>144</buttonheight>
      <textureFocus>#StreamedMP.ActionMenu.Image</textureFocus>
      <textureNoFocus>#StreamedMP.ActionMenu.Image</textureNoFocus>
      <dimColor>ffffffff</dimColor>
      <control>
        <type>image</type>
        <posX>1002</posX>
        <posY>0</posY>
        <width>278</width>
        <height>720</height>
        <texture>hiddenmenu_right.png</texture>
        <visible>!Control.HasFocus(50)</visible>
        <animation effect="slide" time="100" start="300,0">visible</animation>
        <animation effect="slide" time="0" end="300,0">hidden</animation>
      </control>
      <control>
        <id>0</id>
        <description>Dummy Button (for Mouse)</description>
        <label>-</label>
        <type>button</type>
        <posX>1002</posX>
        <posY>0</posY>
        <width>278</width>
        <height>720</height>
        <visible>!Control.HasFocus(50)</visible>
        <animation effect="slide" time="100" start="300,0">visible</animation>
        <animation effect="slide" time="0" end="300,0">hidden</animation>
      </control>
      <control>
        <id>0</id>
        <description>MENU</description>
        <label>924</label>
        <type>label</type>
        <font>mediastream12tc</font>
        <posX>1040</posX>
        <posY>225</posY>
        <visible>!Control.HasFocus(50)</visible>
        <animation effect="slide" time="100" start="300,0">visible</animation>
        <animation effect="slide" time="0" end="300,0">hidden</animation>
      </control>
      <control>
        <type>group</type>
        <description>group element</description>
        <visible>!Control.HasFocus(50)</visible>
        <animation effect="slide" time="100" start="300,0">visible</animation>
        <animation effect="slide" time="0" end="300,0">hidden</animation>
        <posX>1040</posX>
        <posY>250</posY>
        <width>220</width>
        <height>720</height>
        <layout>StackLayout</layout>
        <control>
          <description>Change Layout</description>
          <type>button</type>
          <id>2</id>
          <label>Change Layout</label>
          <onleft>50</onleft>
        </control>
        <control>
          <description>Resolution Filter</description>
          <type>button</type>
          <id>12</id>
          <label>Filter</label>
          <onleft>50</onleft>
        </control>
        <control>
          <description>Random Fanart</description>
          <type>checkbutton</type>
          <id>13</id>
          <label>Random Fanart</label>
          <onleft>50</onleft>
        </control>
      </control>
    </control>
    <!-- Facade Item Counts -->
    <control>
      <description>Media Count Background</description>
      <type>image</type>
      <id>0</id>
      <posX>1090</posX>
      <posY>13</posY>
      <width>182</width>
      <height>28</height>
      <texture>mediacountbackground.png</texture>
      <animation effect="fade" time="250">WindowOpen</animation>
      <animation effect="fade" time="250">WindowClose</animation>
      <animation effect="slide" time="150" start="800,0">WindowOpen</animation>
      <animation effect="slide" time="250" end="800,0">WindowClose</animation>
      <visible>control.isvisible(50)</visible>
    </control>
    <control>
      <description>Media Count Label</description>
      <type>label</type>
      <label>#TVSeries.Translation.FanArt.Label</label>
      <id>0</id>
      <width>110</width>
      <posX>1102</posX>
      <posY>16</posY>
      <font>mediastream10tc</font>
      <textcolor>ff909090</textcolor>
      <animation effect="fade" time="250">WindowOpen</animation>
      <animation effect="fade" time="250">WindowClose</animation>
      <animation effect="slide" time="150" start="800,0">WindowOpen</animation>
      <animation effect="slide" time="250" end="800,0">WindowClose</animation>
      <visible>control.isvisible(50)</visible>
    </control>
    <control>
      <description>Media Count Value</description>
      <type>label</type>
      <id>0</id>
      <posX>1245</posX>
      <posY>14</posY>
      <font>mediastream12c</font>
      <align>right</align>
      <textcolor>ff006698</textcolor>
      <label>#TVSeries.FanArt.Count</label>
      <animation effect="fade" time="250">WindowOpen</animation>
      <animation effect="fade" time="250">WindowClose</animation>
      <animation effect="slide" time="150" start="800,0">WindowOpen</animation>
      <animation effect="slide" time="250" end="800,0">WindowClose</animation>
    </control>
    <!-- Selected Facade Item -->
    <control>
      <description>Index Item Selected Label</description>
      <type>fadelabel</type>
      <id>1</id>
      <posX>28</posX>
      <posY>684</posY>
      <width>900</width>
      <label>#selecteditem [#TVSeries.FanArt.SelectedFanartResolution]</label>
      <font>mediastream16tc</font>
      <textcolor>White</textcolor>
      <animation effect="fade" time="250">WindowOpen</animation>
      <animation effect="fade" time="250">WindowClose</animation>
      <visible>!facadeview.filmstrip+control.isvisible(50)</visible>
    </control>
    <control>
      <description>Selected item Label</description>
      <type>fadelabel</type>
      <id>1</id>
      <posX>0</posX>
      <posY>672</posY>
      <width>1280</width>
      <label>#selecteditem [#TVSeries.FanArt.SelectedFanartResolution]</label>
      <font>mediastream16tc</font>
      <align>center</align>
      <animation effect="fade" time="250">WindowOpen</animation>
      <animation effect="fade" time="250">WindowClose</animation>
      <visible>facadeview.filmstrip+control.isvisible(50)</visible>
    </control>
    <!-- Facade Page Count -->
    <control>
      <type>image</type>
      <id>0</id>
      <posX>0</posX>
      <posY>675</posY>
      <width>1280</width>
      <height>47</height>
      <texture>imagestreamtitle.png</texture>
      <animation effect="fade" time="150">WindowOpen</animation>
      <animation effect="fade" time="250">WindowClose</animation>
      <animation effect="slide" time="150" start="800,0">WindowOpen</animation>
      <animation effect="slide" time="250" end="800,0">WindowClose</animation>
      <visible>!facadeview.filmstrip+control.isvisible(50)</visible>
    </control>
    <control>
      <type>image</type>
      <id>0</id>
      <posX>0</posX>
      <posY>650</posY>
      <width>1280</width>
      <height>42</height>
      <texture>imagestreamtitle.png</texture>
      <animation effect="fade" time="150">WindowOpen</animation>
      <animation effect="fade" time="250">WindowClose</animation>
      <animation effect="slide" time="150" start="800,0">WindowOpen</animation>
      <animation effect="slide" time="250" end="800,0">WindowClose</animation>
      <visible>facadeview.filmstrip+control.isvisible(50)</visible>
    </control>
    <control>
      <description>Page Count Background</description>
      <type>image</type>
      <id>0</id>
      <posX>1013</posX>
      <posY>684</posY>
      <width>260</width>
      <height>30</height>
      <texture>mediacountbg_Spin.png</texture>
      <animation effect="fade" time="150">WindowOpen</animation>
      <animation effect="fade" time="250">WindowClose</animation>
      <animation effect="slide" time="150" start="800,0">WindowOpen</animation>
      <animation effect="slide" time="250" end="800,0">WindowClose</animation>
      <visible>!facadeview.filmstrip</visible>
    </control>
    <control>
      <description>Page Count Label</description>
      <type>label</type>
      <label>30009</label>
      <id>0</id>
      <posX>1023</posX>
      <posY>688</posY>
      <font>mediastream12tc</font>
      <textcolor>ff909090</textcolor>
      <animation effect="fade" time="250">WindowOpen</animation>
      <animation effect="fade" time="250">WindowClose</animation>
      <animation effect="slide" time="150" start="800,0">WindowOpen</animation>
      <animation effect="slide" time="250" end="800,0">WindowClose</animation>
      <visible>!facadeview.filmstrip</visible>
    </control>
    <!-- :::::::::::::: INFO :::::::::::::: -->
    <control Style="smallTitleB">
      <description>Disabled Label</description>
      <type>label</type>
      <label>Default:</label>
      <id>14</id>
      <posX>28</posX>
      <posY>630</posY>
      <width>160</width>
      <animation effect="fade" time="250">WindowOpen</animation>
      <animation effect="fade" time="250">WindowClose</animation>
    </control>
    <control Style="smallTitle">
      <description>Disabled Value</description>
      <type>label</type>
      <label>#TVSeries.FanArt.SelectedFanartIsDisabled</label>
      <id>0</id>
      <posX>200</posX>
      <posY>631</posY>
      <animation effect="fade" time="250">WindowOpen</animation>
      <animation effect="fade" time="250">WindowClose</animation>
    </control>
    <control Style="smallTitleB">
      <description>Default Label</description>
      <type>label</type>
      <label>#TVSeries.Translation.LabelChosen.Label</label>
      <id>15</id>
      <posX>28</posX>
      <posY>655</posY>
      <width>160</width>
      <animation effect="fade" time="250">WindowOpen</animation>
      <animation effect="fade" time="250">WindowClose</animation>
      <visible>!facadeview.filmstrip</visible>
    </control>
    <control Style="smallTitle">
      <description>Default Value</description>
      <type>label</type>
      <label>#TVSeries.FanArt.SelectedFanartIsChosen</label>
      <id>0</id>
      <posX>200</posX>
      <posY>656</posY>
      <animation effect="fade" time="250">WindowOpen</animation>
      <animation effect="fade" time="250">WindowClose</animation>
      <visible>!facadeview.filmstrip</visible>
    </control>
    <control Style="smallTitleB">
      <description>Default Label</description>
      <type>label</type>
      <label>#TVSeries.Translation.LabelChosen.Label</label>
      <id>15</id>
      <posX>28</posX>
      <posY>605</posY>
      <width>160</width>
      <animation effect="fade" time="250">WindowOpen</animation>
      <animation effect="fade" time="250">WindowClose</animation>
      <visible>facadeview.filmstrip</visible>
    </control>
    <control Style="smallTitle">
      <description>Default Value</description>
      <type>label</type>
      <label>#TVSeries.FanArt.SelectedFanartIsChosen</label>
      <id>0</id>
      <posX>200</posX>
      <posY>606</posY>
      <animation effect="fade" time="250">WindowOpen</animation>
      <animation effect="fade" time="250">WindowClose</animation>
      <visible>facadeview.filmstrip</visible>
    </control>
    <!-- :::::::::::::: FACADE :::::::::::::: -->
    <control>
      <type>group</type>
      <description>group element</description>
      <id>28</id>
      <layout>StackLayout</layout>
      <posX>60</posX>
      <posY>97</posY>
      <animation effect="fade" time="250">WindowOpen</animation>
      <animation effect="fade" time="250">WindowClose</animation>
      <animation effect="slide" time="150" start="800,0">WindowOpen</animation>
      <animation effect="slide" time="250" end="800,0">WindowClose</animation>
      <control>
        <description>composite control consisting of a list control and a thumbnail panel</description>
        <type>facadeview</type>
        <id>50</id>
        <control>
          <description>Graphical Thumbpanel</description>
          <type>thumbnailpanel</type>
          <id>50</id>
          <posX>20</posX>
          <posY>260</posY>
          <width>1340</width>
          <height>440</height>
          <onleft>2</onleft>
          <onright>2</onright>
          <font>mediastream12</font>
          <textureFocus>mediaitemdetailfo.png</textureFocus>
          <imageFolder>-</imageFolder>
          <imageFolderFocus>thumbborder3.png</imageFolderFocus>
          <downloadColor>#default.color</downloadColor>
          <remoteColor>#default.color</remoteColor>
          <textcolor>#notpresent.color</textcolor>
          <textcolor2>#notpresent.color</textcolor2>
          <textcolor3>#notpresent.color</textcolor3>
          <!-- Small Thumbnails -->
          <itemWidth>208</itemWidth>
          <itemHeight>115</itemHeight>
          <textureWidth>205</textureWidth>
          <textureHeight>115</textureHeight>
          <thumbWidth>184</thumbWidth>
          <thumbHeight>104</thumbHeight>
          <thumbPosX>10</thumbPosX>
          <thumbPosY>5</thumbPosY>
          <!-- Large Thumbnails -->
          <itemWidthBig>310</itemWidthBig>
          <itemHeightBig>190</itemHeightBig>
          <textureWidthBig>311</textureWidthBig>
          <textureHeightBig>174</textureHeightBig>
          <thumbWidthBig>289</thumbWidthBig>
          <thumbHeightBig>163</thumbHeightBig>
          <thumbPosXBig>10</thumbPosXBig>
          <thumbPosYBig>5</thumbPosYBig>
          <thumbZoom>no</thumbZoom>
          <enableFocusZoom>no</enableFocusZoom>
          <!-- Spin Controls (PageUp/PageDn)-->
          <spinPosX>1175</spinPosX>
          <spinPosY>681</spinPosY>
          <spinAlign>Right</spinAlign>
          <spinColor>ff006698</spinColor>
          <spinWidth>50</spinWidth>
          <spinHeight>37</spinHeight>
          <textureUp>arrow_round_up_nofocus.png</textureUp>
          <textureDown>arrow_round_down_nofocus.png</textureDown>
          <textureUpFocus>arrow_round_up_focus.png</textureUpFocus>
          <textureDownFocus>arrow_round_down_focus.png</textureDownFocus>
        </control>
        <control>
          <description>Filmstrip view</description>
          <type>filmstrip</type>
          <id>50</id>
          <onup>2</onup>
          <onleft>50</onleft>
          <posX>40</posX>
          <posY>345</posY>
          <width>1200</width>
          <scrollOffset>2</scrollOffset>
          <itemWidth>240</itemWidth>
          <itemHeight>215</itemHeight>
          <textureWidth>200</textureWidth>
          <textureHeight>158</textureHeight>
          <thumbWidth>220</thumbWidth>
          <thumbHeight>124</thumbHeight>
          <thumbPosX>10</thumbPosX>
          <thumbPosY>5</thumbPosY>
          <thumbs flipY="true" diffuse="diffusemirrorwide.png">
          </thumbs>
          <InfoImage flipY="true" diffuse="diffusemirrorwide.png">
          </InfoImage>
          <imageFolder>-</imageFolder>
          <imageFolderFocus>thumbborder.png</imageFolderFocus>
          <imageFolderFocus>-</imageFolderFocus>
          <frame>-</frame>
          <frameFocus>-</frameFocus>
          <showFrame>no</showFrame>
          <showFolder>yes</showFolder>
          <showBackGround>no</showBackGround>
          <showInfoImage>no</showInfoImage>
          <spinPosX>565</spinPosX>
          <spinPosY>685</spinPosY>
          <spinAlign>center</spinAlign>
          <spinColor>ff006698</spinColor>
          <spinWidth>50</spinWidth>
          <spinHeight>37</spinHeight>
          <textureUp>arrow_round_right_nofocus.png</textureUp>
          <textureDown>arrow_round_left_nofocus.png</textureDown>
          <textureUpFocus>arrow_round_right_focus.png</textureUpFocus>
          <textureDownFocus>arrow_round_left_focus.png</textureDownFocus>
          <thumbAnimation effect="zoom" start="100,100" end="160,160" time="700" tween="circle" ease="inout">focus</thumbAnimation>
          <thumbAnimation effect="zoom" start="150,150" end="100,100" time="900" tween="back" ease="inout">unfocus</thumbAnimation>
        </control>
      </control>
    </control>
  </controls>
</window>
<!--Checksum:22ca00a90bd6dfdf113049e34c7237b9-->