﻿<?xml version="1.0" encoding="utf-8" standalone="yes"?>
<window>
  <id>7984</id>
  <defaultcontrol>2</defaultcontrol>
  <allowoverlay>no</allowoverlay>
  <define>#header.label:Update Control</define>
  <define>#header.hover:hover_UpdateControl.png</define>
  <define>#header.BG.colordiffuse:ffffffff</define>
  <define>#header.BG.overlay:mainoverlay.png</define>
  <controls>
    <import>common.window.default.xml</import>
    <import>common.time.xml</import>
    <import>common.overlays.xml</import>
		<control>
			<type>image</type>
			<id>0</id>
			<posX>266</posX>
			<posY>675</posY>
			<width>1280</width>
			<height>47</height>
			<texture>imagestreamtitle.png</texture>
		</control>
    <import>UpdateControl.Menu.xml</import>
    <import>UpdateControl.Info.xml</import>
    <import>UpdateControl.List.xml</import>
		<control>
      <description>Update Action</description>
      <type>fadelabel</type>
      <id>1</id>
      <posX>300</posX>
      <posY>684</posY>
      <width>600</width>
      <label>#UpdateControl.Action</label>
      <font>mediastream16tc</font>
      <textcolor>White</textcolor>
      <visible>true</visible>
      <animation effect="fade" time="500">WindowOpen</animation>
      <animation effect="fade" time="500">WindowClose</animation>
    </control>
    <!-- need a IsDownloading and IsInstalling property, both default to zero -->
		<control>
      <description>Update Action [Downloading]</description>
      <type>fadelabel</type>
      <id>1</id>
      <posX>300</posX>
      <posY>684</posY>
      <width>600</width>
      <label>#UpdateControl.Action [#UpdateControl.DownloadOverallProgress%]</label>
      <font>mediastream16tc</font>
      <textcolor>White</textcolor>
      <visible>!string.equals(#UpdateControl.DownloadOverallProgress,100)+[!string.equals(#UpdateControl.DownloadOverallProgress,0)|!string.equals(#UpdateControl.DownloadProgress,0)]</visible>
      <animation effect="fade" time="500">WindowOpen</animation>
      <animation effect="fade" time="500">WindowClose</animation>
    </control>
		<control>
      <description>Update Action [Installing]</description>
      <type>fadelabel</type>
      <id>1</id>
      <posX>300</posX>
      <posY>684</posY>
      <width>600</width>
      <label>#UpdateControl.Action [#UpdateControl.InstallOverallProgress%]</label>
      <font>mediastream16tc</font>
      <textcolor>White</textcolor>
      <visible>string.equals(#UpdateControl.DownloadOverallProgress,100)</visible>
      <animation effect="fade" time="500">WindowOpen</animation>
      <animation effect="fade" time="500">WindowClose</animation>
    </control>
  </controls>
</window>
<!--Checksum:9ce3929ba80e47913cb3531fa04b7bc1-->