﻿<?xml version="1.0" encoding="utf-8" standalone="yes"?>
<window>
  <controls>
    <control>
      <description>Title Shadow</description>
      <type>label</type>
      <id>0</id>
      <posX>281</posX>
      <posY>252</posY>
      <width>990</width>
      <font>mediastream16tc</font>
      <label>#selecteditem</label>
      <textcolor>ff222222</textcolor>
      <visible>string.equals(#UpdateControl.Action, )</visible>
      <animation effect="fade" time="500">WindowOpen</animation>
      <animation effect="fade" time="500">WindowClose</animation>
    </control>
    <control>
      <description>Title</description>
      <type>fadelabel</type>
      <id>0</id>
      <posX>280</posX>
      <posY>251</posY>
      <width>990</width>
      <font>mediastream16tc</font>
      <label>#selecteditem</label>
      <textcolor>ffFFFFFF</textcolor>
      <visible>string.equals(#UpdateControl.Action, )</visible>
      <animation effect="fade" time="500">WindowOpen</animation>
      <animation effect="fade" time="500">WindowClose</animation>
    </control>
    <control>
      <id>0</id>
      <description>Image Serverty</description>
      <type>image</type>
      <posX>280</posX>
      <posY>288</posY>
      <width>32</width>
      <height>32</height>
      <texture>#UpdateControl.UpdateSeverityImage</texture>
      <visible>string.equals(#UpdateControl.Action, )</visible>
      <animation effect="fade" time="500">WindowOpen</animation>
      <animation effect="fade" time="500">WindowClose</animation>
    </control>
    <control>
      <description>Update Date Shadow</description>
      <type>label</type>
      <id>0</id>
      <posX>321</posX>
      <posY>282</posY>
      <width>900</width>
      <font>mediastream12tc</font>
      <label>#UpdateControl.UpdateDate</label>
      <textcolor>ff222222</textcolor>
      <visible>string.equals(#UpdateControl.Action, )</visible>
      <animation effect="fade" time="500">WindowOpen</animation>
      <animation effect="fade" time="500">WindowClose</animation>
    </control>
    <control>
      <description>Update Date Title</description>
      <type>label</type>
      <id>0</id>
      <posX>320</posX>
      <posY>281</posY>
      <width>900</width>
      <font>mediastream12tc</font>
      <label>#UpdateControl.UpdateDate</label>
      <textcolor>ffFFFFFF</textcolor>
      <visible>string.equals(#UpdateControl.Action, )</visible>
      <animation effect="fade" time="500">WindowOpen</animation>
      <animation effect="fade" time="500">WindowClose</animation>
    </control>
    <control>
      <description>Update Info Shadow</description>
      <type>label</type>
      <id>0</id>
      <posX>321</posX>
      <posY>306</posY>
      <width>900</width>
      <font>mediastream12tc</font>
      <label>#UpdateControl.UpdateSeverity ~ #UpdateControl.UpdateSize</label>
      <textcolor>ff222222</textcolor>
      <visible>string.equals(#UpdateControl.Action, )+!string.equals(#UpdateControl.UpdateSize, )</visible>
      <animation effect="fade" time="500">WindowOpen</animation>
      <animation effect="fade" time="500">WindowClose</animation>
    </control>
    <control>
      <description>Update Info Title</description>
      <type>label</type>
      <id>0</id>
      <posX>320</posX>
      <posY>305</posY>
      <width>900</width>
      <font>mediastream12tc</font>
      <label>#UpdateControl.UpdateSeverity ~ #UpdateControl.UpdateSize</label>
      <textcolor>ffFFFFFF</textcolor>
      <visible>string.equals(#UpdateControl.Action, )+!string.equals(#UpdateControl.UpdateSize, )</visible>
      <animation effect="fade" time="500">WindowOpen</animation>
      <animation effect="fade" time="500">WindowClose</animation>
    </control>
    <control>
      <description>Update Describtion</description>
      <type>textboxscrollup</type>
      <id>0</id>
      <posX>280</posX>
      <posY>340</posY>
      <width>1000</width>
      <height>150</height>
      <align>left</align>
      <font>mediastream12</font>
      <label>#UpdateControl.UpdateDescription</label>
      <visible>string.equals(#UpdateControl.Action, )</visible>
      <animation effect="fade" time="500">WindowOpen</animation>
      <animation effect="fade" time="500">WindowClose</animation>
    </control>
  </controls>
</window>
<!--Checksum:642fce0976ee6e7bd15393c6cd64aa64-->