<profile>
	<version>2.0</version>
	<skin name="StreamedMP">
		<section name="StreamedMP Options">
			<entry name="menustyle">verticalStyle</entry>
			<entry name="weatherstyle">middle</entry>
			<entry name="menuitemFocus">FFFFFFFF</entry>
			<entry name="menuitemNoFocus">80C0C0C0</entry>
			<entry name="labelFont">mediastream16tc</entry>
			<entry name="selectedFont">mediastream28tc</entry>
			<entry name="menuType">Vertical</entry>
			<entry name="menuXPos">350</entry>
			<entry name="acceleration">-0.1</entry>
			<entry name="duration">600</entry>
			<entry name="dropShadow">true</entry>
			<entry name="enableRssfeed">true</entry>
			<entry name="enableTwitter">false</entry>
			<entry name="wrapString">true</entry>
			<entry name="weatherBGlink">false</entry>
			<entry name="fiveDayWeatherCheckBox">false</entry>
			<entry name="summaryWeatherCheckBox">true</entry>
			<entry name="cboClearCache">false</entry>
			<entry name="animatedWeather">false</entry>
			<entry name="horizontalContextLabels">true</entry>
			<entry name="fullWeatherSummaryBottom">false</entry>
			<entry name="fullWeatherSummaryMiddle">true</entry>
			<entry name="activeRssImageType">noimage</entry>
			<entry name="disableOnScreenClock">false</entry>
			<entry name="targetScreenRes">SD</entry>
			<entry name="hideFanartScrapingtext">false</entry>
			<entry name="enableOverlayFanart">false</entry>
			<entry name="animatedBackground">false</entry>
			<entry name="tvSeriesMostRecent">true</entry>
			<entry name="movPicsMostRecent">true</entry>
			<entry name="tvRecentDisplayType">summary</entry>
			<entry name="movPicsDisplayType">summary</entry>
			<entry name="mostRecentTVSeriesSummStyle">fanart</entry>
			<entry name="mostRecentMovPicsSummStyle">fanart</entry>
			<entry name="mostRecentCycleFanart">false</entry>
			<entry name="mrSeriesEpisodeFormat">false</entry>
			<entry name="mrTitleLast">true</entry>
			<entry name="mrEpisodeFont">mediastream10c</entry>
			<entry name="mrSeriesFont">mediastream10tc</entry>
			<entry name="settingOldStyleExitButtons">false</entry>
			<entry name="mrTVSeriesCycleFanart">false</entry>
			<entry name="mrMovPicsCycleFanart">false</entry>
			<entry name="mrMovieTitleFont">mediastream10tc</entry>
			<entry name="mrMovieDetailFont">mediastream10c</entry>
			<entry name="mrMovPicsHideRuntime">false</entry>
			<entry name="mrMovPicsHideCertification">false</entry>
			<entry name="mrMovPicsHideRating">false</entry>
			<entry name="mrMovPicsUseTextRating">false</entry>
			<entry name="mrMovPicsWatched">false</entry>
			<entry name="mrTVSeriesWatched">false</entry>
			<entry name="mrTVSeriesDisableFadeLabel">true</entry>
			<entry name="mrMovPicsDisableFadeLabel">true</entry>
			<entry name="mrRecordedTVEnabled">false</entry>
			<entry name="mrMusicEnabled">false</entry>
			<entry name="driveFreeSpaceList"></entry>
			<entry name="sleepControlEnabled">false</entry>
			<entry name="stocksControlEnabled">false</entry>
			<entry name="powerControlEnabled">false</entry>
			<entry name="htpcinfoControlEnabled">false</entry>
			<entry name="updateControlEnabled">false</entry>
			<entry name="myeMailManagerEnabled">false</entry>
			<entry name="disableExitMenu">false</entry>
			<entry name="contextLabelBelow">false</entry>
		</section>
		<!-- End Of Menu Options -->
		<section name="StreamedMP Menu Items">
			<entry name="count">10</entry>
			<!-- Menu Entry : 0 -->
			<entry name="menuitem0name">PICTURES</entry>
			<entry name="menuitem0label">VIEW YOUR</entry>
			<entry name="menuitem0folder">pictures</entry>
			<entry name="menuitem0fanartproperty">picture</entry>
			<entry name="menuitem0fanartSource">UserDef</entry>
			<entry name="menuitem0fanarthandlerenabled">False</entry>
			<entry name="menuitem0enablemusicnowplayingfanart">False</entry>
			<entry name="menuitem0hyperlink">2</entry>
			<entry name="menuitem0hyperlinkParameter">false</entry>
			<entry name="menuitem0hyperlinkParameterOption">false</entry>
			<entry name="menuitem0hyperlinkParameterSearch"></entry>
			<entry name="menuitem0hyperlinkParameterCategory"></entry>
			<entry name="menuitem0isdefault">False</entry>
			<entry name="menuitem0isweather">False</entry>
			<entry name="menuitem0id">1000</entry>
			<entry name="menuitem0xmlFileName">mypics</entry>
			<entry name="menuitem0buttonTexture">homebuttons\Black_pictures.png</entry>
			<entry name="menuitem0updatestatus">False</entry>
			<entry name="menuitem0defaultimage">SMPBackgrounds\pictures\default.jpg</entry>
			<entry name="menuitem0disableBGSharing">False</entry>
			<entry name="menuitem0showMostRecent">off</entry>
			<entry name="menuitem0submenu1">0</entry>
			<entry name="menuitem0submenu2">0</entry>
			<entry name="menuitem0subMenuLevel1ID">0</entry>
			<!-- Menu Entry : 1 -->
			<entry name="menuitem1name">MUSIC</entry>
			<entry name="menuitem1label">LISTEN TO</entry>
			<entry name="menuitem1folder">music</entry>
			<entry name="menuitem1fanartproperty">music</entry>
			<entry name="menuitem1fanartSource">Scraper</entry>
			<entry name="menuitem1fanarthandlerenabled">False</entry>
			<entry name="menuitem1enablemusicnowplayingfanart">False</entry>
			<entry name="menuitem1hyperlink">501</entry>
			<entry name="menuitem1hyperlinkParameter">false</entry>
			<entry name="menuitem1hyperlinkParameterOption">false</entry>
			<entry name="menuitem1hyperlinkParameterSearch"></entry>
			<entry name="menuitem1hyperlinkParameterCategory"></entry>
			<entry name="menuitem1isdefault">False</entry>
			<entry name="menuitem1isweather">False</entry>
			<entry name="menuitem1id">1001</entry>
			<entry name="menuitem1xmlFileName">mymusicsongs</entry>
			<entry name="menuitem1buttonTexture">homebuttons\Black_music.png</entry>
			<entry name="menuitem1updatestatus">False</entry>
			<entry name="menuitem1defaultimage">SMPBackgrounds\music\default.jpg</entry>
			<entry name="menuitem1disableBGSharing">False</entry>
			<entry name="menuitem1showMostRecent">music</entry>
			<entry name="menuitem1submenu1">0</entry>
			<entry name="menuitem1submenu2">0</entry>
			<entry name="menuitem1subMenuLevel1ID">0</entry>
			<!-- Menu Entry : 2 -->
			<entry name="menuitem2name">MOVIES</entry>
			<entry name="menuitem2label">WATCH YOUR</entry>
			<entry name="menuitem2folder">movies</entry>
			<entry name="menuitem2fanartproperty">movingpicture</entry>
			<entry name="menuitem2fanartSource">UserDef</entry>
			<entry name="menuitem2fanarthandlerenabled">False</entry>
			<entry name="menuitem2enablemusicnowplayingfanart">False</entry>
			<entry name="menuitem2hyperlink">96742</entry>
			<entry name="menuitem2hyperlinkParameter">false</entry>
			<entry name="menuitem2hyperlinkParameterOption">Locked</entry>
			<entry name="menuitem2hyperlinkParameterSearch"></entry>
			<entry name="menuitem2hyperlinkParameterCategory"></entry>
			<entry name="menuitem2isdefault">False</entry>
			<entry name="menuitem2isweather">False</entry>
			<entry name="menuitem2id">1002</entry>
			<entry name="menuitem2xmlFileName">MOVIES</entry>
			<entry name="menuitem2buttonTexture">homeButtons\Black_movies.png</entry>
			<entry name="menuitem2updatestatus">False</entry>
			<entry name="menuitem2defaultimage">SMPbackgrounds\movies\default.jpg</entry>
			<entry name="menuitem2disableBGSharing">False</entry>
			<entry name="menuitem2showMostRecent">movies</entry>
			<entry name="menuitem2submenu1">0</entry>
			<entry name="menuitem2submenu2">0</entry>
			<entry name="menuitem2subMenuLevel1ID">0</entry>
			<!-- Menu Entry : 3 -->
			<entry name="menuitem3name">SERIES</entry>
			<entry name="menuitem3label">WATCH YOUR</entry>
			<entry name="menuitem3folder">tv</entry>
			<entry name="menuitem3fanartproperty">tvseries</entry>
			<entry name="menuitem3fanartSource">UserDef</entry>
			<entry name="menuitem3fanarthandlerenabled">False</entry>
			<entry name="menuitem3enablemusicnowplayingfanart">False</entry>
			<entry name="menuitem3hyperlink">9811</entry>
			<entry name="menuitem3hyperlinkParameter">false</entry>
			<entry name="menuitem3hyperlinkParameterOption">false</entry>
			<entry name="menuitem3hyperlinkParameterSearch"></entry>
			<entry name="menuitem3hyperlinkParameterCategory"></entry>
			<entry name="menuitem3isdefault">True</entry>
			<entry name="menuitem3isweather">False</entry>
			<entry name="menuitem3id">1003</entry>
			<entry name="menuitem3xmlFileName">TVSeries</entry>
			<entry name="menuitem3buttonTexture">homebuttons\Black_tv-series.png</entry>
			<entry name="menuitem3updatestatus">False</entry>
			<entry name="menuitem3defaultimage">SMPBackgrounds\tv\default.jpg</entry>
			<entry name="menuitem3disableBGSharing">False</entry>
			<entry name="menuitem3showMostRecent">tvSeries</entry>
			<entry name="menuitem3submenu1">0</entry>
			<entry name="menuitem3submenu2">0</entry>
			<entry name="menuitem3subMenuLevel1ID">0</entry>
			<!-- Menu Entry : 4 -->
			<entry name="menuitem4name">TV</entry>
			<entry name="menuitem4label">WATCH</entry>
			<entry name="menuitem4folder">tv</entry>
			<entry name="menuitem4fanartproperty">tv</entry>
			<entry name="menuitem4fanartSource">UserDef</entry>
			<entry name="menuitem4fanarthandlerenabled">False</entry>
			<entry name="menuitem4enablemusicnowplayingfanart">False</entry>
			<entry name="menuitem4hyperlink">1</entry>
			<entry name="menuitem4hyperlinkParameter">false</entry>
			<entry name="menuitem4hyperlinkParameterOption">false</entry>
			<entry name="menuitem4hyperlinkParameterSearch"></entry>
			<entry name="menuitem4hyperlinkParameterCategory"></entry>
			<entry name="menuitem4isdefault">False</entry>
			<entry name="menuitem4isweather">False</entry>
			<entry name="menuitem4id">1004</entry>
			<entry name="menuitem4xmlFileName">4TR_Home</entry>
			<entry name="menuitem4buttonTexture">homebuttons\Black_tv.png</entry>
			<entry name="menuitem4updatestatus">False</entry>
			<entry name="menuitem4defaultimage">SMPBackgrounds\tv\default.jpg</entry>
			<entry name="menuitem4disableBGSharing">False</entry>
			<entry name="menuitem4showMostRecent">recordedTV</entry>
			<entry name="menuitem4submenu1">0</entry>
			<entry name="menuitem4submenu2">0</entry>
			<entry name="menuitem4subMenuLevel1ID">0</entry>
			<!-- Menu Entry : 5 -->
			<entry name="menuitem5name">TRAILERS</entry>
			<entry name="menuitem5label">WATCH</entry>
			<entry name="menuitem5folder">movies</entry>
			<entry name="menuitem5fanartproperty">movie</entry>
			<entry name="menuitem5fanartSource">Scraper</entry>
			<entry name="menuitem5fanarthandlerenabled">False</entry>
			<entry name="menuitem5enablemusicnowplayingfanart">False</entry>
			<entry name="menuitem5hyperlink">4755</entry>
			<entry name="menuitem5hyperlinkParameter">iTunes Movie Trailers</entry>
			<entry name="menuitem5hyperlinkParameterOption">Locked</entry>
			<entry name="menuitem5hyperlinkParameterSearch"></entry>
			<entry name="menuitem5hyperlinkParameterCategory"></entry>
			<entry name="menuitem5isdefault">False</entry>
			<entry name="menuitem5isweather">False</entry>
			<entry name="menuitem5id">1005</entry>
			<entry name="menuitem5xmlFileName">TRAILERS (ONLINE VIDEOS)</entry>
			<entry name="menuitem5buttonTexture">homeButtons\Black_trailers.png</entry>
			<entry name="menuitem5updatestatus">False</entry>
			<entry name="menuitem5defaultimage">SMPbackgrounds\movies\default.jpg</entry>
			<entry name="menuitem5disableBGSharing">False</entry>
			<entry name="menuitem5showMostRecent">off</entry>
			<entry name="menuitem5submenu1">0</entry>
			<entry name="menuitem5submenu2">0</entry>
			<entry name="menuitem5subMenuLevel1ID">0</entry>
			<!-- Menu Entry : 6 -->
			<entry name="menuitem6name">VIDEOS</entry>
			<entry name="menuitem6label">WATCH YOUR</entry>
			<entry name="menuitem6folder">movies</entry>
			<entry name="menuitem6fanartproperty">movie</entry>
			<entry name="menuitem6fanartSource">Scraper</entry>
			<entry name="menuitem6fanarthandlerenabled">False</entry>
			<entry name="menuitem6enablemusicnowplayingfanart">False</entry>
			<entry name="menuitem6hyperlink">6</entry>
			<entry name="menuitem6hyperlinkParameter">false</entry>
			<entry name="menuitem6hyperlinkParameterOption">Locked</entry>
			<entry name="menuitem6hyperlinkParameterSearch"></entry>
			<entry name="menuitem6hyperlinkParameterCategory"></entry>
			<entry name="menuitem6isdefault">False</entry>
			<entry name="menuitem6isweather">False</entry>
			<entry name="menuitem6id">1006</entry>
			<entry name="menuitem6xmlFileName">myvideo</entry>
			<entry name="menuitem6buttonTexture">homebuttons\Black_videos.png</entry>
			<entry name="menuitem6updatestatus">False</entry>
			<entry name="menuitem6defaultimage">SMPbackgrounds\movies\default.jpg</entry>
			<entry name="menuitem6disableBGSharing">False</entry>
			<entry name="menuitem6showMostRecent">off</entry>
			<entry name="menuitem6submenu1">0</entry>
			<entry name="menuitem6submenu2">0</entry>
			<entry name="menuitem6subMenuLevel1ID">0</entry>
			<!-- Menu Entry : 7 -->
			<entry name="menuitem7name">PLUGINS</entry>
			<entry name="menuitem7label">BROWSE YOUR</entry>
			<entry name="menuitem7folder">pluginsbg</entry>
			<entry name="menuitem7fanartproperty">plugins</entry>
			<entry name="menuitem7fanartSource">UserDef</entry>
			<entry name="menuitem7fanarthandlerenabled">False</entry>
			<entry name="menuitem7enablemusicnowplayingfanart">False</entry>
			<entry name="menuitem7hyperlink">34</entry>
			<entry name="menuitem7hyperlinkParameter">false</entry>
			<entry name="menuitem7hyperlinkParameterOption">false</entry>
			<entry name="menuitem7hyperlinkParameterSearch"></entry>
			<entry name="menuitem7hyperlinkParameterCategory"></entry>
			<entry name="menuitem7isdefault">False</entry>
			<entry name="menuitem7isweather">False</entry>
			<entry name="menuitem7id">1007</entry>
			<entry name="menuitem7xmlFileName">myHomePlugIns</entry>
			<entry name="menuitem7buttonTexture">homebuttons\Black_plugins.png</entry>
			<entry name="menuitem7updatestatus">False</entry>
			<entry name="menuitem7defaultimage">SMPBackgrounds\pluginsbg\default.jpg</entry>
			<entry name="menuitem7disableBGSharing">True</entry>
			<entry name="menuitem7showMostRecent">off</entry>
			<entry name="menuitem7submenu1">8</entry>
			<entry name="menuitem7submenu2">0</entry>
			<entry name="menuitem7subMenuLevel1ID">80000</entry>
			<!-- Menu Entry : 7 Sub Level 1 -->
			<entry name="submenu71subitem0displayName">ONLINEVIDEOS</entry>
			<entry name="submenu71subitem0baseDisplayName">WEBVIDEOS</entry>
			<entry name="submenu71subitem0xmlFileName">myonlinevideos</entry>
			<entry name="submenu71subitem0hyperlink">4755</entry>
			<entry name="submenu71subitem0hyperlinkParameter">false</entry>
			<entry name="submenu71subitem0hyperlinkParameterOption"></entry>
			<entry name="submenu71subitem0hyperlinkParameterSearch"></entry>
			<entry name="submenu71subitem0hyperlinkParameterCategory"></entry>
			<entry name="submenu71subitem0mrDisplay">off</entry>
			<entry name="submenu71subitem1displayName">TRAKT.TV</entry>
			<entry name="submenu71subitem1baseDisplayName">TRAKT</entry>
			<entry name="submenu71subitem1xmlFileName">Trakt</entry>
			<entry name="submenu71subitem1hyperlink">87258</entry>
			<entry name="submenu71subitem1hyperlinkParameter"></entry>
			<entry name="submenu71subitem1hyperlinkParameterOption"></entry>
			<entry name="submenu71subitem1hyperlinkParameterSearch"></entry>
			<entry name="submenu71subitem1hyperlinkParameterCategory"></entry>
			<entry name="submenu71subitem1mrDisplay">off</entry>
			<entry name="submenu71subitem2displayName">YOUTUBE</entry>
			<entry name="submenu71subitem2baseDisplayName">WEBVIDEOS</entry>
			<entry name="submenu71subitem2xmlFileName">myonlinevideos</entry>
			<entry name="submenu71subitem2hyperlink">4755</entry>
			<entry name="submenu71subitem2hyperlinkParameter">YouTube</entry>
			<entry name="submenu71subitem2hyperlinkParameterOption">Locked</entry>
			<entry name="submenu71subitem2hyperlinkParameterSearch"></entry>
			<entry name="submenu71subitem2hyperlinkParameterCategory"></entry>
			<entry name="submenu71subitem2mrDisplay">off</entry>
			<entry name="submenu71subitem3displayName">ITUNES TRAILERS</entry>
			<entry name="submenu71subitem3baseDisplayName">WEBVIDEOS</entry>
			<entry name="submenu71subitem3xmlFileName">myonlinevideos</entry>
			<entry name="submenu71subitem3hyperlink">4755</entry>
			<entry name="submenu71subitem3hyperlinkParameter">iTunes Movie Trailers</entry>
			<entry name="submenu71subitem3hyperlinkParameterOption">Locked</entry>
			<entry name="submenu71subitem3hyperlinkParameterSearch"></entry>
			<entry name="submenu71subitem3hyperlinkParameterCategory"></entry>
			<entry name="submenu71subitem3mrDisplay">off</entry>
			<entry name="submenu71subitem4displayName">IMDB TRAILERS</entry>
			<entry name="submenu71subitem4baseDisplayName">WEBVIDEOS</entry>
			<entry name="submenu71subitem4xmlFileName">myonlinevideos</entry>
			<entry name="submenu71subitem4hyperlink">4755</entry>
			<entry name="submenu71subitem4hyperlinkParameter">IMDb Movie Trailers</entry>
			<entry name="submenu71subitem4hyperlinkParameterOption">Locked</entry>
			<entry name="submenu71subitem4hyperlinkParameterSearch"></entry>
			<entry name="submenu71subitem4hyperlinkParameterCategory"></entry>
			<entry name="submenu71subitem4mrDisplay">off</entry>
			<entry name="submenu71subitem5displayName">SHOWTIMES</entry>
			<entry name="submenu71subitem5baseDisplayName">SHOWTIMES</entry>
			<entry name="submenu71subitem5xmlFileName">ShowTimesGUI</entry>
			<entry name="submenu71subitem5hyperlink">7111992</entry>
			<entry name="submenu71subitem5hyperlinkParameter"></entry>
			<entry name="submenu71subitem5hyperlinkParameterOption"></entry>
			<entry name="submenu71subitem5hyperlinkParameterSearch"></entry>
			<entry name="submenu71subitem5hyperlinkParameterCategory"></entry>
			<entry name="submenu71subitem5mrDisplay">off</entry>
			<entry name="submenu71subitem6displayName">EXTENSIONS</entry>
			<entry name="submenu71subitem6baseDisplayName">EXTENSIONS</entry>
			<entry name="submenu71subitem6xmlFileName">myextensions2</entry>
			<entry name="submenu71subitem6hyperlink">801</entry>
			<entry name="submenu71subitem6hyperlinkParameter"></entry>
			<entry name="submenu71subitem6hyperlinkParameterOption"></entry>
			<entry name="submenu71subitem6hyperlinkParameterSearch"></entry>
			<entry name="submenu71subitem6hyperlinkParameterCategory"></entry>
			<entry name="submenu71subitem6mrDisplay">off</entry>
			<entry name="submenu71subitem7displayName">EXPLORER</entry>
			<entry name="submenu71subitem7baseDisplayName">EXPLORER</entry>
			<entry name="submenu71subitem7xmlFileName">File Explorer_main</entry>
			<entry name="submenu71subitem7hyperlink">557311</entry>
			<entry name="submenu71subitem7hyperlinkParameter">false</entry>
			<entry name="submenu71subitem7hyperlinkParameterOption"></entry>
			<entry name="submenu71subitem7hyperlinkParameterSearch"></entry>
			<entry name="submenu71subitem7hyperlinkParameterCategory"></entry>
			<entry name="submenu71subitem7mrDisplay">off</entry>
			<!-- Menu Entry : 8 -->
			<entry name="menuitem8name">WEATHER</entry>
			<entry name="menuitem8label">CHECK THE</entry>
			<entry name="menuitem8folder">weatherbg</entry>
			<entry name="menuitem8fanartproperty"></entry>
			<entry name="menuitem8fanartSource">UserDef</entry>
			<entry name="menuitem8fanarthandlerenabled">False</entry>
			<entry name="menuitem8enablemusicnowplayingfanart">False</entry>
			<entry name="menuitem8hyperlink">7977</entry>
			<entry name="menuitem8hyperlinkParameter">false</entry>
			<entry name="menuitem8hyperlinkParameterOption">Locked</entry>
			<entry name="menuitem8hyperlinkParameterSearch"></entry>
			<entry name="menuitem8hyperlinkParameterCategory"></entry>
			<entry name="menuitem8isdefault">False</entry>
			<entry name="menuitem8isweather">True</entry>
			<entry name="menuitem8id">1008</entry>
			<entry name="menuitem8xmlFileName">worldweather</entry>
			<entry name="menuitem8buttonTexture">homeButtons\Black_weather.png</entry>
			<entry name="menuitem8updatestatus">False</entry>
			<entry name="menuitem8defaultimage">SMPbackgrounds\weatherbg\default.jpg</entry>
			<entry name="menuitem8disableBGSharing">False</entry>
			<entry name="menuitem8showMostRecent">off</entry>
			<entry name="menuitem8submenu1">0</entry>
			<entry name="menuitem8submenu2">0</entry>
			<entry name="menuitem8subMenuLevel1ID">0</entry>
			<!-- Menu Entry : 9 -->
			<entry name="menuitem9name">SETTINGS</entry>
			<entry name="menuitem9label">CONFIGURE</entry>
			<entry name="menuitem9folder">settings</entry>
			<entry name="menuitem9fanartproperty">-</entry>
			<entry name="menuitem9fanartSource">UserDef</entry>
			<entry name="menuitem9fanarthandlerenabled">False</entry>
			<entry name="menuitem9enablemusicnowplayingfanart">False</entry>
			<entry name="menuitem9hyperlink">4</entry>
			<entry name="menuitem9hyperlinkParameter">false</entry>
			<entry name="menuitem9hyperlinkParameterOption">false</entry>
			<entry name="menuitem9hyperlinkParameterSearch"></entry>
			<entry name="menuitem9hyperlinkParameterCategory"></entry>
			<entry name="menuitem9isdefault">False</entry>
			<entry name="menuitem9isweather">False</entry>
			<entry name="menuitem9id">1009</entry>
			<entry name="menuitem9xmlFileName">settings</entry>
			<entry name="menuitem9buttonTexture">homebuttons\Black_settings.png</entry>
			<entry name="menuitem9updatestatus">False</entry>
			<entry name="menuitem9defaultimage">SMPBackgrounds\settings\default.jpg</entry>
			<entry name="menuitem9disableBGSharing">False</entry>
			<entry name="menuitem9showMostRecent">off</entry>
			<entry name="menuitem9submenu1">0</entry>
			<entry name="menuitem9submenu2">0</entry>
			<entry name="menuitem9subMenuLevel1ID">0</entry>
		</section>
	</skin>
</profile>
