﻿<?xml version="1.0" encoding="utf-8"?>
<window>
  <controls>	
		!-- Video Resolutions / Aspect Ratio--&gt;
		
		<control><description>720p, 1080i, 1080p</description><type>image</type><id>9997</id><posX>190</posX><posY>650</posY><width>100</width><height>32</height><texture>Logos\MediaInfo\#StreamedMP.MediaInfo.Type\Video\#Play.Current.VideoResolution.png</texture></control><control><description>SD/HD Fullscreen/Widescreen</description><type>image</type><id>0</id><posX>190</posX><posY>650</posY><width>100</width><height>32</height><texture>Logos\MediaInfo\#StreamedMP.MediaInfo.Type\Video\#Play.Current.VideoResolution #Play.Current.AspectRatio.png</texture><visible>!Control.HasThumb(9997)</visible></control><!-- Video Codecs --><!-- H264 --><control><description>H264</description><type>image</type><id>0</id><posX>290</posX><posY>650</posY><width>100</width><height>32</height><texture>Logos\MediaInfo\#StreamedMP.MediaInfo.Type\Video\H264.png</texture><visible>string.equals(#Play.Current.VideoCodec,H264)|string.contains(#Play.Current.VideoCodec,AVC)</visible></control><!-- DIVX --><control><description>DIVX</description><type>image</type><id>0</id><posX>290</posX><posY>650</posY><width>100</width><height>32</height><texture>Logos\MediaInfo\#StreamedMP.MediaInfo.Type\Video\DIVX.png</texture><visible>string.starts(#Play.Current.VideoCodec,DIV)|string.starts(#Play.Current.VideoCodec,DX)</visible></control><!-- XVID --><control><description>XVID</description><type>image</type><id>0</id><posX>290</posX><posY>650</posY><width>100</width><height>32</height><texture>Logos\MediaInfo\#StreamedMP.MediaInfo.Type\Video\XVID.png</texture><visible>string.equals(#Play.Current.VideoCodec,XVID)</visible></control><!-- MPEG --><control><description>MP1V</description><type>image</type><id>0</id><posX>290</posX><posY>650</posY><width>100</width><height>32</height><texture>Logos\MediaInfo\#StreamedMP.MediaInfo.Type\Video\MP1V.png</texture><visible>string.equals(#Play.Current.VideoCodec,MP1V)|string.equals(#Play.Current.VideoCodec,MPEG-1V)</visible></control><!-- MPEG 2 --><control><description>MP2V</description><type>image</type><id>0</id><posX>290</posX><posY>650</posY><width>100</width><height>32</height><texture>Logos\MediaInfo\#StreamedMP.MediaInfo.Type\Video\MP2V.png</texture><visible>string.equals(#Play.Current.VideoCodec,MP2V)|string.equals(#Play.Current.VideoCodec,MPEG-2V)|string.contains(#Play.Current.VideoCodec,MPEG2)</visible></control><!-- MPEG 4 --><control><description>MP4V</description><type>image</type><id>0</id><posX>290</posX><posY>650</posY><width>100</width><height>32</height><texture>Logos\MediaInfo\#StreamedMP.MediaInfo.Type\Video\MPEG4.png</texture><visible>string.equals(#Play.Current.VideoCodec,MP4V)|string.equals(#Play.Current.VideoCodec,MPEG-4V)</visible></control><!-- WMV --><control><description>WMV</description><type>image</type><id>0</id><posX>290</posX><posY>650</posY><width>100</width><height>32</height><texture>Logos\MediaInfo\#StreamedMP.MediaInfo.Type\Video\WMV.png</texture><visible>string.contains(#Play.Current.VideoCodec,WMV)</visible></control><!-- REAL VIDEO --><control><description>Real Video</description><type>image</type><id>0</id><posX>290</posX><posY>650</posY><width>100</width><height>32</height><texture>Logos\MediaInfo\#StreamedMP.MediaInfo.Type\Video\REAL.png</texture><visible>string.contains(#Play.Current.VideoCodec,REAL)</visible></control><!-- FLASH VIDEO --><control><description>Flash Video</description><type>image</type><id>0</id><posX>290</posX><posY>650</posY><width>100</width><height>32</height><texture>Logos\MediaInfo\#StreamedMP.MediaInfo.Type\Video\FLASH.png</texture><visible>[string.contains(#Play.Current.VideoCodec,FLASH)|string.equals(#Play.Current.VideoCodec,FLV)]</visible></control><!-- VC-1 --><control><description>VC-1</description><type>image</type><id>0</id><posX>290</posX><posY>650</posY><width>100</width><height>32</height><texture flipY="true" diffuse="Thumb_Mask.png">Logos\MediaInfo\#StreamedMP.MediaInfo.Type\Video\VC-1.png</texture><visible>string.equals(#MovingPictures.LocalMedia.videocodec,VC-1)|string.contains(#MovingPictures.LocalMedia.videocodec,VC1)</visible></control><!-- Audio Channels / Codecs--><!-- Dolby Digital 5.1 --><control><description>DD 5.1</description><type>image</type><id>0</id><posX>390</posX><posY>650</posY><width>100</width><height>32</height><texture>Logos\MediaInfo\#StreamedMP.MediaInfo.Type\Audio\AC3 5.1.png</texture><visible>string.equals(#Play.Current.AudioCodec,AC3)+[string.equals(#Play.Current.AudioChannels,5.1)|string.equals(#Play.Current.AudioChannels,5)]</visible></control><!-- Dolby Digital Plus 5.1 --><!-- Note: can't use '+' sign in string functions --><!--<control>
		  <description>DD+ 5.1</description>
		  <type>image</type>
		  <id>0</id>
		  <posX>390</posX>
		  <posY>650</posY>
		  <width>100</width>
		  <height>32</height>
		  <texture>Logos\MediaInfo\#StreamedMP.MediaInfo.Type\Audio\DDPlus 51.png</texture>
		  <visible>string.equals(#Play.Current.AudioCodec,AC3+)+[string.equals(#Play.Current.AudioChannels,5.1)|string.equals(#Play.Current.AudioChannels,5)]</visible>
		</control>--><!-- Dolby Digital Plus 7.1 --><!--<control>
		  <description>DD+ 7.1</description>
		  <type>image</type>
		  <id>0</id>
		  <posX>390</posX>
		  <posY>650</posY>
		  <width>100</width>
		  <height>32</height>
		  <texture>Logos\MediaInfo\#StreamedMP.MediaInfo.Type\Audio\DDPlus 71.png</texture>
		  <visible>string.equals(#Play.Current.AudioCodec,AC3+)+[string.equals(#Play.Current.AudioChannels,8)|string.equals(#Play.Current.AudioChannels,7.1)]</visible>
		</control>--><!-- Dolby Digital 2.0 --><control><description>DD 2.0</description><type>image</type><id>0</id><posX>390</posX><posY>650</posY><width>100</width><height>32</height><texture>Logos\MediaInfo\#StreamedMP.MediaInfo.Type\Audio\AC3 Stereo.png</texture><visible>[string.equals(#Play.Current.AudioCodec,AC3)+string.equals(#Play.Current.AudioChannels,stereo)]</visible></control><!-- MP3 2.0 --><control><description>MP3 2.0</description><type>image</type><id>0</id><posX>390</posX><posY>650</posY><width>100</width><height>32</height><texture>Logos\MediaInfo\#StreamedMP.MediaInfo.Type\Audio\MP3 Stereo.png</texture><visible>[string.equals(#Play.Current.AudioCodec,MP3)|string.contains(#Play.Current.AudioCodec,MPEG-1 AUDIO LAYER 3)]+string.equals(#Play.Current.AudioChannels,stereo)</visible></control><!-- AAC 2.0 --><control><description>AAC 2.0</description><type>image</type><id>0</id><posX>390</posX><posY>650</posY><width>100</width><height>32</height><texture>Logos\MediaInfo\#StreamedMP.MediaInfo.Type\Audio\AAC Stereo.png</texture><visible>string.contains(#Play.Current.AudioCodec,AAC)+string.equals(#Play.Current.AudioChannels,stereo)</visible></control><!-- AAC 5.1 --><control><description>AAC 5.1</description><type>image</type><id>0</id><posX>390</posX><posY>650</posY><width>100</width><height>32</height><texture>Logos\MediaInfo\#StreamedMP.MediaInfo.Type\Audio\AAC 5.1.png</texture><visible>string.contains(#Play.Current.AudioCodec,AAC)+string.equals(#Play.Current.AudioChannels,5.1)</visible></control><!-- WMA --><control><description>WMA</description><type>image</type><id>0</id><posX>390</posX><posY>650</posY><width>100</width><height>32</height><texture>Logos\MediaInfo\#StreamedMP.MediaInfo.Type\Audio\WMA.png</texture><visible>string.contains(#Play.Current.AudioCodec,WMA)</visible></control><!-- Vorbis OGG --><control><description>VORBIS</description><type>image</type><id>0</id><posX>390</posX><posY>650</posY><width>100</width><height>32</height><texture>Logos\MediaInfo\#StreamedMP.MediaInfo.Type\Audio\VORBIS.png</texture><visible>[string.contains(#Play.Current.AudioCodec,VORBIS)|string.contains(#Play.Current.AudioCodec,OGG)]</visible></control><!-- FLAC 5.1 --><control><description>FLAC 5.1</description><type>image</type><id>0</id><posX>390</posX><posY>650</posY><width>100</width><height>32</height><texture>Logos\MediaInfo\#StreamedMP.MediaInfo.Type\Audio\FLAC 5.1.png</texture><visible>[string.contains(#Play.Current.AudioCodec,FLAC)+string.equals(#Play.Current.AudioChannels,5.1)]</visible></control><!-- FLAC --><control><description>FLAC</description><type>image</type><id>0</id><posX>390</posX><posY>650</posY><width>100</width><height>32</height><texture>Logos\MediaInfo\#StreamedMP.MediaInfo.Type\Audio\FLAC.png</texture><visible>[string.contains(#Play.Current.AudioCodec,FLAC)+!string.equals(#Play.Current.AudioChannels,5.1)]</visible></control><!-- DTS 2.0 --><control><description>DTS 2.0</description><type>image</type><id>0</id><posX>390</posX><posY>650</posY><width>100</width><height>32</height><texture>Logos\MediaInfo\#StreamedMP.MediaInfo.Type\Audio\DTS Stereo.png</texture><visible>[string.equals(#Play.Current.AudioCodec,DTS)+string.equals(#Play.Current.AudioChannels,stereo)]</visible></control><!-- DTS 5.1 --><control><description>DTS 5.1</description><type>image</type><id>0</id><posX>390</posX><posY>650</posY><width>100</width><height>32</height><texture>Logos\MediaInfo\#StreamedMP.MediaInfo.Type\Audio\DTS 5.1.png</texture><visible>[string.equals(#Play.Current.AudioCodec,DTS)+string.equals(#Play.Current.AudioChannels,5.1)]</visible></control><!-- DTS 6.1 --><control><description>DTS 6.1</description><type>image</type><id>0</id><posX>390</posX><posY>650</posY><width>100</width><height>32</height><texture>Logos\MediaInfo\#StreamedMP.MediaInfo.Type\Audio\DTS 7.png</texture><visible>[string.equals(#Play.Current.AudioCodec,DTS)+[string.equals(#Play.Current.AudioChannels,7)|string.equals(#Play.Current.AudioChannels,6.1)]]</visible></control><!-- DTS 7.1 --><control><description>DTS 7.1</description><type>image</type><id>0</id><posX>390</posX><posY>650</posY><width>100</width><height>32</height><texture>Logos\MediaInfo\#StreamedMP.MediaInfo.Type\Audio\DTS 7.1.png</texture><visible>[string.equals(#Play.Current.AudioCodec,DTS)+[string.equals(#Play.Current.AudioChannels,8)|string.equals(#Play.Current.AudioChannels,7.1)]]</visible></control><!-- DTS-HD 5.1 --><control><description>DTS-HD 5.1</description><type>image</type><id>0</id><posX>390</posX><posY>650</posY><width>100</width><height>32</height><texture>Logos\MediaInfo\#StreamedMP.MediaInfo.Type\Audio\DTSHD 5.1.png</texture><visible>[[string.equals(#Play.Current.AudioCodec,DTSHD)|string.equals(#Play.Current.AudioCodec,DTS-HD)]+string.equals(#Play.Current.AudioChannels,5.1)]</visible></control><!-- DTS-HD 6.1 --><control><description>DTS-HD 6.1</description><type>image</type><id>0</id><posX>390</posX><posY>650</posY><width>100</width><height>32</height><texture>Logos\MediaInfo\#StreamedMP.MediaInfo.Type\Audio\DTSHD 7.png</texture><visible>[[string.equals(#Play.Current.AudioCodec,DTSHD)|string.equals(#Play.Current.AudioCodec,DTS-HD)]+[string.equals(#Play.Current.AudioChannels,7)|string.equals(#Play.Current.AudioChannels,6.1)]]</visible></control><!-- DTS-HD 7.1 --><control><description>DTS-HD 7.1</description><type>image</type><id>0</id><posX>390</posX><posY>650</posY><width>100</width><height>32</height><texture>Logos\MediaInfo\#StreamedMP.MediaInfo.Type\Audio\DTSHD 7.1.png</texture><visible>[[string.equals(#Play.Current.AudioCodec,DTSHD)|string.equals(#Play.Current.AudioCodec,DTS-HD)]+[string.equals(#Play.Current.AudioChannels,8)|string.equals(#Play.Current.AudioChannels,7.1)]]</visible></control><!-- TrueHD 5.1 --><control><description>TrueHD 5.1</description><type>image</type><id>0</id><posX>390</posX><posY>650</posY><width>100</width><height>32</height><texture>Logos\MediaInfo\#StreamedMP.MediaInfo.Type\Audio\TrueHD 5.1.png</texture><visible>[string.equals(#Play.Current.AudioCodec,TrueHD)+string.equals(#Play.Current.AudioChannels,5.1)]</visible></control><!-- TrueHD 7.1 --><control><description>TrueHD 7.1</description><type>image</type><id>0</id><posX>390</posX><posY>650</posY><width>100</width><height>32</height><texture>Logos\MediaInfo\#StreamedMP.MediaInfo.Type\Audio\TrueHD 7.1.png</texture><visible>[string.equals(#Play.Current.AudioCodec,TrueHD)+[string.equals(#Play.Current.AudioChannels,8)|string.equals(#Play.Current.AudioChannels,7.1)]]</visible></control><!-- PCM --><control><description>PCM</description><type>image</type><id>0</id><posX>390</posX><posY>650</posY><width>100</width><height>32</height><texture>Logos\MediaInfo\#StreamedMP.MediaInfo.Type\Audio\PCM.png</texture><visible>string.equals(#Play.Current.AudioCodec,PCM)</visible></control><!-- MP2A --><control><description>MP2A</description><type>image</type><id>0</id><posX>390</posX><posY>650</posY><width>100</width><height>32</height><texture>Logos\MediaInfo\#StreamedMP.MediaInfo.Type\Audio\MP2A.png</texture><visible>string.equals(#Play.Current.AudioCodec,MP2A)|string.equals(#Play.Current.AudioCodec,MPA1L2)|string.equals(#Play.Current.AudioCodec,MPA2L2)|string.equals(#Play.Current.AudioCodec,MPEG-1 AUDIO LAYER 2)</visible></control><!-- REAL AUDIO --><control><description>Real Audio</description><type>image</type><id>0</id><posX>390</posX><posY>650</posY><width>100</width><height>32</height><texture>Logos\MediaInfo\#StreamedMP.MediaInfo.Type\Audio\REAL.png</texture><visible>string.contains(#Play.Current.AudioCodec,REAL)</visible></control><!-- Has Subtitles --><control><description>Subtitles</description><type>image</type><id>0</id><posX>490</posX><posY>650</posY><width>100</width><height>32</height><texture>Logos\MediaInfo\#StreamedMP.MediaInfo.Type\Misc\SUBTITLES.png</texture><visible>[string.equals(#Play.Current.HasSubtitles,true)|string.equals(#Play.Current.HasSubtitles,1)]</visible></control></controls>
</window>
<!--Checksum:e122dc7a13d254d45511a9ea158e4941-->