﻿<?xml version="1.0" encoding="utf-8"?>
<window>
  <controls>
    <!-- Video Resolutions / Aspect Ratio-->
    <control>
      <description>720p, 1080i, 1080p</description>
      <type>image</type>
      <id>9997</id>
      <posX>190</posX>
      <posY>650</posY>
      <width>100</width>
      <height>32</height>
      <texture>Logos\MediaInfo\#StreamedMP.MediaInfo.Type\Video\#Play.Current.VideoResolution.png</texture>
    </control>
    <control>
      <description>SD/HD Fullscreen/Widescreen</description>
      <type>image</type>
      <id>0</id>
      <posX>190</posX>
      <posY>650</posY>
      <width>100</width>
      <height>32</height>
      <texture>Logos\MediaInfo\#StreamedMP.MediaInfo.Type\Video\#Play.Current.VideoResolution #Play.Current.AspectRatio.png</texture>
      <visible>!Control.HasThumb(9997)</visible>
    </control>
    <!-- Video Codecs -->
    <control>
      <description>Video Codecs</description>
      <type>image</type>
      <id>0</id>
      <posX>290</posX>
      <posY>650</posY>
      <width>100</width>
      <height>32</height>
      <texture>Logos\MediaInfo\#StreamedMP.MediaInfo.Type\Video\#Play.Current.VideoCodec.Texture.png</texture>
    </control>
    <!-- Audio Channels / Codecs -->
    <control>
      <description>Audio Channels / Codecs</description>
      <type>image</type>
      <id>9998</id>
      <posX>390</posX>
      <posY>650</posY>
      <width>100</width>
      <height>32</height>
      <texture>Logos\MediaInfo\#StreamedMP.MediaInfo.Type\Audio\#Play.Current.AudioCodec.Texture #Play.Current.AudioChannels.png</texture>
    </control>
    <control>
      <description>Audio Codecs - Unknown number of channels</description>
      <type>image</type>
      <id>9998</id>
      <posX>390</posX>
      <posY>650</posY>
      <width>100</width>
      <height>32</height>
      <texture>Logos\MediaInfo\#StreamedMP.MediaInfo.Type\Audio\#Play.Current.AudioCodec.Texture.png</texture>
      <visible>!Control.HasThumb(9998)</visible>
    </control>
    <!-- Subtitles -->
    <control>
      <description>Subtitles</description>
      <type>image</type>
      <id>0</id>
      <posX>490</posX>
      <posY>650</posY>
      <width>100</width>
      <height>32</height>
      <texture>Logos\MediaInfo\#StreamedMP.MediaInfo.Type\Misc\Subtitles.png</texture>
      <visible>string.equals(#Play.Current.HasSubtitles,true)</visible>
    </control>
  </controls>
</window>
<!--Checksum:ec87f71c62ab29d48f7581aa916df930-->