<?xml version="1.0" encoding="utf-8" standalone="yes"?>
<!--version="1.0" encoding="utf-8" standalone="yes"-->
<window>
  <id>7977</id>
  <defaultcontrol>2</defaultcontrol>
  <allowoverlay>no</allowoverlay>
  <define>#header.hover:hover_my weather.png</define>
  <controls>
    <control>
      <description>weather background image</description>
      <type>image</type>
      <id>0</id>
      <posX>0</posX>
      <posY>0</posY>
      <width>1280</width>
      <height>720</height>
      <texture>#header.hover</texture>
      <animation effect="fade" time="400" delay="0">WindowOpen</animation>
    </control>
    <control>
      <description>weather background image infoservice</description>
      <type>image</type>
      <id>0</id>
      <posx>0</posx>
      <posy>0</posy>
      <width>1280</width>
      <height>720</height>
      <texture>SMPBackgrounds/linkedweather//#WorldWeather.TodayIconNumber.jpg</texture>
      <!-- <visible>string.equals(#WorldWeather.Action,Condition)</visible> -->
    </control>    

    <!--<control>
      <description>BUTTONS BG</description>
      <type>image</type>
      <id>0</id>
      <posX>240</posX>
      <posY>658</posY>
      <width>800</width>
      <height>30</height>
      <texture>buttonbar.png</texture>
      <animation effect="fade" time="200">WindowOpen</animation>
      <animation effect="fade" time="250">WindowClose</animation>
    </control>-->

    <control>
      <description>weather image overlay1</description>
      <type>image</type>
      <id>0</id>
      <posX>340</posX>
      <posY>50</posY>
      <width>900</width>
      <height>300</height>
      <texture>fullscreenbg2.png</texture>
      <colordiffuse>a0FFFFFF</colordiffuse>
      <visible>string.equals(#WorldWeather.Action,Condition)</visible>
    </control> 
    
    <control>
      <description>weather image overlay2</description>
      <type>image</type>
      <id>0</id>
      <posX>54</posX>
      <posY>330</posY>
      <width>1180</width>
      <height>320</height>
      <texture>subsearchbg.png</texture>
      <visible>string.equals(#WorldWeather.Action,Condition)</visible>
    </control>     
    
     <control>
      <description>weather image overlay2</description>
      <type>image</type>
      <id>0</id>
      <posX>50</posX>
      <posY>50</posY>
      <width>300</width>
      <height>300</height>
      <texture>boxwithborder.png</texture>
      <colordiffuse>a0FFFFFF</colordiffuse>
      <visible>string.equals(#WorldWeather.Action,Condition)</visible>
    </control>     

    <import>common.time.xml</import>
    <!-- *** Provider Info *** -->
    <!--<control>
      <description>Provider Info</description>
      <type>label</type>
      <id>0</id>
      <posX>100</posX>
      <posY>270</posY>
      <label>Weather data provided by</label>
      <font>font11</font>
      <textcolor>bba9d0f7</textcolor>
      <visible>string.equals(#WorldWeather.View,Condition)</visible>
			<animation effect="fade" time="250">WindowOpen</animation>
      <animation effect="fade" time="250">WindowClose</animation>
    </control>-->
    <control>
      <description>Provider Logo</description>
      <type>image</type>
      <id>0</id>
      <posX>150</posX>
      <posY>270</posY>
      <width>100</width>
			<height>70</height>
      <keepaspectratio>yes</keepaspectratio>
      <texture>#WorldWeather.ProviderImage</texture>
      <visible>string.equals(#WorldWeather.View,Condition)</visible>
			<animation effect="fade" time="250">WindowOpen</animation>
      <animation effect="fade" time="250">WindowClose</animation>
    </control>
    <!-- *** Buttons *** -->
    <control>
      <type>group</type>
      <description>group element</description>
      <posX>150</posX>
      <posY>660</posY>
      <layout>StackLayout(0,Horizontal)</layout>
      <animation effect="fade" time="250">WindowOpen</animation>
      <animation effect="fade" time="250">WindowClose</animation>
      <control Style="skinbutton">
        <description>Display</description>
        <type>button</type>
        <id>2</id>
        <width>320</width>
        <label>-</label>
				<font>mediastream10tc</font>
        <onup>19629001</onup>
      </control>
      <control Style="skinbutton">
        <description>Location</description>
        <type>button</type>
        <id>3</id>
        <width>320</width>
				<font>mediastream10tc</font>
        <label>-</label>
      </control>
      <control Style="skinbutton">
        <description>Refresh</description>
        <type>button</type>
        <id>4</id>
        <width>320</width>
				<font>mediastream10tc</font>
        <label>-</label>
      </control>
    </control>
    <!-- *** Location *** -->
    <control>
      <description>Location label</description>
      <type>label</type>
      <id>0</id>
      <posX>200</posX>
      <posY>100</posY>
      <label>8</label>
      <font>mediastream16c</font>
      <align>center</align>
      <textcolor>white</textcolor>
      <visible>string.equals(#WorldWeather.View,Condition)</visible>
			<animation effect="fade" time="250">WindowOpen</animation>
      <animation effect="fade" time="250">WindowClose</animation>
    </control>
    <control>
      <description>Location label</description>
      <type>label</type>
      <id>0</id>
      <posX>200</posX>
      <posY>190</posY>
      <label>#WorldWeather.Location</label>
      <font>mediastream14c</font>
      <align>center</align>
      <textcolor>white</textcolor>
      <visible>string.equals(#WorldWeather.View,Condition)</visible>
			<animation effect="fade" time="250">WindowOpen</animation>
      <animation effect="fade" time="250">WindowClose</animation>
    </control>
    <!-- *** Weather Icon *** -->
    <control>
      <description>Location label</description>
      <type>label</type>
      <id>0</id>
      <posX>1090</posX>
      <posY>85</posY>
      <width>200</width>
      <label>#(string.rtrim(L(143),':'))</label>
      <font>mediastream14c</font>
      <align>left</align>
      <textcolor>white</textcolor>
      <visible>string.equals(#WorldWeather.View,Condition)</visible>
			<animation effect="fade" time="250">WindowOpen</animation>
      <animation effect="fade" time="250">WindowClose</animation>
    </control>       
    <control>
      <description>current weather icon</description>
      <type>image</type>
      <id>0</id>
      <posX>1050</posX>
      <posY>130</posY>
      <height>187</height>
      <width>177</width>
      <texture>#WorldWeather.TodayIconImage</texture>
      <visible>string.equals(#WorldWeather.View,Condition)</visible>
			<animation effect="fade" time="250">WindowOpen</animation>
      <animation effect="fade" time="250">WindowClose</animation>
    </control>
    <!-- *** Temperature label *** -->
    <control>
      <description>Current Temp static label</description>
      <type>label</type>
      <id>0</id>
      <posX>372</posX>
      <posY>99</posY>
      <label>#(L(1954))</label>
      <font>mediastream12c</font>
      <textcolor>bba9d0f7</textcolor>
      <visible>string.equals(#WorldWeather.View,Condition)</visible>
			<animation effect="fade" time="250">WindowOpen</animation>
      <animation effect="fade" time="250">WindowClose</animation>
    </control>
    <control>
      <description>current temp label</description>
      <type>label</type>
      <id>0</id>
      <posX>650</posX>
      <posY>99</posY>
      <label>#WorldWeather.TodayTemperature</label>
      <font>mediastream12c</font>
      <visible>string.equals(#WorldWeather.View,Condition)</visible>
			<animation effect="fade" time="250">WindowOpen</animation>
      <animation effect="fade" time="250">WindowClose</animation>
    </control>
    <control>
      <description>divider horizontal</description>
      <type>image</type>
      <id>0</id>
      <posX>372</posX>
      <posY>127</posY>
      <width>650</width>
      <height>0</height>
      <texture>hbar1white.png</texture>
      <colordiffuse>40ffffff</colordiffuse>
      <visible>string.equals(#WorldWeather.View,Condition)</visible>
			<animation effect="fade" time="250">WindowOpen</animation>
      <animation effect="fade" time="250">WindowClose</animation>
    </control>
    <!-- *** Current condition label *** -->
    <control>
      <description>current condition static label</description>
      <type>label</type>
      <id>0</id>
      <posX>372</posX>
      <posY>130</posY>
      <label>#(L(128))</label>
      <font>mediastream12c</font>
      <textcolor>bba9d0f7</textcolor>
      <visible>string.equals(#WorldWeather.View,Condition)</visible>
			<animation effect="fade" time="250">WindowOpen</animation>
      <animation effect="fade" time="250">WindowClose</animation>
    </control>
    <control>
      <description>current feels like label</description>
      <type>label</type>
      <id>0</id>
      <posX>650</posX>
      <posY>130</posY>
      <label>#WorldWeather.TodayCondition</label>
      <font>mediastream12c</font>
      <visible>string.equals(#WorldWeather.View,Condition)</visible>
			<animation effect="fade" time="250">WindowOpen</animation>
      <animation effect="fade" time="250">WindowClose</animation>
    </control>
    <control>
      <description>divider horizontal</description>
      <type>image</type>
      <id>0</id>
      <posX>372</posX>
      <posY>159</posY>
      <width>650</width>
      <height>0</height>
      <texture>hbar1white.png</texture>
      <colordiffuse>40ffffff</colordiffuse>
      <visible>string.equals(#WorldWeather.View,Condition)</visible>
			<animation effect="fade" time="250">WindowOpen</animation>
      <animation effect="fade" time="250">WindowClose</animation>
    </control>
    <!-- *** Current wind label *** -->
    <control>
      <description>current wind static label</description>
      <type>label</type>
      <id>0</id>
      <posX>372</posX>
      <posY>161</posY>
      <label>#(L(383))</label>
      <font>mediastream12c</font>
      <textcolor>bba9d0f7</textcolor>
      <visible>string.equals(#WorldWeather.View,Condition)</visible>
			<animation effect="fade" time="250">WindowOpen</animation>
      <animation effect="fade" time="250">WindowClose</animation>
    </control>
    <control>
      <description>current wind label</description>
      <type>label</type>
      <id>0</id>
      <posX>650</posX>
      <posY>161</posY>
      <label>#WorldWeather.TodayWind</label>
      <font>mediastream12c</font>
      <visible>string.equals(#WorldWeather.View,Condition)</visible>
			<animation effect="fade" time="250">WindowOpen</animation>
      <animation effect="fade" time="250">WindowClose</animation>
    </control>
    <control>
      <description>divider horizontal</description>
      <type>image</type>
      <id>0</id>
      <posX>372</posX>
      <posY>189</posY>
      <width>650</width>
      <height>0</height>
      <texture>hbar1white.png</texture>
      <colordiffuse>40ffffff</colordiffuse>
      <visible>string.equals(#WorldWeather.View,Condition)</visible>
			<animation effect="fade" time="250">WindowOpen</animation>
      <animation effect="fade" time="250">WindowClose</animation>
    </control>
    <!-- *** Current humidity label *** -->
    <control>
      <description>current humidity static label</description>
      <type>label</type>
      <id>0</id>
      <posX>372</posX>
      <posY>192</posY>
      <label>#(L(406))</label>
      <font>mediastream12c</font>
      <textcolor>bba9d0f7</textcolor>
      <visible>string.equals(#WorldWeather.View,Condition)</visible>
			<animation effect="fade" time="250">WindowOpen</animation>
      <animation effect="fade" time="250">WindowClose</animation>
    </control>
    <control>
      <description>current humidity label</description>
      <type>label</type>
      <id>0</id>
      <posX>650</posX>
      <posY>192</posY>
      <label>#WorldWeather.TodayHumidity</label>
      <font>mediastream12c</font>
      <visible>string.equals(#WorldWeather.View,Condition)</visible>
			<animation effect="fade" time="250">WindowOpen</animation>
      <animation effect="fade" time="250">WindowClose</animation>
    </control>
    <control>
      <description>divider horizontal</description>
      <type>image</type>
      <id>0</id>
      <posX>372</posX>
      <posY>220</posY>
      <width>650</width>
      <height>0</height>
      <texture>hbar1white.png</texture>
      <colordiffuse>40ffffff</colordiffuse>
      <visible>string.equals(#WorldWeather.View,Condition)</visible>
			<animation effect="fade" time="250">WindowOpen</animation>
      <animation effect="fade" time="250">WindowClose</animation>
    </control>
    <!-- *** Current sunset label *** -->
    <control>
      <description>current sunset static label</description>
      <type>label</type>
      <id>0</id>
      <posX>372</posX>
      <posY>223</posY>
      <label>#(L(745))</label>
      <font>mediastream12c</font>
      <textcolor>bba9d0f7</textcolor>
      <visible>string.equals(#WorldWeather.View,Condition)</visible>
			<animation effect="fade" time="250">WindowOpen</animation>
      <animation effect="fade" time="250">WindowClose</animation>
    </control>
    <control>
      <description>current sunset label</description>
      <type>label</type>
      <id>0</id>
      <posX>650</posX>
      <posY>223</posY>
      <label>#WorldWeather.LocationSunsetTime</label>
      <font>mediastream12c</font>
      <visible>string.equals(#WorldWeather.View,Condition)</visible>
			<animation effect="fade" time="250">WindowOpen</animation>
      <animation effect="fade" time="250">WindowClose</animation>
    </control>
    <control>
      <description>divider horizontal</description>
      <type>image</type>
      <id>0</id>
      <posX>372</posX>
      <posY>251</posY>
      <width>650</width>
      <height>0</height>
      <texture>hbar1white.png</texture>
      <colordiffuse>40ffffff</colordiffuse>
      <visible>string.equals(#WorldWeather.View,Condition)</visible>
			<animation effect="fade" time="250">WindowOpen</animation>
      <animation effect="fade" time="250">WindowClose</animation>
    </control>
    <!-- *** Current sunrise label *** -->
    <control>
      <description>current sunrise static label</description>
      <type>label</type>
      <id>0</id>
      <posX>372</posX>
      <posY>254</posY>
      <label>#(L(744))</label>
      <font>mediastream12c</font>
      <textcolor>bba9d0f7</textcolor>
      <visible>string.equals(#WorldWeather.View,Condition)</visible>
			<animation effect="fade" time="250">WindowOpen</animation>
      <animation effect="fade" time="250">WindowClose</animation>
    </control>
    <control>
      <description>current sunrise label</description>
      <type>label</type>
      <id>0</id>
      <posX>650</posX>
      <posY>254</posY>
      <label>#WorldWeather.LocationSunriseTime</label>
      <font>mediastream12c</font>
      <visible>string.equals(#WorldWeather.View,Condition)</visible>
			<animation effect="fade" time="250">WindowOpen</animation>
      <animation effect="fade" time="250">WindowClose</animation>
    </control>
    <control>
      <description>divider horizontal</description>
      <type>image</type>
      <id>0</id>
      <posX>372</posX>
      <posY>281</posY>
      <width>650</width>
      <height>0</height>
      <texture>hbar1white.png</texture>
      <colordiffuse>40ffffff</colordiffuse>
      <visible>string.equals(#WorldWeather.View,Condition)</visible>
			<animation effect="fade" time="250">WindowOpen</animation>
      <animation effect="fade" time="250">WindowClose</animation>
    </control>
    <!-- *** Current moonphase label *** -->
    <control>
      <description>current moonphase static label</description>
      <type>label</type>
      <id>0</id>
      <posX>372</posX>
      <posY>284</posY>
      <label>Moonphase</label>
      <font>mediastream12c</font>
      <textcolor>bba9d0f7</textcolor>
      <visible>string.equals(#WorldWeather.View,Condition)</visible>
			<animation effect="fade" time="250">WindowOpen</animation>
      <animation effect="fade" time="250">WindowClose</animation>
    </control>
    <control>
      <description>current moonphase label</description>
      <type>label</type>
      <id>0</id>
      <posX>650</posX>
      <posY>284</posY>
      <label>#WorldWeather.LocationMoonPhase</label>
      <font>mediastream12c</font>
      <visible>string.equals(#WorldWeather.View,Condition)</visible>
			<animation effect="fade" time="250">WindowOpen</animation>
      <animation effect="fade" time="250">WindowClose</animation>
    </control>
    <!-- *** Forecast (Today) *** -->
    <control>
      <description>divider</description>
      <type>image</type>
      <id>1</id>
      <posX>73</posX>
      <posY>348</posY>
      <height>309</height>
      <width>0</width>
      <texture>slider_vertical.png</texture>
      <colordiffuse>20ffffff</colordiffuse>
      <visible>string.equals(#WorldWeather.View,Condition)</visible>
			<animation effect="fade" time="250">WindowOpen</animation>
      <animation effect="fade" time="250">WindowClose</animation>
    </control>
    <control>
      <description>Actual label</description>
      <type>button</type>
      <id>0</id>
      <posX>85</posX>
      <posY>346</posY>
      <align>center</align>
      <textalign>center</textalign>
      <textYOff>0</textYOff>
      <height>37</height>
      <width>206</width>
      <label>#(string.rtrim(L(143),':'))</label>
      <visible>string.equals(#WorldWeather.View,Condition)</visible>
			<animation effect="fade" time="250">WindowOpen</animation>
      <animation effect="fade" time="250">WindowClose</animation>
      <font>mediastream11c</font>
      <textureNoFocus>button_focus.png</textureNoFocus>
    </control>
    <control>
      <description>Actual Hi label</description>
      <type>label</type>
      <id>0</id>
      <align>center</align>
      <width>206</width>
      <posX>85</posX>
      <posY>420</posY>
      <label>#WorldWeather.TodayTemperature</label>
      <visible>string.equals(#WorldWeather.View,Condition)</visible>
      <font>mediastream28tc</font>
      <textcolor>white</textcolor>
			<animation effect="fade" time="250">WindowOpen</animation>
      <animation effect="fade" time="250">WindowClose</animation>
    </control>
    <control>
      <description>Actual low label</description>
      <type>label</type>
      <id>0</id>
      <posX>85</posX>
      <posY>429</posY>
      <align>center</align>
      <width>206</width>
      <label>-</label>
      <font>mediastream12c</font>
      <textcolor>bba9d0f7</textcolor>
      <visible>string.equals(#WorldWeather.View,Condition)</visible>
			<animation effect="fade" time="250">WindowOpen</animation>
      <animation effect="fade" time="250">WindowClose</animation>
    </control>
    <control>
      <description>Actual general weather label</description>
      <type>label</type>
      <id>0</id>
      <posX>85</posX>
      <posY>618</posY>
      <align>center</align>
      <alignY>top</alignY>
      <width>206</width>
      <label>#WorldWeather.TodayCondition</label>
      <font>mediastream12c</font>
      <textcolor>bba9d0f7</textcolor>
      <visible>string.equals(#WorldWeather.View,Condition)</visible>
			<animation effect="fade" time="250">WindowOpen</animation>
      <animation effect="fade" time="250">WindowClose</animation>
    </control>
    <control>
      <description>Actual icon</description>
      <type>image</type>
      <id>0</id>
      <posX>115</posX>
      <posY>437</posY>
      <height>140</height>
      <width>140</width>
      <texture>#WorldWeather.TodayIconImage</texture>
      <visible>string.equals(#WorldWeather.View,Condition)</visible>
			<animation effect="fade" time="250">WindowOpen</animation>
      <animation effect="fade" time="250">WindowClose</animation>
    </control>
    <control>
      <description>divider</description>
      <type>image</type>
      <id>1</id>
      <posX>305</posX>
      <posY>348</posY>
      <height>309</height>
      <width>0</width>
      <texture>slider_vertical.png</texture>
      <colordiffuse>20ffffff</colordiffuse>
      <visible>string.equals(#WorldWeather.View,Condition)</visible>
			<animation effect="fade" time="250">WindowOpen</animation>
      <animation effect="fade" time="250">WindowClose</animation>
    </control>
    <control>
      <description>day 0 label</description>
      <type>label</type>
      <id>0</id>
      <posX>319</posX>
      <posY>346</posY>
      <align>center</align>
      <textalign>center</textalign>
      <textYOff>0</textYOff>
      <height>37</height>
      <width>206</width>
      <label>#WorldWeather.ForecastDay0Day, #WorldWeather.ForecastDay0Date</label>
      <font>mediastream11c</font>
      <textureNoFocus>button_focus.png</textureNoFocus>
      <visible>string.equals(#WorldWeather.View,Condition)</visible>
			<animation effect="fade" time="250">WindowOpen</animation>
      <animation effect="fade" time="250">WindowClose</animation>
    </control>
    <control>
      <description>day 0 Hi label</description>
      <type>label</type>
      <id>0</id>
      <align>center</align>
      <width>206</width>
      <posX>319</posX>
      <posY>404</posY>
      <label>#WorldWeather.ForecastDay0High</label>
      <font>mediastream12c</font>
      <textcolor>coral</textcolor>
      <visible>string.equals(#WorldWeather.View,Condition)</visible>
			<animation effect="fade" time="250">WindowOpen</animation>
      <animation effect="fade" time="250">WindowClose</animation>
    </control>
    <control>
      <description>day 0 low label</description>
      <type>label</type>
      <id>0</id>
      <posX>319</posX>
      <posY>429</posY>
      <align>center</align>
      <width>206</width>
      <label>#WorldWeather.ForecastDay0Low</label>
      <font>mediastream12c</font>
      <textcolor>bba9d0f7</textcolor>
      <visible>string.equals(#WorldWeather.View,Condition)</visible>
			<animation effect="fade" time="250">WindowOpen</animation>
      <animation effect="fade" time="250">WindowClose</animation>
    </control>
    <control>
      <description>day 0 general weather label</description>
      <type>label</type>
      <id>0</id>
      <posX>319</posX>
      <posY>618</posY>
      <align>center</align>
      <alignY>top</alignY>
      <width>206</width>
      <label>#WorldWeather.ForecastDay0Condition</label>
      <font>mediastream12c</font>
      <textcolor>bba9d0f7</textcolor>
      <visible>string.equals(#WorldWeather.View,Condition)</visible>
			<animation effect="fade" time="250">WindowOpen</animation>
      <animation effect="fade" time="250">WindowClose</animation>
    </control>
    <control>
      <description>day 0 icon</description>
      <type>image</type>
      <id>0</id>
      <posX>349</posX>
      <posY>437</posY>
      <height>140</height>
      <width>140</width>
      <texture>#WorldWeather.ForecastDay0IconImage</texture>
      <visible>string.equals(#WorldWeather.View,Condition)</visible>
			<animation effect="fade" time="250">WindowOpen</animation>
      <animation effect="fade" time="250">WindowClose</animation>
    </control>
    <control>
      <description>divider</description>
      <type>image</type>
      <id>1</id>
      <posX>539</posX>
      <posY>348</posY>
      <height>309</height>
      <width>0</width>
      <texture>slider_vertical.png</texture>
      <colordiffuse>20ffffff</colordiffuse>
      <visible>string.equals(#WorldWeather.View,Condition)</visible>
			<animation effect="fade" time="250">WindowOpen</animation>
      <animation effect="fade" time="250">WindowClose</animation>
    </control>
    <control>
      <description>day 1 label</description>
      <type>label</type>
      <id>51</id>
      <posX>553</posX>
      <posY>346</posY>
      <align>center</align>
      <textalign>center</textalign>
      <textYOff>0</textYOff>
      <height>37</height>
      <width>206</width>
      <label>#WorldWeather.ForecastDay1Day, #WorldWeather.ForecastDay1Date</label>
      <font>mediastream11c</font>
      <textureNoFocus>button_focus.png</textureNoFocus>
      <visible>string.equals(#WorldWeather.View,Condition)</visible>
			<animation effect="fade" time="250">WindowOpen</animation>
      <animation effect="fade" time="250">WindowClose</animation>
    </control>
    <control>
      <description>day 1 Hi label</description>
      <type>label</type>
      <id>52</id>
      <align>center</align>
      <width>206</width>
      <posX>553</posX>
      <posY>404</posY>
      <label>#WorldWeather.ForecastDay1High</label>
      <font>mediastream12c</font>
      <textcolor>coral</textcolor>
      <visible>string.equals(#WorldWeather.View,Condition)</visible>
			<animation effect="fade" time="250">WindowOpen</animation>
      <animation effect="fade" time="250">WindowClose</animation>
    </control>
    <control>
      <description>day 1 low label</description>
      <type>label</type>
      <id>53</id>
      <posX>553</posX>
      <posY>429</posY>
      <align>center</align>
      <width>206</width>
      <label>#WorldWeather.ForecastDay1Low</label>
      <font>mediastream12c</font>
      <textcolor>bba9d0f7</textcolor>
      <visible>string.equals(#WorldWeather.View,Condition)</visible>
			<animation effect="fade" time="250">WindowOpen</animation>
      <animation effect="fade" time="250">WindowClose</animation>
    </control>
    <control>
      <description>day 1 general weather label</description>
      <type>label</type>
      <id>54</id>
      <posX>553</posX>
      <posY>618</posY>
      <align>center</align>
      <alignY>top</alignY>
      <width>206</width>
      <label>#WorldWeather.ForecastDay1Condition</label>
      <font>mediastream12c</font>
      <textcolor>bba9d0f7</textcolor>
      <visible>string.equals(#WorldWeather.View,Condition)</visible>
			<animation effect="fade" time="250">WindowOpen</animation>
      <animation effect="fade" time="250">WindowClose</animation>
    </control>
    <control>
      <description>day 1 icon</description>
      <type>image</type>
      <id>55</id>
      <posX>583</posX>
      <posY>437</posY>
      <height>140</height>
      <width>140</width>
      <texture>#WorldWeather.ForecastDay1IconImage</texture>
      <visible>string.equals(#WorldWeather.View,Condition)</visible>
			<animation effect="fade" time="250">WindowOpen</animation>
      <animation effect="fade" time="250">WindowClose</animation>
    </control>
    <control>
      <description>divider</description>
      <type>image</type>
      <id>1</id>
      <posX>773</posX>
      <posY>348</posY>
      <height>309</height>
      <width>0</width>
      <texture>slider_vertical.png</texture>
      <colordiffuse>20ffffff</colordiffuse>
      <visible>string.equals(#WorldWeather.View,Condition)</visible>
			<animation effect="fade" time="250">WindowOpen</animation>
      <animation effect="fade" time="250">WindowClose</animation>
    </control>
    <control>
      <description>day 2 label</description>
      <type>label</type>
      <id>61</id>
      <posX>788</posX>
      <posY>346</posY>
      <align>center</align>
      <textalign>center</textalign>
      <textYOff>0</textYOff>
      <height>37</height>
      <width>206</width>
      <label>#WorldWeather.ForecastDay2Day, #WorldWeather.ForecastDay2Date</label>
      <font>mediastream11c</font>
      <textureNoFocus>button_focus.png</textureNoFocus>
      <visible>string.equals(#WorldWeather.View,Condition)</visible>
			<animation effect="fade" time="250">WindowOpen</animation>
      <animation effect="fade" time="250">WindowClose</animation>
    </control>
    <control>
      <description>day 2 Hi label</description>
      <type>label</type>
      <id>62</id>
      <align>center</align>
      <width>206</width>
      <posX>788</posX>
      <posY>404</posY>
      <label>#WorldWeather.ForecastDay2High</label>
      <font>mediastream12c</font>
      <textcolor>coral</textcolor>
      <visible>string.equals(#WorldWeather.View,Condition)</visible>
			<animation effect="fade" time="250">WindowOpen</animation>
      <animation effect="fade" time="250">WindowClose</animation>
    </control>
    <control>
      <description>day 2 low label</description>
      <type>label</type>
      <id>63</id>
      <posX>788</posX>
      <posY>429</posY>
      <align>center</align>
      <width>206</width>
      <label>#WorldWeather.ForecastDay2Low</label>
      <font>mediastream12c</font>
      <textcolor>bba9d0f7</textcolor>
      <visible>string.equals(#WorldWeather.View,Condition)</visible>
			<animation effect="fade" time="250">WindowOpen</animation>
      <animation effect="fade" time="250">WindowClose</animation>
    </control>
    <control>
      <description>day 2 general weather label</description>
      <type>label</type>
      <id>64</id>
      <posX>788</posX>
      <posY>618</posY>
      <align>center</align>
      <alignY>top</alignY>
      <width>206</width>
      <label>#WorldWeather.ForecastDay2Condition</label>
      <font>mediastream12c</font>
      <textcolor>bba9d0f7</textcolor>
      <visible>string.equals(#WorldWeather.View,Condition)</visible>
			<animation effect="fade" time="250">WindowOpen</animation>
      <animation effect="fade" time="250">WindowClose</animation>
    </control>
    <control>
      <description>day 2 icon</description>
      <type>image</type>
      <id>65</id>
      <posX>818</posX>
      <posY>437</posY>
      <height>140</height>
      <width>140</width>
      <texture>#WorldWeather.ForecastDay2IconImage</texture>
      <visible>string.equals(#WorldWeather.View,Condition)</visible>
			<animation effect="fade" time="250">WindowOpen</animation>
      <animation effect="fade" time="250">WindowClose</animation>
    </control>
    <control>
      <description>divider</description>
      <type>image</type>
      <id>1</id>
      <posX>1008</posX>
      <posY>348</posY>
      <height>309</height>
      <width>0</width>
      <texture>slider_vertical.png</texture>
      <colordiffuse>20ffffff</colordiffuse>
      <visible>string.equals(#WorldWeather.View,Condition)</visible>
			<animation effect="fade" time="250">WindowOpen</animation>
      <animation effect="fade" time="250">WindowClose</animation>
    </control>
    <control>
      <description>day 3 label</description>
      <type>label</type>
      <id>71</id>
      <posX>1022</posX>
      <posY>346</posY>
      <align>center</align>
      <textalign>center</textalign>
      <textYOff>0</textYOff>
      <height>37</height>
      <width>206</width>
      <label>#WorldWeather.ForecastDay3Day, #WorldWeather.ForecastDay3Date</label>
      <font>mediastream11c</font>
      <textureNoFocus>button_focus.png</textureNoFocus>
      <visible>string.equals(#WorldWeather.View,Condition)</visible>
			<animation effect="fade" time="250">WindowOpen</animation>
      <animation effect="fade" time="250">WindowClose</animation>
    </control>
    <control>
      <description>day 3 Hi label</description>
      <type>label</type>
      <id>72</id>
      <align>center</align>
      <width>206</width>
      <posX>1022</posX>
      <posY>404</posY>
      <label>#WorldWeather.ForecastDay3High</label>
      <font>mediastream12c</font>
      <textcolor>coral</textcolor>
      <visible>string.equals(#WorldWeather.View,Condition)</visible>
			<animation effect="fade" time="250">WindowOpen</animation>
      <animation effect="fade" time="250">WindowClose</animation>
    </control>
    <control>
      <description>day 3 low label</description>
      <type>label</type>
      <id>73</id>
      <posX>1022</posX>
      <posY>429</posY>
      <align>center</align>
      <width>206</width>
      <label>#WorldWeather.ForecastDay3Low</label>
      <font>mediastream12c</font>
      <textcolor>bba9d0f7</textcolor>
      <visible>string.equals(#WorldWeather.View,Condition)</visible>
			<animation effect="fade" time="250">WindowOpen</animation>
      <animation effect="fade" time="250">WindowClose</animation>
    </control>
    <control>
      <description>day 3 general weather label</description>
      <type>label</type>
      <id>74</id>
      <posX>1022</posX>
      <posY>618</posY>
      <align>center</align>
      <alignY>top</alignY>
      <width>206</width>
      <label>#WorldWeather.ForecastDay3Condition</label>
      <font>mediastream12c</font>
      <textcolor>bba9d0f7</textcolor>
      <visible>string.equals(#WorldWeather.View,Condition)</visible>
			<animation effect="fade" time="250">WindowOpen</animation>
      <animation effect="fade" time="250">WindowClose</animation>
    </control>
    <control>
      <description>day 3 icon</description>
      <type>image</type>
      <id>75</id>
      <posX>1052</posX>
      <posY>437</posY>
      <height>140</height>
      <width>140</width>
      <texture>#WorldWeather.ForecastDay3IconImage</texture>
      <visible>string.equals(#WorldWeather.View,Condition)</visible>
			<animation effect="fade" time="250">WindowOpen</animation>
      <animation effect="fade" time="250">WindowClose</animation>
    </control>
    <control>
      <description>divider</description>
      <type>image</type>
      <id>1</id>
      <posX>1242</posX>
      <posY>348</posY>
      <height>309</height>
      <width>0</width>
      <texture>slider_vertical.png</texture>
      <colordiffuse>20ffffff</colordiffuse>
      <visible>string.equals(#WorldWeather.View,Condition)</visible>
			<animation effect="fade" time="250">WindowOpen</animation>
      <animation effect="fade" time="250">WindowClose</animation>
    </control>
    <!-- *** Imports *** -->
    <import>WorldWeatherImage.xml</import>
    <import>WorldWeatherGeoClock.xml</import>
  </controls>
</window>
