﻿<?xml version="1.0" encoding="utf-8" standalone="yes"?>
<window>
  <allowoverlay>yes</allowoverlay>
  <controls>
    <!-- *** Starry Sky *** -->
    <control>
      <description>TV Frame</description>
      <type>image</type>
      <id>0</id>
      <posX>290</posX>
      <posY>40</posY>
      <width>690</width>
      <height>574</height>
      <texture>LCD.png</texture>
      <animation effect="fade" time="250">WindowOpen</animation>
      <animation effect="fade" time="250">WindowClose</animation>
      <visible>string.equals(#WorldWeather.View,StarrySky)</visible>
    </control>
    <control>
      <description>Starry Sky label</description>
      <type>label</type>
      <id>0</id>
      <posX>640</posX>
      <posY>593</posY>
      <label>#WorldWeather.TranslationStarrySky</label>
      <font>mediastream16tc</font>
      <align>center</align>
      <textcolor>white</textcolor>
      <visible>string.equals(#WorldWeather.View,StarrySky)</visible>
      <animation effect="fade" time="250">WindowOpen</animation>
      <animation effect="fade" time="250">WindowClose</animation>
    </control>
    <control>
      <description>Starry Sky image</description>
      <type>image</type>
      <id>0</id>
      <posX>385</posX>
      <posY>86</posY>
      <width>494</width>
      <height>479</height>
      <texture>#WorldWeather.ImageStarrySky</texture>
      <visible>string.equals(#WorldWeather.View,StarrySky)</visible>
      <animation effect="fade" time="250">WindowOpen</animation>
      <animation effect="fade" time="250">WindowClose</animation>
    </control>
  </controls>
</window>
<!--Checksum:d5955745a05277293a815a586ca467fc-->