﻿<?xml version="1.0" encoding="utf-8" standalone="yes"?>
<window>
  <id>7977</id>
  <defaultcontrol>2</defaultcontrol>
  <allowoverlay>no</allowoverlay>
  <define>#header.hover:hover_my weather.png</define>
  <controls>
    <control>
      <description>Weather Background</description>
      <type>image</type>
      <id>0</id>
      <posX>0</posX>
      <posY>0</posY>
      <width>1280</width>
      <height>720</height>
      <texture>#header.hover</texture>
    </control>
    <control>
      <description>Linked Weather Background</description>
      <type>image</type>
      <id>0</id>
      <posx>0</posx>
      <posy>0</posy>
      <width>1280</width>
      <height>720</height>
      <texture>SMPbackgrounds\linkedweather\#WorldWeather.TodayIconNumber.jpg</texture>
    </control>
    <control>
      <description>Weather Background Overlay</description>
      <type>image</type>
      <id>0</id>
      <posX>80</posX>
      <posY>70</posY>
      <width>520</width>
      <height>580</height>
      <texture>weatherframe2b.png</texture>
      <visible>string.equals(#WorldWeather.View,Condition)</visible>
      <animation effect="fade" time="300">WindowOpen</animation>
      <animation effect="fade" time="250">WindowClose</animation>
    </control>
    <control>
      <description>Weather Background Glass</description>
      <type>image</type>
      <id>0</id>
      <posX>80</posX>
      <posY>80</posY>
      <width>520</width>
      <height>110</height>
      <texture>GlassTitleBar.png</texture>
      <visible>string.equals(#WorldWeather.View,Condition)</visible>
      <animation effect="fade" time="300">WindowOpen</animation>
      <animation effect="fade" time="250">WindowClose</animation>
    </control>
    <control>
      <description>Current Label</description>
      <type>label</type>
      <id>0</id>
      <posX>80</posX>
      <posY>108</posY>
      <width>520</width>
      <align>center</align>
      <label>#WorldWeather.TranslationCurrentCondition</label>
      <font>mediastream16tc</font>
      <shadowAngle>45</shadowAngle>
      <shadowDistance>2</shadowDistance>
      <shadowColor>ff222222</shadowColor>
      <visible>string.equals(#WorldWeather.View,Condition)</visible>
      <animation effect="fade" time="250">WindowClose</animation>
      <animation effect="zoom" delay="20" tween="back" easing="out" start="55,55" end="100,100" center="640,310" time="550">WindowOpen</animation>
    </control>
    <control>
      <description>Weather Background</description>
      <type>image</type>
      <id>0</id>
      <posX>660</posX>
      <posY>70</posY>
      <width>520</width>
      <height>580</height>
      <texture>weatherframe2b.png</texture>
      <visible>string.equals(#WorldWeather.View,Condition)</visible>
      <animation effect="fade" time="300">WindowOpen</animation>
      <animation effect="fade" time="250">WindowClose</animation>
    </control>
    <control>
      <description>Weather Background Glass</description>
      <type>image</type>
      <id>0</id>
      <posX>660</posX>
      <posY>80</posY>
      <width>520</width>
      <height>110</height>
      <texture>GlassTitleBar.png</texture>
      <visible>string.equals(#WorldWeather.View,Condition)</visible>
      <animation effect="fade" time="300">WindowOpen</animation>
      <animation effect="fade" time="250">WindowClose</animation>
    </control>
    <control>
      <description>Forecast Label</description>
      <type>label</type>
      <id>0</id>
      <posX>660</posX>
      <posY>108</posY>
      <width>520</width>
      <align>center</align>
      <label>#WorldWeather.TranslationForecastCondition</label>
      <font>mediastream16tc</font>
      <shadowAngle>45</shadowAngle>
      <shadowDistance>2</shadowDistance>
      <shadowColor>ff222222</shadowColor>
      <visible>string.equals(#WorldWeather.View,Condition)</visible>
      <animation effect="fade" time="250">WindowClose</animation>
      <animation effect="zoom" delay="20" tween="back" easing="out" start="55,55" end="100,100" center="640,310" time="550">WindowOpen</animation>
    </control>
    <control>
      <description>Location Label</description>
      <type>label</type>
      <id>0</id>
      <posX>80</posX>
      <posY>160</posY>
      <width>520</width>
      <font>mediastream12tc</font>
      <label>#WorldWeather.Location</label>
      <textcolor>White</textcolor>
      <align>center</align>
      <shadowAngle>45</shadowAngle>
      <shadowDistance>2</shadowDistance>
      <shadowColor>ff222222</shadowColor>
      <visible>string.equals(#WorldWeather.View,Condition)</visible>
      <animation effect="fade" time="250">WindowClose</animation>
      <animation effect="zoom" delay="20" tween="back" easing="out" start="55,55" end="100,100" center="640,310" time="550">WindowOpen</animation>
    </control>
    <control>
      <description>Update Time</description>
      <type>label</type>
      <id>0</id>
      <posX>80</posX>
      <posY>180</posY>
      <width>520</width>
      <label>#(string.rtrim(L(397),':')) - #WorldWeather.RefreshDate #WorldWeather.RefreshTime</label>
      <font>mediastream11c</font>
      <textcolor>ff909090</textcolor>
      <align>center</align>
      <visible>string.equals(#WorldWeather.View,Condition)+!string.equals(#WorldWeather.RefreshDate,)</visible>
      <animation effect="fade" time="250">WindowClose</animation>
      <animation effect="zoom" delay="20" tween="back" easing="out" start="55,55" end="100,100" center="640,310" time="550">WindowOpen</animation>
    </control>
    <!-- ******************** Current Weather Information ***************************** -->
    <control>
      <description>Current Weather icon</description>
      <type>image</type>
      <id>0</id>
      <posX>310</posX>
      <posY>180</posY>
      <width>200</width>
      <height>190</height>
      <texture>#WorldWeather.TodayIconImage</texture>
      <visible>string.equals(#WorldWeather.View,Condition)</visible>
      <animation effect="fade" time="250">WindowClose</animation>
      <animation effect="zoom" delay="20" tween="back" easing="out" start="55,55" end="100,100" center="640,310" time="550">WindowOpen</animation>
    </control>
    <control>
      <description>Current Condition</description>
      <type>label</type>
      <id>0</id>
      <posX>80</posX>
      <posY>380</posY>
      <width>520</width>
      <label>#WorldWeather.TodayCondition</label>
      <align>center</align>
      <font>mediastream14tc</font>
      <textcolor>ffFFFFFF</textcolor>
      <visible>string.equals(#WorldWeather.View,Condition)</visible>
      <animation effect="fade" time="250">WindowClose</animation>
      <animation effect="zoom" delay="20" tween="back" easing="out" start="55,55" end="100,100" center="640,310" time="550">WindowOpen</animation>
    </control>
    <control>
      <description>Weather Logo</description>
      <type>image</type>
      <id>0</id>
      <posX>80</posX>
      <posY>400</posY>
      <width>520</width>
      <height>25</height>
      <align>center</align>
      <keepaspectratio>yes</keepaspectratio>
      <texture>#WorldWeather.ProviderImage</texture>
      <animation effect="fade" time="250">WindowClose</animation>
      <animation effect="zoom" delay="20" tween="back" easing="out" start="55,55" end="100,100" center="640,310" time="550">WindowOpen</animation>
    </control>
    <control>
      <description>Current Temp</description>
      <type>label</type>
      <id>0</id>
      <posX>150</posX>
      <posY>250</posY>
      <height>72</height>
      <align>left</align>
      <label>#WorldWeather.TodayTemperature</label>
      <font>mediastream28tc</font>
      <textcolor>White</textcolor>
      <visible>string.equals(#WorldWeather.View,Condition)</visible>
      <animation effect="fade" time="250">WindowClose</animation>
      <animation effect="zoom" delay="20" tween="back" easing="out" start="55,55" end="100,100" center="640,310" time="550">WindowOpen</animation>
    </control>
    <control>
      <description>Horizontal Separator</description>
      <type>image</type>
      <id>0</id>
      <posX>80</posX>
      <posY>430</posY>
      <width>520</width>
      <height>0</height>
      <texture>seperator.png</texture>
      <visible>string.equals(#WorldWeather.View,Condition)</visible>
      <animation effect="fade" time="250">WindowOpen</animation>
      <animation effect="fade" time="250">WindowClose</animation>
    </control>
    <control>
      <description>Current Weather Label Group</description>
      <type>group</type>
      <posX>150</posX>
      <posY>445</posY>
      <width>220</width>
      <dimColor>ffFFFFFF</dimColor>
      <layout>StackLayout(0, Vertical, true)</layout>
      <animation effect="fade" time="250">WindowClose</animation>
      <animation effect="zoom" delay="20" tween="back" easing="out" start="55,55" end="100,100" center="640,310" time="550">WindowOpen</animation>
      <control>
        <description>Current Humidity Label</description>
        <type>fadelabel</type>
        <id>0</id>
        <label>#WorldWeather.TranslationHumidity</label>
        <width>180</width>
        <height>25</height>
        <font>mediastream11c</font>
        <textcolor>ff909090</textcolor>
        <visible>string.equals(#WorldWeather.View,Condition)+!string.equals(#WorldWeather.TodayHumidity,)</visible>
      </control>
      <control>
        <description>Current Wind Label</description>
        <type>label</type>
        <id>0</id>
        <label>#WorldWeather.TranslationWind</label>
        <width>180</width>
        <height>25</height>
        <font>mediastream11c</font>
        <textcolor>ff909090</textcolor>
        <visible>string.equals(#WorldWeather.View,Condition)+!string.equals(#WorldWeather.TodayWind,)</visible>
      </control>
      <control>
        <description>Sun Rise Label</description>
        <type>label</type>
        <id>0</id>
        <label>#WorldWeather.TranslationSunrise</label>
        <width>180</width>
        <height>25</height>
        <font>mediastream11c</font>
        <textcolor>ff909090</textcolor>
        <visible>string.equals(#WorldWeather.View,Condition)+!string.equals(#WorldWeather.LocationSunriseTime,)</visible>
      </control>
      <control>
        <description>Sun Set Label</description>
        <type>label</type>
        <id>0</id>
        <label>#WorldWeather.TranslationSunset</label>
        <width>180</width>
        <height>25</height>
        <font>mediastream11c</font>
        <textcolor>ff909090</textcolor>
        <visible>string.equals(#WorldWeather.View,Condition)+!string.equals(#WorldWeather.LocationSunsetTime,)</visible>
      </control>
      <control>
        <description>Moonphase Label</description>
        <type>label</type>
        <id>0</id>
        <posX>150</posX>
        <posY>580</posY>
        <label>#WorldWeather.TranslationMoonPhase</label>
        <width>180</width>
        <height>25</height>
        <font>mediastream11c</font>
        <textcolor>ff909090</textcolor>
        <visible>string.equals(#WorldWeather.View,Condition)+!string.equals(#WorldWeather.LocationMoonPhase,)</visible>
      </control>
      <control>
        <description>Day Light End Label</description>
        <type>label</type>
        <id>0</id>
        <label>#WorldWeather.TranslationDaylight</label>
        <width>180</width>
        <height>25</height>
        <font>mediastream11c</font>
        <textcolor>ff909090</textcolor>
        <visible>string.equals(#WorldWeather.View,Condition)+!string.equals(#WorldWeather.LocationDaylightStart,)</visible>
      </control>
      <control>
        <description>Day Light Start Label</description>
        <type>label</type>
        <id>0</id>
        <label>#WorldWeather.TranslationNextDaylight</label>
        <width>180</width>
        <height>25</height>
        <font>mediastream11c</font>
        <textcolor>ff909090</textcolor>
        <visible>string.equals(#WorldWeather.View,Condition)+!string.equals(#WorldWeather.LocationDaylightEnd,)</visible>
      </control>
    </control>
    <control>
      <description>Current Weather Group</description>
      <type>group</type>
      <posX>350</posX>
      <posY>445</posY>
      <dimColor>ffFFFFFF</dimColor>
      <layout>StackLayout(0, Vertical, true)</layout>
      <animation effect="fade" time="250">WindowClose</animation>
      <animation effect="zoom" delay="20" tween="back" easing="out" start="55,55" end="100,100" center="640,310" time="550">WindowOpen</animation>
      <control>
        <description>Current Humidity</description>
        <type>fadelabel</type>
        <id>0</id>
        <label>#WorldWeather.TodayHumidity</label>
        <width>180</width>
        <height>25</height>
        <font>mediastream11c</font>
        <textcolor>white</textcolor>
        <visible>string.equals(#WorldWeather.View,Condition)+!string.equals(#WorldWeather.TodayHumidity,)</visible>
      </control>
      <control>
        <description>Current Wind</description>
        <type>fadelabel</type>
        <id>0</id>
        <label>#WorldWeather.TodayWind</label>
        <width>180</width>
        <height>25</height>
        <font>mediastream11c</font>
        <textcolor>white</textcolor>
        <scrollStartDelaySec>10</scrollStartDelaySec>
        <visible>string.equals(#WorldWeather.View,Condition)+!string.equals(#WorldWeather.TodayWind,)</visible>
      </control>
      <control>
        <description>Sun Rise</description>
        <type>label</type>
        <id>0</id>
        <label>#WorldWeather.LocationSunriseTime</label>
        <width>180</width>
        <height>25</height>
        <font>mediastream11c</font>
        <textcolor>white</textcolor>
        <visible>string.equals(#WorldWeather.View,Condition)+!string.equals(#WorldWeather.LocationSunriseTime,)</visible>
      </control>
      <control>
        <description>Sun Set</description>
        <type>label</type>
        <id>0</id>
        <label>#WorldWeather.LocationSunsetTime</label>
        <width>180</width>
        <height>25</height>
        <font>mediastream11c</font>
        <textcolor>white</textcolor>
        <visible>string.equals(#WorldWeather.View,Condition)+!string.equals(#WorldWeather.LocationSunsetTime,)</visible>
      </control>
      <control>
        <description>Moonphase</description>
        <type>fadelabel</type>
        <id>0</id>
        <posX>150</posX>
        <posY>580</posY>
        <label>#WorldWeather.LocationMoonPhase</label>
        <width>180</width>
        <height>25</height>
        <font>mediastream11c</font>
        <textcolor>white</textcolor>
        <scrollStartDelaySec>10</scrollStartDelaySec>
        <visible>string.equals(#WorldWeather.View,Condition)+!string.equals(#WorldWeather.LocationMoonPhase,)</visible>
      </control>
      <control>
        <description>Day Light Start</description>
        <type>fadelabel</type>
        <id>0</id>
        <label>#WorldWeather.LocationDaylightStart</label>
        <width>180</width>
        <height>25</height>
        <font>mediastream11c</font>
        <textcolor>white</textcolor>
        <visible>string.equals(#WorldWeather.View,Condition)+!string.equals(#WorldWeather.LocationDaylightStart,)</visible>
      </control>
      <control>
        <description>Day Light End</description>
        <type>fadelabel</type>
        <id>0</id>
        <label>#WorldWeather.LocationDaylightEnd</label>
        <width>180</width>
        <height>25</height>
        <font>mediastream11c</font>
        <textcolor>white</textcolor>
        <visible>string.equals(#WorldWeather.View,Condition)+!string.equals(#WorldWeather.LocationDaylightEnd,)</visible>
      </control>
    </control>
    <!-- ************************************************* Day 1 Weather ************************************************* -->
    <control>
      <description>DAY 1 LABEL</description>
      <type>label</type>
      <id>41</id>
      <posX>660</posX>
      <posY>156</posY>
      <width>520</width>
      <align>center</align>
      <label>#WorldWeather.ForecastDay0Day</label>
      <font>mediastream12tc</font>
      <textalign>center</textalign>
      <textcolor>white</textcolor>
      <visible>string.equals(#WorldWeather.View,Condition)</visible>
      <animation effect="fade" time="250">WindowClose</animation>
      <animation effect="zoom" delay="20" tween="back" easing="out" start="55,55" end="100,100" center="640,310" time="550">WindowOpen</animation>
    </control>
    <control>
      <description>DAY 1 ICON</description>
      <type>image</type>
      <id>45</id>
      <posX>1010</posX>
      <posY>150</posY>
      <width>95</width>
      <height>110</height>
      <texture>#WorldWeather.ForecastDay0IconImage</texture>
      <keepaspectratio>yes</keepaspectratio>
      <visible>string.equals(#WorldWeather.View,Condition)</visible>
      <animation effect="fade" time="250">WindowClose</animation>
      <animation effect="zoom" delay="20" tween="back" easing="out" start="55,55" end="100,100" center="640,310" time="550">WindowOpen</animation>
    </control>
    <control>
      <description>DAY 1 MAX LABEL</description>
      <type>label</type>
      <id>0</id>
      <posX>710</posX>
      <posY>185</posY>
      <label>MAX</label>
      <font>mediastream11c</font>
      <textcolor>ff909090</textcolor>
      <visible>string.equals(#WorldWeather.View,Condition)+!string.equals(#WorldWeather.ForecastDay0High,)</visible>
      <animation effect="fade" time="250">WindowClose</animation>
      <animation effect="zoom" delay="20" tween="back" easing="out" start="55,55" end="100,100" center="640,310" time="550">WindowOpen</animation>
    </control>
    <control>
      <description>DAY 1 MAX VALUE</description>
      <type>label</type>
      <id>42</id>
      <posX>810</posX>
      <posY>185</posY>
      <align>right</align>
      <label>#WorldWeather.ForecastDay0High</label>
      <font>mediastream11c</font>
      <textcolor>ffFFFFFF</textcolor>
      <visible>string.equals(#WorldWeather.View,Condition)</visible>
      <animation effect="fade" time="250">WindowClose</animation>
      <animation effect="zoom" delay="20" tween="back" easing="out" start="55,55" end="100,100" center="640,310" time="550">WindowOpen</animation>
    </control>
    <control>
      <description>DAY 1 MIN LABEL</description>
      <type>label</type>
      <id>0</id>
      <posX>850</posX>
      <posY>185</posY>
      <label>MIN</label>
      <font>mediastream11c</font>
      <textcolor>ff909090</textcolor>
      <visible>string.equals(#WorldWeather.View,Condition)+!string.equals(#WorldWeather.ForecastDay0Low,)</visible>
      <animation effect="fade" time="250">WindowClose</animation>
      <animation effect="zoom" delay="20" tween="back" easing="out" start="55,55" end="100,100" center="640,310" time="550">WindowOpen</animation>
    </control>
    <control>
      <description>DAY 1 MIN VALUE</description>
      <type>label</type>
      <id>43</id>
      <posX>950</posX>
      <posY>185</posY>
      <align>right</align>
      <label>#WorldWeather.ForecastDay0Low</label>
      <font>mediastream11c</font>
      <textcolor>White</textcolor>
      <visible>string.equals(#WorldWeather.View,Condition)</visible>
      <animation effect="fade" time="250">WindowClose</animation>
      <animation effect="zoom" delay="20" tween="back" easing="out" start="55,55" end="100,100" center="640,310" time="550">WindowOpen</animation>
    </control>
    <control>
      <description>DAY 1 GENERAL WEATHER</description>
      <type>label</type>
      <id>44</id>
      <posX>710</posX>
      <posY>210</posY>
      <label>#WorldWeather.ForecastDay0Condition</label>
      <font>mediastream10tc</font>
      <textcolor>White</textcolor>
      <visible>string.equals(#WorldWeather.View,Condition)</visible>
      <animation effect="fade" time="250">WindowClose</animation>
      <animation effect="zoom" delay="20" tween="back" easing="out" start="55,55" end="100,100" center="640,310" time="550">WindowOpen</animation>
    </control>
    <control>
      <description>horizontal separator</description>
      <type>image</type>
      <id>0</id>
      <posX>660</posX>
      <posY>255</posY>
      <width>520</width>
      <height>0</height>
      <texture>seperator.png</texture>
      <visible>string.equals(#WorldWeather.View,Condition)</visible>
      <animation effect="fade" time="250">WindowOpen</animation>
      <animation effect="fade" time="250">WindowClose</animation>
    </control>
    <!-- ************************************************* Day 2 Weather ************************************************* -->
    <control>
      <description>DAY 2 LABEL</description>
      <type>label</type>
      <id>51</id>
      <posX>660</posX>
      <posY>280</posY>
      <width>520</width>
      <align>center</align>
      <label>#WorldWeather.ForecastDay1Day</label>
      <font>mediastream12tc</font>
      <textalign>left</textalign>
      <textcolor>white</textcolor>
      <visible>string.equals(#WorldWeather.View,Condition)</visible>
      <animation effect="fade" time="250">WindowClose</animation>
      <animation effect="zoom" delay="20" tween="back" easing="out" start="55,55" end="100,100" center="640,310" time="550">WindowOpen</animation>
    </control>
    <control>
      <description>DAY 2 ICON</description>
      <type>image</type>
      <id>55</id>
      <posX>1010</posX>
      <posY>270</posY>
      <width>95</width>
      <height>110</height>
      <texture>#WorldWeather.ForecastDay1IconImage</texture>
      <keepaspectratio>yes</keepaspectratio>
      <visible>string.equals(#WorldWeather.View,Condition)</visible>
      <animation effect="fade" time="250">WindowClose</animation>
      <animation effect="zoom" delay="20" tween="back" easing="out" start="55,55" end="100,100" center="640,310" time="550">WindowOpen</animation>
    </control>
    <control>
      <description>DAY 2 MAX LABEL</description>
      <type>label</type>
      <id>0</id>
      <posX>710</posX>
      <posY>307</posY>
      <label>MAX</label>
      <font>mediastream11c</font>
      <textcolor>ff909090</textcolor>
      <visible>string.equals(#WorldWeather.View,Condition)+!string.equals(#WorldWeather.ForecastDay1High,)</visible>
      <animation effect="fade" time="250">WindowClose</animation>
      <animation effect="zoom" delay="20" tween="back" easing="out" start="55,55" end="100,100" center="640,310" time="550">WindowOpen</animation>
    </control>
    <control>
      <description>DAY 2 MAX VALUE</description>
      <type>label</type>
      <id>52</id>
      <posX>810</posX>
      <posY>307</posY>
      <align>right</align>
      <label>#WorldWeather.ForecastDay1High</label>
      <font>mediastream11c</font>
      <textcolor>ffFFFFFF</textcolor>
      <visible>string.equals(#WorldWeather.View,Condition)</visible>
      <animation effect="fade" time="250">WindowClose</animation>
      <animation effect="zoom" delay="20" tween="back" easing="out" start="55,55" end="100,100" center="640,310" time="550">WindowOpen</animation>
    </control>
    <control>
      <description>DAY 2 MIN LABEL</description>
      <type>label</type>
      <id>0</id>
      <posX>850</posX>
      <posY>307</posY>
      <label>MIN</label>
      <font>mediastream11c</font>
      <textcolor>ff909090</textcolor>
      <visible>string.equals(#WorldWeather.View,Condition)+!string.equals(#WorldWeather.ForecastDay1Low,)</visible>
      <animation effect="fade" time="250">WindowClose</animation>
      <animation effect="zoom" delay="20" tween="back" easing="out" start="55,55" end="100,100" center="640,310" time="550">WindowOpen</animation>
    </control>
    <control>
      <description>DAY 2 LOW VALUE</description>
      <type>label</type>
      <id>53</id>
      <posX>950</posX>
      <posY>307</posY>
      <align>right</align>
      <label>#WorldWeather.ForecastDay1Low</label>
      <font>mediastream11c</font>
      <textcolor>White</textcolor>
      <visible>string.equals(#WorldWeather.View,Condition)</visible>
      <animation effect="fade" time="250">WindowClose</animation>
      <animation effect="zoom" delay="20" tween="back" easing="out" start="55,55" end="100,100" center="640,310" time="550">WindowOpen</animation>
    </control>
    <control>
      <description>DAY 2 GENERAL WEATHER</description>
      <type>label</type>
      <id>54</id>
      <posX>710</posX>
      <posY>332</posY>
      <label>#WorldWeather.ForecastDay1Condition</label>
      <font>mediastream10tc</font>
      <textcolor>White</textcolor>
      <visible>string.equals(#WorldWeather.View,Condition)</visible>
      <animation effect="fade" time="250">WindowClose</animation>
      <animation effect="zoom" delay="20" tween="back" easing="out" start="55,55" end="100,100" center="640,310" time="550">WindowOpen</animation>
    </control>
    <control>
      <description>horizontal separator</description>
      <type>image</type>
      <id>0</id>
      <posX>660</posX>
      <posY>377</posY>
      <width>520</width>
      <height>0</height>
      <texture>seperator.png</texture>
      <visible>string.equals(#WorldWeather.View,Condition)</visible>
      <animation effect="fade" time="250">WindowOpen</animation>
      <animation effect="fade" time="250">WindowClose</animation>
    </control>
    <!-- ************************************************* Day 3 Weather ************************************************* -->
    <control>
      <description>DAY 3 LABEL</description>
      <type>label</type>
      <id>61</id>
      <posX>660</posX>
      <posY>402</posY>
      <width>520</width>
      <align>center</align>
      <label>#WorldWeather.ForecastDay2Day</label>
      <font>mediastream12tc</font>
      <textalign>left</textalign>
      <textcolor>white</textcolor>
      <visible>string.equals(#WorldWeather.View,Condition)</visible>
      <animation effect="fade" time="250">WindowClose</animation>
      <animation effect="zoom" delay="20" tween="back" easing="out" start="55,55" end="100,100" center="640,310" time="550">WindowOpen</animation>
    </control>
    <control>
      <description>DAY 3 ICON</description>
      <type>image</type>
      <id>65</id>
      <posX>1010</posX>
      <posY>395</posY>
      <width>95</width>
      <height>110</height>
      <texture>#WorldWeather.ForecastDay2IconImage</texture>
      <keepaspectratio>yes</keepaspectratio>
      <visible>string.equals(#WorldWeather.View,Condition)</visible>
      <animation effect="fade" time="250">WindowClose</animation>
      <animation effect="zoom" delay="20" tween="back" easing="out" start="55,55" end="100,100" center="640,310" time="550">WindowOpen</animation>
    </control>
    <control>
      <description>DAY 3 MAX LABEL</description>
      <type>label</type>
      <id>0</id>
      <posX>710</posX>
      <posY>432</posY>
      <label>MAX</label>
      <font>mediastream11c</font>
      <textcolor>ff909090</textcolor>
      <visible>string.equals(#WorldWeather.View,Condition)+!string.equals(#WorldWeather.ForecastDay2High,)</visible>
      <animation effect="fade" time="250">WindowClose</animation>
      <animation effect="zoom" delay="20" tween="back" easing="out" start="55,55" end="100,100" center="640,310" time="550">WindowOpen</animation>
    </control>
    <control>
      <description>DAY 3 MAX VALUE</description>
      <type>label</type>
      <id>62</id>
      <posX>810</posX>
      <posY>432</posY>
      <align>right</align>
      <label>#WorldWeather.ForecastDay2High</label>
      <font>mediastream11c</font>
      <textcolor>ffFFFFFF</textcolor>
      <visible>string.equals(#WorldWeather.View,Condition)</visible>
      <animation effect="fade" time="250">WindowClose</animation>
      <animation effect="zoom" delay="20" tween="back" easing="out" start="55,55" end="100,100" center="640,310" time="550">WindowOpen</animation>
    </control>
    <control>
      <description>DAY 3 MIN LABEL</description>
      <type>label</type>
      <id>0</id>
      <posX>850</posX>
      <posY>432</posY>
      <label>MIN</label>
      <font>mediastream11c</font>
      <textcolor>ff909090</textcolor>
      <visible>string.equals(#WorldWeather.View,Condition)+!string.equals(#WorldWeather.ForecastDay2Low,)</visible>
      <animation effect="fade" time="250">WindowClose</animation>
      <animation effect="zoom" delay="20" tween="back" easing="out" start="55,55" end="100,100" center="640,310" time="550">WindowOpen</animation>
    </control>
    <control>
      <description>DAY 3 MIN VALUE</description>
      <type>label</type>
      <id>63</id>
      <posX>950</posX>
      <posY>432</posY>
      <align>right</align>
      <label>#WorldWeather.ForecastDay2Low</label>
      <font>mediastream11c</font>
      <textcolor>White</textcolor>
      <visible>string.equals(#WorldWeather.View,Condition)</visible>
      <animation effect="fade" time="250">WindowClose</animation>
      <animation effect="zoom" delay="20" tween="back" easing="out" start="55,55" end="100,100" center="640,310" time="550">WindowOpen</animation>
    </control>
    <control>
      <description>DAY 3 GENERAL WEATHER</description>
      <type>label</type>
      <id>64</id>
      <posX>710</posX>
      <posY>457</posY>
      <label>#WorldWeather.ForecastDay2Condition</label>
      <font>mediastream10tc</font>
      <textcolor>White</textcolor>
      <visible>string.equals(#WorldWeather.View,Condition)</visible>
      <animation effect="fade" time="250">WindowClose</animation>
      <animation effect="zoom" delay="20" tween="back" easing="out" start="55,55" end="100,100" center="640,310" time="550">WindowOpen</animation>
    </control>
    <control>
      <description>horizontal separator</description>
      <type>image</type>
      <id>0</id>
      <posX>660</posX>
      <posY>502</posY>
      <width>520</width>
      <height>0</height>
      <texture>seperator.png</texture>
      <visible>string.equals(#WorldWeather.View,Condition)</visible>
      <animation effect="fade" time="250">WindowOpen</animation>
      <animation effect="fade" time="250">WindowClose</animation>
    </control>
    <!-- ************************************************* Day 4 Weather ************************************************* -->
    <control>
      <description>DAY 4 LABEL</description>
      <type>label</type>
      <id>71</id>
      <posX>660</posX>
      <posY>527</posY>
      <width>520</width>
      <align>center</align>
      <label>#WorldWeather.ForecastDay3Day</label>
      <font>mediastream12tc</font>
      <textalign>left</textalign>
      <textcolor>white</textcolor>
      <visible>string.equals(#WorldWeather.View,Condition)</visible>
      <animation effect="fade" time="250">WindowClose</animation>
      <animation effect="zoom" delay="20" tween="back" easing="out" start="55,55" end="100,100" center="640,310" time="550">WindowOpen</animation>
    </control>
    <control>
      <description>DAY 4 ICON</description>
      <type>image</type>
      <id>75</id>
      <posX>1010</posX>
      <posY>520</posY>
      <width>95</width>
      <height>110</height>
      <texture>#WorldWeather.ForecastDay3IconImage</texture>
      <keepaspectratio>yes</keepaspectratio>
      <visible>string.equals(#WorldWeather.View,Condition)</visible>
      <animation effect="fade" time="250">WindowClose</animation>
      <animation effect="zoom" delay="20" tween="back" easing="out" start="55,55" end="100,100" center="640,310" time="550">WindowOpen</animation>
    </control>
    <control>
      <description>DAY 4 MAX LABEL</description>
      <type>label</type>
      <id>0</id>
      <posX>710</posX>
      <posY>560</posY>
      <label>MAX</label>
      <font>mediastream11c</font>
      <textcolor>ff909090</textcolor>
      <visible>string.equals(#WorldWeather.View,Condition)+!string.equals(#WorldWeather.ForecastDay3High,)</visible>
      <animation effect="fade" time="250">WindowClose</animation>
      <animation effect="zoom" delay="20" tween="back" easing="out" start="55,55" end="100,100" center="640,310" time="550">WindowOpen</animation>
    </control>
    <control>
      <description>DAY 4 MAX VALUE</description>
      <type>label</type>
      <id>72</id>
      <posX>810</posX>
      <posY>560</posY>
      <align>right</align>
      <label>#WorldWeather.ForecastDay3High</label>
      <font>mediastream11c</font>
      <textcolor>ffFFFFFF</textcolor>
      <visible>string.equals(#WorldWeather.View,Condition)</visible>
      <animation effect="fade" time="250">WindowClose</animation>
      <animation effect="zoom" delay="20" tween="back" easing="out" start="55,55" end="100,100" center="640,310" time="550">WindowOpen</animation>
    </control>
    <control>
      <description>DAY 4 MIN LABEL</description>
      <type>label</type>
      <id>0</id>
      <posX>850</posX>
      <posY>560</posY>
      <label>MIN</label>
      <font>mediastream11c</font>
      <textcolor>ff909090</textcolor>
      <visible>string.equals(#WorldWeather.View,Condition)+!string.equals(#WorldWeather.ForecastDay3Low,)</visible>
      <animation effect="fade" time="250">WindowClose</animation>
      <animation effect="zoom" delay="20" tween="back" easing="out" start="55,55" end="100,100" center="640,310" time="550">WindowOpen</animation>
    </control>
    <control>
      <description>DAY 4 MIN VALUE</description>
      <type>label</type>
      <id>73</id>
      <posX>950</posX>
      <posY>560</posY>
      <align>right</align>
      <label>#WorldWeather.ForecastDay3Low</label>
      <font>mediastream11c</font>
      <textcolor>White</textcolor>
      <visible>string.equals(#WorldWeather.View,Condition)</visible>
      <animation effect="fade" time="250">WindowClose</animation>
      <animation effect="zoom" delay="20" tween="back" easing="out" start="55,55" end="100,100" center="640,310" time="550">WindowOpen</animation>
    </control>
    <control>
      <description>DAY 4 </description>
      <type>label</type>
      <id>74</id>
      <posX>710</posX>
      <posY>585</posY>
      <label>#WorldWeather.ForecastDay3Condition</label>
      <font>mediastream10tc</font>
      <textcolor>White</textcolor>
      <visible>string.equals(#WorldWeather.View,Condition)</visible>
      <animation effect="fade" time="250">WindowClose</animation>
      <animation effect="zoom" delay="20" tween="back" easing="out" start="55,55" end="100,100" center="640,310" time="550">WindowOpen</animation>
    </control>
    <control>
      <description>Button Group</description>
      <type>group</type>
      <posX>150</posX>
      <posY>660</posY>
      <layout>StackLayout(0,Horizontal)</layout>
      <animation effect="fade" time="250">WindowOpen</animation>
      <animation effect="fade" time="250">WindowClose</animation>
      <control Style="skinbutton">
        <description>Display</description>
        <type>button</type>
        <id>2</id>
        <width>320</width>
        <label>-</label>
        <font>mediastream10tc</font>
        <onup>19629001</onup>
      </control>
      <control Style="skinbutton">
        <description>Location</description>
        <type>button</type>
        <id>3</id>
        <width>320</width>
        <font>mediastream10tc</font>
        <label>-</label>
      </control>
      <control Style="skinbutton">
        <description>Refresh</description>
        <type>button</type>
        <id>4</id>
        <width>320</width>
        <font>mediastream10tc</font>
        <label>-</label>
      </control>
    </control>
    <import>common.time.xml</import>
    <import>WorldWeatherImage.xml</import>
    <import>WorldWeatherGeoClock.xml</import>
    <import>WorldWeatherStarrySky.xml</import>
  </controls>
</window>
<!--Checksum:fb5d27d000cee4f9dd5bfe2c9f1f3041-->