﻿<?xml version="1.0" encoding="utf-8" standalone="yes"?>
<window>
  <controls>
    <control>
      <type>image</type>
      <id>0</id>
      <posX>0</posX>
      <posY>675</posY>
      <width>1280</width>
      <height>47</height>
      <texture>imagestreamtitle.png</texture>
      <visible>true</visible>
      <animation effect="fade" time="250">WindowOpen</animation>
      <animation effect="fade" time="250">WindowClose</animation>
    </control>
    <!-- Facade Item Counts -->
    <control>
      <description>Item Count Background</description>
      <type>image</type>
      <id>0</id>
      <posX>1045</posX>
      <posY>13</posY>
      <width>222</width>
      <height>28</height>
      <texture>mediacountbg.png</texture>
      <animation effect="fade" time="250">WindowOpen</animation>
      <animation effect="fade" time="250">WindowClose</animation>
      <animation effect="slide" time="150" start="800,0">WindowOpen</animation>
      <animation effect="slide" time="250" end="800,0">WindowClose</animation>      
    </control>
    <control>
      <description>Item Count Label</description>
      <type>label</type>
      <label>507</label>
      <id>0</id>
      <width>135</width>
      <posX>1057</posX>
      <posY>17</posY>
      <align>left</align>
      <font>mediastream10tc</font>
      <textcolor>ff909090</textcolor>
      <animation effect="fade" time="250">WindowOpen</animation>
      <animation effect="fade" time="250">WindowClose</animation>
      <animation effect="slide" time="150" start="800,0">WindowOpen</animation>
      <animation effect="slide" time="250" end="800,0">WindowClose</animation>      
    </control>
    <control>
      <description>Item Count</description>
      <type>label</type>
      <label>#selectedindex/#itemcount</label>
      <id>0</id>
      <posX>1238</posX>
      <posY>15</posY>
      <font>mediastream11c</font>
      <textcolor>ff006698</textcolor>
      <align>right</align>
      <animation effect="fade" time="250">WindowOpen</animation>
      <animation effect="fade" time="250">WindowClose</animation>
      <animation effect="slide" time="150" start="800,0">WindowOpen</animation>
      <animation effect="slide" time="250" end="800,0">WindowClose</animation>      
    </control>
    <control>
      <description>Page Count Background</description>
      <type>image</type>
      <id>0</id>
      <posX>1013</posX>
      <posY>684</posY>
      <width>260</width>
      <height>30</height>
      <texture>mediacountbg_Spin.png</texture>
      <visible>facadeview.list|facadeview.album|facadeview.smallicons|facadeview.largeicons|facadeview.playlist</visible>
      <animation effect="fade" time="150">WindowOpen</animation>
      <animation effect="fade" time="250">WindowClose</animation>
      <animation effect="slide" time="150" start="800,0">WindowOpen</animation>
      <animation effect="slide" time="250" end="800,0">WindowClose</animation>
    </control>
    <control>
      <description>Page Count Label</description>
      <type>label</type>
      <label>30009</label>
      <id>0</id>
      <posX>1023</posX>
      <posY>688</posY>
      <font>mediastream12tc</font>
      <textcolor>ff909090</textcolor>
      <visible>facadeview.list|facadeview.album|facadeview.smallicons|facadeview.largeicons|facadeview.playlist</visible>
      <animation effect="fade" time="250">WindowOpen</animation>
      <animation effect="fade" time="250">WindowClose</animation>
      <animation effect="slide" time="150" start="800,0">WindowOpen</animation>
      <animation effect="slide" time="250" end="800,0">WindowClose</animation>
    </control>
    <control>
      <description>Selected item Label</description>
      <type>fadelabel</type>
      <id>1</id>
      <posX>25</posX>
      <posY>684</posY>
      <width>950</width>
      <font>mediastream16tc</font>
      <visible>!string.equals(#Youtube.fm.IsDownloading, true)+[facadeview.list|facadeview.album|facadeview.smallicons|facadeview.largeicons|facadeview.playlist]</visible>
      <label>#selecteditem</label>
      <animation effect="fade" time="150">WindowOpen</animation>
      <animation effect="fade" time="250">WindowClose</animation>
    </control>
    <control>
      <description>Progress Label</description>
      <type>fadelabel</type>
      <id>1</id>
      <posX>25</posX>
      <posY>684</posY>
      <width>950</width>
      <font>mediastream16tc</font>
      <shadowAngle>45</shadowAngle>
      <shadowDistance>3</shadowDistance>
      <shadowColor>ff111111</shadowColor>
      <label>#Youtube.fm.Download.Item #Youtube.fm.Download.Progress%</label>
      <visible>string.equals(#Youtube.fm.IsDownloading, true)+[facadeview.list|facadeview.album|facadeview.smallicons|facadeview.largeicons|facadeview.playlist]</visible>
      <animation effect="fade" time="300" delay="0">WindowOpen</animation>
      <animation effect="fade" time="230" delay="0">WindowClose</animation>
    </control>
    <control>
      <description>Selected item Label</description>
      <type>fadelabel</type>
      <id>1</id>
      <posX>0</posX>
      <posY>702</posY>
      <width>1280</width>
      <font>mediastream16tc</font>
      <visible>!string.equals(#Youtube.fm.IsDownloading, true)+![facadeview.list|facadeview.album|facadeview.smallicons|facadeview.largeicons|facadeview.playlist]</visible>
      <align>center</align>
      <label>#selecteditem</label>
      <animation effect="fade" time="150">WindowOpen</animation>
      <animation effect="fade" time="250">WindowClose</animation>
    </control>
    <control>
      <description>Selected item Label</description>
      <type>fadelabel</type>
      <id>1</id>
      <posX>0</posX>
      <posY>702</posY>
      <width>1280</width>
      <font>mediastream16tc</font>
      <visible>string.equals(#Youtube.fm.IsDownloading, true)+![facadeview.list|facadeview.album|facadeview.smallicons|facadeview.largeicons|facadeview.playlist]</visible>
      <align>center</align>
      <label>#Youtube.fm.Download.Item #Youtube.fm.Download.Progress%</label>
      <animation effect="fade" time="150">WindowOpen</animation>
      <animation effect="fade" time="250">WindowClose</animation>
    </control>
    <control>
      <description>group element</description>
      <type>group</type>
      <dimColor>00ffffff</dimColor>
      <animation effect="fade" time="250">WindowOpen</animation>
      <animation effect="fade" time="250">WindowClose</animation>
      <animation effect="slide" time="150" start="1200,0">WindowOpen</animation>
      <animation effect="slide" time="250" end="1200,0">WindowClose</animation>
      <control>
        <description>composite control consisting of a list control and a thumbnail panel</description>
        <type>facadeview</type>
        <id>50</id>
        <control>
          <description>listcontrol</description>
          <type>listcontrol</type>
          <id>50</id>
          <posX>620</posX>
          <posY>240</posY>
          <height>480</height>
          <width>660</width>
          <onleft>2</onleft>
          <onright>2</onright>
          <scrollOffset>5</scrollOffset>
          <explicitlyEnableScrollLabel>yes</explicitlyEnableScrollLabel>
          <PinIconWidth>15</PinIconWidth>
          <PinIconHeight>15</PinIconHeight>
          <PinIconXOff>57</PinIconXOff>
          <PinIconYOff>13</PinIconYOff>
          <itemWidth>32</itemWidth>
          <itemHeight>32</itemHeight>
          <IconXOff>12</IconXOff>
          <IconYOff>4</IconYOff>
          <textXOff>25</textXOff>
          <textYOff>5</textYOff>
          <textXOff2>0</textXOff2>
          <textYOff2>5</textYOff2>
          <font2>mediastream10</font2>
          <keepaspectratio>no</keepaspectratio>
          <spinPosX>1175</spinPosX>
          <spinPosY>681</spinPosY>
          <spinAlign>Right</spinAlign>
          <spinColor>ff006698</spinColor>
          <textureUp>arrow_round_up_nofocus.png</textureUp>
          <textureDown>arrow_round_down_nofocus.png</textureDown>
          <textureUpFocus>arrow_round_up_focus.png</textureUpFocus>
          <textureDownFocus>arrow_round_down_focus.png</textureDownFocus>
          <spinWidth>50</spinWidth>
          <spinHeight>37</spinHeight>
          <suffix>|</suffix>
        </control>
        <control>
          <description>album view listcontrol</description>
          <type>listcontrol</type>
          <subtype>album</subtype>
          <id>50</id>
          <posX>620</posX>
          <posY>230</posY>
          <onleft>2</onleft>
          <onright>2</onright>
          <width>755</width>
          <height>550</height>
          <textXOff>30</textXOff>
          <textXOff2>650</textXOff2>
          <textXOff3>158</textXOff3>
          <textYOff2>37</textYOff2>
          <textYOff3>37</textYOff3>
          <explicitlyEnableScrollLabel>yes</explicitlyEnableScrollLabel>
          <renderFocusText>no</renderFocusText>
          <renderUnfocusText>no</renderUnfocusText>
          <itemWidth>60</itemWidth>
          <itemHeight>60</itemHeight>
          <IconXOff>5</IconXOff>
          <IconYOff>2</IconYOff>
          <PinIconWidth>20</PinIconWidth>
          <PinIconHeight>20</PinIconHeight>
          <PinIconXOff>72</PinIconXOff>
          <PinIconYOff>22</PinIconYOff>
          <spaceBetweenItems>0</spaceBetweenItems>
          <keepaspectratio>no</keepaspectratio>
          <textureHeight>64</textureHeight>
          <scrollOffset>1</scrollOffset>
          <spinPosX>1175</spinPosX>
          <spinPosY>681</spinPosY>
          <spinAlign>Right</spinAlign>
          <spinColor>ff006698</spinColor>
          <textureUp>arrow_round_up_nofocus.png</textureUp>
          <textureDown>arrow_round_down_nofocus.png</textureDown>
          <textureUpFocus>arrow_round_up_focus.png</textureUpFocus>
          <textureDownFocus>arrow_round_down_focus.png</textureDownFocus>
          <spinWidth>50</spinWidth>
          <spinHeight>37</spinHeight>
        </control>
        <control>
          <description>Thumbnail Panel</description>
          <type>thumbnailpanel</type>
          <id>50</id>
          <posX>30</posX>
          <posY>240</posY>
          <width>1270</width>
          <height>475</height>
          <scrollOffset>0</scrollOffset>
          <onleft>2</onleft>
          <onright>2</onright>
          <frameNoFocus>imagebg.png</frameNoFocus>
          <frameFocus>thumbborder5.png</frameFocus>
          <!-- Small Icons -->
          <itemWidth>135</itemWidth>
          <itemHeight>110</itemHeight>
          <textureWidth>131</textureWidth>
          <textureHeight>100</textureHeight>
          <thumbWidth>121</thumbWidth>
          <thumbHeight>92</thumbHeight>
          <thumbPosX>5</thumbPosX>
          <thumbPosY>4</thumbPosY>
          <!-- Large Icons -->
          <itemWidthBig>243</itemWidthBig>
          <itemHeightBig>200</itemHeightBig>
          <textureWidthBig>240</textureWidthBig>
          <textureHeightBig>180</textureHeightBig>
          <thumbWidthBig>221</thumbWidthBig>
          <thumbHeightBig>166</thumbHeightBig>
          <thumbPosXBig>9</thumbPosXBig>
          <thumbPosYBig>7</thumbPosYBig>
          <!-- Page Spin Buttons -->
          <textureUp>arrow_round_up_nofocus.png</textureUp>
          <textureDown>arrow_round_down_nofocus.png</textureDown>
          <textureUpFocus>arrow_round_up_focus.png</textureUpFocus>
          <textureDownFocus>arrow_round_down_focus.png</textureDownFocus>
          <spinPosX>1172</spinPosX>
          <spinPosY>681</spinPosY>
          <spinWidth>50</spinWidth>
          <spinHeight>37</spinHeight>
          <spinAlign>Right</spinAlign>
          <spinColor>ff006698</spinColor>
          <spinCanFocus>no</spinCanFocus>
        </control>
        <control>
          <description>Filmstrip view</description>
          <type>filmstrip</type>
          <dimColor>90ffffff</dimColor>
          <id>50</id>
          <posX>100</posX>
          <posY>300</posY>
          <onup>2</onup>
          <ondown>2</ondown>
          <scrollOffset>2</scrollOffset>
          <width>1180</width>
          <height>576</height>
          <thumbWidth>200</thumbWidth>
          <thumbHeight>200</thumbHeight>
          <thumbPosX>4</thumbPosX>
          <thumbPosY>4</thumbPosY>
          <itemWidth>220</itemWidth>
          <itemHeight>185</itemHeight>
          <textureWidth>250</textureWidth>
          <textureHeight>152</textureHeight>
          <thumbs flipY="true" diffuse="Thumb_Mask.png">
          </thumbs>
          <showFrame>yes</showFrame>
          <showFolder>yes</showFolder>
          <showBackGround>no</showBackGround>
          <showInfoImage>no</showInfoImage>
          <spinPosX>575</spinPosX>
          <spinPosY>645</spinPosY>
          <spinAlign>center</spinAlign>
          <spinColor>ff006698</spinColor>
          <spinWidth>50</spinWidth>
          <spinHeight>37</spinHeight>
          <textureUp>arrow_round_right_nofocus.png</textureUp>
          <textureDown>arrow_round_left_nofocus.png</textureDown>
          <textureUpFocus>arrow_round_right_focus.png</textureUpFocus>
          <textureDownFocus>arrow_round_left_focus.png</textureDownFocus>
          <thumbAnimation effect="zoom" start="100,100" end="180,180" time="700" tween="circle" ease="inout">focus</thumbAnimation>
          <thumbAnimation effect="zoom" start="170,170" end="100,100" time="900" tween="back" ease="inout">unfocus</thumbAnimation>
        </control>
        <control>
          <description>Cover Flow view</description>
          <type>coverflow</type>
          <colordiffuse>90ffffff</colordiffuse>
          <dimColor>90ffffff</dimColor>
          <id>50</id>
          <posX>0</posX>
          <posY>230</posY>
          <width>1280</width>
          <height>720</height>
          <onup>2</onup>
          <onright>50</onright>
          <selectedCard>0</selectedCard>
          <cardWidth>370</cardWidth>
          <cardHeight>370</cardHeight>
          <angle>45</angle>
          <sideShift>400</sideShift>
          <sideGap>350</sideGap>
          <sideDepth>350</sideDepth>
          <offsetY>0</offsetY>
          <selectedOffsetY>0</selectedOffsetY>
          <speed>4</speed>
          <!-- Background -->
          <backgroundColor>000000FF</backgroundColor>
          <backgroundHeight>250</backgroundHeight>
          <backgroundWidth>1280</backgroundWidth>
          <backgroundX>0</backgroundX>
          <backgroundY>370</backgroundY>
          <backgroundDiffuse>FF000000</backgroundDiffuse>
          <background>black.png</background>
          <showBackground>yes</showBackground>
          <!-- Foreground -->
          <foregroundHeight>505</foregroundHeight>
          <foregroundWidth>1280</foregroundWidth>
          <foregroundX>0</foregroundX>
          <foregroundY>215</foregroundY>
          <foregroundDiffuse>FF000000</foregroundDiffuse>
          <foreground>coverflow_overlay.png</foreground>
          <showForeground>yes</showForeground>
          <!-- Frame -->
          <showFrame>no</showFrame>
          <frame>-</frame>
          <frameFocus>-</frameFocus>
          <frameWidth>350</frameWidth>
          <frameHeight>350</frameHeight>
          <spinSpeed>8</spinSpeed>
          <unfocusedAlpha>ff</unfocusedAlpha>
          <folderPrefix>[</folderPrefix>
          <folderSuffix>]</folderSuffix>
          <font1>mediastream14tc</font1>
          <font2>mediastream10c</font2>
          <label1>
          </label1>
          <label2>
          </label2>
          <textColor>FFFFFFFF</textColor>
          <remoteColor>FFFF0000</remoteColor>
          <playedColor>FFA0D0FF</playedColor>
          <downloadColor>FF00FF00</downloadColor>
          <selectedColor>FFFFFFFF</selectedColor>
          <shadowAngle>45</shadowAngle>
          <shadowDistance>1</shadowDistance>
          <shadowColor>FF000000</shadowColor>
          <label1YOff>440</label1YOff>
          <label2YOff>370</label2YOff>
          <pageSize>5</pageSize>
          <scrollbarBackground>bar_hor.png</scrollbarBackground>
          <scrollbarLeft>mouse_left_horizontal.png</scrollbarLeft>
          <scrollbarRight>mouse_right_horizontal.png</scrollbarRight>
          <scrollbarYOff>405</scrollbarYOff>
          <showScrollbar>no</showScrollbar>
          <cards flipY="yes" diffuse="Thumb_Mask.png" mask="video_poster_square_mask.png" />
        </control>
        <control>
          <description>playlist listcontrol</description>
          <type>playlistcontrol</type>
          <id>50</id>
          <scrollOffset>2</scrollOffset>
          <posX>700</posX>
          <posY>240</posY>
          <height>480</height>
          <width>580</width>
          <onleft>2</onleft>
          <onright>2</onright>
          <!-- Spin Controls -->
          <spinWidth>50</spinWidth>
          <spinHeight>37</spinHeight>
          <spinPosX>1175</spinPosX>
          <spinPosY>681</spinPosY>
          <spinAlign>Right</spinAlign>
          <spinColor>ff006698</spinColor>
          <textureUp>arrow_round_up_nofocus.png</textureUp>
          <textureDown>arrow_round_down_nofocus.png</textureDown>
          <textureUpFocus>arrow_round_up_focus.png</textureUpFocus>
          <textureDownFocus>arrow_round_down_focus.png</textureDownFocus>
        </control>
      </control>
    </control>
  </controls>
</window>
<!--Checksum:b6a9a6ca7492a17ab09068f0f2cb91bb-->