﻿<?xml version="1.0" encoding="utf-8" standalone="yes"?>
<window>
  <id>29053</id>
  <defaultcontrol>35</defaultcontrol>
  <allowoverlay>no</allowoverlay>
  <controls>
    <control>
      <description>BG</description>
      <type>image</type>
      <id>1</id>
      <texture>hover_youtubefm.png</texture>
      <width>1280</width>
      <height>720</height>
    </control>
    <control>
      <id>95</id>
      <description>Fan Art</description>
      <type>image</type>
      <posx>0</posx>
      <posy>0</posy>
      <width>1280</width>
      <height>720</height>
      <texture>#Youtube.fm.NowPlaying.Video.FanArt</texture>
      <colordiffuse>ffffffff</colordiffuse>
      <animation effect="fade" time="300">visible</animation>
      <animation effect="fade" time="300" delay="300">hidden</animation>
    </control>
    <control>
      <id>0</id>
      <description>music overlay image</description>
      <type>image</type>
      <posx>0</posx>
			<posy>0</posy>
			<width>1280</width>
			<height>720</height>
			<texture>mainoverlaydetails.png</texture>
    </control>    
    <import>common.window.xml</import>
    <import>common.time.xml</import>
    <control>
      <description>Play Button/Hidden</description>
      <type>button</type>
      <id>35</id>
      <posX>2255</posX>
      <posY>335</posY>
      <width>70</width>
      <height>50</height>
      <textureFocus>play_enabled.png</textureFocus>
      <textureNoFocus>play_disabled.png</textureNoFocus>
      <label>-</label>
      <onup>17</onup>
    </control>   
    <control>
      <id>1</id>
      <description>Video Image</description>
      <type>image</type>
      <posX>30</posX>
      <posY>100</posY>
      <width>320</width>
      <height>300</height>
      <keepaspectratio>yes</keepaspectratio>
      <texture>missing_Coverart.png</texture>
      <animation effect="fade" time="70" reversible="false">visible</animation>
      <visible>!control.hasthumb(8080)</visible>
      <animation effect="fade" time="250">WindowOpen</animation>
      <animation effect="fade" time="250">WindowClose</animation>
    </control>
    <control>
      <id>8080</id>
      <type>image</type>
      <posX>30</posX>
      <posY>110</posY>
      <width>330</width>
      <height>300</height>
      <keepaspectratio>yes</keepaspectratio>
      <texture mask="video_poster_mask.png">#Youtube.fm.Info.Video.Image</texture>
      <animation effect="fade" time="70" reversible="false">visible</animation>
      <animation effect="fade" time="250">WindowOpen</animation>
      <animation effect="fade" time="250">WindowClose</animation>
    </control>
    <control>
      <id>0</id>
      <description>Video Title Value</description>
      <type>fadelabel</type>
      <posX>390</posX>
      <posY>100</posY>
      <width>850</width>
      <font>mediastream14tc</font>
      <textcolor>ffffffff</textcolor>
      <label>#Youtube.fm.Info.Video.Title</label>
      <shadowAngle>45</shadowAngle>
      <shadowDistance>2</shadowDistance>
      <shadowColor>ff111111</shadowColor>
      <animation effect="fade" time="250">WindowOpen</animation>
      <animation effect="fade" time="250">WindowClose</animation>
    </control>
    <control>
      <id>1</id>
      <description>Star Rating Value</description>
      <type>imagelist</type>
      <posX>390</posX>
      <posY>130</posY>
      <width>142</width>
      <height>40</height>
      <textureHeight>25</textureHeight>
      <textureWidth>25</textureWidth>
      <percentage>#Youtube.fm.Info.Video.Rating</percentage>
      <imagesToDraw>5</imagesToDraw>
      <orientation>HORIZONTAL</orientation>
      <align>left</align>
      <subitems>
        <subitem>starwhitehollow.png</subitem>
        <subitem>starwhite.png</subitem>
      </subitems>
      <animation effect="fade" time="70" reversible="false">visible</animation>
      <animation effect="fade" time="250">WindowOpen</animation>
      <animation effect="fade" time="250">WindowClose</animation>
    </control>
    <control>
      <id>0</id>
      <description>Percent</description>
      <type>fadelabel</type>
      <posX>530</posX>
      <posY>132</posY>
      <width>500</width>
      <font>font12</font>
      <textcolor>white</textcolor>
      <label>#(math.round(cflt(#Youtube.fm.Info.Video.PercentLike),2))% (#Youtube.fm.Info.Video.NumLike #Youtube.fm.Translation.Like.Label - #Youtube.fm.Info.Video.NumDisLike #Youtube.fm.Translation.Dislike.Label)</label>
      <shadowAngle>45</shadowAngle>
      <shadowDistance>2</shadowDistance>
      <shadowColor>ff111111</shadowColor>
      <animation effect="fade" time="250">WindowOpen</animation>
      <animation effect="fade" time="250">WindowClose</animation>
    </control>
    <control>
      <id>0</id>
      <description>Author Label</description>
      <type>label</type>
      <posX>390</posX>
      <posY>172</posY>
      <width>250</width>
      <font>mediastream12tc</font>
      <textcolor>ff909090</textcolor>
      <shadowAngle>45</shadowAngle>
      <shadowDistance>2</shadowDistance>
      <shadowColor>ff111111</shadowColor>
      <label>#Youtube.fm.Translation.Autor.Label</label>
      <animation effect="fade" time="250">WindowOpen</animation>
      <animation effect="fade" time="250">WindowClose</animation>
    </control>
    <control>
      <id>0</id>
      <description>Autor Value</description>
      <type>fadelabel</type>
      <posX>390</posX>
      <posY>200</posY>
      <width>280</width>
      <font>font12</font>
      <textcolor>ffffffff</textcolor>
      <label>#Youtube.fm.Info.Video.Autor</label>
      <shadowAngle>45</shadowAngle>
      <shadowDistance>2</shadowDistance>
      <shadowColor>ff111111</shadowColor>
      <animation effect="fade" time="250">WindowOpen</animation>
      <animation effect="fade" time="250">WindowClose</animation>
    </control>
    <control>
      <id>0</id>
      <description>ViewCount Label</description>
      <type>label</type>
      <posX>390</posX>
      <posY>240</posY>
      <width>250</width>
      <font>mediastream12tc</font>
      <textcolor>ff909090</textcolor>
      <shadowAngle>45</shadowAngle>
      <shadowDistance>2</shadowDistance>
      <shadowColor>ff111111</shadowColor>
      <label>#Youtube.fm.Translation.ViewCount.Label</label>
      <animation effect="fade" time="250">WindowOpen</animation>
      <animation effect="fade" time="250">WindowClose</animation>
    </control>
    <control>
      <id>0</id>
      <description>ViewCount Value</description>
      <type>label</type>
      <posX>390</posX>
      <posY>268</posY>
      <width>250</width>
      <font>font12</font>
      <textcolor>ffffffff</textcolor>
      <shadowAngle>45</shadowAngle>
      <shadowDistance>2</shadowDistance>
      <shadowColor>ff111111</shadowColor>
      <label>#Youtube.fm.Info.Video.ViewCount</label>
      <animation effect="fade" time="250">WindowOpen</animation>
      <animation effect="fade" time="250">WindowClose</animation>
    </control>
    <control>
      <id>0</id>
      <description>FavoriteCount Label</description>
      <type>label</type>
      <posX>390</posX>
      <posY>304</posY>
      <width>250</width>
      <font>mediastream12tc</font>
      <textcolor>ff909090</textcolor>
      <shadowAngle>45</shadowAngle>
      <shadowDistance>2</shadowDistance>
      <shadowColor>ff111111</shadowColor>
      <label>#Youtube.fm.Translation.FavoriteCount.Label</label>
      <animation effect="fade" time="250">WindowOpen</animation>
      <animation effect="fade" time="250">WindowClose</animation>
    </control>
    <control>
      <id>0</id>
      <description>FavoriteCount Value</description>
      <type>label</type>
      <posX>390</posX>
      <posY>332</posY>
      <width>250</width>
      <font>font12</font>
      <textcolor>ffffffff</textcolor>
      <shadowAngle>45</shadowAngle>
      <shadowDistance>2</shadowDistance>
      <shadowColor>ff111111</shadowColor>
      <label>#Youtube.fm.Info.Video.FavoriteCount</label>
      <animation effect="fade" time="250">WindowOpen</animation>
      <animation effect="fade" time="250">WindowClose</animation>
    </control>
    <control>
      <id>0</id>
      <description>PublishDate Label</description>
      <type>label</type>
      <posX>620</posX>
      <posY>240</posY>
      <width>250</width>
      <font>mediastream12tc</font>
      <textcolor>ff909090</textcolor>
      <shadowAngle>45</shadowAngle>
      <shadowDistance>2</shadowDistance>
      <shadowColor>ff111111</shadowColor>
      <label>#Youtube.fm.Translation.PublishDate.Label</label>
      <animation effect="fade" time="250">WindowOpen</animation>
      <animation effect="fade" time="250">WindowClose</animation>
    </control>
    <control>
      <id>0</id>
      <description>PublishDate Value</description>
      <type>label</type>
      <posX>620</posX>
      <posY>268</posY>
      <width>250</width>
      <font>font12</font>
      <textcolor>ffffffff</textcolor>
      <shadowAngle>45</shadowAngle>
      <shadowDistance>2</shadowDistance>
      <shadowColor>ff111111</shadowColor>
      <label>#Youtube.fm.Info.Video.PublishDate</label>
      <animation effect="fade" time="250">WindowOpen</animation>
      <animation effect="fade" time="250">WindowClose</animation>
    </control>
    <control>
      <id>0</id>
      <description>Duration Label</description>
      <type>label</type>
      <posX>620</posX>
      <posY>304</posY>
      <width>250</width>
      <font>mediastream12tc</font>
      <textcolor>ff909090</textcolor>
      <shadowAngle>45</shadowAngle>
      <shadowDistance>2</shadowDistance>
      <shadowColor>ff111111</shadowColor>
      <label>#Youtube.fm.Translation.Duration.Label</label>
      <animation effect="fade" time="250">WindowOpen</animation>
      <animation effect="fade" time="250">WindowClose</animation>
    </control>
    <control>
      <id>0</id>
      <description>Duration Value</description>
      <type>label</type>
      <posX>620</posX>
      <posY>332</posY>
      <width>250</width>
      <font>font12</font>
      <textcolor>ffffffff</textcolor>
      <shadowAngle>45</shadowAngle>
      <shadowDistance>2</shadowDistance>
      <shadowColor>ff111111</shadowColor>
      <label>#Youtube.fm.Info.Video.Duration</label>
      <animation effect="fade" time="250">WindowOpen</animation>
      <animation effect="fade" time="250">WindowClose</animation>
    </control>
    <control>
      <id>0</id>
      <description>Summary</description>
      <type>label</type>
      <posX>849</posX>
      <posY>172</posY>
      <width>250</width>
      <font>mediastream12tc</font>
      <textcolor>ff909090</textcolor>
      <label>#Youtube.fm.Translation.Info.Label</label>
      <shadowAngle>45</shadowAngle>
      <shadowDistance>2</shadowDistance>
      <shadowColor>ff111111</shadowColor>
      <animation effect="fade" time="250">WindowOpen</animation>
      <animation effect="fade" time="250">WindowClose</animation>
    </control>
    <control>
      <id>0</id>
      <description>Video Summary</description>
      <type>textboxscrollup</type>
      <posX>849</posX>
      <posY>205</posY>
      <width>430</width>
      <height>150</height>
      <label>#Youtube.fm.Info.Video.Summary</label>
      <seperator>-----------------------------------------------------------------------------------</seperator>
      <font>mediastream11</font>
      <scrollStartDelaySec>10</scrollStartDelaySec>
      <animation effect="fade" time="250">WindowOpen</animation>
      <animation effect="fade" time="250">WindowClose</animation>
    </control>
    <control>
      <id>8081</id>
      <description>Artist Image</description>
      <type>image</type>
      <posX>30</posX>
      <posY>430</posY>
      <width>320</width>
      <height>240</height>
      <keepaspectratio>yes</keepaspectratio>
      <centered>yes</centered>
      <texture mask="video_poster_mask.png">#Youtube.fm.Info.Artist.Image</texture>
      <animation effect="fade" time="70" reversible="false">visible</animation>
      <animation effect="fade" time="250">WindowOpen</animation>
      <animation effect="fade" time="250">WindowClose</animation>
    </control>
    <control>
      <type>image</type>
      <id>1</id>
      <posX>50</posX>
      <posY>430</posY>
      <width>320</width>
      <height>230</height>
      <keepaspectratio>yes</keepaspectratio>
      <texture>defaultArtistBig.png</texture>
      <animation effect="fade" time="70" reversible="false">visible</animation>
      <visible>!control.hasthumb(8081)</visible>
      <animation effect="fade" time="250">WindowOpen</animation>
      <animation effect="fade" time="250">WindowClose</animation>
    </control>
    <control>
      <id>0</id>
      <description>Artist Name Value</description>
      <type>fadelabel</type>
      <posX>390</posX>
      <posY>423</posY>
      <width>600</width>
      <font>mediastream16tc</font>
      <textcolor>ffffffff</textcolor>
      <label>#Youtube.fm.Info.Artist.Name</label>
      <shadowAngle>45</shadowAngle>
      <shadowDistance>2</shadowDistance>
      <shadowColor>ff111111</shadowColor>
      <animation effect="fade" time="250">WindowOpen</animation>
      <animation effect="fade" time="250">WindowClose</animation>
    </control>
    <control>
      <id>0</id>
      <description>Artist Tags</description>
      <type>label</type>
      <posX>383</posX>
      <posY>457</posY>
      <width>780</width>
      <font>mediastream12tc</font>
      <textcolor>ff909090</textcolor>
      <label>#Youtube.fm.Info.Artist.Tags</label>
      <shadowAngle>45</shadowAngle>
      <shadowDistance>2</shadowDistance>
      <shadowColor>ff111111</shadowColor>
      <animation effect="fade" time="250">WindowOpen</animation>
      <animation effect="fade" time="250">WindowClose</animation>
    </control>
    <control>
      <id>0</id>
      <description>Artist Bio</description>
      <type>textboxscrollup</type>
      <posX>390</posX>
      <posY>500</posY>
      <width>800</width>
      <height>160</height>
      <label>#Youtube.fm.Info.Artist.Bio</label>
      <seperator>-----------------------------------------------------------------------------------</seperator>
      <font>mediastream11</font>
      <scrollStartDelaySec>10</scrollStartDelaySec>
      <animation effect="fade" time="250">WindowOpen</animation>
      <animation effect="fade" time="250">WindowClose</animation>
    </control>
    <!--     **********  Logos  **********    -->
    <control>
      <description>UnWatched BG Logo</description>
      <type>image</type>
      <id>0</id>
      <posX>1233</posX>
      <posY>14</posY>
      <width>25</width>
      <height>25</height>                                              
      <texture>youtube.fm_unwatched.png</texture>
      <visible>!string.equals(#Youtube.fm.Info.Video.IsWatched, true)</visible>
      <animation effect="fade" time="250">WindowOpen</animation>
      <animation effect="fade" time="250">WindowClose</animation>
    </control> 
    <control>
      <description>Watched Logo</description>
      <type>image</type>
      <id>0</id>
      <posX>1233</posX>
      <posY>14</posY>
      <width>25</width>
      <height>25</height>                                             
      <texture>youtube.fm_watched.png</texture>	  
      <visible>string.equals(#Youtube.fm.Info.Video.IsWatched, true)</visible>
      <animation effect="fade" time="250">WindowOpen</animation>
      <animation effect="fade" time="250">WindowClose</animation>      
    </control>
    <control>
      <description>HD Logo</description>
      <type>image</type>
      <id>0</id>
      <posX>1126</posX>
      <posY>12</posY>
      <width>100</width>
      <height>32</height>                                             
      <texture>Logos\Video\HD Widescreen.png</texture>
      <animation effect="fade" time="250">WindowOpen</animation>
      <animation effect="fade" time="250">WindowClose</animation>	  
      <visible>string.equals(#Youtube.fm.Info.Video.IsHD, true)</visible>
    </control>
    <control>
      <description>SD Logo</description>
      <type>image</type>
      <id>0</id>
      <posX>1126</posX>
      <posY>12</posY>
      <width>100</width>
      <height>32</height>                                             
      <texture>Logos\Video\SD Fullscreen.png</texture>
      <animation effect="fade" time="250">WindowOpen</animation>
      <animation effect="fade" time="250">WindowClose</animation>
      <visible>!string.equals(#Youtube.fm.Info.Video.IsHD, true)</visible>	        
    </control>
    <control>
      <description>IsDownloaded Logo</description>
      <type>image</type>
      <id>0</id>
      <posX>1069</posX>
      <posY>14</posY>
      <width>50</width>`
      <height>27</height>                                             
      <texture>youtube.fm_isdownloaded.png</texture>
      <animation effect="fade" time="250">WindowOpen</animation>
      <animation effect="fade" time="250">WindowClose</animation>
      <visible>string.equals(#Youtube.fm.Info.Video.IsDownloaded, True)</visible>
    </control>
    <control>
      <type>image</type>
      <id>0</id>
      <posX>0</posX>
      <posY>675</posY>
      <width>1280</width>
      <height>47</height>
      <texture>imagestreamtitle.png</texture>
      <animation effect="fade" time="250">WindowOpen</animation>
      <animation effect="fade" time="250">WindowClose</animation>
    </control>
    <!-- Downloading Section [View Only if Downloading Now is In Process ] -->
    <control>
      <description>Progress Label</description>
      <type>fadelabel</type>
      <id>1</id>
      <posX>25</posX>
      <posY>684</posY>
      <width>950</width>
      <font>mediastream16tc</font>
      <shadowAngle>45</shadowAngle>
      <shadowDistance>3</shadowDistance>
      <shadowColor>ff111111</shadowColor>
      <label>#Youtube.fm.Download.Item #Youtube.fm.Download.Progress%</label>
      <visible>string.equals(#Youtube.fm.IsDownloading, true)</visible>
      <animation effect="fade" time="300" delay="0">WindowOpen</animation>
      <animation effect="fade" time="230" delay="0">WindowClose</animation>
    </control>
  </controls>
</window>