﻿<?xml version="1.0" encoding="utf-8" standalone="yes"?>
<window>
  <id>29050</id>
  <defaultcontrol>50</defaultcontrol>
  <allowoverlay>no</allowoverlay>
  <define>#header.Extension.label:#header.label</define>
  <define>#header.label:YOUTUBE.FM</define>  
  <define>#header.hover:hover_youtubefm.png</define>
  <define>#useSelectedFanart:Yes</define>
  <controls>
    <import>mymusic.selected.fanart.xml</import>       
    <control>
      <id>0</id>
      <description>music overlay image</description>
      <type>image</type>
      <posX>0</posX>
      <posY>0</posY>
      <width>1281</width>
      <height>720</height>
      <texture>mainoverlay.png</texture>
    </control>
    <control>
      <description>TopBar Overlay</description>
      <type>image</type>
      <id>0</id>
      <posX>0</posX>
      <posY>0</posY>
      <width>1280</width>
      <height>51</height>
      <texture>overlay_topbar.png</texture>
      <visible>facadeview.coverflow</visible>
    </control>   
    <control>
			<description>Hidden Menu Indicator</description>
      <type>image</type>
      <posX>1232</posX>
      <posY>50</posY>
      <width>48</width>
      <height>144</height>
      <texture>#StreamedMP.ActionMenu.Image</texture>
      <animation effect="fade" time="250" delay="0">WindowOpen</animation>
      <animation effect="fade" time="250" delay="0">WindowClose</animation>
    </control>
    <control>
      <type>actiongroup</type>
      <description>action menu</description>
      <defaultcontrol>2</defaultcontrol>
      <onexit>50</onexit>
      <dimColor>00ffffff</dimColor>
      <buttonX>1231</buttonX>
      <buttonY>55</buttonY>
      <buttonwidth>49</buttonwidth>
      <buttonheight>253</buttonheight>
      <control>
        <type>image</type>
        <posX>1002</posX>
        <posY>0</posY>
        <width>278</width>
        <height>720</height>
        <texture>hiddenmenu_right.png</texture>
        <visible>!Control.HasFocus(50)</visible>
        <animation effect="slide" time="100" start="300,0">visible</animation>
        <animation effect="slide" time="0" end="300,0">hidden</animation>
      </control>
      <control>
        <id>0</id>
        <description>Dummy Button (for Mouse)</description>
        <label>-</label>
        <type>button</type>
        <posX>1002</posX>
        <posY>0</posY>
        <width>278</width>
        <height>720</height>
        <visible>!Control.HasFocus(50)</visible>
        <animation effect="slide" time="100" start="300,0">visible</animation>
        <animation effect="slide" time="0" end="300,0">hidden</animation>
      </control>
      <control>
        <id>0</id>
        <description>MENU</description>
        <label>924</label>
        <type>label</type>
        <font>mediastream12tc</font>
        <posX>1040</posX>
        <posY>225</posY>
        <visible>!Control.HasFocus(50)</visible>
        <animation effect="slide" time="100" start="300,0">visible</animation>
        <animation effect="slide" time="0" end="300,0">hidden</animation>
      </control>
      <control>
        <description>group element</description>
        <type>group</type>
        <animation effect="slide" time="100" start="300,0">visible</animation>
        <animation effect="slide" time="0" end="300,0">hidden</animation>
        <visible>!Control.HasFocus(50)</visible>
        <control>
          <type>group</type>
          <description>group element</description>
          <visible>!Control.HasFocus(50)+control.isvisible(50)</visible>
          <animation effect="slide" time="100" start="300,0">visible</animation>
          <animation effect="slide" time="0" end="300,0">hidden</animation>
          <posX>1040</posX>
          <posY>250</posY>
          <width>220</width>
          <height>120</height>
          <layout>StackLayout</layout>
          <control>
            <description>Home</description>
            <type>button</type>
            <id>2</id>
            <posX>71</posX>
            <posY>248</posY>
            <label>#Youtube.fm.Translation.Home.Label</label>
            <onright>50</onright>
            <onup>17</onup>
            <ondown>5</ondown>
          </control>
          <control>
            <description>Search Button</description>
            <type>button</type>
            <id>5</id>
            <posX>71</posX>
            <posY>121</posY>
            <label>#Youtube.fm.Translation.Search.Label</label>
            <onright>50</onright>
            <onup>2</onup>
            <ondown>6</ondown>
          </control>
          <control>
            <description>Search History</description>
            <type>button</type>
            <id>6</id>
            <posX>71</posX>
            <posY>163</posY>
            <label>#Youtube.fm.Translation.SearchHistory.Label</label>
            <onright>50</onright>
            <onup>5</onup>
            <ondown>3</ondown>
          </control>
          <control>
            <description>Switch Layout</description>
            <type>button</type>
            <id>3</id>
            <posX>71</posX>
            <posY>206</posY>
            <label>-</label>
            <onright>50</onright>
            <onup>6</onup>
            <ondown>7</ondown>
          </control>          
          <control>
            <description>Playlist</description>
            <type>button</type>
            <id>7</id>
            <posX>71</posX>
            <posY>291</posY>
            <label>#Youtube.fm.Translation.Playlist.Label</label>
            <onright>50</onright>
            <onup>3</onup>
            <ondown>8</ondown>
          </control>
          <control>
            <description>Now playing</description>
            <type>button</type>
            <id>8</id>
            <posX>71</posX>
            <posY>333</posY>
            <label>#Youtube.fm.Translation.NowPlaying.Label</label>
            <onright>50</onright>
            <onup>7</onup>
            <ondown>106</ondown>
          </control>
          <control>
            <description>Lastfmbutton</description>
            <type>button</type>
            <id>106</id>
            <hyperlink>7890</hyperlink>
            <posX>71</posX>
            <posY>376</posY>
            <label>Last.FM</label>
            <onright>50</onright>
            <onup>8</onup>
            <ondown>2</ondown>
          </control>
        </control>
      </control>
    </control>
    <import>youtube.facade.xml</import>
    <import>youtube.mediainfo.xml</import>
    <control>
      <id>1</id>
      <type>image</type>
      <posX>160</posX>
      <posY>275</posY>
      <width>320</width>
      <height>303</height>
      <texture>DefaultFolderBig.png</texture>
      <visible>[facadeview.list|facadeview.album]+!control.hasthumb(500)</visible>
      <animation effect="fade" time="70" reversible="false">visible</animation>
      <animation effect="fade" time="250" delay="0">WindowOpen</animation>
      <animation effect="fade" time="250" delay="0">WindowClose</animation>
    </control>
    <control>
      <id>500</id>
      <type>image</type>
      <posX>130</posX>
      <posY>255</posY>
      <width>365</width>
      <height>303</height>
      <keepaspectratio>yes</keepaspectratio>
      <centered>yes</centered>
      <texture mask="video_poster_mask.png">#selectedthumb</texture>
      <visible>[facadeview.list|facadeview.album]</visible>
      <animation effect="fade" time="70" reversible="false">visible</animation>
      <animation effect="fade" time="250" delay="0">WindowOpen</animation>
      <animation effect="fade" time="250" delay="0">WindowClose</animation>
    </control>
    <import>common.overlays2.xml</import>
    <import>youtube.common.window.xml</import>
    <import>common.time.xml</import>     
  </controls>
</window>