﻿<?xml version="1.0" encoding="utf-8" standalone="yes"?>
<window>
  <id>29052</id>
  <defaultcontrol>5555</defaultcontrol>
  <allowoverlay>no</allowoverlay>
  <controls>
    <control>
      <description>BG</description>
      <type>image</type>
      <id>1</id>
      <texture>youtubelastfm.jpg</texture>
      <width>1280</width>
      <height>720</height>
    </control>
    <control>
      <id>95</id>
      <description>Fan Art</description>
      <type>image</type>
      <posx>0</posx>
      <posy>0</posy>
      <width>1280</width>
      <height>720</height>
      <texture>#Youtube.fm.NowPlaying.Video.FanArt</texture>
      <colordiffuse>ffffffff</colordiffuse>
      <animation effect="fade" time="300">visible</animation>
      <animation effect="fade" time="300" delay="300">hidden</animation>
    </control>
    <control>
      <id>0</id>
      <description>music overlay image</description>
      <type>image</type>
      <posX>0</posX>
      <posY>-300</posY>
      <width>1281</width>
      <height>1020</height>
      <texture>mainoverlay.png</texture>
    </control>
    <import>common.time.xml</import>
    <import>common.window.xml</import>
    <control>
      <id>101</id>
      <description>Selected item Label</description>
      <type>fadelabel</type>
      <posX>1244</posX>
      <posY>490</posY>
      <width>610</width>
      <font>mediastream16tc</font>
      <textcolor>ff006698</textcolor>
      <align>RIGHT</align>
      <label>#selecteditem</label>
    </control>
    <control>
      <description>Full Screen Button</description>
      <type>button</type>
      <id>5555</id>
      <posX>40</posX>
      <posY>450</posY>
      <width>80</width>
      <height>50</height>
      <textureFocus>minimize_enabled.png</textureFocus>
      <textureNoFocus>minimize_disabled.png</textureNoFocus>
      <label>-</label>
      <action>18</action>
      <onright>166</onright>
      <onup>17</onup>
      <ondown>50</ondown>
    </control>
    <control>
      <id>1</id>
      <description>Video Image</description>
      <type>videowindow</type>
      <visible>Player.HasVideo</visible>
      <posX>81</posX>
      <posY>120</posY>
      <width>537</width>
      <height>300</height>
      <keepaspectratio>yes</keepaspectratio>
      <centered>yes</centered>
      <action>18</action>
      <textureFocus>tv_green_border.png</textureFocus>
      <visible>Player.HasVideo</visible>
      <animation effect="fade" time="70" reversible="false">visible</animation>
    </control>
    <control>
      <description>TV Frame</description>
      <type>image</type>
      <id>0</id>
      <posX>50</posX>
      <posY>90</posY>
      <width>600</width>
      <height>360</height>
      <texture>LCD.png</texture>
      <animation effect="fade" time="70" reversible="false">visible</animation>
    </control>
    <control>
      <id>47</id>
      <description>Artist Name Value</description>
      <type>fadelabel</type>
      <posX>695</posX>
      <posY>90</posY>
      <width>550</width>
      <font>mediastream16tc</font>
      <textcolor>ffffffff</textcolor>
      <label>#Youtube.fm.NowPlaying.Artist.Name</label>
    </control>
    <control>
      <id>47</id>
      <description>Video Title Value</description>
      <type>fadelabel</type>
      <posX>695</posX>
      <posY>130</posY>
      <width>550</width>
      <font>mediastream14tc</font>
      <textcolor>ffffffff</textcolor>
      <label>#Youtube.fm.NowPlaying.Video.Title</label>
    </control>
    <control>
      <id>1</id>
      <description>Star Rating Value</description>
      <type>imagelist</type>
      <posX>695</posX>
      <posY>167</posY>
      <width>142</width>
      <height>40</height>
      <textureHeight>25</textureHeight>
      <textureWidth>25</textureWidth>
      <percentage>#Youtube.fm.NowPlaying.Video.Rating</percentage>
      <imagesToDraw>5</imagesToDraw>
      <orientation>HORIZONTAL</orientation>
      <align>left</align>
      <subitems>
        <subitem>starwhitehollow.png</subitem>
        <subitem>starwhite.png</subitem>
      </subitems>
      <animation effect="fade" time="70" reversible="false">visible</animation>
    </control>
    <control>
      <id>0</id>
      <description>Duration Label</description>
      <type>label</type>
      <posX>695</posX>
      <posY>212</posY>
      <width>250</width>
      <font>mediastream11c</font>
      <textcolor>ffa9d0f7</textcolor>
      <label>Duration</label>
    </control>
    <control>
      <id>47</id>
      <description>Duration Value</description>
      <type>label</type>
      <posX>695</posX>
      <posY>237</posY>
      <width>250</width>
      <font>mediastream12c</font>
      <textcolor>ffffffff</textcolor>
      <label>#Youtube.fm.NowPlaying.Video.Duration</label>
    </control>
    <control>
      <id>0</id>
      <description>ViewCount Label</description>
      <type>label</type>
      <posX>695</posX>
      <posY>268</posY>
      <width>250</width>
      <font>mediastream11c</font>
      <textcolor>ffa9d0f7</textcolor>
      <label>ViewCount</label>
    </control>
    <control>
      <id>47</id>
      <description>ViewCount Value</description>
      <type>label</type>
      <posX>695</posX>
      <posY>293</posY>
      <width>250</width>
      <font>mediastream12c</font>
      <textcolor>ffffffff</textcolor>
      <label>#Youtube.fm.NowPlaying.Video.ViewCount</label>
    </control>
    <control>
      <id>0</id>
      <description>WatchCount Label</description>
      <type>label</type>
      <posX>695</posX>
      <posY>324</posY>
      <width>250</width>
      <font>mediastream11c</font>
      <textcolor>ffa9d0f7</textcolor>
      <label>WatchCount</label>
    </control>
    <control>
      <id>47</id>
      <description>WatchCount Value</description>
      <type>label</type>
      <posX>695</posX>
      <posY>349</posY>
      <width>250</width>
      <font>mediastream12c</font>
      <textcolor>ffffffff</textcolor>
      <label>#Youtube.fm.NowPlaying.Video.WatchCount</label>
    </control>
    <control>
      <id>0</id>
      <description>FavoriteCount Label</description>
      <type>label</type>
      <posX>695</posX>
      <posY>380</posY>
      <width>250</width>
      <font>mediastream11c</font>
      <textcolor>ffa9d0f7</textcolor>
      <label>FavoriteCount</label>
    </control>
    <control>
      <id>47</id>
      <description>FavoriteCount Value</description>
      <type>label</type>
      <posX>695</posX>
      <posY>405</posY>
      <width>250</width>
      <font>mediastream12c</font>
      <textcolor>ffffffff</textcolor>
      <label>#Youtube.fm.NowPlaying.Video.FavoriteCount</label>
    </control>
    <control>
      <id>0</id>
      <description>Similar Videos label</description>
      <type>label</type>
      <posX>60</posX>
      <posY>680</posY>
      <font>mediastream12c</font>
      <textcolor>ffa9d0f7</textcolor>
      <label>#Youtube.fm.Translation.RelatedVideos.Label</label>
    </control>
    <control>
      <id>50</id>
      <description>Similar Videos</description>
      <type>thumbnailpanel</type>
      <dimColor>90ffffff</dimColor>
      <onleft>5555</onleft>
      <onright>166</onright>
      <posX>60</posX>
      <posY>533</posY>
      <width>1190</width>
      <height>217</height>
      <scrollOffset>1</scrollOffset>
      <renderFocusText>no</renderFocusText>
      <renderUnfocusText>no</renderUnfocusText>
      <itemWidth>170</itemWidth>
      <itemHeight>180</itemHeight>
      <textureWidth>166</textureWidth>
      <textureHeight>129</textureHeight>
      <thumbWidth>156</thumbWidth>
      <thumbHeight>119</thumbHeight>
      <thumbPosX>5</thumbPosX>
      <thumbPosY>5</thumbPosY>
      <itemWidthBig>235</itemWidthBig>
      <itemHeightBig>240</itemHeightBig>
      <thumbWidthBig>219</thumbWidthBig>
      <thumbHeightBig>165</thumbHeightBig>
      <thumbPosXBig>0</thumbPosXBig>
      <thumbPosYBig>0</thumbPosYBig>
      <imageFolderFocus>thumbborder3.png</imageFolderFocus>
      <keepaspectratio>yes</keepaspectratio>
      <spinCanFocus>no</spinCanFocus>
      <spinPosX>1175</spinPosX>
      <spinPosY>681</spinPosY>
      <spinWidth>50</spinWidth>
      <spinHeight>37</spinHeight>
      <spinAlign>right</spinAlign>
      <spinColor>ff006698</spinColor>
      <enableFocusZoom>no</enableFocusZoom>
      <thumbZoom>no</thumbZoom>
      <textureUp>arrow_round_up_nofocus.png</textureUp>
      <textureDown>arrow_round_down_nofocus.png</textureDown>
      <textureUpFocus>arrow_round_up_focus.png</textureUpFocus>
      <textureDownFocus>arrow_round_down_focus.png</textureDownFocus>
    </control>
    <control>
      <id>0</id>
      <description>Similar Artists label</description>
      <type>label</type>
      <posX>940</posX>
      <posY>170</posY>
      <font>mediastream14tc</font>
      <textcolor>ff006698</textcolor>
      <label>#Youtube.fm.Translation.SimilarArtists.Label</label>
    </control>
    <control>
      <id>166</id>
      <description>list similar artists</description>
      <type>listcontrol</type>
      <onleft>5555</onleft>
      <posX>930</posX>
      <posY>200</posY>
      <width>360</width>
      <height>260</height>
      <scrollOffset>5</scrollOffset>
      <explicitlyEnableScrollLabel>yes</explicitlyEnableScrollLabel>
      <PinIconWidth>15</PinIconWidth>
      <PinIconHeight>15</PinIconHeight>
      <PinIconXOff>57</PinIconXOff>
      <PinIconYOff>13</PinIconYOff>
      <itemWidth>32</itemWidth>
      <itemHeight>32</itemHeight>
      <!--<textureHeight>50</textureHeight>-->
      <font2>mediastream10</font2>
      <keepaspectratio>no</keepaspectratio>
      <!--<unfocusedAlpha>200</unfocusedAlpha>-->
      <spinPosX>1175</spinPosX>
      <spinPosY>410</spinPosY>
      <spinAlign>right</spinAlign>
      <spinColor>ff006698</spinColor>
      <textureUp>arrow_round_up_nofocus.png</textureUp>
      <textureDown>arrow_round_down_nofocus.png</textureDown>
      <textureUpFocus>arrow_round_up_focus.png</textureUpFocus>
      <textureDownFocus>arrow_round_down_focus.png</textureDownFocus>
      <spinWidth>50</spinWidth>
      <spinHeight>37</spinHeight>
      <suffix>|</suffix>
    </control>
  </controls>
</window>