﻿<?xml version="1.0" encoding="utf-8" standalone="yes"?>
<window>
  <id>29051</id>
  <defaultcontrol>2</defaultcontrol>
  <allowoverlay>[facadeview.playlist|facadeview.filmstrip|facadeview.coverflow]</allowoverlay>
  <define>#useSelectedFanart:Yes</define>
  <controls>
    <control>
      <description>BG</description>
      <type>image</type>
      <id>1</id>
      <texture>youtubeLastFM.jpg</texture>
      <width>1280</width>
      <height>720</height>
    </control>
    <import>mymusic.selected.fanart.xml</import>
    <import>common.window.xml</import>
    <import>common.time.xml</import>
    <control>
      <id>0</id>
      <description>music overlay image</description>
      <type>image</type>
      <posX>0</posX>
      <posY>0</posY>
      <width>1281</width>
      <height>720</height>
      <texture>mainoverlay.png</texture>
    </control>
    <control>
      <type>actiongroup</type>
      <description>action menu</description>
      <defaultcontrol>10</defaultcontrol>
      <onexit>50</onexit>
      <dimColor>50ffffff</dimColor>
      <control>
        <type>image</type>
        <posX>1002</posX>
        <posY>0</posY>
        <width>278</width>
        <height>720</height>
        <texture>hiddenmenu_right.png</texture>
        <visible>!Control.HasFocus(50)</visible>
        <animation effect="slide" time="100" start="300,0">visible</animation>
        <animation effect="slide" time="0" end="300,0">hidden</animation>
      </control>
      <control>
        <description>group element</description>
        <type>group</type>
        <animation effect="slide" time="100" start="300,0">visible</animation>
        <animation effect="slide" time="0" end="300,0">hidden</animation>
        <visible>!Control.HasFocus(50)</visible>
        <control>
          <type>group</type>
          <description>group element</description>
          <visible>!Control.HasFocus(50)+control.isvisible(50)</visible>
          <animation effect="slide" time="100" start="300,0">visible</animation>
          <animation effect="slide" time="0" end="300,0">hidden</animation>
          <posX>1040</posX>
          <posY>250</posY>
          <width>220</width>
          <height>120</height>
          <layout>StackLayout</layout>
          <control>
            <description>View-As button</description>
            <type>button</type>
            <id>2</id>
            <posX>71</posX>
            <posY>121</posY>
            <label>100</label>
            <onleft>50</onleft>
            <onup>17</onup>
            <ondown>20</ondown>
          </control>
          <control>
            <description>Shuffle button</description>
            <type>button</type>
            <id>20</id>
            <posX>71</posX>
            <posY>163</posY>
            <label>191</label>
            <onleft>50</onleft>
            <onup>2</onup>
            <ondown>30</ondown>
          </control>
          <control>
            <description>Repeat on/off button</description>
            <type>togglebutton</type>
            <id>30</id>
            <posX>71</posX>
            <posY>206</posY>
            <label>486</label>
            <onleft>50</onleft>
            <onup>20</onup>
            <ondown>10</ondown>
          </control>
          <control>
            <description>My Playlists</description>
            <type>button</type>
            <id>10</id>
            <posX>71</posX>
            <posY>248</posY>
            <label>983</label>
            <onleft>50</onleft>
            <onup>30</onup>
            <ondown>21</ondown>
          </control>
          <control>
            <description>Save button</description>
            <type>button</type>
            <id>21</id>
            <posX>71</posX>
            <posY>291</posY>
            <label>190</label>
            <onleft>50</onleft>
            <onup>10</onup>
            <ondown>22</ondown>
          </control>
          <control>
            <description>Clear button</description>
            <type>button</type>
            <id>22</id>
            <posX>71</posX>
            <posY>333</posY>
            <label>192</label>
            <onleft>50</onleft>
            <onup>21</onup>
            <ondown>26</ondown>
          </control>
          <!--       <control>
             <description>Play button</description>
             <type>button</type>
             <id>23</id>
             <label>208</label>
             <onleft>50</onleft>
             <visible>false</visible>
          </control> -->
          <control>
            <description>Now playing</description>
            <type>button</type>
            <id>26</id>
            <posX>71</posX>
            <posY>377</posY>
            <label>4540</label>
            <onleft>50</onleft>
            <onup>22</onup>
            <ondown>28</ondown>
          </control>
          <control>
            <description>scrobble mode button</description>
            <type>button</type>
            <id>28</id>
            <posX>71</posX>
            <posY>421</posY>
            <label>33001</label>
            <onleft>50</onleft>
            <onup>26</onup>
            <ondown>27</ondown>
          </control>
          <control>
            <description>scrobble on/off button</description>
            <type>togglebutton</type>
            <id>27</id>
            <posX>71</posX>
            <posY>465</posY>
            <label>33000</label>
            <onleft>50</onleft>
            <onup>28</onup>
            <ondown>2</ondown>
          </control>
        </control>
      </control>
    </control>
    <import>youtube.facade.xml</import>
    <control>
      <id>1</id>
      <type>image</type>
      <posX>78</posX>
      <posY>220</posY>
      <width>245</width>
      <height>232</height>
      <texture mask="video_poster_mask.png">missing_Coverart.png</texture>
      <visible>[Control.HasFocus(50)+!control.hasthumb(500)]</visible>
      <animation effect="fade" time="70" reversible="false">visible</animation>
    </control>
    <control>
      <id>500</id>
      <type>image</type>
      <posX>78</posX>
      <posY>220</posY>
      <width>245</width>
      <height>232</height>
      <keepaspectratio>yes</keepaspectratio>
      <centered>yes</centered>
      <texture mask="video_poster_mask.png">#selectedthumb</texture>
      <visible>[Control.HasFocus(50)]</visible>
      <animation effect="fade" time="70" reversible="false">visible</animation>
    </control>
    <control>
      <description>Selected item Label</description>
      <type>fadelabel</type>
      <id>1</id>
      <posX>78</posX>
      <posY>462</posY>
      <width>355</width>
      <label>Info:</label>
      <font>mediastream14tc</font>
      <visible>[Control.HasFocus(50)]</visible>
      <animation effect="fade" time="70" reversible="false">visible</animation>
    </control>
    <control>
      <description>Selected item Label</description>
      <type>fadelabel</type>
      <id>1</id>
      <posX>78</posX>
      <posY>492</posY>
      <width>355</width>
      <label>#selecteditem</label>
      <font>mediastream14tc</font>
      <visible>[Control.HasFocus(50)]</visible>
      <animation effect="fade" time="70" reversible="false">visible</animation>
    </control>
    <control>
      <description>Selected item Label</description>
      <type>fadelabel</type>
      <id>1</id>
      <posX>78</posX>
      <posY>525</posY>
      <width>355</width>
      <label>#selecteditem2</label>
      <font>mediastream14tc</font>
      <visible>[Control.HasFocus(50)]</visible>
      <animation effect="fade" time="70" reversible="false">visible</animation>
    </control>
    <import>common.overlays2.xml</import>
    <!-- <import>youtubeoverlay.xml</import> -->
  </controls>
</window>