﻿<?xml version="1.0" encoding="utf-8" standalone="yes"?>
<window>
  <id>29052</id>
  <defaultcontrol>5555</defaultcontrol>
  <allowoverlay>no</allowoverlay>
  <define>#viewmode:coverflow</define>
  <controls>
    <control>
      <description>BG</description>
      <type>image</type>
      <id>1</id>
      <texture>hover_youtubefm.png</texture>
      <width>1280</width>
      <height>720</height>
    </control>
    <control>
      <id>95</id>
      <description>Fan Art</description>
      <type>image</type>
      <posx>0</posx>
      <posy>0</posy>
      <width>1280</width>
      <height>720</height>
      <texture>#Youtube.fm.NowPlaying.Video.FanArt</texture>
      <colordiffuse>ffffffff</colordiffuse>
      <animation effect="fade" time="300">visible</animation>
      <animation effect="fade" time="300" delay="300">hidden</animation>
    </control>
    <control>
      <id>0</id>
      <description>music overlay image</description>
      <type>image</type>
      <posx>0</posx>
			<posy>0</posy>
			<width>1280</width>
			<height>720</height>
			<texture>mainoverlaydetails.png</texture>
    </control>    
    <import>common.window.xml</import>
    <import>common.time.xml</import>
    <control>
      <description>Number of Files Label for Related Videos</description>
      <type>label</type>
      <id>1</id>
      <posX>1248</posX>
      <posY>680</posY>
      <label>#selectedindex/#itemcount</label>
      <align>right</align>
      <textcolor>ff006698</textcolor>   
      <font>mediastream12c</font>
      <visible>string.equals(#selectedindex)+string.equals(#itemcount)</visible>
      <animation effect="fade" time="250">WindowOpen</animation>
      <animation effect="fade" time="250">WindowClose</animation>
    </control> 		
    <control>
      <id>101</id>
      <description>Selected item Label</description>
      <type>fadelabel</type>
      <posX>1248</posX>
      <posY>460</posY>
      <width>565</width>
      <font>mediastream16tc</font>
      <textcolor>WHITE</textcolor>
      <align>RIGHT</align>
      <label>#selecteditem</label>
      <animation effect="fade" time="250">WindowOpen</animation>
      <animation effect="fade" time="250">WindowClose</animation>
    </control>
    <control>
      <description>Full Screen Button</description>
      <type>button</type>
      <id>5555</id>
      <posX>687</posX>
      <posY>326</posY>
      <width>52</width>
      <height>52</height>
      <textureFocus>minimize_enabled.png</textureFocus>
      <textureNoFocus>minimize_disabled.png</textureNoFocus>
      <label>-</label>
      <action>18</action>
      <onright>166</onright>
      <onup>17</onup>
      <ondown>96</ondown>
      <animation effect="fade" time="250">WindowOpen</animation>
      <animation effect="fade" time="250">WindowClose</animation>
    </control>
    <control>
      <description>Info Screen Button/Jump To Info Screen</description>
      <type>button</type>
      <id>96</id>
      <posX>687</posX>
      <posY>378</posY>
      <width>52</width>
      <height>52</height>
      <textureFocus>nav_refresh_focus.png</textureFocus>
      <textureNoFocus>nav_refresh_nofocus.png</textureNoFocus>
      <label>-</label>
      <onright>166</onright>
      <onup>5555</onup>
      <ondown>50</ondown>
      <animation effect="fade" time="250">WindowOpen</animation>
      <animation effect="fade" time="250">WindowClose</animation>
    </control>
    <control>
      <id>1</id>
      <description>Video Image</description>
      <type>videowindow</type>
      <visible>Player.HasVideo</visible>
      <posX>81</posX>
      <posY>120</posY>
      <width>537</width>
      <height>300</height>
      <keepaspectratio>yes</keepaspectratio>
      <centered>yes</centered>
      <action>18</action>
      <textureFocus>tv_green_border.png</textureFocus>
      <visible>Player.HasVideo</visible>
      <animation effect="fade" time="250">WindowOpen</animation>
      <animation effect="fade" time="250">WindowClose</animation>
      <animation effect="fade" time="250">WindowOpen</animation>
      <animation effect="fade" time="250">WindowClose</animation>
    </control>
    <control>
      <description>TV Frame</description>
      <type>image</type>
      <id>0</id>
      <posX>50</posX>
      <posY>90</posY>
      <width>600</width>
      <height>360</height>
      <texture>LCD.png</texture>
      <animation effect="fade" time="250">WindowOpen</animation>
      <animation effect="fade" time="250">WindowClose</animation>
    </control>
    <control>
      <description>Progress Bar</description>
      <type>progress</type>
      <id>118</id>
      <posX>196</posX>
      <posY>458</posY>
      <width>296</width>
      <height>27</height>            
      <texturebg>osdprogressbackv.png</texturebg>
      <onlymidtexture>yes</onlymidtexture>
      <midwidth>294</midwidth>
      <midheight>20</midheight>
      <midoffsetX>2</midoffsetX>
      <midoffsetY>4</midoffsetY>
      <midtexture>osdprogressmid.png</midtexture>
      <label>#percentage</label>
      <visible>player.hasmedia</visible>
      <animation effect="fade" time="250">WindowOpen</animation>
      <animation effect="fade" time="250">WindowClose</animation>
    </control>
    <control>
      <id>0</id>
      <type>label</type>
      <description>Track Progress/Currentplaytime</description>            
      <posX>145</posX>
      <posY>460</posY>
      <label>#currentplaytime</label>            
      <font>mediastream12c</font>
      <visible>player.hasmedia</visible>
      <animation effect="fade" time="250">WindowOpen</animation>
      <animation effect="fade" time="250">WindowClose</animation>
    </control>
    <control>
      <id>0</id>
      <type>label</type>
      <description>Track Progress/Duration</description>            
      <posX>504</posX>
      <posY>460</posY>
      <label>#Youtube.fm.NowPlaying.Video.Duration</label>
      <font>mediastream12c</font>
      <align>left</align>
      <visible>player.hasmedia</visible>
      <animation effect="fade" time="250">WindowOpen</animation>
      <animation effect="fade" time="250">WindowClose</animation>
    </control>        
    <control>
      <id>47</id>
      <description>Artist Name Value</description>
      <type>fadelabel</type>
      <posX>695</posX>
      <posY>90</posY>
      <width>550</width>
      <font>mediastream16tc</font>
      <textcolor>ffffffff</textcolor>
      <label>#Youtube.fm.NowPlaying.Artist.Name</label>
      <shadowAngle>45</shadowAngle>
      <shadowDistance>2</shadowDistance>
      <shadowColor>ff111111</shadowColor>
      <animation effect="fade" time="250">WindowOpen</animation>
      <animation effect="fade" time="250">WindowClose</animation>
    </control>
    <control>
      <id>47</id>
      <description>Video Title Value</description>
      <type>fadelabel</type>
      <posX>695</posX>
      <posY>120</posY>
      <width>550</width>
      <font>mediastream14tc</font>
      <textcolor>ff909090</textcolor>
      <label>#Youtube.fm.NowPlaying.Video.Title</label>
      <shadowAngle>45</shadowAngle>
      <shadowDistance>2</shadowDistance>
      <shadowColor>ff111111</shadowColor>
      <animation effect="fade" time="250">WindowOpen</animation>
      <animation effect="fade" time="250">WindowClose</animation>
    </control>
    <control>
      <id>1</id>
      <description>Star Rating Value</description>
      <type>imagelist</type>
      <posX>695</posX>
      <posY>150</posY>
      <width>142</width>
      <height>40</height>
      <textureHeight>25</textureHeight>
      <textureWidth>25</textureWidth>
      <percentage>#Youtube.fm.NowPlaying.Video.Rating</percentage>
      <imagesToDraw>5</imagesToDraw>
      <orientation>HORIZONTAL</orientation>
      <align>left</align>
      <subitems>
        <subitem>starwhitehollow.png</subitem>
        <subitem>starwhite.png</subitem>
      </subitems>
      <animation effect="fade" time="250">WindowOpen</animation>
      <animation effect="fade" time="250">WindowClose</animation>
    </control>
    <control>
      <id>0</id>
      <description>ViewCount Label</description>
      <type>label</type>
      <posX>695</posX>
      <posY>212</posY>
      <width>250</width>
      <font>mediastream11tc</font>
      <textcolor>ff909090</textcolor>
      <shadowAngle>45</shadowAngle>
      <shadowDistance>2</shadowDistance>
      <shadowColor>ff111111</shadowColor>
      <label>#Youtube.fm.Translation.ViewCount.Label</label>
      <animation effect="fade" time="250">WindowOpen</animation>
      <animation effect="fade" time="250">WindowClose</animation>
    </control>
    <control>
      <id>47</id>
      <description>ViewCount Value</description>
      <type>label</type>
      <posX>695</posX>
      <posY>237</posY>
      <width>250</width>
      <font>font12</font>
      <textcolor>ffffffff</textcolor>
      <shadowAngle>45</shadowAngle>
      <shadowDistance>2</shadowDistance>
      <shadowColor>ff111111</shadowColor>
      <label>#Youtube.fm.NowPlaying.Video.ViewCount</label>
      <animation effect="fade" time="250">WindowOpen</animation>
      <animation effect="fade" time="250">WindowClose</animation>
    </control>
    <control>
      <id>0</id>
      <description>FavoriteCount Label</description>
      <type>label</type>
      <posX>695</posX>
      <posY>268</posY>
      <width>250</width>
      <font>mediastream11tc</font>
      <textcolor>ff909090</textcolor>
      <shadowAngle>45</shadowAngle>
      <shadowDistance>2</shadowDistance>
      <shadowColor>ff111111</shadowColor>
      <label>#Youtube.fm.Translation.FavoriteCount.Label</label>
      <animation effect="fade" time="250">WindowOpen</animation>
      <animation effect="fade" time="250">WindowClose</animation>
    </control>
    <control>
      <id>47</id>
      <description>FavoriteCount Value</description>
      <type>label</type>
      <posX>695</posX>
      <posY>293</posY>
      <width>250</width>
      <font>font12</font>
      <textcolor>ffffffff</textcolor>
      <shadowAngle>45</shadowAngle>
      <shadowDistance>2</shadowDistance>
      <shadowColor>ff111111</shadowColor>
      <label>#Youtube.fm.NowPlaying.Video.FavoriteCount</label>
      <animation effect="fade" time="250">WindowOpen</animation>
      <animation effect="fade" time="250">WindowClose</animation>
    </control>
    <control>
      <id>0</id>
      <description>Similar Artists label</description>
      <type>label</type>
      <posX>940</posX>
      <posY>170</posY>
      <font>mediastream14tc</font>
      <textcolor>ff909090</textcolor>
      <shadowAngle>45</shadowAngle>
      <shadowDistance>2</shadowDistance>
      <shadowColor>ff111111</shadowColor>
      <label>#Youtube.fm.Translation.SimilarArtists.Label</label>
      <animation effect="fade" time="250">WindowOpen</animation>
      <animation effect="fade" time="250">WindowClose</animation>
    </control>
    <control>
      <id>166</id>
      <description>list similar artists</description>
      <type>listcontrol</type>
      <onleft>5555</onleft>
      <posX>930</posX>
      <posY>200</posY>
      <width>360</width>
      <height>260</height>
      <scrollOffset>5</scrollOffset>
      <explicitlyEnableScrollLabel>yes</explicitlyEnableScrollLabel>
      <PinIconWidth>15</PinIconWidth>
      <PinIconHeight>15</PinIconHeight>
      <PinIconXOff>57</PinIconXOff>
      <PinIconYOff>13</PinIconYOff>
      <itemWidth>32</itemWidth>
      <itemHeight>32</itemHeight>
      <font2>mediastream10</font2>
      <keepaspectratio>no</keepaspectratio>
      <spinPosX>1175</spinPosX>
      <spinPosY>410</spinPosY>
      <spinAlign>right</spinAlign>
      <spinColor>ff006698</spinColor>
      <textureUp>arrow_round_up_nofocus.png</textureUp>
      <textureDown>arrow_round_down_nofocus.png</textureDown>
      <textureUpFocus>arrow_round_up_focus.png</textureUpFocus>
      <textureDownFocus>arrow_round_down_focus.png</textureDownFocus>
      <spinWidth>50</spinWidth>
      <spinHeight>37</spinHeight>
      <suffix>|</suffix>
      <animation effect="fade" time="250">WindowOpen</animation>
      <animation effect="fade" time="250">WindowClose</animation>
    </control>    
    <control>
      <description>composite control consisting of a list control and a thumbnail panel</description>
      <type>facadeview</type>
      <id>50</id>
      <animation effect="fade" time="250">WindowOpen</animation>
      <animation effect="fade" time="250">WindowClose</animation>
      <animation effect="zoom" start="100,100" end="103,103" time="100">focus</animation>
      <animation effect="zoom" start="103,103" end="100,100" time="50">unfocus</animation>
      <control>
        <description>listcontrol</description>
        <type>listcontrol</type>
        <id>50</id>
        <scrollOffset>2</scrollOffset>
        <animation effect="zoom" start="100,100" end="103,103" time="100">focus</animation>
        <animation effect="zoom" start="103,103" end="100,100" time="50">unfocus</animation>
      </control>
      <control>
        <description>Cover Flow view</description>
        <type>coverflow</type>
        <colordiffuse>90ffffff</colordiffuse>
        <dimColor>90ffffff</dimColor>
        <id>50</id>
        <posX>0</posX>
        <posY>545</posY>
        <width>1280</width>
        <height>200</height>
        <onup>96</onup>
        <onright>50</onright>
        <selectedCard>0</selectedCard>
        <cardWidth>230</cardWidth>
        <cardHeight>150</cardHeight>
        <cardVAlign>Top</cardVAlign>
        <thumbZoom>yes</thumbZoom>
        <angle>20</angle>
        <sideShift>150</sideShift>
        <sideGap>80</sideGap>
        <sideDepth>150</sideDepth>
        <offsetY>0</offsetY>
        <selectedOffsetY>0</selectedOffsetY>
        <speed>8</speed>
        <backgroundHeight>250</backgroundHeight>
        <backgroundWidth>1280</backgroundWidth>
        <backgroundX>0</backgroundX>
        <backgroundY>470</backgroundY>
        <backgroundDiffuse>FF000000</backgroundDiffuse>
        <background>background2.png</background>
        <showBackground>no</showBackground>
        <foregroundHeight>720</foregroundHeight>
        <foregroundWidth>1280</foregroundWidth>
        <foregroundX>0</foregroundX>
        <foregroundY>0</foregroundY>
        <foregroundDiffuse>FF000000</foregroundDiffuse>
        <foreground>coverflow_foreground.png</foreground>
        <showForeground>no</showForeground>
        <showFrame>yes</showFrame>
        <frame>coverflow.poster.square.glass.png</frame>
        <frameFocus>coverflow.poster.square.glass.png</frameFocus>
        <frameWidth>230</frameWidth>
        <frameHeight>150</frameHeight>
        <spinSpeed>8</spinSpeed>
        <unfocusedAlpha>FF</unfocusedAlpha>
        <folderPrefix>[</folderPrefix>
        <folderSuffix>]</folderSuffix>
        <font1>mediastream12</font1>
        <font2>mediastream10</font2>
        <label1>#selecteditem</label1>
        <label2>#selecteditem2</label2>
        <textColor>FFFFFFFF</textColor>
        <remoteColor>FFFF0000</remoteColor>
        <playedColor>FFA0D0FF</playedColor>
        <downloadColor>FF00FF00</downloadColor>
        <selectedColor>FFFFFFFF</selectedColor>
        <shadowAngle>20</shadowAngle>
        <shadowDistance>0</shadowDistance>
        <shadowColor>FF000000</shadowColor>
        <label1YOff>405</label1YOff>
        <label2YOff>430</label2YOff>
        <pageSize>5</pageSize>
        <scrollbarBackground>bar_hor.png</scrollbarBackground>
        <scrollbarLeft>mouse_left_horizontal.png</scrollbarLeft>
        <scrollbarRight>mouse_right_horizontal.png</scrollbarRight>
        <scrollbarYOff>955</scrollbarYOff>
        <showScrollbar>no</showScrollbar>
        <cards flipY="yes" diffuse="Thumb_Mask.png" mask="video_poster_square_mask.png" />
        <subitems>
          <subitem><![CDATA[                 <controls>            
            </controls>]]></subitem>
        </subitems>
      </control>
    </control>    
    <!--     **********  Logos  **********    -->
    <control>
      <description>HD Logo</description>
      <type>image</type>
      <id>0</id>
      <posX>1165</posX>
      <posY>12</posY>
      <width>100</width>
      <height>32</height>                                             
      <texture>Logos\MediaInfo\#StreamedMP.MediaInfo.Type\Video\HD Widescreen.png</texture>
      <animation effect="fade" time="250">WindowOpen</animation>
      <animation effect="fade" time="250">WindowClose</animation>	  
      <visible>string.equals(#Youtube.fm.NowPlaying.Video.IsHD, True)</visible>
    </control>
    <control>
      <description>SD Logo</description>
      <type>image</type>
      <id>0</id>
      <posX>1165</posX>
      <posY>12</posY>
      <width>100</width>
      <height>32</height>                                             
      <texture>Logos\MediaInfo\#StreamedMP.MediaInfo.Type\Video\SD Fullscreen.png</texture>
      <animation effect="fade" time="250">WindowOpen</animation>
      <animation effect="fade" time="250">WindowClose</animation>
      <visible>!string.equals(#Youtube.fm.NowPlaying.Video.IsHD, True)</visible>
    </control>
    <control>
      <description>IsDownloaded Logo</description>
      <type>image</type>
      <id>0</id>
      <posX>1107</posX>
      <posY>14</posY>
      <width>50</width>
      <height>27</height>                                             
      <texture>youtube.fm_isdownloaded.png</texture>
      <animation effect="fade" time="250">WindowOpen</animation>
      <animation effect="fade" time="250">WindowClose</animation>
      <visible>string.equals(#Youtube.fm.NowPlaying.Video.IsDownloaded, True)</visible>
    </control> 
    <control>
      <description>Downloading Notification Logo</description>
      <type>image</type>
      <id>0</id>
      <posX>1071</posX>
      <posY>14</posY>
      <width>28</width>
      <height>28</height>                 
      <texture>isupdate.png</texture>
      <animation effect="fade" time="250">WindowOpen</animation>
      <animation effect="fade" time="250">WindowClose</animation>	  
      <visible>string.equals(#Youtube.fm.IsDownloading, True)</visible>
    </control>                             	               
  </controls>
</window>