﻿<?xml version="1.0" encoding="utf-8"?>
<window>
  <id>49848</id>
  <defaultcontrol>10</defaultcontrol>
  <allowoverlay>no</allowoverlay>
  <define>#header.label:646</define>
  <define>#header.image:-</define>
  <define>#header.hover:-</define>
  <define>#currentmodule:TV/UPCOMING</define>
  <define>#useRandomTVSeriesFanart:Yes</define>
  <controls>
    <import>common.window.tv.xml</import>
    <import>common.time.xml</import>
    <control>
      <description>Number of Files Label</description>
      <type>label</type>
      <id>12</id>
      <posX>25</posX>
      <posY>618</posY>
      <font>font14</font>
      <label>#itemcount</label>
      <textcolor>ffcccccc</textcolor>
      <visible>false</visible>
    </control>
    <control>
      <type>actiongroup</type>
      <description>action menu</description>
      <buttonX>1231</buttonX>
      <buttonY>55</buttonY>
      <buttonwidth>49</buttonwidth>
      <buttonheight>153</buttonheight>
      <textureFocus>Action_menu.png</textureFocus>
      <textureNoFocus>Action_menu.png</textureNoFocus>
      <description>action menu</description>      
      <onexit>10</onexit>
      <dimColor>00ffffff</dimColor>
      <control>
        <type>image</type>
        <posX>1002</posX>
        <posY>0</posY>
        <width>278</width>
        <height>720</height>
        <texture>hiddenmenu_right.png</texture>
        <visible>!Control.HasFocus(10)</visible>
        <animation effect="slide" time="100" start="300,0">visible</animation>
        <animation effect="slide" time="0" end="300,0">hidden</animation>
      </control>
      <control>
        <id>0</id>
        <description>label SWITCH VIEW</description>
        <label>457</label>
        <type>label</type>
        <font>mediastream12tc</font>
        <posX>1040</posX>
        <posY>225</posY>
        <visible>!Control.HasFocus(10)</visible>
        <animation effect="slide" time="150" start="300,0">visible</animation>
        <animation effect="slide" time="0" end="300,0">hidden</animation>
      </control>
      <control>
        <type>group</type>
        <description>group element</description>
        <visible>!Control.HasFocus(10)</visible>
        <animation effect="slide" time="200" start="300,0">visible</animation>
        <animation effect="slide" time="0" end="300,0">hidden</animation>
        <posX>1040</posX>
        <posY>250</posY>
        <width>220</width>
        <height>720</height>
        <layout>StackLayout</layout>
        <control>
          <type>button</type>
          <description>Program type button</description>
          <id>2</id>
          <onleft>10</onleft>
          <onright>2</onright>
          <ondown>2</ondown>
          <label>Type:</label>
        </control>
      </control>
    </control>
    <control>
      <type>group</type>
      <description>group element</description>
      <animation effect="fade" time="250">WindowOpen</animation>
      <animation effect="fade" time="250">WindowClose</animation>
      <animation effect="slide" time="150" start="800,0">WindowOpen</animation>
      <animation effect="slide" time="250" end="800,0">WindowClose</animation>
      <control>
        <description>scheduler recordings listcontrol</description>
        <type>listcontrol</type>
        <id>10</id>
        <posX>620</posX>
        <posY>240</posY>
        <height>450</height>
        <width>660</width>
        <selectedColor>80000000</selectedColor>
        <textcolor>ffffffff</textcolor>
        <selectedColor2>ffffffff</selectedColor2>
        <textcolor2>ffffffff</textcolor2>
        <textXOff>50</textXOff>
        <textXOff2>650</textXOff2>
        <textXOff3>158</textXOff3>
        <textYOff2>45</textYOff2>
        <textYOff3>47</textYOff3>
        <font>font14</font>
        <font2>mediastream10c</font2>
        <font3>mediastream10c</font3>
        <itemWidth>80</itemWidth>
        <itemHeight>80</itemHeight>
        <IconXOff>3</IconXOff>
        <IconYOff>2</IconYOff>
        <PinIconWidth>48</PinIconWidth>
        <PinIconHeight>20</PinIconHeight>
        <PinIconXOff>87</PinIconXOff>
        <PinIconYOff>32</PinIconYOff>
        <spaceBetweenItems>0</spaceBetweenItems>
        <textureHeight>84</textureHeight>
        <scrollOffset>1</scrollOffset>
        <spinPosX>1249</spinPosX>
        <spinPosY>692</spinPosY>
        <spinAlign>Right</spinAlign>
        <onleft>99</onleft>
        <onright>2</onright>
        <unfocusedAlpha>0xFF</unfocusedAlpha>
        <keepaspectratio>yes</keepaspectratio>
      </control>
    </control>
    <control>
      <type>fadelabel</type>
      <description>Selected item Label</description>
      <id>1</id>
      <posX>28</posX>
      <posY>273</posY>
      <width>570</width>
      <label>#selecteditem</label>
      <font>mediastream12tc</font>
      <visible>control.isvisible(14)</visible>
      <textcolor>ff909090</textcolor>
      <animation effect="fade" time="250">WindowOpen</animation>
      <animation effect="fade" time="250">WindowClose</animation>
      <animation effect="slide" time="150" start="-800,0">WindowOpen</animation>
      <animation effect="slide" time="250" end="-800,0">WindowClose</animation>
    </control>
    <control>
      <description>Current program time</description>
      <type>label</type>
      <id>14</id>
      <posX>28</posX>
      <posY>302</posY>
      <font>mediastream12tc</font>
      <label>#TV.Upcoming.Time</label>
      <animation effect="fade" time="250">WindowOpen</animation>
      <animation effect="fade" time="250">WindowClose</animation>
      <animation effect="slide" time="150" start="-800,0">WindowOpen</animation>
      <animation effect="slide" time="250" end="-800,0">WindowClose</animation>
    </control>
    <control>
      <description>Description1</description>
      <type>textboxscrollup</type>
      <id>15</id>
      <posX>28</posX>
      <posY>370</posY>
      <width>570</width>
      <height>290</height>
      <font>mediastream12</font>
      <seperator>----------------------------------------------------------------------------------------------------</seperator>
      <label>#TV.Upcoming.Description</label>
      <animation effect="fade" time="250">WindowOpen</animation>
      <animation effect="fade" time="250">WindowClose</animation>
      <animation effect="slide" time="150" start="-800,0">WindowOpen</animation>
      <animation effect="slide" time="250" end="-800,0">WindowClose</animation>
    </control>
    <control>
      <description>Media Count Background</description>
      <type>image</type>
      <id>0</id>
      <posX>1113</posX>
      <posY>684</posY>
      <width>159</width>
      <height>30</height>
      <texture>mediacountbackground.png</texture>
      <animation effect="fade" time="250">WindowOpen</animation>
      <animation effect="fade" time="250">WindowClose</animation>
      <animation effect="slide" time="150" start="800,0">WindowOpen</animation>
      <animation effect="slide" time="250" end="800,0">WindowClose</animation>
    </control>
    <control>
      <description>Media Count Label</description>
      <type>label</type>
      <label>PAGE:</label>
      <id>0</id>
      <posX>1123</posX>
      <posY>686</posY>
      <font>mediastream12tc</font>
      <textcolor>ff909090</textcolor>
      <animation effect="fade" time="250">WindowOpen</animation>
      <animation effect="fade" time="250">WindowClose</animation>
      <animation effect="slide" time="150" start="800,0">WindowOpen</animation>
      <animation effect="slide" time="250" end="800,0">WindowClose</animation>
    </control>
    <import>common.overlays.xml</import>
  </controls>
</window>