﻿<?xml version="1.0" encoding="utf-8" standalone="yes"?>
<window>
  <id>759</id>
  <defaultcontrol>2</defaultcontrol>
  <allowoverlay>no</allowoverlay>
  <define>#header.label:652</define>
  <define>#header.image:-</define>
  <define>#header.hover:hover_my tv.png</define>
  <controls>
    <import>common.window.xml</import>
    <import>common.time.xml</import>
    <control>
      <type>group</type>
      <description>group element</description>
      <animation effect="slide" time="10" end="-300,0">WindowClose</animation>
      <animation effect="slide" time="10" start="-300,0">WindowOpen</animation>
      <posX>20</posX>
      <posY>80</posY>
      <layout>StackLayout</layout>
      <control>
        <type>button</type>
        <description>Keep</description>
        <id>2</id>
        <onright>10</onright>
        <onup>2</onup>
        <ondown>2</ondown>
        <label>1042</label>
      </control>
    </control>
    <control>
      <type>fadelabel</type>
      <description>Current program title</description>
      <id>27</id>
      <posX>310</posX>
      <posY>590</posY>
      <width>600</width>
      <label>-</label>
    </control>
    <control>
      <type>label</type>
      <description>Current program time</description>
      <id>26</id>
      <posX>310</posX>
      <posY>620</posY>
      <font>font13</font>
      <textcolor>ffa9d0f7</textcolor>
      <label>-</label>
    </control>
    <control>
      <type>textboxscrollup</type>
      <description>Description1</description>
      <id>25</id>
      <posX>310</posX>
      <posY>650</posY>
      <width>650</width>
      <height>94</height>
      <font>font12</font>
      <label>#TV.RecordedTV.Description</label>
    </control>
    <control>
      <type>label</type>
      <description>genre</description>
      <id>24</id>
      <posX>1346</posX>
      <posY>620</posY>
      <align>right</align>
      <font>font13</font>
      <textcolor>ffa9d0f7</textcolor>
      <label>-</label>
    </control>
    <control>
      <description>TV background</description>
      <type>image</type>
      <id>300</id>
      <posX>17</posX>
      <posY>615</posY>
      <width>180</width>
      <height>113</height>
      <texture>video_overlay_background.png</texture>
    </control>
    <control>
      <description>TV preview window</description>
      <type>videowindow</type>
      <id>99</id>
      <posX>25</posX>
      <posY>623</posY>
      <width>160</width>
      <height>90</height>
      <action>18</action>
      <onup>5</onup>
      <textureFocus>tv_green_border.png</textureFocus>
    </control>
    <control>
      <type>fadelabel</type>
      <description>Current program title</description>
      <id>13</id>
      <posX>1</posX>
      <posY>630</posY>
      <width>600</width>
      <label>-</label>
      <font>font13</font>
    </control>
    <control>
      <type>label</type>
      <description>Current program time</description>
      <id>14</id>
      <posX>1</posX>
      <posY>605</posY>
      <font>font12</font>
      <textcolor>ffa9d0f7</textcolor>
      <label>-</label>
    </control>
    <control>
      <type>textboxscrollup</type>
      <description>Description1</description>
      <id>15</id>
      <posX>310</posX>
      <posY>650</posY>
      <width>650</width>
      <height>94</height>
      <label>-</label>
      <font>font12</font>
    </control>
    <control>
      <type>label</type>
      <description>genre</description>
      <id>17</id>
      <posX>1346</posX>
      <posY>620</posY>
      <align>right</align>
      <font>font13</font>
      <textcolor>ffa9d0f7</textcolor>
      <label>-</label>
    </control>
  </controls>
</window>