﻿<?xml version="1.0" encoding="utf-8"?>
<window>
  <id>762</id>
  <defaultcontrol>2</defaultcontrol>
  <allowoverlay>no</allowoverlay>
  <controls>
    <import>common.time.xml</import>
    <control>
      <description>BG</description>
      <type>image</type>
      <id>0</id>
      <width>1280</width>
      <height>720</height>
      <texture>hover_my radio.png</texture>
      <animation effect="fade" time="500" start="10">WindowOpen</animation>
      <animation effect="fade" time="500" end="10">WindowClose</animation>
    </control>
    <control>
      <type>image</type>
      <posY>0</posY>
      <posX>0</posX>
      <height>720</height>
      <width>1280</width>
      <texture>tvguidebg.png</texture>
      <animation effect="fade" time="250">WindowOpen</animation>
      <animation effect="fade" time="250">WindowClose</animation>
    </control>
    <control>
      <description>Top Title Background</description>
      <type>image</type>
      <id>0</id>
      <posX>77</posX>
      <posY>11</posY>
      <width>437</width>
      <height>35</height>
      <texture>tvtitlebg.png</texture>
      <animation effect="slide" start="-514,0" end="0,0" tween="quadratic" time="300" delay="0">WindowOpen</animation>
      <animation effect="slide" start="0,0" end="-514,0" tween="quadratic" time="300" delay="300">WindowClose</animation>
      <animation effect="fade" time="600">WindowOpen</animation>
      <animation effect="fade" time="600">WindowClose</animation>
    </control>
    <control>
      <type>fadelabel</type>
      <description>Top Title</description>
      <id>0</id>
      <posX>493</posX>
      <posY>13</posY>
      <width>350</width>
      <font>mediastream12c</font>
      <align>right</align>
      <visible>yes</visible>
      <label>#currentmodule</label>
      <animation effect="slide" start="-514,0" end="0,0" tween="quadratic" time="300" delay="0">WindowOpen</animation>
      <animation effect="slide" start="0,0" end="-514,0" tween="quadratic" time="300" delay="300">WindowClose</animation>
      <animation effect="fade" time="400">WindowOpen</animation>
      <animation effect="fade" time="400">WindowClose</animation>
    </control>
    <control>
      <description>Top Title Extension Background</description>
      <type>image</type>
      <id>0</id>
      <posX>431</posX>
      <posY>11</posY>
      <width>356</width>
      <height>36</height>
      <texture>tvtitlebgshort.png</texture>
      <animation effect="fade" time="300" delay="300">WindowOpen</animation>
      <animation effect="fade" time="300" delay="0">WindowClose</animation>
      <animation effect="slide" start="-514,0" end="0,0" tween="quadratic" time="300" delay="300">WindowOpen</animation>
      <animation effect="slide" start="0,0" end="-514,0" tween="quadratic" time="600" delay="0">WindowClose</animation>
    </control>
    <control>
      <type>label</type>
      <description>Guide Group Label</description>
      <id>11</id>
      <posX>762</posX>
      <posY>13</posY>
      <font>mediastream12c</font>
      <align>right</align>
      <label>#Radio.Guide.Group</label>
      <animation effect="fade" time="300" delay="300">WindowOpen</animation>
      <animation effect="fade" time="230" delay="0">WindowClose</animation>
      <animation effect="slide" start="-514,0" end="0,0" tween="quadratic" time="300" delay="300">WindowOpen</animation>
      <animation effect="slide" start="0,0" end="-514,0" tween="quadratic" time="600" delay="0">WindowClose</animation>
    </control>
    <control>
      <description>Time Background</description>
      <type>image</type>
      <id>0</id>
      <posX>6</posX>
      <posY>10</posY>
      <width>132</width>
      <height>32</height>
      <texture>clockbackground.png</texture>
    </control>
    <control>
      <description>Date</description>
      <type>label</type>
      <id>0</id>
      <posX>1230</posX>
      <posY>30</posY>
      <label>#date</label>
      <align>right</align>
      <font>mediastream11tc</font>
    </control>
    <control>
      <description>TVGUIDE Panel</description>
      <type>image</type>
      <id>2</id>
      <posX>20</posX>
      <posY>115</posY>
      <width>1240</width>
      <height>450</height>
      <colordiffuse>ffffffff</colordiffuse>
      <texture>-</texture>
    </control>
    <control>
      <description>Single Channel Label</description>
      <type>label</type>
      <id>32</id>
      <posX>395</posX>
      <posY>75</posY>
      <font>mediastream16tc</font>
      <align>left</align>
    </control>
    <control>
      <description>Single Channel Image</description>
      <type>image</type>
      <id>33</id>
      <posX>330</posX>
      <posY>67</posY>
      <width>45</width>
      <height>45</height>
      <keepaspectratio>yes</keepaspectratio>
      <zoom>yes</zoom>
      <texture>defaultVideoBig.png</texture>
    </control>
    <!-- Timeheader background must be dedfined before Timeheader label template  -->
    <!-- b/c Timeheader is on the background and will be rendered first -->
    <control>
      <description>time header background image template</description>
      <type>image</type>
      <id>90</id>
      <posX>237</posX>
      <posY>70</posY>
      <width>163</width>
      <height>34</height>
      <texture>button_small_settings_nofocus.png</texture>
    </control>
    <control>
      <description>time header label template</description>
      <type>label</type>
      <id>40</id>
      <posX>305</posX>
      <posY>70</posY>
      <font>mediastream11tc</font>
    </control>
    <control>
      <description>day spin control</description>
      <type>spincontrol</type>
      <id>6</id>
      <width>35</width>
      <height>35</height>
      <posX>49</posX>
      <posY>65</posY>
      <showrange>no</showrange>
      <orientation>horizontal</orientation>
      <align>center</align>
      <onleft>6</onleft>
      <onright>8</onright>
      <textureUp>arrow_round_right_nofocus.png</textureUp>
      <textureDown>arrow_round_left_nofocus.png</textureDown>
      <textureUpFocus>arrow_round_right_focus.png</textureUpFocus>
      <textureDownFocus>arrow_round_left_focus.png</textureDownFocus>
    </control>
    <control>
      <description>time interval spin control</description>
      <type>spincontrol</type>
      <id>8</id>
      <width>35</width>
      <height>35</height>
      <posX>215</posX>
      <posY>65</posY>
      <showrange>no</showrange>
      <orientation>horizontal</orientation>
      <align>center</align>
      <textureUp>arrow_round_right_nofocus.png</textureUp>
      <textureDown>arrow_round_left_nofocus.png</textureDown>
      <textureUpFocus>arrow_round_right_focus.png</textureUpFocus>
      <textureDownFocus>arrow_round_left_focus.png</textureDownFocus>
      <onleft>6</onleft>
      <onright>8</onright>
    </control>
    <control>
      <description>Channel template</description>
      <type>image</type>
      <id>20</id>
      <posX>50</posX>
      <posY>120</posY>
      <width>251</width>
      <height>35</height>
    </control>
    <control>
      <description>Channel image template</description>
      <type>image</type>
      <id>7</id>
      <width>30</width>
      <height>30</height>
      <posX>3</posX>
      <posY>2</posY>
      <zoom>no</zoom>
      <keepaspectratio>yes</keepaspectratio>
      <texture>defaultVideoBig.png</texture>
    </control>
    <control>
      <description>channel Label template</description>
      <type>label</type>
      <id>18</id>
      <posX>50</posX>
      <posY>5</posY>
      <width>86</width>
      <height>10</height>
      <font>mediastream10tc</font>
      <textcolor>FFFFFFFF</textcolor>
    </control>
    <control>
      <description>Current program title</description>
      <type>fadelabel</type>
      <id>13</id>
      <posX>240</posX>
      <posY>585</posY>
      <width>455</width>
      <label>#Radio.Guide.Title</label>
      <font>mediastream11tc</font>
    </control>
    <control>
      <description>Current program time</description>
      <type>label</type>
      <id>14</id>
      <posX>700</posX>
      <posY>585</posY>
      <label>#Radio.Guide.Time</label>
      <align>left</align>
      <font>mediastream11tc</font>
    </control>
    <control>
      <description>Current program genre</description>
      <type>fadelabel</type>
      <id>27</id>
      <posX>1000</posX>
      <posY>585</posY>
      <width>280</width>
      <label>#Radio.Guide.Genre</label>
      <align>left</align>
      <font>mediastream11tc</font>
    </control>
    <control>
      <description>Description1</description>
      <type>textboxscrollup</type>
      <id>15</id>
      <posX>240</posX>
      <posY>610</posY>
      <width>1020</width>
      <height>100</height>
      <seperator>________________________________________________________________________________________________________________</seperator>
      <label>#Radio.Guide.Description</label>
      <font>mediastream11</font>
      <textcolor>FFFFFFFF</textcolor>
    </control>
    <!--<control>
                        <description>template for program genre light area</description>
                        <type>label</type>
                        <id>23</id>
                        <label>-</label>
                        <font>mediastream11</font>
                        <textcolor>FF101010</textcolor>
                </control>-->
    <control>
      <description>template for program title light area</description>
      <type>label</type>
      <id>24</id>
      <visible>no</visible>
      <label>-</label>
      <font>mediastream11</font>
    </control>
    <control>
      <description>vertical timeline</description>
      <type>image</type>
      <id>25</id>
      <posX>55</posX>
      <posY>97</posY>
      <height>463</height>
      <colordiffuse>c0ffffff</colordiffuse>
      <texture>tvguide_slider.png</texture>
    </control>
    <control>
      <description>template for program title darkarea </description>
      <type>label</type>
      <visible>no</visible>
      <id>26</id>
      <label>-</label>
      <font>mediastream11</font>
      <textcolor>FFFFFFFF</textcolor>
    </control>
    <!--<control>
                        <description>template for genre	dark area</description>
                        <type>label</type>
                        <visible>no</visible>
                        <id>30</id>
                        <label>-</label>
                        <font>font10</font>
                        <textcolor>FFDDDDDD</textcolor>
                </control>-->
    <control>
      <description>record pin</description>
      <type>image</type>
      <id>31</id>
      <posX>950</posX>
      <posY>585</posY>
      <width>45</width>
      <height>20</height>
      <texture>tvguide_record_button.png</texture>
      <keepaspectratio>yes</keepaspectratio>
      <visible>no</visible>
    </control>
    <control>
      <description>TV background</description>
      <type>image</type>
      <id>98</id>
      <posX>10</posX>
      <posY>580</posY>
      <width>220</width>
      <height>130</height>
      <texture>tv_frame.png</texture>
      <visible>Player.HasVideo</visible>
    </control>
    <control>
      <description>video preview window</description>
      <type>videowindow</type>
      <id>99</id>
      <posX>20</posX>
      <posY>590</posY>
      <width>200</width>
      <height>110</height>
      <action>18</action>
      <textureFocus>tv_green_border.png</textureFocus>
      <visible>Player.HasVideo</visible>
    </control>
  </controls>
</window>