﻿<?xml version="1.0" encoding="utf-8"?>
<window>
  <id>1</id>
  <defaultcontrol>2</defaultcontrol>
  <allowoverlay>no</allowoverlay>
  <define>#header.label:605</define>
  <define>#header.hover:hover_my tv.png</define>
  <controls>
    <control>
      <description>Dummy label to hold global settings for this skin!</description>
      <type>label</type>
      <id>420</id>
      <label>#settings:logo-icon-size=240,240;guide_time=Center</label>
      <visible>no</visible>
    </control>
    <control>
      <description>Background Image</description>
      <type>image</type>
      <id>1</id>
      <posX>0</posX>
      <posY>0</posY>
      <width>1920</width>
      <height>1080</height>
      <texture>#header.hover</texture>
    </control>
    <control>
      <description>Overlay Image</description>
      <type>image</type>
      <id>1</id>
      <posX>0</posX>
      <posY>0</posY>
      <width>1920</width>
      <height>1080</height>
      <texture>black.png</texture>
      <colordiffuse>90ffffff</colordiffuse>
    </control>
    <control>
      <description>Overlay Image</description>
      <type>image</type>
      <id>1</id>
      <posX>0</posX>
      <posY>0</posY>
      <width>1920</width>
      <height>90</height>
      <texture>overlay_topbar.png</texture>
      <colordiffuse>c9ffffff</colordiffuse>
    </control>
    <control>
      <description>Overlay Image</description>
      <type>image</type>
      <id>1</id>
      <posX>0</posX>
      <posY>750</posY>
      <width>1920</width>
      <height>330</height>
      <texture>osdbackground1.png</texture>
      <colordiffuse>a9ffffff</colordiffuse>
    </control>
    <control>
      <id>1</id>
      <description>Top Title Background</description>
      <type>image</type>
      <posX>115</posX>
      <posY>16</posY>
      <width>655</width>
      <height>52</height>
      <texture>tvtitlebg.png</texture>
      <animation effect="slide" start="-771,0" end="0,0" tween="quadratic" time="300" delay="0">WindowOpen</animation>
      <animation effect="slide" start="0,0" end="-771,0" tween="quadratic" time="300" delay="0">WindowClose</animation>
      <animation effect="fade" time="150">WindowClose</animation>
    </control>
    <control>
      <id>1</id>
      <type>fadelabel</type>
      <description>Top Title</description>
      <posX>739</posX>
      <posY>19</posY>
      <width>525</width>
      <font>mediastream12c</font>
      <align>right</align>
      <visible>yes</visible>
      <label>#header.label</label>
      <animation effect="slide" start="-771,0" end="0,0" tween="quadratic" time="300" delay="0">WindowOpen</animation>
      <animation effect="slide" start="0,0" end="-771,0" tween="quadratic" time="300" delay="0">WindowClose</animation>
      <animation effect="fade" time="150">WindowClose</animation>
    </control>
    <import>common.time.xml</import>
    <control>
      <type>group</type>
      <description>group element</description>
      <posX>120</posX>
      <posY>150</posY>
      <layout>StackLayout</layout>
      <control Style="skinbutton">
        <description>TV Guide</description>
        <type>button</type>
        <id>2</id>
        <label>600</label>
        <hyperlink>600</hyperlink>
        <onup>9</onup>
        <ondown>3</ondown>
        <onright>99</onright>
        <width>450</width>
        <animation effect="fade" time="250">WindowOpen</animation>
        <animation effect="fade" time="250">WindowClose</animation>
        <animation effect="zoom" start="100,100" end="110,100" center="433,81" time="300">focus</animation>
        <animation effect="zoom" start="110,100" end="100,100" center="433,81" time="500">unfocus</animation>
      </control>
      <control Style="skinbutton">
        <description>Search</description>
        <type>button</type>
        <id>3</id>
        <label>137</label>
        <hyperlink>49850</hyperlink>
        <onup>2</onup>
        <ondown>4</ondown>
        <onright>99</onright>
        <width>450</width>
        <animation effect="fade" time="250">WindowOpen</animation>
        <animation effect="fade" time="250">WindowClose</animation>
        <animation effect="zoom" start="100,100" end="110,100" center="433,81" time="300">focus</animation>
        <animation effect="zoom" start="110,100" end="100,100" center="433,81" time="500">unfocus</animation>
      </control>
      <control Style="skinbutton">
        <description>Recordings</description>
        <type>button</type>
        <id>4</id>
        <label>604</label>
        <width>450</width>
        <hyperlink>603</hyperlink>
        <onup>3</onup>
        <ondown>5</ondown>
        <onright>99</onright>
        <animation effect="fade" time="250">WindowOpen</animation>
        <animation effect="fade" time="250">WindowClose</animation>
        <animation effect="zoom" start="100,100" end="110,100" center="433,81" time="300">focus</animation>
        <animation effect="zoom" start="110,100" end="100,100" center="433,81" time="500">unfocus</animation>
      </control>
      <control Style="skinbutton">
        <description>Channel button</description>
        <type>button</type>
        <id>5</id>
        <label>602</label>
        <onup>4</onup>
        <ondown>6</ondown>
        <onright>99</onright>
        <width>450</width>
        <animation effect="fade" time="250">WindowOpen</animation>
        <animation effect="fade" time="250">WindowClose</animation>
        <animation effect="zoom" start="100,100" end="110,100" center="433,81" time="300">focus</animation>
        <animation effect="zoom" start="110,100" end="100,100" center="433,81" time="500">unfocus</animation>
      </control>
      <control Style="skincheckbutton">
        <description>TV On/Off button</description>
        <type>checkbutton</type>
        <id>6</id>
        <label>707</label>
        <onup>5</onup>
        <ondown>7</ondown>
        <onright>99</onright>
        <width>450</width>
        <animation effect="fade" time="250">WindowOpen</animation>
        <animation effect="fade" time="250">WindowClose</animation>
        <animation effect="zoom" start="100,100" end="110,100" center="433,81" time="300">focus</animation>
        <animation effect="zoom" start="110,100" end="100,100" center="433,81" time="500">unfocus</animation>
      </control>
      <control Style="skinbutton">
        <description>Upcoming Recordings</description>
        <type>button</type>
        <id>7</id>
        <label>603</label>
        <onup>6</onup>
        <ondown>8</ondown>
        <onright>99</onright>
        <width>450</width>
        <animation effect="fade" time="250">WindowOpen</animation>
        <animation effect="fade" time="250">WindowClose</animation>
        <animation effect="zoom" start="100,100" end="110,100" center="433,81" time="300">focus</animation>
        <animation effect="zoom" start="110,100" end="100,100" center="433,81" time="500">unfocus</animation>
      </control>
      <control Style="skinbutton">
        <description>Active Recordings</description>
        <type>button</type>
        <id>8</id>
        <label>200052</label>
        <onup>7</onup>
		<ondown>9</ondown>
        <onright>99</onright>
        <width>450</width>
        <animation effect="fade" time="250">WindowOpen</animation>
        <animation effect="fade" time="250">WindowClose</animation>
        <animation effect="zoom" start="100,100" end="110,100" center="433,81" time="300">focus</animation>
        <animation effect="zoom" start="110,100" end="100,100" center="433,81" time="500">unfocus</animation>
      </control>
      <control Style="skinbutton">
        <description>Teletext</description>
        <type>button</type>
        <id>9</id>
        <label>Teletext</label>
        <onup>8</onup>
        <ondown>2</ondown>
        <onright>99</onright>
        <width>450</width>
        <animation effect="fade" time="250">WindowOpen</animation>
        <animation effect="fade" time="250">WindowClose</animation>
        <animation effect="zoom" start="100,100" end="110,100" center="433,81" time="300">focus</animation>
        <animation effect="zoom" start="110,100" end="100,100" center="433,81" time="500">unfocus</animation>
      </control>
    </control>
    <control>
      <description>TV background</description>
      <type>image</type>
      <id>1</id>
      <posX>768</posX>
      <posY>150</posY>
      <width>966</width>
      <height>568</height>
      <texture>tv_frame.png</texture>
      <animation effect="fade" time="250">WindowOpen</animation>
      <animation effect="fade" time="250">WindowClose</animation>
      <visible>string.equals(#StreamedMP.VideoWallpaper,false)</visible>
    </control>
    <control>
      <description>video window</description>
      <type>videowindow</type>
      <id>99</id>
      <posX>817</posX>
      <posY>174</posY>
      <width>865</width>
      <height>487</height>
      <onup>2</onup>
      <onleft>2</onleft>
      <onright>2</onright>
      <ondown>2</ondown>
      <action>18</action>
      <textureFocus>tv_blue_border.png</textureFocus>
      <animation effect="fade" time="250">WindowClose</animation>
    </control>
    <control>
      <type>image</type>
      <id>0</id>
      <posX>781</posX>
      <posY>705</posY>
      <width>942</width>
      <height>30</height>
      <texture>osdprogressback.png</texture>
      <keepaspectratio>no</keepaspectratio>
      <animation effect="fade" time="250">WindowOpen</animation>
      <animation effect="fade" time="250">WindowClose</animation>
    </control>
    <control>
      <description>progress bar</description>
      <type>progress</type>
      <id>20</id>
      <posX>766</posX>
      <posY>705</posY>
      <width>972</width>
      <label>#TV.View.Percentage</label>
      <visible>yes</visible>
      <animation effect="fade" time="250">WindowOpen</animation>
      <animation effect="fade" time="250">WindowClose</animation>
    </control>
    <control>
      <description>Channel label</description>
      <type>label</type>
      <id>13</id>
      <posX>1920</posX>
      <posY>885</posY>
      <label>602</label>
      <font>mediastream12tc</font>
      <align>right</align>
      <visible>false</visible>
      <animation effect="fade" time="250">WindowOpen</animation>
      <animation effect="fade" time="250">WindowClose</animation>
    </control>
    <control>
      <description>Current program time Shadow</description>
      <type>label</type>
      <id>1</id>
      <posX>1713</posX>
      <posY>102</posY>
      <label>#TV.View.start - #TV.View.stop</label>
      <textcolor>ff111111</textcolor>
      <font>mediastream16tc</font>
      <align>right</align>
      <animation effect="fade" time="250">WindowOpen</animation>
      <animation effect="fade" time="250">WindowClose</animation>
    </control>
    <control>
      <description>Current program time</description>
      <type>label</type>
      <id>1</id>
      <posX>1710</posX>
      <posY>105</posY>
      <label>#TV.View.start - #TV.View.stop</label>
      <font>mediastream16tc</font>
      <textcolor>ffffffff</textcolor>
      <align>right</align>
      <animation effect="fade" time="250">WindowOpen</animation>
      <animation effect="fade" time="250">WindowClose</animation>
    </control>
    <control>
      <description>Current Channelname Shadow</description>
      <type>fadelabel</type>
      <id>13</id>
      <posX>333</posX>
      <posY>763</posY>
      <width>1095</width>
      <label>#TV.View.channel</label>
      <font>mediastream16tc</font>
      <align>left</align>
      <textcolor>ff222222</textcolor>
      <visible>!string.equals(#TV.View.start,)</visible>
      <animation effect="fade" time="250">WindowOpen</animation>
      <animation effect="fade" time="250">WindowClose</animation>
    </control>
    <control>
      <description>Current Channelname</description>
      <type>fadelabel</type>
      <id>13</id>
      <posX>330</posX>
      <posY>760</posY>
      <width>1095</width>
      <label>#TV.View.channel</label>
      <font>mediastream16tc</font>
      <align>left</align>
      <textcolor>ffffffff</textcolor>
      <visible>!string.equals(#TV.View.start,)</visible>
      <animation effect="fade" time="250">WindowOpen</animation>
      <animation effect="fade" time="250">WindowClose</animation>
    </control>
    <control>
      <description>Current program title Shadow</description>
      <type>fadelabel</type>
      <id>13</id>
      <posX>333</posX>
      <posY>813</posY>
      <width>1200</width>
      <label>#TV.View.title</label>
      <font>mediastream14tc</font>
      <textcolor>ff222222</textcolor>
      <animation effect="fade" time="250">WindowOpen</animation>
      <animation effect="fade" time="250">WindowClose</animation>
    </control>
    <control>
      <description>Current program title</description>
      <type>fadelabel</type>
      <id>13</id>
      <posX>330</posX>
      <posY>810</posY>
      <width>1200</width>
      <label>#TV.View.title</label>
      <font>mediastream14tc</font>
      <textcolor>ffffffff</textcolor>
      <animation effect="fade" time="250">WindowOpen</animation>
      <animation effect="fade" time="250">WindowClose</animation>
    </control>
    <control>
      <description>Current program genre Shadow</description>
      <type>fadelabel</type>
      <id>13</id>
      <posX>1905</posX>
      <posY>771</posY>
      <width>450</width>
      <label>#TV.View.genre</label>
      <font>mediastream12tc</font>
      <align>right</align>
      <textcolor>ff111111</textcolor>
      <animation effect="fade" time="250">WindowOpen</animation>
      <animation effect="fade" time="250">WindowClose</animation>
    </control>
    <control>
      <description>Current program genre</description>
      <type>fadelabel</type>
      <id>13</id>
      <posX>1905</posX>
      <posY>774</posY>
      <width>450</width>
      <label>#TV.View.genre</label>
      <font>mediastream12tc</font>
      <align>right</align>
      <textcolor>ffffffff</textcolor>
      <animation effect="fade" time="250">WindowOpen</animation>
      <animation effect="fade" time="250">WindowClose</animation>
    </control>
    <control>
      <description>Description</description>
      <type>textboxscrollup</type>
      <id>15</id>
      <posX>330</posX>
      <posY>855</posY>
      <width>1500</width>
      <height>202</height>
      <seperator>__________________________________________________________________________________________________________</seperator>
      <label>#TV.View.description</label>
      <font>font14</font>
      <animation effect="fade" time="250">WindowOpen</animation>
      <animation effect="fade" time="250">WindowClose</animation>
    </control>
    <control>
      <description>Current Channel Thumb</description>
      <type>image</type>
      <id>204</id>
      <posX>37</posX>
      <posY>810</posY>
      <width>225</width>
      <height>225</height>
      <texture flipY="true" diffuse="diffusemirrorwide.png">#TV.View.thumb</texture>
      <keepaspectratio>yes</keepaspectratio>
      <animation effect="slide" start="0,-75" tween="bounce" time="700" delay="100">WindowOpen</animation>
      <animation effect="rotatey" start="0" end="-131" center="15,0" time="500" reversible="false">WindowClose</animation>
    </control>
    <control>
      <description>record pin</description>
      <type>image</type>
      <id>24</id>
      <posX>21</posX>
      <posY>24</posY>
      <width>27</width>
      <height>27</height>
      <visible>no</visible>
      <texture>tvguide_record_button.png</texture>
      <animation effect="fade" start="20" time="2000" condition="true" pulse="true">Conditional</animation>
      <animation effect="fade" time="250">WindowClose</animation>
      <animation effect="fade" time="250">WindowOpen</animation>
    </control>
  </controls>
</window>