﻿<?xml version="1.0" encoding="utf-8" standalone="yes"?>
<!--
Contains Music and Video Overlay
same location everywhere
-->
<window>
  <controls>
    <!--                                    :: DUMMY / BACKGROUND ::                                    -->
    <control>
      <description>dummy (visible when music is playing)</description>
      <type>label</type>
      <id>3337</id>
      <posX>2000</posX>
      <label>#Play.Current.Album</label>
      <visible>player.hasmedia+control.hastext(3337)</visible>
    </control>
    <control>
      <description>dummy (visible when there is a next track)</description>
      <type>label</type>
      <id>3338</id>
      <posX>1800</posX>
      <label>#Play.Next.Title</label>
      <visible>player.hasmedia+control.hastext(3338)</visible>
    </control>
    <control>
      <description>dialog bg</description>
      <type>image</type>
      <id>0</id>
      <posX>0</posX>
      <posY>60</posY>
      <width>512</width>
      <height>152</height>
      <texture>dialogprogressbg.png</texture>
      <visible>player.hasmedia</visible>
      <animation effect="fade" time="500">WindowOpen</animation>
      <animation effect="fade" time="500">WindowClose</animation>
    </control>
    <!--                                    :: MUSIC OVERLAY IN REGULAR HOME ::                                    -->
    <control>
      <description>music logo</description>
      <type>image</type>
      <id>0</id>
      <posX>18</posX>
      <posY>78</posY>
      <width>114</width>
      <height>114</height>
      <keepaspectratio>no</keepaspectratio>
      <centered>yes</centered>
      <zoom>yes</zoom>
      <texture>defaultAudioBig.png</texture>
      <visible>player.hasmedia+control.isvisible(3337)+string.equals(#Play.Current.Thumb,)</visible>
      <animation effect="fade" time="500">WindowOpen</animation>
      <animation effect="fade" time="500">WindowClose</animation>
    </control>
    <control>
      <description>music logo</description>
      <type>image</type>
      <id>7220</id>
      <posX>18</posX>
      <posY>78</posY>
      <width>114</width>
      <height>114</height>
      <keepaspectratio>no</keepaspectratio>
      <centered>yes</centered>
      <zoom>yes</zoom>
      <!-- Update by Setup (Ensure ID is unique)-->
      <texture>C:\ProgramData\team mediaportal\mediaportal\thumbs\Music\Artists\#Play.Current.ArtistL.jpg</texture>
      <visible>player.hasmedia+control.isvisible(3337)+string.equals(#Play.Current.Thumb,)</visible>
      <animation effect="fade" time="500">WindowOpen</animation>
      <animation effect="fade" time="500">WindowClose</animation>
    </control>
    <control>
      <description>music logo</description>
      <type>image</type>
      <id>7230</id>
      <posX>18</posX>
      <posY>78</posY>
      <width>114</width>
      <height>114</height>
      <keepaspectratio>no</keepaspectratio>
      <centered>yes</centered>
      <zoom>no</zoom>
      <texture>#Play.Current.Thumb</texture>
      <visible>player.hasmedia+control.isvisible(3337)+!string.equals(#Play.Current.Thumb,)</visible>
      <animation effect="fade" time="500">WindowOpen</animation>
      <animation effect="fade" time="500">WindowClose</animation>
    </control>
    <control>
      <description>Music logo Animation</description>
      <type>animation</type>
      <id>7210</id>
      <posX>18</posX>
      <posY>78</posY>
      <width>114</width>
      <height>114</height>
      <!-- Updated by setup (Ensure ID is unique)-->
      <textures>#Play.Current.Thumb;C:\ProgramData\team mediaportal\mediaportal\thumbs\Music\Artists\#Play.Current.ArtistL.jpg</textures>
      <Duration>0:0:45</Duration>
      <randomize>no</randomize>
      <keepaspectratio>no</keepaspectratio>
      <centered>yes</centered>
      <zoom>yes</zoom>
      <visible>player.hasmedia+control.isvisible(3337)+control.hasthumb(7220)+control.hasthumb(7230)</visible>
      <animation effect="fade" time="500" reversible="true">Visible</animation>
      <animation effect="fade" time="500">WindowOpen</animation>
      <animation effect="fade" time="500">WindowClose</animation>
    </control>
    <control>
      <description>Selectable Button</description>
      <type>button</type>
      <id>1701</id>
      <posX>13</posX>
      <posY>73</posY>
      <width>124</width>
      <height>124</height>
      <textureFocus>thumbborder5.png</textureFocus>
      <textureNoFocus>-</textureNoFocus>
      <!--<action>18</action>-->
      <hyperlink>25652</hyperlink>
      <colordiffuse>f1ffffff</colordiffuse>
      <visible>player.hasmedia+control.isvisible(3337)</visible>
      <animation effect="fade" time="500">WindowOpen</animation>
      <animation effect="fade" time="500">WindowClose</animation>
    </control>
    <control>
      <description>artist info label</description>
      <type>fadelabel</type>
      <id>0</id>
      <width>340</width>
      <height>40</height>
      <posX>143</posX>
      <posY>80</posY>
      <label>#Play.Current.Artist</label>
      <textcolor>FFFFFFFF</textcolor>
      <font>mediastream12tc</font>
      <visible>player.hasmedia+control.isvisible(3337)</visible>
      <animation effect="fade" time="500">WindowOpen</animation>
      <animation effect="fade" time="500">WindowClose</animation>
    </control>
    <control>
      <description>title info label</description>
      <type>fadelabel</type>
      <id>0</id>
      <width>340</width>
      <height>40</height>
      <posX>143</posX>
      <posY>104</posY>
      <label>#Play.Current.Title</label>
      <textcolor>FFFFFFFF</textcolor>
      <font>mediastream10tc</font>
      <visible>player.hasmedia+control.isvisible(3337)</visible>
      <animation effect="fade" time="500">WindowOpen</animation>
      <animation effect="fade" time="500">WindowClose</animation>
    </control>
    <control>
      <description>album info label</description>
      <type>fadelabel</type>
      <id>0</id>
      <width>340</width>
      <height>40</height>
      <posX>143</posX>
      <posY>123</posY>
      <label>#RadioTime.Play.Station</label>
      <textcolor>FFFFFFFF</textcolor>
      <font>mediastream10c</font>
      <visible>player.hasmedia+control.isvisible(3337)</visible>
      <animation effect="fade" time="500">WindowOpen</animation>
      <animation effect="fade" time="500">WindowClose</animation>
    </control>
    <control>
      <description>play time / duration label</description>
      <type>label</type>
      <id>0</id>
      <width>340</width>
      <height>40</height>
      <posX>143</posX>
      <posY>141</posY>
      <label>#currentplaytime / #duration</label>
      <textcolor>FFFFFFFF</textcolor>
      <font>mediastream10c</font>
      <visible>player.hasmedia+control.isvisible(3337)</visible>
      <animation effect="fade" time="500">WindowOpen</animation>
      <animation effect="fade" time="500">WindowClose</animation>
    </control>
    <control>
      <description>Format</description>
      <type>label</type>
      <id>0</id>
      <width>300</width>
      <height>40</height>
      <posX>143</posX>
      <posY>167</posY>
      <label>Stream Format: #RadioTime.Play.Format</label>
      <visible>player.hasmedia+control.isvisible(3337)</visible>
      <font>mediastream9c</font>
      <animation effect="fade" time="500">WindowOpen</animation>
      <animation effect="fade" time="500">WindowClose</animation>
    </control>
  </controls>
</window>
<!--Checksum:d215248c29583c014cd9762fbd3bb43a-->