﻿<?xml version="1.0" encoding="utf-8"?>
<!-- 
This file should contain the facade view
-->
<window>
  <controls>
    <control>
      <description>Page Count Background</description>
      <type>image</type>
      <id>0</id>
      <posX>1013</posX>
      <posY>684</posY>
      <width>260</width>
      <height>30</height>
      <texture>mediacountbg_Spin.png</texture>
      <animation effect="fade" time="250">WindowOpen</animation>
      <animation effect="fade" time="250">WindowClose</animation>
      <visible>facadeview.list|facadeview.smallicons|facadeview.largeicons|facadeview.filmstrip|facadeview.playlist</visible>
    </control>
    <control>
      <description>Page Count Label</description>
      <type>label</type>
      <label>30009</label>
      <id>0</id>
      <posX>1023</posX>
      <posY>688</posY>
      <font>mediastream12tc</font>
      <textcolor>ff909090</textcolor>
      <animation effect="fade" time="250">WindowOpen</animation>
      <animation effect="fade" time="250">WindowClose</animation>
      <visible>facadeview.list|facadeview.smallicons|facadeview.largeicons|facadeview.filmstrip|facadeview.playlist</visible>
    </control>
    <!-- Facade Item Counts -->
    <control>
      <description>Item Count Background</description>
      <type>image</type>
      <id>0</id>
      <posX>1065</posX>
      <posY>13</posY>
      <width>202</width>
      <height>28</height>
      <texture>mediacountbg.png</texture>
      <animation effect="fade" time="250">WindowOpen</animation>
      <animation effect="fade" time="250">WindowClose</animation>
      <animation effect="slide" time="150" start="800,0">WindowOpen</animation>
      <animation effect="slide" time="250" end="800,0">WindowClose</animation>
      <visible>control.isvisible(50)</visible>
    </control>
    <control>
      <description>Item Count Label</description>
      <type>label</type>
      <label>507</label>
      <id>0</id>
      <width>135</width>
      <posX>1078</posX>
      <posY>16</posY>
      <align>left</align>
      <font>mediastream10tc</font>
      <textcolor>ff909090</textcolor>
      <animation effect="fade" time="250">WindowOpen</animation>
      <animation effect="fade" time="250">WindowClose</animation>
      <animation effect="slide" time="150" start="800,0">WindowOpen</animation>
      <animation effect="slide" time="250" end="800,0">WindowClose</animation>
      <visible>control.isvisible(50)</visible>
    </control>
    <control>
      <description>Item Count</description>
      <type>label</type>
      <label>#itemcount</label>
      <id>0</id>
      <posX>1238</posX>
      <posY>14</posY>
      <font>mediastream11c</font>
      <textcolor>ff006698</textcolor>
      <align>right</align>
      <animation effect="fade" time="250">WindowOpen</animation>
      <animation effect="fade" time="250">WindowClose</animation>
      <animation effect="slide" time="150" start="800,0">WindowOpen</animation>
      <animation effect="slide" time="250" end="800,0">WindowClose</animation>
      <visible>control.isvisible(50)</visible>
    </control>
    <control>
      <description>group element</description>
      <type>group</type>
      <animation effect="fade" time="250">WindowOpen</animation>
      <animation effect="fade" time="250">WindowClose</animation>
      <animation effect="slide" time="150" start="1000,0">WindowOpen</animation>
      <animation effect="slide" time="250" end="1000,0">WindowClose</animation>
      <control>
        <type>facadeview</type>
        <id>50</id>
        <control>
          <description>Movie List</description>
          <type>listcontrol</type>
          <id>50</id>
          <onleft>2</onleft>
          <onright>2</onright>
          <posX>756</posX>
          <posY>317</posY>
          <height>400</height>
          <textXOff2>500</textXOff2>
          <explicitlyEnableScrollLabel>yes</explicitlyEnableScrollLabel>
          <spinPosX>1175</spinPosX>
          <spinPosY>681</spinPosY>
          <spinAlign>Right</spinAlign>
          <spinColor>ff006698</spinColor>
          <spinWidth>50</spinWidth>
          <spinHeight>37</spinHeight>
          <spinCanFocus>no</spinCanFocus>
          <textureUp>arrow_round_up_nofocus.png</textureUp>
          <textureDown>arrow_round_down_nofocus.png</textureDown>
          <textureUpFocus>arrow_round_up_focus.png</textureUpFocus>
          <textureDownFocus>arrow_round_down_focus.png</textureDownFocus>
        </control>
        <control>
          <description>Filmstrip view</description>
          <type>filmstrip</type>
          <id>50</id>
          <onup>2</onup>
          <onleft>50</onleft>
          <posX>12</posX>
          <posY>512</posY>
          <width>1280</width>
          <height>220</height>
          <scrollOffset>4</scrollOffset>
          <itemWidth>125</itemWidth>
          <itemHeight>156</itemHeight>
          <textureWidth>117</textureWidth>
          <textureHeight>169</textureHeight>
          <thumbWidth>103</thumbWidth>
          <thumbHeight>156</thumbHeight>
          <thumbPosX>7</thumbPosX>
          <thumbPosY>7</thumbPosY>
          <thumbs flipY="true" diffuse="diffusemirrorwide.png" />
          <InfoImage>
          </InfoImage>
          <imageFolder>-</imageFolder>
          <imageFolderFocus>thumbborder.png</imageFolderFocus>
          <frame>-</frame>
          <frameFocus>-</frameFocus>
          <showFrame>no</showFrame>
          <showFolder>yes</showFolder>
          <showBackGround>no</showBackGround>
          <showInfoImage>no</showInfoImage>
          <thumbAnimation effect="zoom" start="100,100" end="120,120" time="110">focus</thumbAnimation>
          <thumbAnimation effect="zoom" start="120,120" end="100,100" time="110">unfocus</thumbAnimation>
          <!-- Spin Controls -->
          <spinWidth>50</spinWidth>
          <spinHeight>37</spinHeight>
          <spinPosX>1175</spinPosX>
          <spinPosY>681</spinPosY>
          <spinAlign>Right</spinAlign>
          <spinColor>ff006698</spinColor>
          <textureUp>arrow_round_up_nofocus.png</textureUp>
          <textureDown>arrow_round_down_nofocus.png</textureDown>
          <textureUpFocus>arrow_round_up_focus.png</textureUpFocus>
          <textureDownFocus>arrow_round_down_focus.png</textureDownFocus>
        </control>
        <control>
          <description>Thumbnail Panel</description>
          <type>thumbnailpanel</type>
          <id>50</id>
          <onleft>2</onleft>
          <onright>2</onright>
          <textureUp>-</textureUp>
          <textureDown>-</textureDown>
          <posX>530</posX>
          <posY>230</posY>
          <width>750</width>
          <height>480</height>
          <!-- Small Icons 0.66 aspect ratio -->
          <itemWidth>100</itemWidth>
          <itemHeight>145</itemHeight>
          <textureWidth>100</textureWidth>
          <textureHeight>144</textureHeight>
          <thumbWidth>90</thumbWidth>
          <thumbHeight>135</thumbHeight>
          <thumbPosX>5</thumbPosX>
          <thumbPosY>5</thumbPosY>
          <!-- Large Icons 0.66 aspect ratio -->
          <textureWidthBig>148</textureWidthBig>
          <textureHeightBig>217</textureHeightBig>
          <itemWidthBig>147</itemWidthBig>
          <itemHeightBig>215</itemHeightBig>
          <thumbWidthBig>132</thumbWidthBig>
          <thumbHeightBig>200</thumbHeightBig>
          <thumbPosXBig>8</thumbPosXBig>
          <thumbPosYBig>8</thumbPosYBig>
          <imageFolderFocus>thumbborder3.png</imageFolderFocus>
          <font>font12</font>
          <suffix>|</suffix>
          <thumbZoom>yes</thumbZoom>
          <enableFocusZoom>no</enableFocusZoom>
          <!-- Spin Controls -->
          <spinWidth>50</spinWidth>
          <spinHeight>37</spinHeight>
          <spinPosX>1175</spinPosX>
          <spinPosY>681</spinPosY>
          <spinAlign>Right</spinAlign>
          <spinColor>ff006698</spinColor>
          <textureUp>arrow_round_up_nofocus.png</textureUp>
          <textureDown>arrow_round_down_nofocus.png</textureDown>
          <textureUpFocus>arrow_round_up_focus.png</textureUpFocus>
          <textureDownFocus>arrow_round_down_focus.png</textureDownFocus>
        </control>
        <control>
          <description>Cover Flow view</description>
          <type>coverflow</type>
          <colordiffuse>90ffffff</colordiffuse>
          <dimColor>90ffffff</dimColor>
          <id>50</id>
          <posX>0</posX>
          <posY>240</posY>
          <width>1280</width>
          <height>720</height>
          <onup>2</onup>
		  <onright>50</onright>
          <selectedCard>0</selectedCard>
          <cardWidth>250</cardWidth>
          <cardHeight>375</cardHeight>
          <angle>45</angle>
          <sideShift>220</sideShift>
          <sideGap>100</sideGap>
          <sideDepth>250</sideDepth>
          <offsetY>0</offsetY>
          <selectedOffsetY>0</selectedOffsetY>
          <speed>4</speed>
          <backgroundHeight>250</backgroundHeight>
          <backgroundWidth>1280</backgroundWidth>
          <backgroundX>0</backgroundX>
          <backgroundY>470</backgroundY>
          <backgroundDiffuse>FF000000</backgroundDiffuse>
          <background>filmstrip_overlay.png</background>
          <showBackground>yes</showBackground>
          <foregroundHeight>724</foregroundHeight>
          <foregroundWidth>1284</foregroundWidth>
          <foregroundX>-2</foregroundX>
          <foregroundY>-2</foregroundY>
          <foregroundDiffuse>FF000000</foregroundDiffuse>
          <foreground>-</foreground>
          <showForeground>no</showForeground>
          <showFrame>yes</showFrame>
          <frame>coverflow.poster.square.glass.png</frame>
          <frameFocus>coverflow.poster.square.glass.png</frameFocus>
          <frameWidth>250</frameWidth>
          <frameHeight>375</frameHeight>
          <spinSpeed>8</spinSpeed>
          <unfocusedAlpha>FF</unfocusedAlpha>
          <folderPrefix>[</folderPrefix>
          <folderSuffix>]</folderSuffix>
          <font1>mediastream14tc</font1>
          <font2>mediastream12tc</font2>
          <label1>#title</label1>
          <label2>#genre</label2>
          <textColor>FFFFFFFF</textColor>
          <remoteColor>FFFF0000</remoteColor>
          <playedColor>FFFFFFFF</playedColor>
          <downloadColor>FF00FF00</downloadColor>
          <selectedColor>FFFFFFFF</selectedColor>
          <shadowAngle>45</shadowAngle>
          <shadowDistance>2</shadowDistance>
          <shadowColor>FF222222</shadowColor>
          <label1YOff>395</label1YOff>
          <label2YOff>420</label2YOff>
          <pageSize>5</pageSize>
          <scrollbarBackground>bar_hor.png</scrollbarBackground>
          <scrollbarLeft>mouse_left_horizontal.png</scrollbarLeft>
          <scrollbarRight>mouse_right_horizontal.png</scrollbarRight>
          <scrollbarYOff>462</scrollbarYOff>
          <showScrollbar>no</showScrollbar>
          <cards flipY="yes" diffuse="Thumb_Mask.png" mask="video_poster_square_mask.png" />
          <subitems>
            <subitem><![CDATA[
                <controls>
                  <control>
                    <description>background</description>
                    <type>image</type>
                    <posX>0</posX>
                    <posY>0</posY>
                    <width>250</width>
                    <height>360</height>
                    <texture flipY="yes" diffuse="Thumb_Mask.png" mask="video_poster_square_mask.png">black.png</texture>
                  </control>
                  <control>
                    <description>Movie Details</description>
                    <type>label</type>
                    <posX>20</posX>
                    <posY>10</posY>
                    <width>210</width>
                    <label>Movie Details</label>
                    <font>mediastream10tc</font>
                    <textcolor>FFFFFFFF</textcolor>
                  </control>
                  <control>
                    <description>genre</description>
                    <type>label</type>
                    <posX>20</posX>
                    <posY>30</posY>
                    <width>210</width>
                    <label>#genre</label>
                    <font>mediastream10</font>
                    <textcolor>FFFFFFFF</textcolor>
                  </control>
                  <control>
                    <description>year</description>
                    <type>label</type>
                    <posX>20</posX>
                    <posY>50</posY>
                    <width>210</width>
                    <label>#year</label>
                    <font>mediastream10</font>
                    <textcolor>FFFFFFFF</textcolor>
                  </control>
                  <control>
                    <description>runtime</description>
                    <type>label</type>
                    <posX>20</posX>
                    <posY>70</posY>
                    <width>210</width>
                    <label>#runtime #StreamedMP.Minutes</label>
                    <font>mediastream10</font>
                    <textcolor>FFFFFFFF</textcolor>
                  </control>
                  <control>
                    <description>rating</description>
                    <type>label</type>
                    <posX>20</posX>
                    <posY>90</posY>
                    <width>210</width>
                    <label>#rating (#votes #StreamedMP.Votes)</label>
                    <font>mediastream10</font>
                    <textcolor>FFFFFFFF</textcolor>
										<visible>!string.equals(#rating,0)</visible>
                  </control>                 
                  <control>
                    <description>Director Label</description>
                    <type>label</type>
                    <posX>20</posX>
                    <posY>115</posY>
                    <width>210</width>
                    <label>#StreamedMP.Director</label>
                    <font>mediastream10tc</font>
                    <textcolor>FFFFFFFF</textcolor>
                  </control>
                  <control>
                    <description>director</description>
                    <type>label</type>
                    <posX>20</posX>
                    <posY>132</posY>
                    <width>210</width>
                    <label>#director</label>
                    <font>mediastream10</font>
                    <textcolor>FFFFFFFF</textcolor>
                  </control>
									<control>
                    <description>Plot Label</description>
                    <type>label</type>
                    <posX>20</posX>
                    <posY>155</posY>
                    <width>210</width>
                    <label>#(string.rtrim(L(203),':'))</label>
                    <font>mediastream10tc</font>
                    <textcolor>FFFFFFFF</textcolor>
                  </control>
                  <control>
                    <description>plot</description>
                    <type>textboxscrollup</type>
										<id>0</id>
                    <posX>20</posX>
                    <posY>173</posY>
                    <width>220</width>
                    <height>80</height>
                    <label>#plot</label>
                    <font>mediastream10</font>
                    <lineSpacing>2</lineSpacing>
                    <textcolor>FFFFFFFF</textcolor>
										<scrollStartDelaySec>15</scrollStartDelaySec>
                  </control>
                </controls>
              ]]></subitem>
          </subitems>		  
        </control>
        <control>
          <description>playlist listcontrol</description>
          <type>playlistcontrol</type>
          <id>50</id>
          <scrollOffset>2</scrollOffset>
          <onleft>2</onleft>
          <onright>2</onright>
          <!-- Spin Controls -->
          <spinWidth>50</spinWidth>
          <spinHeight>37</spinHeight>
          <spinPosX>1175</spinPosX>
          <spinPosY>681</spinPosY>
          <spinAlign>Right</spinAlign>
          <spinColor>ff006698</spinColor>
          <textureUp>arrow_round_up_nofocus.png</textureUp>
          <textureDown>arrow_round_down_nofocus.png</textureDown>
          <textureUpFocus>arrow_round_up_focus.png</textureUpFocus>
          <textureDownFocus>arrow_round_down_focus.png</textureDownFocus>
        </control>
      </control>
    </control>
  </controls>
</window>
<!--Checksum:3a5c0582fb174c9bc6864342b63b4568-->