﻿<?xml version="1.0" encoding="utf-8" standalone="yes"?>
<!--different overlays on home screens-->
<window>
  <controls>
    <!--                                    :: DUMMY / BACKGROUND ::                                    -->
    <control>
      <description>dummy (To enable fanart set this control to visible)</description>
      <type>label</type>
      <id>3339</id>
      <posX>2000</posX>
      <label>
      </label>
      <visible>No</visible>
    </control>
    <control>
      <description>DUMMY CONTROL FOR FANART 1 RANDOM VISIBILITY CONDITION</description>
      <type>label</type>
      <id>91919297</id>
      <posX>0</posX>
      <posY>0</posY>
      <width>1</width>
    </control>
    <control>
      <description>DUMMY CONTROL FOR FANART 2 RANDOM VISIBILITY CONDITION</description>
      <type>label</type>
      <id>91919298</id>
      <posX>0</posX>
      <posY>0</posY>
      <width>1</width>
    </control>
    <control>
      <description>DUMMY CONTROL FOR FANART 1 PLAY VISIBILITY CONDITION</description>
      <type>label</type>
      <id>91919295</id>
      <posX>0</posX>
      <posY>0</posY>
      <width>1</width>
    </control>
    <control>
      <description>DUMMY CONTROL FOR FANART 2 PLAY VISIBILITY CONDITION</description>
      <type>label</type>
      <id>91919296</id>
      <posX>0</posX>
      <posY>0</posY>
      <width>1</width>
    </control>
    <control>
      <description>DUMMY CONTROL FOR FANART AVAILABILITY CONDITION</description>
      <type>label</type>
      <id>91919294</id>
      <posX>0</posX>
      <posY>0</posY>
      <width>1</width>
      <visible>no</visible>
    </control>
    <control>
      <description>dummy (visible when music is playing)</description>
      <type>label</type>
      <id>3337</id>
      <posX>2000</posX>
      <label>#Play.Current.Album</label>
      <visible>!player.hasvideo+player.hasaudio</visible>
    </control>
    <control>
      <description>dummy (visible when there is a next track)</description>
      <type>label</type>
      <id>3338</id>
      <posX>2000</posX>
      <label>#Play.Next.Title</label>
      <visible>player.hasmedia+control.hastext(3338)</visible>
    </control>
    <control>
      <description>dialog bg</description>
      <type>image</type>
      <id>0</id>
      <posX>765</posX>
      <posY>540</posY>
      <width>519</width>
      <height>152</height>
      <texture>dialogprogressbg.png</texture>
      <visible>player.hasmedia+![window.istopmost(0)|window.istopmost(34)]+!control.isvisible(6767)+!control.isvisible(6767) + string.equals(#StreamedMP.VideoWallpaper,false)</visible>
      <!-- Not visible in regular home and my plugins -->
    </control>
    <control>
      <description>PICTURES NOW PLAYING BACKGROUND 1</description>
      <id>0</id>
      <type>image</type>
      <posX>990</posX>
      <posY>558</posY>
      <width>270</width>
      <height>114</height>
      <texture>#fanarthandler.music.backdrop1.play</texture>
      <visible>control.isvisible(3339)+Player.HasMedia+control.isvisible(91919295)+![window.istopmost(0)|window.istopmost(34)]+!control.isvisible(6767) + string.equals(#StreamedMP.VideoWallpaper,false)</visible>
      <animation effect="fade" start="10" end="100" time="1000">Visible</animation>
    </control>
    <control>
      <description>PICTURES NOW PLAYING BACKGROUND 2</description>
      <id>0</id>
      <type>image</type>
      <posX>990</posX>
      <posY>558</posY>
      <width>270</width>
      <height>114</height>
      <texture>#fanarthandler.music.backdrop2.play</texture>
      <visible>control.isvisible(3339)+Player.HasMedia+control.isvisible(91919296)+![window.istopmost(0)|window.istopmost(34)]+!control.isvisible(6767) + string.equals(#StreamedMP.VideoWallpaper,false)</visible>
      <animation effect="fade" start="10" end="100" time="1000">Visible</animation>
    </control>
    <control>
      <description>Overlay Mask</description>
      <id>0</id>
      <type>image</type>
      <posX>783</posX>
      <posY>558</posY>
      <width>512</width>
      <height>114</height>
      <colordiffuse>EFFFFFFF</colordiffuse>
      <texture>overlayfanartmask.png</texture>
      <visible>control.isvisible(3339)+Player.HasMedia+control.isvisible(91919294)+![window.istopmost(0)|window.istopmost(34)]+!control.isvisible(6767) + string.equals(#StreamedMP.VideoWallpaper,false)</visible>
    </control>
    <!--                                    :: MUSIC OVERLAY IN BASIC HOME ::                                    -->
    <control>
      <description>music logo</description>
      <type>image</type>
      <id>0</id>
      <posX>783</posX>
      <posY>558</posY>
      <width>114</width>
      <height>114</height>
      <keepaspectratio>yes</keepaspectratio>
      <centered>yes</centered>
      <zoom>no</zoom>
      <texture>defaultAudioBig.png</texture>
      <visible>player.hasmedia+control.isvisible(3337)+![window.istopmost(0)|window.istopmost(34)]+string.starts(#Play.Current.thumb,#)+!control.isvisible(6767) + string.equals(#StreamedMP.VideoWallpaper,false)</visible>
    </control>
    <control>
      <description>music logo</description>
      <type>image</type>
      <id>7220</id>
      <posX>783</posX>
      <posY>558</posY>
      <width>114</width>
      <height>114</height>
      <keepaspectratio>no</keepaspectratio>
      <centered>yes</centered>
      <zoom>yes</zoom>
      <texture>#StreamedMP.ArtistPath\#Play.Current.ArtistL.jpg</texture>
      <visible>player.hasmedia+control.isvisible(3337)+![window.istopmost(0)|window.istopmost(34)]+string.equals(#Play.Current.thumb,)+!control.isvisible(6767) + string.equals(#StreamedMP.VideoWallpaper,false)</visible>
    </control>
    <control>
      <description>music logo</description>
      <type>image</type>
      <id>7230</id>
      <posX>783</posX>
      <posY>558</posY>
      <width>114</width>
      <height>114</height>
      <keepaspectratio>yes</keepaspectratio>
      <centered>yes</centered>
      <zoom>no</zoom>
      <texture>#Play.Current.Thumb</texture>
      <visible>player.hasmedia+control.isvisible(3337)+![window.istopmost(0)|window.istopmost(34)]+!string.equals(#Play.Current.thumb,)+!control.isvisible(6767) + string.equals(#StreamedMP.VideoWallpaper,false)</visible>
    </control>
    <control>
      <description>Music logo Animation</description>
      <type>animation</type>
      <id>7210</id>
      <posX>783</posX>
      <posY>558</posY>
      <width>114</width>
      <height>114</height>
      <textures>#Play.Current.Thumb;#StreamedMP.ArtistPath\#Play.Current.ArtistL.jpg</textures>
      <Duration>0:0:45</Duration>
      <randomize>no</randomize>
      <keepaspectratio>no</keepaspectratio>
      <centered>yes</centered>
      <zoom>yes</zoom>
      <visible>player.hasmedia+control.isvisible(3337)+![window.istopmost(0)|window.istopmost(34)]+control.hasthumb(7220)+control.hasthumb(7230)+!control.isvisible(6767) + string.equals(#StreamedMP.VideoWallpaper,false)</visible>
    </control>
    <control>
      <description>Selectable Button</description>
      <type>button</type>
      <id>17011</id>
      <posX>778</posX>
      <posY>553</posY>
      <width>124</width>
      <height>124</height>
      <textureFocus>thumbborder5.png</textureFocus>
      <textureNoFocus>-</textureNoFocus>
      <hyperlink>510</hyperlink>
      <!--<action>18</action>-->
      <onup>7777</onup>
      <ondown>7777</ondown>
      <onright>7777</onright>
      <onleft>7777</onleft>
      <colordiffuse>f1ffffff</colordiffuse>
      <visible>player.hasmedia+control.isvisible(3337)+![window.istopmost(0)|window.istopmost(34)]+!control.isvisible(6767) + string.equals(#StreamedMP.VideoWallpaper,false)</visible>
    </control>
    <control>
      <description>artist info label</description>
      <type>fadelabel</type>
      <id>0</id>
      <width>340</width>
      <height>40</height>
      <posX>908</posX>
      <posY>563</posY>
      <label>#Play.Current.Artist</label>
      <align>left</align>
      <textcolor>FFFFFFFF</textcolor>
      <font>mediastream12tc</font>
      <scrollStartDelaySec>30</scrollStartDelaySec>
      <wrapString> | </wrapString>
      <visible>player.hasmedia+control.isvisible(3337)+![window.istopmost(0)|window.istopmost(34)]+!control.isvisible(6767) + string.equals(#StreamedMP.VideoWallpaper,false)</visible>
    </control>
    <control>
      <description>title info label</description>
      <type>fadelabel</type>
      <id>0</id>
      <width>340</width>
      <height>40</height>
      <posX>908</posX>
      <posY>584</posY>
      <label>#Play.Current.Title</label>
      <align>left</align>
      <textcolor>FFFFFFFF</textcolor>
      <font>mediastream10tc</font>
      <scrollStartDelaySec>30</scrollStartDelaySec>
      <wrapString> | </wrapString>
      <visible>player.hasmedia+control.isvisible(3337)+![window.istopmost(0)|window.istopmost(34)]+!control.isvisible(6767) + string.equals(#StreamedMP.VideoWallpaper,false)</visible>
    </control>
    <control>
      <description>album info label</description>
      <type>fadelabel</type>
      <id>0</id>
      <width>340</width>
      <height>40</height>
      <posX>908</posX>
      <posY>603</posY>
      <label>#Play.Current.Album</label>
      <align>left</align>
      <textcolor>FFFFFFFF</textcolor>
      <font>mediastream10c</font>
      <scrollStartDelaySec>30</scrollStartDelaySec>
      <wrapString> | </wrapString>
      <visible>player.hasmedia+control.isvisible(3337)+![window.istopmost(0)|window.istopmost(34)]+!control.isvisible(6767) + string.equals(#StreamedMP.VideoWallpaper,false)</visible>
    </control>
    <control>
      <description>play time / duration label</description>
      <type>fadelabel</type>
      <id>0</id>
      <width>340</width>
      <height>40</height>
      <posX>908</posX>
      <posY>621</posY>
      <align>left</align>
      <label>#currentplaytime / #duration</label>
      <textcolor>FFFFFFFF</textcolor>
      <font>mediastream10c</font>
      <visible>player.hasmedia+control.isvisible(3337)+![window.istopmost(0)|window.istopmost(34)]+!control.isvisible(6767) + string.equals(#StreamedMP.VideoWallpaper,false)</visible>
    </control>
    <control>
      <description>next song label</description>
      <type>fadelabel</type>
      <id>0</id>
      <width>42</width>
      <height>40</height>
      <posX>908</posX>
      <posY>647</posY>
      <label>Next</label>
      <textcolor>FF025984</textcolor>
      <font>mediastream10</font>
      <align>left</align>
      <visible>player.hasmedia+control.isvisible(3337)+control.isvisible(3338)+![window.istopmost(0)|window.istopmost(34)]+!control.isvisible(6767) + string.equals(#StreamedMP.VideoWallpaper,false)</visible>
    </control>
    <control>
      <description>next song info label</description>
      <type>fadelabel</type>
      <id>0</id>
      <posX>945</posX>
      <posY>647</posY>
      <width>300</width>
      <height>40</height>
      <label>: #Play.Next.Title by #Play.Next.Artist</label>
      <textcolor>white</textcolor>
      <align>left</align>
      <font>mediastream10</font>
      <scrollStartDelaySec>30</scrollStartDelaySec>
      <wrapString> | </wrapString>
      <visible>player.hasmedia+control.isvisible(3337)+control.isvisible(3338)+![window.istopmost(0)|window.istopmost(34)]+!control.isvisible(6767) + string.equals(#StreamedMP.VideoWallpaper,false)</visible>
    </control>
    <!--                                    :: VIDEO OVERLAY IN BASIC HOME ::                                    -->
    <control>
      <description>video preview window BACKGROUND</description>
      <type>button</type>
      <id>17</id>
      <posX>783</posX>
      <posY>557</posY>
      <width>203</width>
      <height>116</height>
      <textureFocus>video_window_focus.png</textureFocus>
      <textureNoFocus>-</textureNoFocus>
      <action>18</action>
      <onup>7777</onup>
      <ondown>7777</ondown>
      <onright>7777</onright>
      <onleft>7777</onleft>
      <visible>player.hasmedia+!control.isvisible(3337)+![window.istopmost(0)|window.istopmost(34)]+!control.isvisible(6767) + string.equals(#StreamedMP.VideoWallpaper,false)</visible>
    </control>
    <control>
      <description>video preview window</description>
      <type>videowindow</type>
      <id>99</id>
      <posX>791</posX>
      <posY>565</posY>
      <width>180</width>
      <height>103</height>
      <textureFocus>tv_blue_border.png</textureFocus>
      <action>18</action>
      <onup>7777</onup>
      <ondown>7777</ondown>
      <onright>7777</onright>
      <onleft>7777</onleft>
      <visible>player.hasmedia+!control.isvisible(3337)+![window.istopmost(0)|window.istopmost(34)]+!control.isvisible(6767) + string.equals(#StreamedMP.VideoWallpaper,false)</visible>
    </control>
    <control>
      <description>artist info label</description>
      <type>fadelabel</type>
      <id>0</id>
      <posX>998</posX>
      <posY>560</posY>
      <width>250</width>
      <height>40</height>
      <label>#Play.Current.Title</label>
      <textcolor>FFFFFFFF</textcolor>
      <font>mediastream10tc</font>
      <scrollStartDelaySec>30</scrollStartDelaySec>
      <wrapString> | </wrapString>
      <visible>player.hasmedia+!control.isvisible(3337)+![window.istopmost(0)|window.istopmost(34)]+!control.isvisible(6767) + string.equals(#StreamedMP.VideoWallpaper,false)</visible>
    </control>
    <control>
      <description>title info label</description>
      <type>fadelabel</type>
      <id>0</id>
      <posX>998</posX>
      <posY>578</posY>
      <width>250</width>
      <height>40</height>
      <label>#Play.Current.Year</label>
      <textcolor>FFFFFFFF</textcolor>
      <font>mediastream10tc</font>
      <scrollStartDelaySec>30</scrollStartDelaySec>
      <wrapString> | </wrapString>
      <visible>player.hasmedia+!control.isvisible(3337)+![window.istopmost(0)|window.istopmost(34)]+!control.isvisible(6767) + string.equals(#StreamedMP.VideoWallpaper,false)</visible>
    </control>
    <control>
      <description>album info label</description>
      <type>fadelabel</type>
      <id>0</id>
      <posX>998</posX>
      <posY>604</posY>
      <width>250</width>
      <height>40</height>
      <label>#Play.Current.Genre</label>
      <textcolor>FFFFFFFF</textcolor>
      <font>mediastream10c</font>
      <scrollStartDelaySec>30</scrollStartDelaySec>
      <wrapString> | </wrapString>
      <visible>player.hasmedia+!control.isvisible(3337)+![window.istopmost(0)|window.istopmost(34)]+!control.isvisible(6767) + string.equals(#StreamedMP.VideoWallpaper,false)</visible>
    </control>
    <control>
      <description>album info label</description>
      <type>fadelabel</type>
      <id>0</id>
      <posX>998</posX>
      <posY>624</posY>
      <width>250</width>
      <height>40</height>
      <label>#Play.Current.Director</label>
      <textcolor>FFFFFFFF</textcolor>
      <font>mediastream10c</font>
      <scrollStartDelaySec>30</scrollStartDelaySec>
      <wrapString> | </wrapString>
      <visible>player.hasmedia+!control.isvisible(3337)+![window.istopmost(0)|window.istopmost(34)]+!control.isvisible(6767) + string.equals(#StreamedMP.VideoWallpaper,false)</visible>
    </control>
    <control>
      <description>play time / duration label</description>
      <type>label</type>
      <id>0</id>
      <posX>998</posX>
      <posY>644</posY>
      <width>250</width>
      <height>40</height>
      <label>#currentplaytime / #duration</label>
      <textcolor>FFFFFFFF</textcolor>
      <font>mediastream10c</font>
      <visible>player.hasmedia+!control.isvisible(3337)+![window.istopmost(0)|window.istopmost(34)]+!control.isvisible(6767) + string.equals(#StreamedMP.VideoWallpaper,false)</visible>
    </control>
  </controls>
</window>
<!--Checksum:34b1763f7374cbcab0e84a6d26e6b3a0-->