﻿<?xml version="1.0" encoding="utf-8" standalone="yes"?>
<!--
Contains Music and Video Overlay
same location everywhere
-->
<window>
  <controls>
    <!--                                    :: DUMMY / BACKGROUND ::                                    -->
    <control>
      <description>dummy (visible when music is playing)</description>
      <type>label</type>
      <id>3337</id>
      <posX>2000</posX>
      <label>#Play.Current.Album</label>
      <visible>!player.hasvideo+player.hasaudio</visible>
    </control>
    <control>
      <description>dummy (visible when there is a next track)</description>
      <type>label</type>
      <id>3338</id>
      <posX>1800</posX>
      <label>#Play.Next.Title</label>
      <visible>player.hasmedia+control.hastext(3338)</visible>
    </control>
    <control>
      <description>dialog bg</description>
      <type>image</type>
      <id>0</id>
      <posX>0</posX>
      <posY>60</posY>
      <width>512</width>
      <height>152</height>
      <texture>dialogprogressbg.png</texture>
      <visible>player.hasmedia+![[facadeview.filmstrip|Control.IsVisible(1236)]|Control.IsVisible(1236)]+string.equals(#StreamedMP.VideoWallpaper,false)</visible>
      <animation effect="fade" time="500">WindowOpen</animation>
      <animation effect="fade" time="500">WindowClose</animation>
    </control>
    <!--                                    :: MUSIC OVERLAY IN REGULAR HOME ::                                    -->
    <control>
      <description>music logo</description>
      <type>image</type>
      <id>0</id>
      <posX>18</posX>
      <posY>78</posY>
      <width>114</width>
      <height>114</height>
      <keepaspectratio>no</keepaspectratio>
      <centered>yes</centered>
      <zoom>yes</zoom>
      <texture>defaultAudioBig.png</texture>
      <visible>player.hasmedia+control.isvisible(3337)+string.equals(#Play.Current.Thumb,)+![facadeview.filmstrip|Control.IsVisible(1236)]</visible>
      <animation effect="fade" time="500">WindowOpen</animation>
      <animation effect="fade" time="500">WindowClose</animation>
    </control>
    <control>
      <description>music logo</description>
      <type>image</type>
      <id>7220</id>
      <posX>18</posX>
      <posY>78</posY>
      <width>114</width>
      <height>114</height>
      <keepaspectratio>no</keepaspectratio>
      <centered>yes</centered>
      <zoom>yes</zoom>
      <texture>#StreamedMP.ArtistPath\#Play.Current.ArtistL.jpg</texture>
      <visible>player.hasmedia+control.isvisible(3337)+string.equals(#Play.Current.Thumb,)+![facadeview.filmstrip|Control.IsVisible(1236)]</visible>
      <animation effect="fade" time="500">WindowOpen</animation>
      <animation effect="fade" time="500">WindowClose</animation>
    </control>
    <control>
      <description>music logo</description>
      <type>image</type>
      <id>7230</id>
      <posX>18</posX>
      <posY>78</posY>
      <width>114</width>
      <height>114</height>
      <keepaspectratio>no</keepaspectratio>
      <centered>yes</centered>
      <zoom>no</zoom>
      <texture>#Play.Current.Thumb</texture>
      <visible>player.hasmedia+control.isvisible(3337)+!string.equals(#Play.Current.Thumb,)+![facadeview.filmstrip|Control.IsVisible(1236)]</visible>
      <animation effect="fade" time="500">WindowOpen</animation>
      <animation effect="fade" time="500">WindowClose</animation>
    </control>
    <control>
      <description>Music logo Animation</description>
      <type>animation</type>
      <id>7210</id>
      <posX>18</posX>
      <posY>78</posY>
      <width>114</width>
      <height>114</height>
      <textures>#Play.Current.Thumb;#StreamedMP.ArtistPath\#Play.Current.ArtistL.jpg</textures>
      <Duration>0:0:45</Duration>
      <randomize>no</randomize>
      <keepaspectratio>no</keepaspectratio>
      <centered>yes</centered>
      <zoom>yes</zoom>
      <visible>player.hasmedia+control.isvisible(3337)+control.hasthumb(7220)+control.hasthumb(7230)+![facadeview.filmstrip|Control.IsVisible(1236)]</visible>
      <animation effect="fade" time="500" reversible="true">Visible</animation>
      <animation effect="fade" time="500">WindowOpen</animation>
      <animation effect="fade" time="500">WindowClose</animation>
    </control>
    <control>
      <description>Selectable Button</description>
      <type>button</type>
      <id>1701</id>
      <posX>13</posX>
      <posY>73</posY>
      <width>124</width>
      <height>124</height>
      <textureFocus>thumbborder5.png</textureFocus>
      <textureNoFocus>-</textureNoFocus>
      <!--<action>18</action>-->
      <hyperlink>510</hyperlink>
      <colordiffuse>f1ffffff</colordiffuse>
      <visible>player.hasmedia+control.isvisible(3337)+![facadeview.filmstrip|Control.IsVisible(1236)]</visible>
      <animation effect="fade" time="500">WindowOpen</animation>
      <animation effect="fade" time="500">WindowClose</animation>
    </control>
    <control>
      <description>artist info label</description>
      <type>fadelabel</type>
      <id>0</id>
      <width>340</width>
      <height>40</height>
      <posX>143</posX>
      <posY>80</posY>
      <label>#Play.Current.Artist</label>
      <textcolor>FFFFFFFF</textcolor>
      <font>mediastream12tc</font>
      <visible>player.hasmedia+control.isvisible(3337)+![facadeview.filmstrip|Control.IsVisible(1236)]</visible>
      <animation effect="fade" time="500">WindowOpen</animation>
      <animation effect="fade" time="500">WindowClose</animation>
    </control>
    <control>
      <description>title info label</description>
      <type>fadelabel</type>
      <id>0</id>
      <width>340</width>
      <height>40</height>
      <posX>143</posX>
      <posY>104</posY>
      <label>#Play.Current.Title</label>
      <textcolor>FFFFFFFF</textcolor>
      <font>mediastream10tc</font>
      <visible>player.hasmedia+control.isvisible(3337)+![facadeview.filmstrip|Control.IsVisible(1236)]</visible>
      <animation effect="fade" time="500">WindowOpen</animation>
      <animation effect="fade" time="500">WindowClose</animation>
    </control>
    <control>
      <description>album info label</description>
      <type>fadelabel</type>
      <id>0</id>
      <width>340</width>
      <height>40</height>
      <posX>143</posX>
      <posY>123</posY>
      <label>#Play.Current.Album</label>
      <textcolor>FFFFFFFF</textcolor>
      <font>mediastream10c</font>
      <visible>player.hasmedia+control.isvisible(3337)+![facadeview.filmstrip|Control.IsVisible(1236)]</visible>
      <animation effect="fade" time="500">WindowOpen</animation>
      <animation effect="fade" time="500">WindowClose</animation>
    </control>
    <control>
      <description>play time / duration label</description>
      <type>label</type>
      <id>0</id>
      <width>340</width>
      <height>40</height>
      <posX>143</posX>
      <posY>141</posY>
      <label>#currentplaytime / #duration</label>
      <textcolor>FFFFFFFF</textcolor>
      <font>mediastream10c</font>
      <visible>player.hasmedia+control.isvisible(3337)+![facadeview.filmstrip|Control.IsVisible(1236)]</visible>
      <animation effect="fade" time="500">WindowOpen</animation>
      <animation effect="fade" time="500">WindowClose</animation>
    </control>
    <control>
      <description>next song label</description>
      <type>label</type>
      <id>0</id>
      <width>42</width>
      <height>40</height>
      <posX>143</posX>
      <posY>167</posY>
      <label>Next:</label>
      <textcolor>FF025984</textcolor>
      <font>mediastream10</font>
      <visible>player.hasmedia+control.isvisible(3337)+control.isvisible(3338)+![facadeview.filmstrip|Control.IsVisible(1236)]</visible>
      <animation effect="fade" time="500">WindowOpen</animation>
      <animation effect="fade" time="500">WindowClose</animation>
    </control>
    <control>
      <description>next song info label</description>
      <type>label</type>
      <id>0</id>
      <posX>183</posX>
      <posY>167</posY>
      <width>300</width>
      <height>40</height>
      <label>#Play.Next.Title by #Play.Next.Artist</label>
      <textcolor>FF999999</textcolor>
      <font>mediastream10</font>
      <visible>player.hasmedia+control.isvisible(3337)+control.isvisible(3338)+![facadeview.filmstrip|Control.IsVisible(1236)]</visible>
      <animation effect="fade" time="500">WindowOpen</animation>
      <animation effect="fade" time="500">WindowClose</animation>
    </control>
    <!--                                    :: VIDEO OVERLAY ::                                    -->
    <control>
      <description>video preview window</description>
      <type>videowindow</type>
      <id>99</id>
      <posX>20</posX>
      <posY>79</posY>
      <width>203</width>
      <height>114</height>
      <action>18</action>
      <onleft>1701</onleft>
      <textureFocus>tv_blue_border.png</textureFocus>
      <visible>player.hasmedia+!control.isvisible(3337)+![facadeview.filmstrip|Control.IsVisible(1236)]</visible>
      <animation effect="fade" time="500">WindowOpen</animation>
      <animation effect="fade" time="500">WindowClose</animation>
    </control>
    <control>
      <description>artist info label</description>
      <type>fadelabel</type>
      <id>0</id>
      <width>250</width>
      <height>40</height>
      <posX>233</posX>
      <posY>80</posY>
      <label>#Play.Current.Title</label>
      <textcolor>FFFFFFFF</textcolor>
      <font>mediastream10tc</font>
      <visible>player.hasmedia+!control.isvisible(3337)+![facadeview.filmstrip|Control.IsVisible(1236)]+string.equals(#StreamedMP.VideoWallpaper,false)</visible>
      <animation effect="fade" time="500">WindowOpen</animation>
      <animation effect="fade" time="500">WindowClose</animation>
    </control>
    <control>
      <description>title info label</description>
      <type>fadelabel</type>
      <id>0</id>
      <width>250</width>
      <height>40</height>
      <posX>233</posX>
      <posY>98</posY>
      <label>#Play.Current.Year</label>
      <textcolor>FFFFFFFF</textcolor>
      <font>mediastream10tc</font>
      <visible>player.hasmedia+!control.isvisible(3337)+![facadeview.filmstrip|Control.IsVisible(1236)]+string.equals(#StreamedMP.VideoWallpaper,false)</visible>
      <animation effect="fade" time="500">WindowOpen</animation>
      <animation effect="fade" time="500">WindowClose</animation>
    </control>
    <control>
      <description>album info label</description>
      <type>fadelabel</type>
      <id>0</id>
      <width>250</width>
      <height>40</height>
      <posX>233</posX>
      <posY>124</posY>
      <label>#Play.Current.Genre</label>
      <textcolor>FFFFFFFF</textcolor>
      <font>mediastream10c</font>
      <visible>player.hasmedia+!control.isvisible(3337)+![facadeview.filmstrip|Control.IsVisible(1236)]+string.equals(#StreamedMP.VideoWallpaper,false)</visible>
      <animation effect="fade" time="500">WindowOpen</animation>
      <animation effect="fade" time="500">WindowClose</animation>
    </control>
    <control>
      <description>album info label</description>
      <type>fadelabel</type>
      <id>0</id>
      <width>250</width>
      <height>40</height>
      <posX>233</posX>
      <posY>144</posY>
      <label>#Play.Current.Director</label>
      <textcolor>FFFFFFFF</textcolor>
      <font>mediastream10c</font>
      <visible>player.hasmedia+!control.isvisible(3337)+![facadeview.filmstrip|Control.IsVisible(1236)]+string.equals(#StreamedMP.VideoWallpaper,false)</visible>
      <animation effect="fade" time="500">WindowOpen</animation>
      <animation effect="fade" time="500">WindowClose</animation>
    </control>
    <control>
      <description>play time / duration label</description>
      <type>label</type>
      <id>0</id>
      <width>250</width>
      <height>40</height>
      <posX>233</posX>
      <posY>164</posY>
      <label>#currentplaytime / #duration</label>
      <textcolor>FFFFFFFF</textcolor>
      <font>mediastream10c</font>
      <visible>player.hasmedia+!control.isvisible(3337)+![facadeview.filmstrip|Control.IsVisible(1236)]+string.equals(#StreamedMP.VideoWallpaper,false)</visible>
      <animation effect="fade" time="500">WindowOpen</animation>
      <animation effect="fade" time="500">WindowClose</animation>
    </control>
  </controls>
</window>
<!--Checksum:a0488361e86a0454fc0ac879628c9e0f-->