﻿<?xml version="1.0" encoding="utf-8" standalone="yes"?>
<window>
  <controls>
    <control>
      <description>Update Indicator</description>
      <type>group</type>
      <dimColor>0xffffffff</dimColor>
      <visible>string.equals(#StreamedMP.ShowUpdateInd,true)</visible>
      <animation effect="fade" time="200" delay="100">WindowOpen</animation>
      <control>
        <description>Update Background</description>
        <type>image</type>
        <id>0</id>
        <posX>9</posX>
        <posY>15</posY>
        <width>280</width>
        <height>48</height>
        <texture>mediacountbg.png</texture>
      </control>
      <control>
        <description>Update Indicator</description>
        <type>image</type>
        <id>0</id>
        <posX>211</posX>
        <posY>18</posY>
        <width>37</width>
        <height>37</height>
        <texture>isupdate.png</texture>
        <animation effect="zoom" start="101,101" end="108,108" time="1000" easing="inout" pulse="true" reversible="false" condition="true">Conditional</animation>
      </control>
    </control>
    <control>
      <description>Time Background</description>
      <type>image</type>
      <id>0</id>
      <posX>9</posX>
      <posY>15</posY>
      <width>198</width>
      <height>48</height>
      <texture>clockbackground.png</texture>
    </control>
    <control>
      <description>Time Background</description>
      <type>image</type>
      <id>0</id>
      <posX>9</posX>
      <posY>15</posY>
      <width>198</width>
      <height>48</height>
      <texture>clockbackground.png</texture>
      <colordiffuse>ffd52020</colordiffuse>
      <visible>!string.equals(#SleepControl.Text,)+plugin.isenabled(Sleep Control)</visible>
      <animation effect="fade" start="0" time="500" condition="true" pulse="true">Conditional</animation>
    </control>
    <control>
      <description>Time</description>
      <type>label</type>
      <id>0</id>
      <posX>70</posX>
      <posY>18</posY>
      <width>180</width>
      <textcolor>ffffffff</textcolor>
      <font>mediastream12c</font>
      <label>#time</label>
      <align>left</align>
    </control>
  </controls>
</window>
<!--Checksum:3e0cd55c41eed4480426ab8d6e4ada71-->