﻿<?xml version="1.0" encoding="utf-8" standalone="yes"?>
<window>
  <controls>
    <!--                                    :: DUMMY / STUFF ::                                    -->
    <control>
      <description>dummy (visible when music is playing)</description>
      <type>label</type>
      <id>3337</id>
      <posX>2000</posX>
      <label>#Play.Current.Album</label>
      <visible>!player.hasvideo+player.hasaudio</visible>
    </control>
    <control>
      <description>dummy (visible when there is a next track)</description>
      <type>label</type>
      <id>3338</id>
      <posX>2000</posX>
      <label>#Play.Next.Title</label>
      <visible>player.hasmedia+control.hastext(3338)</visible>
    </control>
    <!--                                    :: MUSIC OVERLAY IN REGULAR HOME ::                                    -->
    <control>
      <description>music logo</description>
      <type>image</type>
      <id>0</id>
      <posX>83</posX>
      <posY>558</posY>
      <width>114</width>
      <height>114</height>
      <keepaspectratio>no</keepaspectratio>
      <centered>yes</centered>
      <zoom>yes</zoom>
      <texture>defaultAudioBig.png</texture>
      <visible>player.hasmedia+control.isvisible(3337)+string.equals(#Play.Current.Thumb,)</visible>
    </control>
    <control>
      <description>music logo</description>
      <type>image</type>
      <id>7220</id>
      <posX>83</posX>
      <posY>558</posY>
      <width>114</width>
      <height>114</height>
      <keepaspectratio>no</keepaspectratio>
      <centered>yes</centered>
      <zoom>yes</zoom>
      <!-- Updated by Setup (Ensure ID is unique)-->
      <texture>#StreamedMP.ArtistPath\#StreamedMP.Current.ArtistL.jpg</texture>
      <visible>player.hasmedia+control.isvisible(3337)+string.equals(#Play.Current.Thumb,)</visible>
    </control>
    <control>
      <description>music logo</description>
      <type>image</type>
      <id>7230</id>
      <posX>83</posX>
      <posY>558</posY>
      <width>114</width>
      <height>114</height>
      <keepaspectratio>no</keepaspectratio>
      <centered>yes</centered>
      <zoom>no</zoom>
      <texture>#Play.Current.Thumb</texture>
      <visible>player.hasmedia+control.isvisible(3337)</visible>
    </control>
    <control>
      <description>Music logo Animation</description>
      <type>animation</type>
      <id>7210</id>
      <posX>83</posX>
      <posY>558</posY>
      <width>114</width>
      <height>114</height>
      <!-- Updated by setup (Ensure ID is unique)-->
      <textures>#Play.Current.Thumb;#StreamedMP.ArtistPath\#StreamedMP.Current.ArtistL.jpg</textures>
      <Duration>0:0:45</Duration>
      <randomize>no</randomize>
      <keepaspectratio>no</keepaspectratio>
      <centered>yes</centered>
      <zoom>yes</zoom>
      <visible>player.hasmedia+control.isvisible(3337)+control.hasthumb(7220)+control.hasthumb(7230)</visible>
    </control>
    <control>
      <description>Selectable Button (Cover preview window)</description>
      <type>button</type>
      <id>17</id>
      <posX>78</posX>
      <posY>553</posY>
      <width>124</width>
      <height>124</height>
      <textureFocus>thumbborder5.png</textureFocus>
      <textureNoFocus>-</textureNoFocus>
      <!--<action>18</action>-->
      <hyperlink>510</hyperlink>
      <onup>50</onup>
      <ondown>50</ondown>
      <onright>50</onright>
      <onleft>50</onleft>
      <colordiffuse>f1ffffff</colordiffuse>
      <visible>player.hasmedia+control.isvisible(3337)</visible>
    </control>
    <control>
      <description>artist info label</description>
      <type>label</type>
      <id>0</id>
      <width>300</width>
      <height>40</height>
      <posX>208</posX>
      <posY>563</posY>
      <label>#Play.Current.Artist</label>
      <align>left</align>
      <textcolor>FFFFFFFF</textcolor>
      <font>mediastream12tc</font>
      <visible>player.hasmedia+control.isvisible(3337)</visible>
    </control>
    <control>
      <description>title info label</description>
      <type>label</type>
      <id>0</id>
      <width>300</width>
      <height>40</height>
      <posX>208</posX>
      <posY>585</posY>
      <label>#Play.Current.Title</label>
      <align>left</align>
      <textcolor>FFFFFFFF</textcolor>
      <font>mediastream10tc</font>
      <visible>player.hasmedia+control.isvisible(3337)</visible>
    </control>
    <control>
      <description>album info label</description>
      <type>label</type>
      <id>0</id>
      <width>300</width>
      <height>40</height>
      <posX>208</posX>
      <posY>603</posY>
      <label>#Play.Current.Album</label>
      <align>left</align>
      <textcolor>FFFFFFFF</textcolor>
      <font>mediastream10c</font>
      <visible>player.hasmedia+control.isvisible(3337)</visible>
    </control>
    <control>
      <description>play time / duration label</description>
      <type>label</type>
      <id>0</id>
      <width>300</width>
      <height>40</height>
      <posX>208</posX>
      <posY>623</posY>
      <align>left</align>
      <label>#currentplaytime / #duration</label>
      <textcolor>FFFFFFFF</textcolor>
      <font>mediastream10c</font>
      <visible>player.hasmedia+control.isvisible(3337)</visible>
    </control>
    <control>
      <description>next song label</description>
      <type>label</type>
      <id>0</id>
      <width>42</width>
      <height>40</height>
      <posX>208</posX>
      <posY>647</posY>
      <label>Next:</label>
      <textcolor>FF025984</textcolor>
      <font>mediastream10</font>
      <align>left</align>
      <visible>player.hasmedia+control.isvisible(3337)+control.isvisible(3338)</visible>
    </control>
    <control>
      <description>next song info label</description>
      <type>label</type>
      <id>0</id>
      <posX>248</posX>
      <posY>647</posY>
      <width>300</width>
      <height>40</height>
      <label>#Play.Next.Title by #Play.Next.Artist</label>
      <textcolor>FF999999</textcolor>
      <align>left</align>
      <font>mediastream10</font>
      <visible>player.hasmedia+control.isvisible(3337)+control.isvisible(3338)</visible>
    </control>
    <!--                                    :: VIDEO OVERLAY IN REGULAR HOME ::                                    -->
    <control>
      <description>video preview window BACKGROUND</description>
      <type>image</type>
      <id>0</id>
      <posX>83</posX>
      <posY>558</posY>
      <width>203</width>
      <height>114</height>
      <texture>black.png</texture>
      <visible>player.hasmedia+!control.isvisible(3337)+string.equals(#StreamedMP.VideoWallpaper,false)</visible>
    </control>
    <control>
      <description>video preview window</description>
      <type>videowindow</type>
      <id>9900</id>
      <posX>83</posX>
      <posY>558</posY>
      <width>203</width>
      <height>114</height>
      <action>18</action>
      <onup>50</onup>
      <ondown>50</ondown>
      <onright>50</onright>
      <onleft>17</onleft>
      <textureFocus>tv_blue_border.png</textureFocus>
      <textureNoFocus>-</textureNoFocus>
      <visible>player.hasmedia+!control.isvisible(3337)</visible>
    </control>
    <control>
      <description>artist info label</description>
      <type>fadelabel</type>
      <id>0</id>
      <posX>298</posX>
      <posY>560</posY>
      <width>250</width>
      <height>40</height>
      <label>#Play.Current.Title</label>
      <textcolor>FFFFFFFF</textcolor>
      <font>mediastream10tc</font>
      <visible>player.hasmedia+!control.isvisible(3337)+string.equals(#StreamedMP.VideoWallpaper,false)</visible>
    </control>
    <control>
      <description>title info label</description>
      <type>fadelabel</type>
      <id>0</id>
      <posX>298</posX>
      <posY>578</posY>
      <width>250</width>
      <height>40</height>
      <label>#Play.Current.Year</label>
      <textcolor>FFFFFFFF</textcolor>
      <font>mediastream10tc</font>
      <visible>player.hasmedia+!control.isvisible(3337)+string.equals(#StreamedMP.VideoWallpaper,false)</visible>
    </control>
    <control>
      <description>album info label</description>
      <type>fadelabel</type>
      <id>0</id>
      <posX>298</posX>
      <posY>604</posY>
      <width>250</width>
      <height>40</height>
      <label>#Play.Current.Genre</label>
      <textcolor>FFFFFFFF</textcolor>
      <font>mediastream10c</font>
      <visible>player.hasmedia+!control.isvisible(3337)+string.equals(#StreamedMP.VideoWallpaper,false)</visible>
    </control>
    <control>
      <description>album info label</description>
      <type>fadelabel</type>
      <id>0</id>
      <posX>298</posX>
      <posY>624</posY>
      <width>250</width>
      <height>40</height>
      <label>#Play.Current.Director</label>
      <textcolor>FFFFFFFF</textcolor>
      <font>mediastream10c</font>
      <visible>player.hasmedia+!control.isvisible(3337)+string.equals(#StreamedMP.VideoWallpaper,false)</visible>
    </control>
    <control>
      <description>play time / duration label</description>
      <type>label</type>
      <id>0</id>
      <posX>298</posX>
      <posY>644</posY>
      <width>250</width>
      <height>40</height>
      <label>#currentplaytime / #duration</label>
      <textcolor>FFFFFFFF</textcolor>
      <font>mediastream10c</font>
      <visible>player.hasmedia+!control.isvisible(3337)+string.equals(#StreamedMP.VideoWallpaper,false)</visible>
    </control>
  </controls>
</window>
<!--Checksum:9207b2d657bec10af88b87d4b9d3c7ca-->