<?xml version="1.0" encoding="utf-8" standalone="yes"?>
<window>
  <id>2020</id>
  <defaultcontrol>3</defaultcontrol>
  <allowoverlay>no</allowoverlay>
  <controls>
    <control>
      <id>0</id>
      <type>image</type>
      <width>1280</width>
      <height>720</height>
      <texture>black.png</texture>
    </control>
    <control>
      <type>label</type>
      <id>0</id>
      <posX>60</posX>
      <posY>27</posY>
      <label>1900</label>
      <font>mediastream16tc</font>
      <align>left</align>
      <textcolor>ffFFFFFF</textcolor>
    </control>
    <control>
      <id>0</id>
      <type>image</type>
      <posX>512</posX>
      <posY>232</posY>
      <colordiffuse>d0d0d0d0</colordiffuse>
      <texture>warning-icon.png</texture>
    </control>
    <control>
      <id>0</id>
      <type>textbox</type>
      <posX>170</posX>
      <posY>120</posY>
      <width>940</width>
      <height>320</height>
      <textcolor>ffffffff</textcolor>
      <font>mediastream11</font>
      <align>center</align>
      <label>#(string.format(1901,#userskin))</label>
    </control>
    <control>
      <id>2</id>
      <description>Ignore check box</description>
      <type>checkmark</type>
      <onleft>11</onleft>
      <onright>11</onright>
      <onup>10</onup>
      <ondown>10</ondown>
      <posX>100</posX>
      <posY>600</posY>
      <width>346</width>
      <height>28</height>
      <label>1902</label>
    </control>
    <control>
      <id>3</id>
      <description>Continue button</description>
      <type>button</type>
      <onleft>3</onleft>
      <onright>3</onright>
      <onup>3</onup>
      <ondown>3</ondown>
      <posX>780</posX>
      <posY>586</posY>
      <textcolor>ffffffff</textcolor>
      <textcolorNoFocus>bfffffff</textcolorNoFocus>
      <font>mediastream12tc</font>
      <width>300</width>
      <height>40</height>
      <textYOff>0</textYOff>
      <textXOff>0</textXOff>
      <textureFocus>tv_button_focus.png</textureFocus>
      <textureNoFocus>tv_button_ no_focus.png</textureNoFocus>
      <label>#(string.format(1903,#countdownseconds))</label>
      <textalign>CENTER</textalign>
    </control>
  </controls>
</window>
