﻿<?xml version="1.0" encoding="utf-8"?>
<!-- 
This file should contain the details view
-->
<window>
	<controls>
		<control>
			<type>image</type>
			<posX>1220</posX>
			<posY>190</posY>
			<width>59</width>
			<height>153</height>
			<texture>Action_menu.png</texture>
			<visible>!control.isvisible(51)+control.isvisible(50)</visible>
		</control>			
		<control>
			<type>actiongroup</type>
			<description>action menu</description>
			<defaultcontrol>2</defaultcontrol>
			<onexit>50</onexit>
			<dimColor>00ffffff</dimColor>
			<buttonX>1231</buttonX>
			<buttonY>55</buttonY>
			<buttonwidth>49</buttonwidth>
			<buttonheight>253</buttonheight>
			<control>
				<type>image</type>
				<posX>1002</posX>
				<posY>0</posY>
				<width>278</width>
				<height>720</height>
				<texture>hiddenmenu_right.png</texture>
				<visible>!Control.HasFocus(50)+control.isvisible(50)</visible>
				<animation effect="slide" time="100" start="300,0">visible</animation>
				<animation effect="slide" time="0" end="300,0">hidden</animation>
			</control>
			<control>
				<id>0</id>
				<description>Dummy Button (for Mouse)</description>
				<label>-</label>
				<type>button</type>
				<posX>1002</posX>
				<posY>0</posY>
				<width>278</width>
				<height>720</height>
				<visible>!Control.HasFocus(50)+control.isvisible(50)</visible>
				<animation effect="slide" time="100" start="300,0">visible</animation>
				<animation effect="slide" time="0" end="300,0">hidden</animation>
			</control>
			<control>
				<description>Views Menu</description>
				<id>0</id>
				<label>499</label>
				<type>label</type>
				<font>mediastream12tc</font>
				<posX>1040</posX>
				<posY>226</posY>
				<visible>!Control.HasFocus(50)+control.isvisible(50)</visible>
				<animation effect="slide" time="100" start="300,0">visible</animation>
				<animation effect="slide" time="0" end="300,0">hidden</animation>
			</control>
			<control>
				<description>Settings</description>
				<id>0</id>
				<label>897</label>
				<type>label</type>
				<font>mediastream12tc</font>
				<posX>1040</posX>
				<posY>370</posY>
				<visible>!Control.HasFocus(50)+control.isvisible(50)</visible>
				<animation effect="slide" time="100" start="300,0">visible</animation>
				<animation effect="slide" time="0" end="300,0">hidden</animation>
			</control>
			<control>
				<id>0</id>
				<description>JUMP TO</description>
				<type>label</type>
				<label>1065</label>
				<font>mediastream12tc</font>
				<posX>1040</posX>
				<posY>425</posY>
				<visible>!Control.HasFocus(50)+control.isvisible(50)</visible>
				<animation effect="slide" time="100" start="300,0">visible</animation>
				<animation effect="slide" time="0" end="300,0">hidden</animation>
			</control>
			<control>
				<id>0</id>
				<description>Sort Direction</description>
				<type>image</type>
				<width>16</width>
				<height>16</height>
				<posX>1240</posX>
				<posY>286</posY>
				<texture>movingpictures_Sort#MovingPictures.Sort.Direction.png</texture>
				<visible>!Control.HasFocus(50)+control.isvisible(50)</visible>
				<animation effect="slide" time="100" start="300,0">visible</animation>
				<animation effect="slide" time="0" end="300,0">hidden</animation>
			</control>
			<control>
				<type>group</type>
				<description>group element</description>
				<visible>!Control.HasFocus(50)+control.isvisible(50)</visible>
				<animation effect="slide" time="100" start="300,0">visible</animation>
				<animation effect="slide" time="0" end="300,0">hidden</animation>
				<posX>1040</posX>
				<posY>250</posY>
				<width>220</width>
				<height>720</height>
				<layout>StackLayout</layout>
				<control>
					<description>Cycle Layout/View</description>
					<type>button</type>
					<id>2</id>
					<label>#MovingPictures.Translation.CycleView.Label</label>
					<onleft>50</onleft>
					<onup>21</onup>
				</control>
				<control>
					<description>Sort Menu</description>
					<type>button</type>
					<id>14</id>
					<label>#MovingPictures.Translation.SortBy.Label: #MovingPictures.Sort.Field</label>	
					<onleft>50</onleft>
				</control>
				<control>
					<description>Filters Menu</description>
					<type>button</type>
					<id>4</id>
					<label>#MovingPictures.Translation.FilterBy.Label ...</label>
					<onleft>50</onleft>
				</control>
				<control>
					<description>Parental Controls</description>
					<type>button</type>
					<id>15</id>
					<label>#MovingPictures.Translation.ToggleParentalLock.Label</label>
					<onleft>50</onleft>
					<scrollStartDelaySec>1</scrollStartDelaySec>
					<scrollWrapString> | </scrollWrapString>
				</control>
				<control>
					<description>Empty button</description>
					<type>button</type>
					<id>0</id>
					<label>-</label>
					<visible>false</visible>
				</control>
				<control>
					<description>Video Settings</description>
					<type>button</type>
					<id>66610</id>
					<label>100006</label>
					<hyperlink>703</hyperlink>
					<ondown>176</ondown>
					<onleft>50</onleft>
				</control>
				<control>
					<description>Empty button</description>
					<type>button</type>
					<id>0</id>
					<label>-</label>
					<visible>false</visible>
				</control>				
				<control>
					<description>My TVSeries</description>
					<type>button</type>
					<id>176</id>
					<label>My TVSeries</label>
					<onup>66610</onup>
					<ondown>177</ondown>
					<onleft>50</onleft>
					<hyperlink>9811</hyperlink>
				</control>
				<control>
					<description>My Videos</description>
					<type>button</type>
					<id>177</id>
					<label>100006</label>
					<ondown>178</ondown>
					<onup>176</onup>
					<onleft>50</onleft>
					<hyperlink>6</hyperlink>
				</control>
				<control>
					<description>My Trailers</description>
					<type>button</type>
					<id>178</id>
					<label>5900</label>
					<ondown>179</ondown>
					<onup>177</onup>
					<onleft>50</onleft>
					<hyperlink>5900</hyperlink>
				</control>
				<control>
				<description>SubCentral</description>
					<type>button</type>
					<id>179</id>
					<label>287</label>
					<hyperlink>84623</hyperlink>
					<onup>178</onup>
					<ondown>2</ondown>
					<onleft>50</onleft>
					<visible>plugin.isenabled(SubCentral)</visible>
				</control>
			</control>
		</control>
	</controls>
</window>