﻿<?xml version="1.0" encoding="utf-8"?>
<window>
  <controls>
    <!--            :: Artwork ::            -->
    <control>
      <description>background overlay</description>
      <type>image</type>
      <id>0</id>
      <posX>-3</posX>
      <posY>-3</posY>
      <width>1926</width>
      <height>1086</height>
      <texture>filmstrip_overlay.png</texture>
      <visible>!control.isvisible(50)+!control.isvisible(51)+!control.hasfocus(667)</visible>
      <animation effect="fade" time="250" delay="0">WindowClose</animation>
    </control>
    <control>
      <description>Cover Art</description>
      <type>image</type>
      <id>601</id>
      <posX>70</posX>
      <posY>463</posY>
      <width>385</width>
      <height>570</height>
      <texture flipY="true" diffuse="diffusemirrorwide.png">#MovingPictures.Coverart</texture>
      <visible>!control.isvisible(50)+!control.isvisible(51)+!control.hasfocus(667)</visible>
      <animation effect="fade" time="250" delay="0">WindowClose</animation>
    </control>
    <control>
      <description>Rounded cover edges</description>
      <type>image</type>
      <id>610</id>
      <posX>37</posX>
      <posY>438</posY>
      <width>445</width>
      <height>621</height>
      <texture>#StreamedMP.RoundedPosters.Image</texture>
      <visible>!control.isvisible(50)+!control.isvisible(51)+Control.HasThumb(601)+!control.hasfocus(667)</visible>
      <animation effect="fade" time="250" delay="0">WindowClose</animation>
    </control>
    <control>
      <description>Cover Art Glass Overlay</description>
      <type>image</type>
      <id>0</id>
      <posX>70</posX>
      <posY>463</posY>
      <width>342</width>
      <height>265</height>
      <texture>glassoverlay2.png</texture>
      <visible>!control.isvisible(50)+!control.isvisible(51)+Control.HasThumb(601)+!Control.HasThumb(610)+!control.hasfocus(667)</visible>
      <animation effect="fade" time="250" delay="0">WindowClose</animation>
    </control>
    <control>
      <description>Watched Icon Background</description>
      <type>image</type>
      <id>0</id>
      <posX>408</posX>
      <posY>508</posY>
      <width>48</width>
      <height>58</height>
      <texture>#StreamedMP.Icons.Background</texture>
      <visible>!control.isvisible(50)+!control.isvisible(51)+Control.HasThumb(601)+!control.hasfocus(667)</visible>
      <animation effect="fade" time="250" delay="0">WindowClose</animation>
    </control>
    <control>
      <description>Watched Icon</description>
      <type>image</type>
      <id>0</id>
      <posX>418</posX>
      <posY>513</posY>
      <width>36</width>
      <height>36</height>
      <texture>#StreamedMP.Icons.Watched</texture>
      <visible>!control.isvisible(50)+!control.isvisible(51)+Control.HasThumb(601)+control.isvisible(9)+!control.hasfocus(667)</visible>
      <animation effect="fade" time="250" delay="0">WindowClose</animation>
    </control>
    <control>
      <description>Un-Watched Icon</description>
      <type>image</type>
      <id>0</id>
      <posX>418</posX>
      <posY>513</posY>
      <width>36</width>
      <height>36</height>
      <texture>#StreamedMP.Icons.UnWatched</texture>
      <visible>!control.isvisible(50)+!control.isvisible(51)+Control.HasThumb(601)+!control.isvisible(9)+!control.hasfocus(667)</visible>
      <animation effect="fade" time="250" delay="0">WindowClose</animation>
    </control>
    <!-- Details Box -->
    <control>
      <description>details background</description>
      <type>image</type>
      <id>0</id>
      <posX>510</posX>
      <posY>570</posY>
      <width>1344</width>
      <height>577</height>
      <texture>detailsbg.png</texture>
      <colordiffuse>a0ffffff</colordiffuse>
      <visible>!control.isvisible(50)+!control.isvisible(51)+!control.hasfocus(667)</visible>
      <animation effect="fade" time="250" delay="0">WindowClose</animation>
    </control>
    <!-- Buttons -->
    <control>
      <description>Play Movie</description>
      <type>button</type>
      <id>6</id>
      <label>2553</label>
      <onup>6</onup>
      <ondown>667</ondown>
      <onright>10000</onright>
      <onleft>666</onleft>
      <posX>1560</posX>
      <posY>997</posY>
      <width>255</width>
      <height>48</height>
      <textcolor>ffffffff</textcolor>
      <font>mediastream12tc</font>
      <textYOff>0</textYOff>
      <textXOff>0</textXOff>
      <textalign>center</textalign>
      <textcolorNoFocus>bfffffff</textcolorNoFocus>
      <textureFocus>tv_button_focus.png</textureFocus>
      <textureNoFocus>tv_button_ no_focus.png</textureNoFocus>
      <visible allowhiddenfocus="true">!control.isvisible(50)+!control.isvisible(51)+!control.hasfocus(667)</visible>
      <animation effect="fade" time="250" delay="0">WindowClose</animation>
    </control>
    <control>
      <description>Subtitles</description>
      <type>button</type>
      <id>666</id>
      <label>287</label>
      <onup>666</onup>
      <ondown>667</ondown>
      <onright>6</onright>
      <onleft>10000</onleft>
      <posX>1305</posX>
      <posY>997</posY>
      <width>255</width>
      <height>48</height>
      <textcolor>ffffffff</textcolor>
      <font>mediastream12tc</font>
      <textYOff>0</textYOff>
      <textXOff>0</textXOff>
      <textalign>center</textalign>
      <hyperlink>84623</hyperlink>
      <textcolorNoFocus>bfffffff</textcolorNoFocus>
      <textureFocus>tv_button_focus.png</textureFocus>
      <textureNoFocus>tv_button_ no_focus.png</textureNoFocus>
      <visible>!control.isvisible(50)+!control.isvisible(51)+plugin.isenabled(SubCentral)+!control.hasfocus(667)</visible>
      <animation effect="fade" time="250" delay="0">WindowClose</animation>
    </control>
    <control>
      <description>FullSize Fanart</description>
      <type>button</type>
      <id>667</id>
      <label>-</label>
      <onup>6</onup>
      <ondown>6</ondown>
      <onright>6</onright>
      <onleft>6</onleft>
      <posX>-150</posX>
      <posY>-150</posY>
    </control>
    <!-- Movie Details Hidden Menu -->
    <control>
      <type>actiongroup</type>
      <description>action menu</description>
      <defaultcontrol>10000</defaultcontrol>
      <onexit>6</onexit>
      <dimColor>00ffffff</dimColor>
      <buttonX>1846</buttonX>
      <buttonY>82</buttonY>
      <buttonwidth>73</buttonwidth>
      <buttonheight>379</buttonheight>
      <visible>!control.isvisible(50)+!control.isvisible(51)+[control.hasfocus(10000)|control.hasfocus(10001)|control.hasfocus(10002)|control.hasfocus(10003)|control.hasfocus(97258)|control.hasfocus(97259)|control.hasfocus(97260)|control.hasfocus(97261)|control.hasfocus(97262)|control.hasfocus(97263)]</visible>
      <animation effect="slide" time="100" start="450,0">visible</animation>
      <animation effect="slide" time="0" end="450,0">hidden</animation>
      <control>
        <type>image</type>
        <posX>1503</posX>
        <posY>0</posY>
        <width>417</width>
        <height>1080</height>
        <texture>hiddenmenu_right.png</texture>
      </control>
      <control>
        <id>0</id>
        <description>Dummy Button (for Mouse)</description>
        <label>-</label>
        <type>button</type>
        <posX>1503</posX>
        <posY>0</posY>
        <width>417</width>
        <height>1080</height>
      </control>
      <control>
        <id>0</id>
        <description>Trailers</description>
        <type>label</type>
        <label>5900</label>
        <font>mediastream12tc</font>
        <posX>1560</posX>
        <posY>339</posY>
      </control>
      <control>
        <id>0</id>
        <description>Scraper</description>
        <type>label</type>
        <label>#StreamedMP.Scraper</label>
        <font>mediastream12tc</font>
        <posX>1560</posX>
        <posY>510</posY>
      </control>
      <control>
        <id>0</id>
        <description>Trakt</description>
        <type>label</type>
        <label>Trakt</label>
        <font>mediastream12tc</font>
        <posX>1560</posX>
        <posY>592</posY>
        <visible>plugin.isenabled(Trakt)</visible>
      </control>
      <control>
        <type>group</type>
        <description>group element</description>
        <animation effect="slide" time="100" start="450,0">visible</animation>
        <animation effect="slide" time="0" end="450,0">hidden</animation>
        <posX>1560</posX>
        <posY>375</posY>
        <width>330</width>
        <height>1080</height>
        <layout>StackLayout(0, Vertical, true)</layout>
        <control>
          <description>Trailer Search (IMDB)</description>
          <type>button</type>
          <id>10000</id>
          <label>IMDb</label>
          <ondown>10001</ondown>
          <onup>17</onup>
          <onleft>6</onleft>
          <onright>6</onright>
          <hyperlink>4755</hyperlink>
          <hyperlinkParameter>site:IMDb Movie Trailers|search:#(iif(neq(#MovingPictures.SelectedMovie.imdb_id,''),#MovingPictures.SelectedMovie.imdb_id,#MovingPictures.SelectedMovie.title))|return:Locked</hyperlinkParameter>
        </control>
        <control>
          <description>Trailer Search (iTunes)</description>
          <type>button</type>
          <id>10001</id>
          <label>iTUNES</label>
          <ondown>10002</ondown>
          <onup>10000</onup>
          <onleft>6</onleft>
          <onright>6</onright>
          <hyperlink>4755</hyperlink>
          <hyperlinkParameter>site:iTunes Movie Trailers|search:#MovingPictures.SelectedMovie.title|return:Locked</hyperlinkParameter>
        </control>
        <control>
          <description>Trailer Search (YouTube)</description>
          <type>button</type>
          <id>10002</id>
          <label>YouTube</label>
          <ondown>10003</ondown>
          <onup>10001</onup>
          <onleft>6</onleft>
          <onright>6</onright>
          <hyperlink>4755</hyperlink>
          <hyperlinkParameter>site:YouTube|search:#MovingPictures.SelectedMovie.title|return:Locked</hyperlinkParameter>
        </control>
        <control>
          <description>Empty button</description>
          <type>button</type>
          <id>0</id>
          <label>-</label>
          <visible>true</visible>
        </control>
        <control>
          <description>IMDb+</description>
          <type>button</type>
          <id>10003</id>
          <label>IMDb+</label>
          <hyperlink>31415</hyperlink>
          <onup>10002</onup>
          <ondown>97259</ondown>
          <onleft>6</onleft>
          <onright>6</onright>
        </control>
        <control>
          <description>Empty button</description>
          <type>button</type>
          <id>0</id>
          <label>-</label>
          <visible>true</visible>
        </control>
        <control>
          <description>Trakt Rate</description>
          <type>button</type>
          <id>97259</id>
          <label>#Trakt.Translation.Rate.Label</label>
          <onup>10003</onup>
          <ondown>97260</ondown>
          <onleft>6</onleft>
          <onright>6</onright>
          <visible>plugin.isenabled(Trakt)</visible>
        </control>
        <control>
          <description>Trakt Shouts</description>
          <type>button</type>
          <id>97260</id>
          <label>#Trakt.Translation.Shouts.Label</label>
          <onup>97259</onup>
          <ondown>97262</ondown>
          <onleft>6</onleft>
          <onright>6</onright>
          <visible>plugin.isenabled(Trakt)</visible>
        </control>
        <control>
          <description>Trakt Related Movies</description>
          <type>button</type>
          <id>97262</id>
          <label>#Trakt.Translation.RelatedMovies.Label</label>
          <onup>97260</onup>
          <ondown>97261</ondown>
          <onleft>6</onleft>
          <onright>6</onright>
          <visible>plugin.isenabled(Trakt)</visible>
        </control>
        <control>
          <description>Trakt Add to Custom List</description>
          <type>button</type>
          <id>97261</id>
          <label>#Trakt.Translation.AddToList.Label</label>
          <onup>97262</onup>
          <ondown>97258</ondown>
          <onleft>6</onleft>
          <onright>6</onright>
          <visible>plugin.isenabled(Trakt)</visible>
        </control>
        <control>
          <description>Trakt Add to Watch List</description>
          <type>button</type>
          <id>97258</id>
          <label>#Trakt.Translation.AddToWatchList.Label</label>
          <onup>97261</onup>
          <ondown>97263</ondown>
          <onleft>6</onleft>
          <onright>6</onright>
          <visible>plugin.isenabled(Trakt)</visible>
        </control>
        <control>
          <description>Trakt Search By Person</description>
          <type>button</type>
          <id>97263</id>
          <label>#Trakt.Translation.SearchBy.Label...</label>
          <onup>97258</onup>
          <ondown>10000</ondown>
          <onleft>6</onleft>
          <onright>6</onright>
          <visible>plugin.isenabled(Trakt)</visible>
        </control>
      </control>
    </control>
    <control>
      <description>Movie Title</description>
      <type>label</type>
      <id>0</id>
      <posX>543</posX>
      <posY>603</posY>
      <width>855</width>
      <font>mediastream14tc</font>
      <label>#MovingPictures.SelectedMovie.title</label>
      <textcolor>ffFFFFFF</textcolor>
      <visible>!control.isvisible(50)+!control.isvisible(51)+!control.hasfocus(667)</visible>
      <animation effect="fade" time="250" delay="0">WindowClose</animation>
    </control>
    <control>
      <description>Genres</description>
      <type>label</type>
      <label>#MovingPictures.SelectedMovie.genres</label>
      <id>0</id>
      <posX>544</posX>
      <posY>637</posY>
      <width>1260</width>
      <font>mediastream11c</font>
      <textcolor>ff909090</textcolor>
      <visible>!control.isvisible(50)+!control.isvisible(51)+!control.hasfocus(667)</visible>
      <animation effect="fade" time="250" delay="0">WindowClose</animation>
    </control>
    <control>
      <description>Star Rating Image</description>
      <type>image</type>
      <id>101</id>
      <width>172</width>
      <height>33</height>
      <posX>544</posX>
      <posY>675</posY>
      <align>left</align>
      <texture>star#MovingPictures.SelectedMovie.score.rounded.png</texture>
      <visible>!control.isvisible(50)+!control.isvisible(51)+!string.equals(#MovingPictures.SelectedMovie.score.rounded,)+!control.hasfocus(667)</visible>
      <animation effect="fade" time="250" delay="0">WindowClose</animation>
    </control>
    <control>
      <description>Dummy User Star Rating Value</description>
      <id>199</id>
      <type>label</type>
      <label>#MovingPictures.UserMovieSettings.user_rating</label>
      <posX>-75</posX>
      <posY>-75</posY>
      <visible>!control.isvisible(50)+!control.isvisible(51)+!control.hasfocus(667)</visible>
    </control>
    <control>
      <description>Star Rating Value + Votes</description>
      <id>0</id>
      <type>label</type>
      <label>#MovingPictures.SelectedMovie.score.localized (#MovingPictures.SelectedMovie.popularity.localized #StreamedMP.Votes)</label>
      <posX>735</posX>
      <posY>675</posY>
      <width>1050</width>
      <align>left</align>
      <font>mediastream11c</font>
      <shadowAngle>45</shadowAngle>
      <shadowDistance>3</shadowDistance>
      <shadowColor>ff222222</shadowColor>
      <visible>!control.isvisible(50)+!control.isvisible(51)+!string.equals(#MovingPictures.SelectedMovie.score.rounded,)+!string.equals(#MovingPictures.SelectedMovie.score.rounded,0)+!Control.HasText(199)+!control.hasfocus(667)</visible>
      <animation effect="fade" time="250" delay="0">WindowClose</animation>
    </control>
    <control>
      <description>Star Rating Value + Votes + User Star Rating Value (normalized to 10 star)</description>
      <id>0</id>
      <type>label</type>
      <label>#MovingPictures.SelectedMovie.score.localized (#MovingPictures.SelectedMovie.popularity.localized #StreamedMP.Votes, #MovingPictures.Translation.Rated.Label: #(mul(cint(#MovingPictures.UserMovieSettings.user_rating),2)))</label>
      <posX>735</posX>
      <posY>675</posY>
      <width>1050</width>
      <align>left</align>
      <font>mediastream11c</font>
      <visible>!control.isvisible(50)+!control.isvisible(51)+!string.equals(#MovingPictures.SelectedMovie.score.rounded,)+!string.equals(#MovingPictures.SelectedMovie.score.rounded,0)+Control.HasText(199)+!control.hasfocus(667)</visible>
      <animation effect="fade" time="250" delay="0">WindowClose</animation>
    </control>
    <control>
      <description>Summary</description>
      <type>textboxscrollup</type>
      <id>0</id>
      <posX>544</posX>
      <posY>720</posY>
      <width>1290</width>
      <height>150</height>
      <textcolor>ffFFFFFF</textcolor>
      <seperator>-----------------------------------------------------------------------------------</seperator>
      <font>mediastream11</font>
      <label>#MovingPictures.SelectedMovie.summary</label>
      <scrollStartDelaySec>15</scrollStartDelaySec>
      <visible>!control.isvisible(50)+!control.isvisible(51)+[!string.equals(#StreamedMP.MovingPictures.Tagline,true)|string.equals(#MovingPictures.SelectedMovie.tagline,)]+!control.hasfocus(667)</visible>
      <animation effect="fade" time="250" delay="0">WindowClose</animation>
    </control>
    <control>
      <description>Summary</description>
      <type>textboxscrollup</type>
      <id>0</id>
      <posX>544</posX>
      <posY>720</posY>
      <width>1290</width>
      <height>150</height>
      <textcolor>ffFFFFFF</textcolor>
      <seperator>-----------------------------------------------------------------------------------</seperator>
      <font>mediastream11</font>
      <label>" #MovingPictures.SelectedMovie.tagline "
#MovingPictures.SelectedMovie.summary</label>
      <scrollStartDelaySec>15</scrollStartDelaySec>
      <visible>!control.isvisible(50)+!control.isvisible(51)+string.equals(#StreamedMP.MovingPictures.Tagline,true)+!string.equals(#MovingPictures.SelectedMovie.tagline,)+!control.hasfocus(667)</visible>
      <animation effect="fade" time="250" delay="0">WindowClose</animation>
    </control>
    <control>
      <description>Directors Label</description>
      <type>label</type>
      <label>#MovingPictures.Translation.Directors.Label</label>
      <id>0</id>
      <posX>544</posX>
      <posY>912</posY>
      <width>180</width>
      <font>mediastream11c</font>
      <textcolor>ff909090</textcolor>
      <visible>!control.isvisible(50)+!control.isvisible(51)+!control.hasfocus(667)</visible>
      <animation effect="fade" time="250" delay="0">WindowClose</animation>
    </control>
    <control>
      <description>Directors</description>
      <type>label</type>
      <label>#MovingPictures.SelectedMovie.directors</label>
      <id>0</id>
      <posX>732</posX>
      <posY>912</posY>
      <width>555</width>
      <font>mediastream11c</font>
      <textcolor>ffFFFFFF</textcolor>
      <visible>!control.isvisible(50)+!control.isvisible(51)+!control.hasfocus(667)</visible>
      <animation effect="fade" time="250" delay="0">WindowClose</animation>
    </control>
    <control>
      <description>Writers Label</description>
      <type>label</type>
      <label>#MovingPictures.Translation.Writers.Label</label>
      <id>0</id>
      <posX>544</posX>
      <posY>876</posY>
      <width>180</width>
      <font>mediastream11c</font>
      <textcolor>ff909090</textcolor>
      <visible>!control.isvisible(50)+!control.isvisible(51)+!control.hasfocus(667)</visible>
      <animation effect="fade" time="250" delay="0">WindowClose</animation>
    </control>
    <control>
      <description>Writer</description>
      <type>label</type>
      <label>#MovingPictures.SelectedMovie.writers</label>
      <id>0</id>
      <posX>732</posX>
      <posY>876</posY>
      <width>555</width>
      <font>mediastream11c</font>
      <textcolor>ffFFFFFF</textcolor>
      <visible>!control.isvisible(50)+!control.isvisible(51)+!control.hasfocus(667)</visible>
      <animation effect="fade" time="250" delay="0">WindowClose</animation>
    </control>
    <control>
      <description>Actors Label</description>
      <type>label</type>
      <label>#MovingPictures.Translation.Actors.Label</label>
      <id>0</id>
      <posX>544</posX>
      <posY>948</posY>
      <width>180</width>
      <font>mediastream11c</font>
      <textcolor>ff909090</textcolor>
      <visible>!control.isvisible(50)+!control.isvisible(51)+!control.hasfocus(667)</visible>
      <animation effect="fade" time="250" delay="0">WindowClose</animation>
    </control>
    <control>
      <description>Actors</description>
      <type>fadelabel</type>
      <label>#MovingPictures.SelectedMovie.actors</label>
      <id>0</id>
      <posX>732</posX>
      <posY>948</posY>
      <width>1059</width>
      <font>mediastream11c</font>
      <textcolor>ffFFFFFF</textcolor>
      <visible>!control.isvisible(50)+!control.isvisible(51)+!control.hasfocus(667)</visible>
      <animation effect="fade" time="250" delay="0">WindowClose</animation>
    </control>
    <control>
      <description>Year Label</description>
      <type>label</type>
      <label>#MovingPictures.Translation.Year.Label</label>
      <id>0</id>
      <posX>1440</posX>
      <posY>876</posY>
      <width>1260</width>
      <align>right</align>
      <font>mediastream11c</font>
      <textcolor>ff909090</textcolor>
      <visible>!control.isvisible(50)+!control.isvisible(51)+!control.hasfocus(667)</visible>
      <animation effect="fade" time="250" delay="0">WindowClose</animation>
    </control>
    <control>
      <description>Year</description>
      <type>label</type>
      <label>#MovingPictures.SelectedMovie.year</label>
      <id>0</id>
      <posX>1470</posX>
      <posY>876</posY>
      <width>75</width>
      <align>left</align>
      <font>mediastream11c</font>
      <textcolor>ffFFFFFF</textcolor>
      <visible>!control.isvisible(50)+!control.isvisible(51)+!control.hasfocus(667)</visible>
      <animation effect="fade" time="250" delay="0">WindowClose</animation>
    </control>
    <control>
      <description>Runtime Label</description>
      <type>label</type>
      <label>#MovingPictures.Translation.Runtime.Label</label>
      <id>0</id>
      <posX>1440</posX>
      <posY>912</posY>
      <width>1260</width>
      <align>right</align>
      <font>mediastream11c</font>
      <textcolor>ff909090</textcolor>
      <visible>!control.isvisible(50)+!control.isvisible(51)+!control.hasfocus(667)</visible>
      <animation effect="fade" time="250" delay="0">WindowClose</animation>
    </control>
    <control>
      <description>Runtime</description>
      <type>label</type>
      <label>#MovingPictures.SelectedMovie.extra.runtime.en.pretty</label>
      <id>0</id>
      <posX>1470</posX>
      <posY>912</posY>
      <width>330</width>
      <align>left</align>
      <font>mediastream11c</font>
      <textcolor>ffFFFFFF</textcolor>
      <visible>!control.isvisible(50)+!control.isvisible(51)+!control.hasfocus(667)</visible>
      <animation effect="fade" time="250" delay="0">WindowClose</animation>
    </control>
    <!-- Certification -->
    <control>
      <description>Certification</description>
      <type>image</type>
      <id>0</id>
      <posX>1425</posX>
      <posY>600</posY>
      <width>388</width>
      <height>85</height>
      <texture>Logos\Certification\#MovingPictures.SelectedMovie.certification.png</texture>
      <visible>!control.isvisible(50)+!control.isvisible(51)+!control.hasfocus(667)</visible>
      <animation effect="fade" time="250" delay="0">WindowClose</animation>
    </control>
    <!-- Full Screen Fanart -->
    <control>
      <description>Overlay Full FanArt</description>
      <type>image</type>
      <id>0</id>
      <posX>0</posX>
      <posY>705</posY>
      <width>1920</width>
      <height>375</height>
      <texture>filmstrip_overlay.png</texture>
      <colordiffuse>bbffffff</colordiffuse>
      <visible>!control.isvisible(50)+!control.isvisible(51)+control.hasfocus(667)</visible>
    </control>
    <control>
      <type>label</type>
      <description>Title (Full Fanart View)</description>
      <id>1</id>
      <posX>45</posX>
      <posY>1000</posY>
      <width>1830</width>
      <align>center</align>
      <font>mediastream16tc</font>
      <shadowAngle>45</shadowAngle>
      <shadowDistance>6</shadowDistance>
      <shadowColor>#shadow.light</shadowColor>
      <label>#MovingPictures.SelectedMovie.title</label>
      <visible>!control.isvisible(50)+!control.isvisible(51)+control.hasfocus(667)</visible>
      <animation effect="fade" time="250" delay="0">WindowClose</animation>
    </control>
    <control>
      <type>label</type>
      <description>Year and Category (Full Fanart View)</description>
      <id>1</id>
      <posX>45</posX>
      <posY>1035</posY>
      <width>1830</width>
      <align>center</align>
      <font>mediastream12tc</font>
      <shadowAngle>45</shadowAngle>
      <shadowDistance>4</shadowDistance>
      <shadowColor>#shadow.dark</shadowColor>
      <textcolor>ff909090</textcolor>
      <label>#MovingPictures.SelectedMovie.genres</label>
      <visible>!control.isvisible(50)+!control.isvisible(51)+control.hasfocus(667)</visible>
      <animation effect="fade" time="250" delay="0">WindowClose</animation>
    </control>
  </controls>
</window>
<!--Checksum:17105bf824cef4fdccddbe8673f473cc-->