﻿<?xml version="1.0" encoding="utf-8"?>
<!-- 
This file should contain the details view
-->
<window>
  <controls>
    <!--            :: Artwork ::            -->
    <control>
      <description>background overlay</description>
      <type>image</type>
      <id>0</id>
      <posX>-2</posX>
      <posY>-2</posY>
      <width>1284</width>
      <height>724</height>
      <texture>filmstrip_overlay.png</texture>
      <visible>!control.isvisible(50)+!control.isvisible(51)</visible>
      <animation effect="fade" time="250" delay="0">WindowClose</animation>
    </control>
    <control>
      <description>Cover Art</description>
      <type>image</type>
      <id>60</id>
      <posX>47</posX>
      <posY>309</posY>
      <width>257</width>
      <height>380</height>
      <texture flipY="true" diffuse="diffusemirrorwide.png">#MovingPictures.Coverart</texture>
      <visible>!control.isvisible(50)+!control.isvisible(51)</visible>
      <animation effect="fade" time="250" delay="0">WindowClose</animation>
    </control>
    <control>
      <description>Rounded cover edges</description>
      <type>image</type>
      <id>61</id>
      <posX>25</posX>
      <posY>292</posY>
      <width>297</width>
      <height>414</height>
      <texture>#StreamedMP.RoundedPosters.Image</texture>
      <visible>!control.isvisible(50)+!control.isvisible(51)+Control.HasThumb(60)</visible>
      <animation effect="fade" time="250" delay="0">WindowClose</animation>
    </control>
    <control>
      <description>Cover Art Glass Overlay</description>
      <type>image</type>
      <id>0</id>
      <posX>47</posX>
      <posY>309</posY>
      <width>228</width>
      <height>177</height>
      <texture>glassoverlay2.png</texture>
      <visible>!control.isvisible(50)+!control.isvisible(51)+Control.HasThumb(60)+!Control.HasThumb(61)</visible>
      <animation effect="fade" time="250" delay="0">WindowClose</animation>
    </control>
    <control>
      <description>Watched Icon Background</description>
      <type>image</type>
      <id>0</id>
      <posX>272</posX>
      <posY>339</posY>
      <width>32</width>
      <height>39</height>
      <texture>#StreamedMP.Icons.Background</texture>
      <visible>!control.isvisible(50)+!control.isvisible(51)+Control.HasThumb(60)</visible>
      <animation effect="fade" time="250" delay="0">WindowClose</animation>
    </control>
    <control>
      <description>Watched Icon</description>
      <type>image</type>
      <id>0</id>
      <posX>279</posX>
      <posY>342</posY>
      <width>24</width>
      <height>24</height>
      <texture>#StreamedMP.Icons.Watched</texture>
      <visible>!control.isvisible(50)+!control.isvisible(51)+Control.HasThumb(60)+control.isvisible(9)</visible>
      <animation effect="fade" time="250" delay="0">WindowClose</animation>
    </control>
    <control>
      <description>Un-Watched Icon</description>
      <type>image</type>
      <id>0</id>
      <posX>279</posX>
      <posY>342</posY>
      <width>24</width>
      <height>24</height>
      <texture>#StreamedMP.Icons.UnWatched</texture>
      <visible>!control.isvisible(50)+!control.isvisible(51)+Control.HasThumb(60)+!control.isvisible(9)</visible>
      <animation effect="fade" time="250" delay="0">WindowClose</animation>
    </control>
    <!-- Buttons -->
    <!-- Only show the Play button so we can focus to the Subtitle button -->
    <control>
      <description>Play Movie</description>
      <type>button</type>
      <id>6</id>
      <label>2553</label>
      <onup>6</onup>
      <ondown>6</ondown>
      <onright>6</onright>
      <onleft>69999</onleft>
      <posX>1075</posX>
      <posY>665</posY>
      <width>150</width>
      <height>32</height>
      <textcolor>ffffffff</textcolor>
      <font>mediastream12tc</font>
      <textYOff>0</textYOff>
      <textXOff>0</textXOff>
      <textalign>center</textalign>
      <textcolorNoFocus>bfffffff</textcolorNoFocus>
      <textureFocus>tv_button_focus.png</textureFocus>
      <textureNoFocus>tv_button_ no_focus.png</textureNoFocus>
      <visible allowhiddenfocus="true">!control.isvisible(50)+!control.isvisible(51)+plugin.isenabled(SubCentral)</visible>
      <animation effect="fade" time="250" delay="0">WindowClose</animation>
    </control>
    <control>
      <description>Subtitles</description>
      <type>button</type>
      <id>69999</id>
      <label>287</label>
      <hyperlink>84623</hyperlink>
      <onup>69999</onup>
      <ondown>69999</ondown>
      <onright>6</onright>
      <onleft>6</onleft>
      <posX>920</posX>
      <posY>665</posY>
      <width>150</width>
      <height>32</height>
      <textcolor>ffffffff</textcolor>
      <font>mediastream12tc</font>
      <textYOff>0</textYOff>
      <textXOff>0</textXOff>
      <textalign>center</textalign>
      <textcolorNoFocus>bfffffff</textcolorNoFocus>
      <textureFocus>tv_button_focus.png</textureFocus>
      <textureNoFocus>tv_button_ no_focus.png</textureNoFocus>
      <visible allowhiddenfocus="true">!control.isvisible(50)+!control.isvisible(51)+plugin.isenabled(SubCentral)</visible>
      <animation effect="fade" time="250" delay="0">WindowClose</animation>
    </control>
    <!-- Details Box -->
    <control>
      <description>details background</description>
      <type>image</type>
      <id>0</id>
      <posX>340</posX>
      <posY>380</posY>
      <width>896</width>
      <height>337</height>
      <texture>detailsbg.png</texture>
      <visible>!control.isvisible(50)+!control.isvisible(51)</visible>
      <animation effect="fade" time="250" delay="0">WindowClose</animation>
    </control>
    <control>
      <description>Movie Title</description>
      <type>label</type>
      <id>0</id>
      <posX>362</posX>
      <posY>402</posY>
      <width>570</width>
      <font>mediastream14tc</font>
      <label>#MovingPictures.SelectedMovie.title</label>
      <textcolor>ffFFFFFF</textcolor>
      <visible>!control.isvisible(50)+!control.isvisible(51)</visible>
      <animation effect="fade" time="250" delay="0">WindowClose</animation>
    </control>
    <control>
      <description>Genres</description>
      <type>label</type>
      <label>#MovingPictures.SelectedMovie.genres</label>
      <id>0</id>
      <posX>363</posX>
      <posY>425</posY>
      <width>840</width>
      <font>mediastream11c</font>
      <textcolor>ff909090</textcolor>
      <visible>!control.isvisible(50)+!control.isvisible(51)</visible>
      <animation effect="fade" time="250" delay="0">WindowClose</animation>
    </control>
    <control>
      <description>Star Rating Image</description>
      <type>image</type>
      <id>101</id>
      <width>115</width>
      <height>22</height>
      <posX>363</posX>
      <posY>450</posY>
      <align>left</align>
      <texture>star#MovingPictures.SelectedMovie.score.rounded.png</texture>
      <visible>!control.isvisible(50)+!control.isvisible(51)+!string.equals(#MovingPictures.SelectedMovie.score.rounded,)</visible>
      <animation effect="fade" time="250" delay="0">WindowClose</animation>
    </control>
    <control>
      <description>Star Rating Value</description>
      <id>0</id>
      <type>label</type>
      <label>#MovingPictures.SelectedMovie.score.localized / 10</label>
      <posX>490</posX>
      <posY>450</posY>
      <width>200</width>
      <align>left</align>
      <font>mediastream11c</font>
      <shadowAngle>45</shadowAngle>
      <shadowDistance>2</shadowDistance>
      <shadowColor>ff222222</shadowColor>
      <visible>!control.isvisible(50)+!control.isvisible(51)+!string.equals(#MovingPictures.SelectedMovie.score.rounded,)</visible>
      <animation effect="fade" time="250" delay="0">WindowClose</animation>
    </control>
    <control>
      <description>Dummy User Star Rating Value</description>
      <id>199</id>
      <type>label</type>
      <label>#MovingPictures.UserMovieSettings.user_rating</label>
      <posX>-50</posX>
      <posY>-50</posY>
      <visible>!control.isvisible(50)+!control.isvisible(51)</visible>
      <animation effect="fade" time="250" delay="0">WindowClose</animation>
    </control>
    <control>
      <description>User Star Rating Value</description>
      <id>0</id>
      <type>label</type>
      <label>(#MovingPictures.Translation.Rated.Label: #MovingPictures.UserMovieSettings.user_rating / 5)</label>
      <posX>555</posX>
      <posY>450</posY>
      <width>200</width>
      <align>left</align>
      <font>mediastream11c</font>
      <visible>!control.isvisible(50)+!control.isvisible(51)+Control.HasText(199)</visible>
      <animation effect="fade" time="250" delay="0">WindowClose</animation>
    </control>
    <control>
      <description>Summary</description>
      <type>textboxscrollup</type>
      <id>0</id>
      <posX>363</posX>
      <posY>480</posY>
      <width>860</width>
      <height>100</height>
      <textcolor>ffFFFFFF</textcolor>
      <seperator>-----------------------------------------------------------------------------------</seperator>
      <font>mediastream11</font>
      <label>#MovingPictures.SelectedMovie.summary</label>
      <scrollStartDelaySec>15</scrollStartDelaySec>
      <visible>!control.isvisible(50)+!control.isvisible(51)</visible>
      <animation effect="fade" time="250" delay="0">WindowClose</animation>
    </control>
    <control>
      <description>Directors Label</description>
      <type>label</type>
      <label>#MovingPictures.Translation.Directors.Label</label>
      <id>0</id>
      <posX>363</posX>
      <posY>608</posY>
      <width>120</width>
      <font>mediastream11c</font>
      <textcolor>ff909090</textcolor>
      <visible>!control.isvisible(50)+!control.isvisible(51)</visible>
      <animation effect="fade" time="250" delay="0">WindowClose</animation>
    </control>
    <control>
      <description>Directors</description>
      <type>label</type>
      <label>#MovingPictures.SelectedMovie.directors</label>
      <id>0</id>
      <posX>488</posX>
      <posY>608</posY>
      <width>370</width>
      <font>mediastream11c</font>
      <textcolor>ffFFFFFF</textcolor>
      <visible>!control.isvisible(50)+!control.isvisible(51)</visible>
      <animation effect="fade" time="250" delay="0">WindowClose</animation>
    </control>
    <control>
      <description>Writers Label</description>
      <type>label</type>
      <label>#MovingPictures.Translation.Writers.Label</label>
      <id>0</id>
      <posX>363</posX>
      <posY>584</posY>
      <width>120</width>
      <font>mediastream11c</font>
      <textcolor>ff909090</textcolor>
      <visible>!control.isvisible(50)+!control.isvisible(51)</visible>
      <animation effect="fade" time="250" delay="0">WindowClose</animation>
    </control>
    <control>
      <description>Writer</description>
      <type>label</type>
      <label>#MovingPictures.SelectedMovie.writers</label>
      <id>0</id>
      <posX>488</posX>
      <posY>584</posY>
      <width>370</width>
      <font>mediastream11c</font>
      <textcolor>ffFFFFFF</textcolor>
      <visible>!control.isvisible(50)+!control.isvisible(51)</visible>
      <animation effect="fade" time="250" delay="0">WindowClose</animation>
    </control>
    <control>
      <description>Actors Label</description>
      <type>label</type>
      <label>#MovingPictures.Translation.Actors.Label</label>
      <id>0</id>
      <posX>363</posX>
      <posY>632</posY>
      <width>120</width>
      <font>mediastream11c</font>
      <textcolor>ff909090</textcolor>
      <visible>!control.isvisible(50)+!control.isvisible(51)</visible>
      <animation effect="fade" time="250" delay="0">WindowClose</animation>
    </control>
    <control>
      <description>Actors</description>
      <type>fadelabel</type>
      <label>#MovingPictures.SelectedMovie.actors</label>
      <id>0</id>
      <posX>488</posX>
      <posY>632</posY>
      <width>706</width>
      <font>mediastream11c</font>
      <textcolor>ffFFFFFF</textcolor>
      <visible>!control.isvisible(50)+!control.isvisible(51)</visible>
      <animation effect="fade" time="250" delay="0">WindowClose</animation>
    </control>
    <control>
      <description>Year Label</description>
      <type>label</type>
      <label>#MovingPictures.Translation.Year.Label</label>
      <id>0</id>
      <posX>960</posX>
      <posY>584</posY>
      <width>840</width>
      <align>right</align>
      <font>mediastream11c</font>
      <textcolor>ff909090</textcolor>
      <visible>!control.isvisible(50)+!control.isvisible(51)</visible>
      <animation effect="fade" time="250" delay="0">WindowClose</animation>
    </control>
    <control>
      <description>Year</description>
      <type>label</type>
      <label>#MovingPictures.SelectedMovie.year</label>
      <id>0</id>
      <posX>980</posX>
      <posY>584</posY>
      <width>50</width>
      <align>left</align>
      <font>mediastream11c</font>
      <textcolor>ffFFFFFF</textcolor>
      <visible>!control.isvisible(50)+!control.isvisible(51)</visible>
      <animation effect="fade" time="250" delay="0">WindowClose</animation>
    </control>
    <control>
      <description>Runtime Label</description>
      <type>label</type>
      <label>#MovingPictures.Translation.Runtime.Label</label>
      <id>0</id>
      <posX>960</posX>
      <posY>608</posY>
      <width>840</width>
      <align>right</align>
      <font>mediastream11c</font>
      <textcolor>ff909090</textcolor>
      <visible>!control.isvisible(50)+!control.isvisible(51)</visible>
      <animation effect="fade" time="250" delay="0">WindowClose</animation>
    </control>
    <control>
      <description>Runtime</description>
      <type>label</type>
      <label>#MovingPictures.SelectedMovie.extra.runtime.en.pretty</label>
      <id>0</id>
      <posX>980</posX>
      <posY>608</posY>
      <width>220</width>
      <align>left</align>
      <font>mediastream11c</font>
      <textcolor>ffFFFFFF</textcolor>
      <visible>!control.isvisible(50)+!control.isvisible(51)</visible>
      <animation effect="fade" time="250" delay="0">WindowClose</animation>
    </control>
    <!-- Certification -->
    <control>
      <description>Certification</description>
      <type>image</type>
      <id>0</id>
      <posX>950</posX>
      <posY>400</posY>
      <width>259</width>
      <height>57</height>
      <texture>Logos\Certification\#MovingPictures.SelectedMovie.certification.png</texture>
      <visible>!control.isvisible(50)+!control.isvisible(51)</visible>
      <animation effect="fade" time="250" delay="0">WindowClose</animation>
    </control>
  </controls>
</window>
<!--Checksum:528ba8500a71dd1a2d1c0e07ff4a6ffd-->