﻿<?xml version="1.0" encoding="utf-8"?>
<!-- 
This file should contain the thumbs view
-->
<window>
  <controls>
    <control>
      <type>image</type>
      <id>0</id>
      <posX>0</posX>
      <posY>1012</posY>
      <width>1920</width>
      <height>70</height>
      <texture>imagestreamtitle.png</texture>
      <animation effect="fade" time="250" delay="0">WindowClose</animation>
      <visible>[facadeview.smallicons|facadeview.largeicons]+control.isvisible(50)</visible>
    </control>
    <!-- Movie Details -->
    <control>
      <description>Movie Title</description>
      <type>label</type>
      <id>0</id>
      <posX>30</posX>
      <posY>360</posY>
      <width>750</width>
      <font>mediastream14tc</font>
      <label>#MovingPictures.SelectedMovie.title</label>
      <textcolor>ffFFFFFF</textcolor>
      <shadowAngle>45</shadowAngle>
      <shadowDistance>6</shadowDistance>
      <shadowColor>#shadow.light</shadowColor>
      <visible>[facadeview.smallicons|facadeview.largeicons]+control.isvisible(50)</visible>
      <animation effect="fade" time="250" delay="0">WindowClose</animation>
    </control>
    <control>
      <description>Genres</description>
      <type>label</type>
      <label>#MovingPictures.SelectedMovie.genres</label>
      <id>0</id>
      <posX>30</posX>
      <posY>397</posY>
      <width>750</width>
      <font>mediastream12tc</font>
      <textcolor>ff909090</textcolor>
      <shadowAngle>45</shadowAngle>
      <shadowDistance>4</shadowDistance>
      <shadowColor>#shadow.dark</shadowColor>
      <visible>[facadeview.smallicons|facadeview.largeicons]+control.isvisible(50)</visible>
      <animation effect="fade" time="250" delay="0">WindowClose</animation>
    </control>
    <!-- Star Rating -->
    <control>
      <type>image</type>
      <id>1001</id>
      <posX>30</posX>
      <posY>430</posY>
      <width>172</width>
      <height>33</height>
      <align>left</align>
      <texture>star#MovingPictures.SelectedMovie.score.rounded.png</texture>
      <visible>[facadeview.smallicons|facadeview.largeicons]+control.isvisible(50)+!string.equals(#MovingPictures.SelectedMovie.score.rounded,)</visible>
      <animation effect="fade" time="250" delay="0">WindowClose</animation>
    </control>
    <control>
      <type>label</type>
      <label>#MovingPictures.SelectedMovie.score.localized / 10</label>
      <posX>225</posX>
      <posY>432</posY>
      <width>540</width>
      <font>mediastream10</font>
      <shadowAngle>45</shadowAngle>
      <shadowDistance>3</shadowDistance>
      <shadowColor>#shadow.light</shadowColor>
      <visible>[facadeview.smallicons|facadeview.largeicons]+control.isvisible(50)+!string.equals(#MovingPictures.SelectedMovie.score.rounded,)+!string.equals(#MovingPictures.SelectedMovie.score.rounded,0)</visible>
      <animation effect="fade" time="250" delay="0">WindowClose</animation>
    </control>
    <control>
      <description>Summary</description>
      <type>textboxscrollup</type>
      <id>0</id>
      <posX>30</posX>
      <posY>480</posY>
      <width>750</width>
      <height>322</height>
      <textcolor>ffFFFFFF</textcolor>
      <seperator>-----------------------------------------------------------------------------------</seperator>
      <font>mediastream11</font>
      <label>#MovingPictures.SelectedMovie.summary</label>
      <visible>[facadeview.smallicons|facadeview.largeicons]+control.isvisible(50)</visible>
      <animation effect="fade" time="250" delay="0">WindowClose</animation>
    </control>
    <control Style="smallTitleB">
      <description>Certification Label</description>
      <id>0</id>
      <type>label</type>
      <label>#MovingPictures.Translation.Certification.Label</label>
      <posX>30</posX>
      <posY>826</posY>
      <width>210</width>
      <visible>[facadeview.smallicons|facadeview.largeicons]+control.isvisible(50)+!string.equals(#MovingPictures.general.filteredmoviecount,0)</visible>
      <animation effect="fade" time="250" delay="0">WindowClose</animation>
    </control>
    <control Style="smallTitle">
      <description>Certification</description>
      <id>1004</id>
      <type>label</type>
      <label>#(iif(neq(#MovingPictures.SelectedMovie.certification,''),#MovingPictures.SelectedMovie.certification,'N/A'))</label>
      <posX>270</posX>
      <posY>828</posY>
      <width>300</width>
      <visible>[facadeview.smallicons|facadeview.largeicons]+control.isvisible(50)+!string.equals(#MovingPictures.general.filteredmoviecount,0)</visible>
      <animation effect="fade" time="250" delay="0">WindowClose</animation>
    </control>
    <control Style="smallTitleB">
      <description>Runtime Label</description>
      <id>0</id>
      <type>label</type>
      <label>#MovingPictures.Translation.Runtime.Label</label>
      <posX>30</posX>
      <posY>859</posY>
      <width>210</width>
      <visible>[facadeview.smallicons|facadeview.largeicons]+control.isvisible(50)+!string.equals(#MovingPictures.general.filteredmoviecount,0)</visible>
      <animation effect="fade" time="250" delay="0">WindowClose</animation>
    </control>
    <control Style="smallTitle">
      <description>Runtime</description>
      <id>1005</id>
      <type>label</type>
      <label>#(iif(neq(#MovingPictures.SelectedMovie.extra.runtime.en.pretty,''),#MovingPictures.SelectedMovie.extra.runtime.en.pretty,'N/A'))</label>
      <posX>270</posX>
      <posY>861</posY>
      <width>300</width>
      <visible>[facadeview.smallicons|facadeview.largeicons]+control.isvisible(50)+!string.equals(#MovingPictures.general.filteredmoviecount,0)</visible>
      <animation effect="fade" time="250" delay="0">WindowClose</animation>
    </control>
    <control Style="smallTitleB">
      <description>Year Label</description>
      <type>label</type>
      <label>#MovingPictures.Translation.Year.Label</label>
      <posX>30</posX>
      <posY>892</posY>
      <width>210</width>
      <visible>[facadeview.smallicons|facadeview.largeicons]+control.isvisible(50)+!string.equals(#MovingPictures.general.filteredmoviecount,0)</visible>
      <animation effect="fade" time="250" delay="0">WindowClose</animation>
    </control>
    <control Style="smallTitle">
      <description>Year</description>
      <id>1006</id>
      <type>label</type>
      <label>#(iif(neq(#MovingPictures.SelectedMovie.year,''),#MovingPictures.SelectedMovie.year,'N/A'))</label>
      <posX>270</posX>
      <posY>893</posY>
      <visible>[facadeview.smallicons|facadeview.largeicons]+control.isvisible(50)+!string.equals(#MovingPictures.general.filteredmoviecount,0)</visible>
      <animation effect="fade" time="250" delay="0">WindowClose</animation>
    </control>
  </controls>
</window>
<!--Checksum:479ccb7615ba26beaef148f2031c83d8-->