﻿<?xml version="1.0" encoding="utf-8"?>
<!-- 
This file should contain the thumbs view
-->
<window>
  <controls>
    <control>
      <description>Cover Art</description>
      <type>image</type>
      <id>60</id>
      <posX>105</posX>
      <posY>109</posY>
      <width>432</width>
      <height>633</height>
      <texture>#MovingPictures.Coverart</texture>
      <visible>facadeview.filmstrip+control.isvisible(50)</visible>
      <animation effect="fade" time="250" delay="0">WindowClose</animation>
    </control>
    <control>
      <description>Cover Art Glass Overlay</description>
      <type>image</type>
      <id>0</id>
      <posX>105</posX>
      <posY>109</posY>
      <width>342</width>
      <height>265</height>
      <texture>glassoverlay2.png</texture>
      <visible>facadeview.filmstrip+control.isvisible(50)+Control.HasThumb(60)</visible>
      <animation effect="fade" time="250" delay="0">WindowClose</animation>
    </control>
    <control>
      <description>Watched Icon Background</description>
      <type>image</type>
      <id>0</id>
      <posX>489</posX>
      <posY>195</posY>
      <width>48</width>
      <height>58</height>
      <texture>#StreamedMP.Icons.Background</texture>
      <visible>facadeview.filmstrip+control.isvisible(50)+Control.HasThumb(60)</visible>
      <animation effect="fade" time="250" delay="0">WindowClose</animation>
    </control>
    <control>
      <description>Watched Icon</description>
      <type>image</type>
      <id>0</id>
      <posX>499</posX>
      <posY>199</posY>
      <width>36</width>
      <height>36</height>
      <texture>#StreamedMP.Icons.Watched</texture>
      <visible>facadeview.filmstrip+control.isvisible(50)+control.isvisible(9)+Control.HasThumb(60)</visible>
      <animation effect="fade" time="250" delay="0">WindowClose</animation>
    </control>
    <control>
      <description>Un-Watched Icon</description>
      <type>image</type>
      <id>0</id>
      <posX>499</posX>
      <posY>199</posY>
      <width>36</width>
      <height>36</height>
      <texture>#StreamedMP.Icons.UnWatched</texture>
      <visible>facadeview.filmstrip+control.isvisible(50)+!control.isvisible(9)+Control.HasThumb(60)</visible>
      <animation effect="fade" time="250" delay="0">WindowClose</animation>
    </control>
    <control>
      <description>Movie Title</description>
      <type>label</type>
      <id>0</id>
      <posX>615</posX>
      <posY>105</posY>
      <width>1230</width>
      <font>mediastream16tc</font>
      <label>#MovingPictures.SelectedMovie.title</label>
      <textcolor>ffFFFFFF</textcolor>
      <visible>facadeview.filmstrip+control.isvisible(50)</visible>
      <animation effect="fade" time="250" delay="0">WindowClose</animation>
    </control>
    <control>
      <description>Summary</description>
      <type>textboxscrollup</type>
      <id>0</id>
      <posX>615</posX>
      <posY>165</posY>
      <width>1050</width>
      <height>225</height>
      <textcolor>ffFFFFFF</textcolor>
      <seperator>-----------------------------------------------------------------------------------</seperator>
      <font>mediastream11</font>
      <scrollStartDelaySec>10</scrollStartDelaySec>
      <label>#MovingPictures.SelectedMovie.summary</label>
      <visible>facadeview.filmstrip+control.isvisible(50)</visible>
      <animation effect="fade" time="250" delay="0">WindowClose</animation>
    </control>
    <control>
      <description>Movie Details Label</description>
      <type>label</type>
      <id>0</id>
      <posX>615</posX>
      <posY>420</posY>
      <width>450</width>
      <font>mediastream12tc</font>
      <label>#MovingPictures.Translation.MovieDetails.Label</label>
      <textcolor>ffFFFFFF</textcolor>
      <shadowAngle>45</shadowAngle>
      <shadowDistance>3</shadowDistance>
      <shadowColor>ff222222</shadowColor>
      <visible>facadeview.filmstrip+control.isvisible(50)+!string.equals(#MovingPictures.general.filteredmoviecount,0)</visible>
      <animation effect="fade" time="250" delay="0">WindowClose</animation>
    </control>
    <control>
      <type>label</type>
      <label>#MovingPictures.SelectedMovie.genres</label>
      <posX>615</posX>
      <posY>457</posY>
      <width>540</width>
      <font>mediastream10</font>
      <shadowAngle>45</shadowAngle>
      <shadowDistance>3</shadowDistance>
      <shadowColor>ff222222</shadowColor>
      <visible>facadeview.filmstrip+control.isvisible(50)</visible>
      <animation effect="fade" time="250" delay="0">WindowClose</animation>
    </control>
    <control>
      <type>label</type>
      <label>#MovingPictures.SelectedMovie.year</label>
      <posX>615</posX>
      <posY>487</posY>
      <width>540</width>
      <font>mediastream10</font>
      <shadowAngle>45</shadowAngle>
      <shadowDistance>3</shadowDistance>
      <shadowColor>ff222222</shadowColor>
      <visible>facadeview.filmstrip+control.isvisible(50)</visible>
      <animation effect="fade" time="250" delay="0">WindowClose</animation>
    </control>
    <control>
      <type>label</type>
      <label>#MovingPictures.SelectedMovie.runtime.localized.long</label>
      <posX>615</posX>
      <posY>517</posY>
      <width>540</width>
      <font>mediastream10</font>
      <shadowAngle>45</shadowAngle>
      <shadowDistance>3</shadowDistance>
      <shadowColor>ff222222</shadowColor>
      <visible>facadeview.filmstrip+control.isvisible(50)</visible>
      <animation effect="fade" time="250" delay="0">WindowClose</animation>
    </control>
    <control>
      <type>label</type>
      <label>#MovingPictures.Translation.Rated.Label #MovingPictures.SelectedMovie.certification</label>
      <posX>615</posX>
      <posY>547</posY>
      <width>540</width>
      <font>mediastream10</font>
      <shadowAngle>45</shadowAngle>
      <shadowDistance>3</shadowDistance>
      <shadowColor>ff222222</shadowColor>
      <visible>facadeview.filmstrip+control.isvisible(50)+!string.equals(#MovingPictures.SelectedMovie.certification,)</visible>
      <animation effect="fade" time="250" delay="0">WindowClose</animation>
    </control>
    <control>
      <description>Star Rating Label</description>
      <type>label</type>
      <id>0</id>
      <posX>615</posX>
      <posY>615</posY>
      <width>450</width>
      <font>mediastream12tc</font>
      <label>#MovingPictures.Translation.StarRating.Label</label>
      <textcolor>ffFFFFFF</textcolor>
      <shadowAngle>45</shadowAngle>
      <shadowDistance>3</shadowDistance>
      <shadowColor>ff222222</shadowColor>
      <visible>facadeview.filmstrip+control.isvisible(50)+!string.equals(#MovingPictures.general.filteredmoviecount,0)</visible>
      <animation effect="fade" time="250" delay="0">WindowClose</animation>
    </control>
    <control>
      <type>image</type>
      <id>1001</id>
      <posX>615</posX>
      <posY>648</posY>
      <width>172</width>
      <height>34</height>
      <align>left</align>
      <texture>star#MovingPictures.SelectedMovie.score.rounded.png</texture>
      <visible>facadeview.filmstrip+control.isvisible(50)+!string.equals(#MovingPictures.SelectedMovie.score.rounded,)</visible>
      <animation effect="fade" time="250" delay="0">WindowClose</animation>
    </control>
    <control>
      <type>label</type>
      <label>#MovingPictures.SelectedMovie.score.localized / 10</label>
      <posX>615</posX>
      <posY>685</posY>
      <width>540</width>
      <font>mediastream10</font>
      <shadowAngle>45</shadowAngle>
      <shadowDistance>3</shadowDistance>
      <shadowColor>ff222222</shadowColor>
      <visible>facadeview.filmstrip+control.isvisible(50)+!string.equals(#MovingPictures.SelectedMovie.score.rounded,)+!string.equals(#MovingPictures.SelectedMovie.score.rounded,0)</visible>
      <animation effect="fade" time="250" delay="0">WindowClose</animation>
    </control>
    <control>
      <description>Director Label</description>
      <type>label</type>
      <id>0</id>
      <posX>1312</posX>
      <posY>420</posY>
      <width>450</width>
      <font>mediastream12tc</font>
      <label>#MovingPictures.Translation.Director.Label</label>
      <textcolor>ffFFFFFF</textcolor>
      <shadowAngle>45</shadowAngle>
      <shadowDistance>3</shadowDistance>
      <shadowColor>ff222222</shadowColor>
      <visible>facadeview.filmstrip+control.isvisible(50)+!string.equals(#MovingPictures.general.filteredmoviecount,0)</visible>
      <animation effect="fade" time="250" delay="0">WindowClose</animation>
    </control>
    <control>
      <id>0</id>
      <type>label</type>
      <label>#MovingPictures.SelectedMovie.extra.directors.1</label>
      <posX>1312</posX>
      <posY>457</posY>
      <width>540</width>
      <font>mediastream10</font>
      <shadowAngle>45</shadowAngle>
      <shadowDistance>3</shadowDistance>
      <shadowColor>ff222222</shadowColor>
      <visible>facadeview.filmstrip+control.isvisible(50)</visible>
      <animation effect="fade" time="250" delay="0">WindowClose</animation>
    </control>
    <control>
      <description>Writer Label</description>
      <type>label</type>
      <id>0</id>
      <posX>1312</posX>
      <posY>502</posY>
      <width>450</width>
      <font>mediastream12tc</font>
      <label>#MovingPictures.Translation.Writer.Label</label>
      <textcolor>ffFFFFFF</textcolor>
      <shadowAngle>45</shadowAngle>
      <shadowDistance>3</shadowDistance>
      <shadowColor>ff222222</shadowColor>
      <visible>facadeview.filmstrip+control.isvisible(50)+!string.equals(#MovingPictures.general.filteredmoviecount,0)</visible>
      <animation effect="fade" time="250" delay="0">WindowClose</animation>
    </control>
    <control>
      <id>0</id>
      <type>label</type>
      <label>#MovingPictures.SelectedMovie.extra.writers.1</label>
      <posX>1312</posX>
      <posY>540</posY>
      <width>540</width>
      <font>mediastream10</font>
      <shadowAngle>45</shadowAngle>
      <shadowDistance>3</shadowDistance>
      <shadowColor>ff222222</shadowColor>
      <visible>facadeview.filmstrip+control.isvisible(50)</visible>
      <animation effect="fade" time="250" delay="0">WindowClose</animation>
    </control>
    <control>
      <description>Actors Label</description>
      <type>label</type>
      <id>0</id>
      <posX>1312</posX>
      <posY>615</posY>
      <width>450</width>
      <font>mediastream12tc</font>
      <label>#MovingPictures.Translation.Actors.Label</label>
      <textcolor>ffFFFFFF</textcolor>
      <shadowAngle>45</shadowAngle>
      <shadowDistance>3</shadowDistance>
      <shadowColor>ff222222</shadowColor>
      <visible>facadeview.filmstrip+control.isvisible(50)+!string.equals(#MovingPictures.general.filteredmoviecount,0)</visible>
      <animation effect="fade" time="250" delay="0">WindowClose</animation>
    </control>
    <control>
      <id>0</id>
      <type>textboxscrollup</type>
      <label>#MovingPictures.SelectedMovie.actors</label>
      <posX>1312</posX>
      <posY>652</posY>
      <width>570</width>
      <height>75</height>
      <font>mediastream10</font>
      <shadowAngle>45</shadowAngle>
      <shadowDistance>3</shadowDistance>
      <shadowColor>ff222222</shadowColor>
      <visible>facadeview.filmstrip+control.isvisible(50)</visible>
      <animation effect="fade" time="250" delay="0">WindowClose</animation>
    </control>
  </controls>
</window>
<!--Checksum:56653ff086afc4a2da56661c6d63380f-->