﻿<?xml version="1.0" encoding="utf-8"?>
<window>
  <controls>
    <control>
      <type>image</type>
      <description>hidebackground</description>
      <id>0</id>
      <width>1280</width>
      <height>720</height>
      <texture>black.png</texture>
      <animation effect="fade" time="400" delay="0">WindowOpen</animation>
      <visible>[facadeview.largeicons|facadeview.smallicons]+control.isvisible(50)</visible>
    </control>
    <control>
      <description>Backdrop Overlay</description>
      <type>image</type>
      <id>0</id>
      <posX>-2</posX>
      <posY>-2</posY>
      <width>1284</width>
      <height>724</height>
      <texture>mainoverlay.png</texture>
      <visible>facadeview.list+[control.isvisible(50)|control.isvisible(51)]</visible>
    </control>
    <control>
      <description>Filmstrip Black Background</description>
      <type>image</type>
      <id>0</id>
      <posX>0</posX>
      <posY>504</posY>
      <width>1280</width>
      <height>221</height>
      <colordiffuse>ffFFFFFF</colordiffuse>
      <texture>black.png</texture>
      <visible>facadeview.filmstrip+control.isvisible(50)</visible>
    </control>
    <control>
      <description>Backdrop Overlay - FilmStrip</description>
      <type>image</type>
      <id>0</id>
      <posX>-2</posX>
      <posY>-2</posY>
      <width>1284</width>
      <height>726</height>
      <texture>movieviewbg.png</texture>
      <visible>!facadeview.list+!facadeview.coverflow+control.isvisible(50)</visible>
    </control>
    <control>
      <description>Glasstitlebar - FilmStrip</description>
      <type>image</type>
      <id>0</id>
      <posX>280</posX>
      <posY>64</posY>
      <width>512</width>
      <height>43</height>
      <texture>glasstitlebar.png</texture>
      <visible>facadeview.filmstrip+control.isvisible(50)</visible>
    </control>
    <control>
      <description>Topbar Overlay</description>
      <type>image</type>
      <id>0</id>
      <posX>0</posX>
      <posY>0</posY>
      <width>1280</width>
      <height>50</height>
      <texture>overlay_topbar.png</texture>
      <visible>facadeview.coverflow+[control.isvisible(50)|control.isvisible(51)]</visible>
    </control>
    <control>
      <description>Coverflow Overlay</description>
      <type>image</type>
      <id>0</id>
      <posX>0</posX>
      <posY>470</posY>
      <width>1280</width>
      <height>250</height>
      <texture>filmstrip_overlay.png</texture>
      <visible>facadeview.coverflow+[control.isvisible(50)|control.isvisible(51)]</visible>
    </control>
  </controls>
</window>
<!--Checksum:41422221757f2a5f58a20f74f472df2b-->