﻿<?xml version="1.0" encoding="utf-8" standalone="yes"?>
<window>
  <controls>
    <control>
      <id>0</id>
      <type>image</type>
      <posX>0</posX>
      <posY>500</posY>
      <width>1275</width>
      <height>220</height>
      <texture>fullscreenbg2.png</texture>
      <colordiffuse>FAFFFFFF</colordiffuse>
      <animation effect="Fade" time="400">WindowOpen</animation>
      <animation effect="Fade" time="300">WindowClose</animation>
    </control>
    <control>
      <id>0</id>
      <description>Shadow - Menu label</description>
      <type>label</type>
      <posX>1107</posX>
      <posY>528</posY>
      <font>mediastream12tc</font>
      <textcolor>ff000000</textcolor>
      <label>924</label>
      <animation effect="Fade" time="800">WindowOpen</animation>
      <animation effect="Fade" time="300">WindowClose</animation>
    </control>
    <control>
      <id>0</id>
      <description>Menu label</description>
      <type>label</type>
      <posX>1105</posX>
      <posY>527</posY>
      <font>mediastream12tc</font>
      <label>924</label>
      <textcolor>ff006699</textcolor>
      <animation effect="Fade" time="800">WindowOpen</animation>
      <animation effect="Fade" time="300">WindowClose</animation>
    </control>
    <control>
      <type>group</type>
      <posX>1006</posX>
      <posY>552</posY>
      <layout>Stacklayout</layout>
      <animation effect="Fade" time="800">WindowOpen</animation>
      <animation effect="Fade" time="300">WindowClose</animation>
      <control>
        <id>5101</id>
        <description>Now Playing button</description>
        <type>button</type>
        <width>265</width>
        <height>26</height>
        <label>4540</label>
        <textYOff>1</textYOff>
        <onleft>5101</onleft>
        <onright>5101</onright>
        <onup>17</onup>
        <textureFocus>listbg_fo.png</textureFocus>
        <textureNoFocus>listbg_nf.png</textureNoFocus>
      </control>
      <control>
        <id>5102</id>
        <description>Top Album Tracks button</description>
        <type>button</type>
        <posX>650</posX>
        <posY>235</posY>
        <width>265</width>
        <height>26</height>
        <label>33030</label>
        <textYOff>1</textYOff>
        <textureFocus>listbg_fo.png</textureFocus>
        <textureNoFocus>listbg_nf.png</textureNoFocus>
      </control>
      <control>
        <id>5103</id>
        <description>Tagged Tracks button</description>
        <type>button</type>
        <posX>650</posX>
        <posY>235</posY>
        <width>265</width>
        <height>26</height>
        <label>33011</label>
        <textYOff>1</textYOff>
        <textureFocus>listbg_fo.png</textureFocus>
        <textureNoFocus>listbg_nf.png</textureNoFocus>
      </control>
      <control>
        <id>5104</id>
        <description>Current Playlist button</description>
        <type>button</type>
        <width>265</width>
        <height>26</height>
        <hyperlink>500</hyperlink>
        <label>4555</label>
        <textYOff>1</textYOff>
        <onleft>5104</onleft>
        <onright>5104</onright>
        <textureFocus>listbg_fo.png</textureFocus>
        <textureNoFocus>listbg_nf.png</textureNoFocus>
      </control>
      <control>
        <id>5105</id>
        <description>Lyrics button</description>
        <type>button</type>
        <onup>5104</onup>
        <ondown>5101</ondown>
        <visible>plugin.isenabled(My Lyrics)</visible>
        <posX>609</posX>
        <posY>242</posY>
        <width>265</width>
        <height>26</height>
        <hyperlink>90478</hyperlink>
        <label>MyLyrics</label>
        <textYOff>1</textYOff>
        <onleft>5105</onleft>
        <onright>5105</onright>
        <ondown>5101</ondown>
        <textureFocus>listbg_fo.png</textureFocus>
        <textureNoFocus>listbg_nf.png</textureNoFocus>
      </control>
    </control>
    <control>
      <id>0</id>
      <type>image</type>
      <visible>string.equals(#Play.Current.Thumb,)</visible>
      <posX>25</posX>
      <posY>530</posY>
      <width>160</width>
      <height>160</height>
      <texture>defaultAudioBig.png</texture>
      <animation effect="Fade" time="800">WindowOpen</animation>
      <animation effect="Fade" time="300">WindowClose</animation>
    </control>
    <control>
      <id>112</id>
      <description>album art image</description>
      <type>image</type>
      <posX>25</posX>
      <posY>530</posY>
      <width>160</width>
      <height>160</height>
      <texture>-</texture>
      <visible>string.equals(#StreamedMP.cdCoverOnly,false)</visible>
      <animation effect="Fade" time="800">WindowOpen</animation>
      <animation effect="Fade" time="300">WindowClose</animation>
    </control>
    <control>
      <id>0</id>
      <description>album art image</description>
      <type>image</type>
      <posX>25</posX>
      <posY>530</posY>
      <width>160</width>
      <height>160</height>
      <texture>#Play.Current.Thumb</texture>
      <visible>string.equals(#StreamedMP.cdCoverOnly,true)</visible>
      <animation effect="Fade" time="800">WindowOpen</animation>
      <animation effect="Fade" time="300">WindowClose</animation>
    </control>
    <control>
      <id>0</id>
      <description>album art overlay</description>
      <type>image</type>
      <posX>20</posX>
      <posY>525</posY>
      <width>170</width>
      <height>170</height>
      <texture>mayacdborder.png</texture>
      <animation effect="Fade" time="800">WindowOpen</animation>
      <animation effect="Fade" time="300">WindowClose</animation>
    </control>
    <control>
      <id>0</id>
      <description>artist label</description>
      <type>fadelabel</type>
      <visible>Control.HasFocus(5101) | Control.HasFocus(5104)| Control.HasFocus(20) | Control.HasFocus(5105)</visible>
      <posX>200</posX>
      <posY>528</posY>
      <width>497</width>
      <font>mediastream14tc</font>
      <label>#Play.Current.Artist</label>
      <animation effect="Fade" time="800">WindowOpen</animation>
      <animation effect="Fade" time="300">WindowClose</animation>
    </control>
    <control>
      <id>0</id>
      <description>album label</description>
      <type>fadelabel</type>
      <visible>Control.HasFocus(5101) | Control.HasFocus(5104)| Control.HasFocus(20) | Control.HasFocus(5105)</visible>
      <posX>200</posX>
      <posY>560</posY>
      <width>447</width>
      <font>mediastream12tc</font>
      <label>#Play.Current.Title</label>
      <animation effect="Fade" time="800">WindowOpen</animation>
      <animation effect="Fade" time="300">WindowClose</animation>
    </control>
    <control>
      <id>0</id>
      <description>title label</description>
      <type>fadelabel</type>
      <visible>Control.HasFocus(5101) | Control.HasFocus(5104)| Control.HasFocus(20) | Control.HasFocus(5105)</visible>
      <posX>200</posX>
      <posY>585</posY>
      <width>497</width>
      <font>font12</font>
      <label>#Play.Current.Album</label>
      <animation effect="Fade" time="800">WindowOpen</animation>
      <animation effect="Fade" time="300">WindowClose</animation>
    </control>
    <control>
      <type>label</type>
      <description>Track / Year</description>
      <id>0</id>
      <posX>200</posX>
      <posY>610</posY>
      <width>400</width>
      <height>26</height>
      <label>435</label>
      <label>#StreamedMP.Track #Play.Current.Track | #StreamedMP.Year #Play.Current.Year</label>
      <font>font12</font>
      <visible>!string.equals(#Play.Current.Track,)+!string.equals(#Play.Current.Year,)+[Control.HasFocus(5101) | Control.HasFocus(5104)| Control.HasFocus(20) | Control.HasFocus(5105)]</visible>
      <animation effect="Fade" time="800">WindowOpen</animation>
      <animation effect="Fade" time="300">WindowClose</animation>
    </control>
    <control>
      <type>label</type>
      <description>Track Only</description>
      <id>0</id>
      <posX>200</posX>
      <posY>610</posY>
      <width>400</width>
      <height>26</height>
      <label>435</label>
      <label>#StreamedMP.Track #Play.Current.Track</label>
      <font>mediastream10c</font>
      <visible>!string.equals(#Play.Current.Track,)+string.equals(#Play.Current.Year,)+[Control.HasFocus(5101) | Control.HasFocus(5104)| Control.HasFocus(20) | Control.HasFocus(5105)]</visible>
      <animation effect="Fade" time="800">WindowOpen</animation>
      <animation effect="Fade" time="300">WindowClose</animation>
    </control>
    <control>
      <type>label</type>
      <description>Year Only</description>
      <id>0</id>
      <posX>200</posX>
      <posY>610</posY>
      <width>400</width>
      <height>26</height>
      <label>435</label>
      <label>#StreamedMP.Year #Play.Current.Year</label>
      <font>mediastream10c</font>
      <visible>string.equals(#Play.Current.Track,)+!string.equals(#Play.Current.Year,)+[Control.HasFocus(5101) | Control.HasFocus(5104)| Control.HasFocus(20) | Control.HasFocus(5105)]</visible>
      <animation effect="Fade" time="800">WindowOpen</animation>
      <animation effect="Fade" time="300">WindowClose</animation>
    </control>
    <control>
      <type>image</type>
      <id>117</id>
      <posX>350</posX>
      <posY>670</posY>
      <width>600</width>
      <height>12</height>
      <texture>osd_progress_background_medium.png</texture>
      <visible>Player.HasMedia</visible>
      <animation effect="Fade" time="800">WindowOpen</animation>
      <animation effect="Fade" time="300">WindowClose</animation>
    </control>
    <control>
      <description>progressbar background</description>
      <type>image</type>
      <id>0</id>
      <posX>256</posX>
      <posY>670</posY>
      <width>594</width>
      <height>29</height>
      <texture>osdprogressbackv.png</texture>
      <colordiffuse>ffFFFFFF</colordiffuse>
      <animation effect="Fade" time="800">WindowOpen</animation>
      <animation effect="Fade" time="300">WindowClose</animation>
    </control>
    <control>
      <type>progress</type>
      <description>track progress</description>
      <id>118</id>
      <posX>250</posX>
      <posY>675</posY>
      <width>594</width>
      <height>23</height>
      <label>#percentage</label>
      <texturebg>-</texturebg>
      <lefttexture>osdprogressleft.png</lefttexture>
      <midtexture>osdprogressmid.png</midtexture>
      <righttexture>osdprogressright.png</righttexture>
      <visible>player.hasmedia</visible>
      <animation effect="Fade" time="800">WindowOpen</animation>
      <animation effect="Fade" time="300">WindowClose</animation>
    </control>
    <control>
      <type>label</type>
      <description>track progress label</description>
      <id>0</id>
      <posX>250</posX>
      <posY>670</posY>
      <align>right</align>
      <label>[#currentplaytime]</label>
      <font>mediastream12c</font>
      <visible>Player.HasMedia</visible>
      <animation effect="Fade" time="800">WindowOpen</animation>
      <animation effect="Fade" time="300">WindowClose</animation>
    </control>
    <control>
      <type>label</type>
      <description>track progress label</description>
      <id>0</id>
      <posX>848</posX>
      <posY>670</posY>
      <align>left</align>
      <label>[#duration]</label>
      <font>mediastream12c</font>
      <visible>Player.HasMedia</visible>
      <animation effect="Fade" time="800">WindowOpen</animation>
      <animation effect="Fade" time="300">WindowClose</animation>
    </control>
    <control>
      <type>label</type>
      <description>Shadow - up next label</description>
      <id>0</id>
      <posX>975</posX>
      <posY>528</posY>
      <label>4541</label>
      <font>mediastream12tc</font>
      <align>right</align>
      <textcolor>ff000000</textcolor>
			<visible>!string.equals(#Play.Next.Title,)</visible>
      <animation effect="Fade" time="800">WindowOpen</animation>
      <animation effect="Fade" time="300">WindowClose</animation>
    </control>
    <control>
      <type>label</type>
      <description>up next label</description>
      <id>0</id>
      <posX>975</posX>
      <posY>527</posY>
      <label>4541</label>
      <font>mediastream12tc</font>
      <align>right</align>
      <textcolor>ff006699</textcolor>
			<visible>!string.equals(#Play.Next.Title,)</visible>
      <animation effect="Fade" time="800">WindowOpen</animation>
      <animation effect="Fade" time="300">WindowClose</animation>
    </control>
    <control>
      <type>fadelabel</type>
      <description>next artist label</description>
      <id>0</id>
      <posX>975</posX>
      <posY>550</posY>
      <width>320</width>
      <label>#Play.Next.Title</label>
      <font>font12</font>
      <align>right</align>
      <textcolor>ffb0b0b0</textcolor>
      <animation effect="Fade" time="800">WindowOpen</animation>
      <animation effect="Fade" time="300">WindowClose</animation>
    </control>
    <control>
      <type>fadelabel</type>
      <description>next artist label</description>
      <id>0</id>
      <posX>975</posX>
      <posY>575</posY>
      <width>400</width>
      <label>#Play.Next.Artist</label>
      <font>font12</font>
      <align>right</align>
      <textcolor>ffb0b0b0</textcolor>
      <animation effect="Fade" time="800">WindowOpen</animation>
      <animation effect="Fade" time="300">WindowClose</animation>
    </control>
    <control>
      <description>music logo</description>
      <type>image</type>
      <id>0</id>
      <posX>909</posX>
      <posY>610</posY>
      <width>66</width>
      <height>66</height>
      <keepaspectratio>yes</keepaspectratio>
      <texture>defaultAudio.png</texture>
			<visible>!string.equals(#Play.Next.Title,)</visible>
      <animation effect="Fade" time="800">WindowOpen</animation>
      <animation effect="Fade" time="300">WindowClose</animation>
    </control>
    <control>
      <description>music logo</description>
      <type>image</type>
      <id>600</id>
      <posX>909</posX>
      <posY>610</posY>
      <width>66</width>
      <height>66</height>
      <keepaspectratio>yes</keepaspectratio>
      <texture>#Play.Next.Thumb</texture>
      <animation effect="Fade" time="800">WindowOpen</animation>
      <animation effect="Fade" time="300">WindowClose</animation>
    </control>
    <control>
      <id>0</id>
      <description>album art overlay</description>
      <type>image</type>
      <posX>904</posX>
      <posY>605</posY>
      <width>76</width>
      <height>76</height>
      <texture>mayacdborder.png</texture>
			<visible>control.hasthumb(600)</visible>
      <animation effect="Fade" time="800">WindowOpen</animation>
      <animation effect="Fade" time="300">WindowClose</animation>
    </control>
    <control>
      <id>0</id>
      <description>Rating</description>
      <type>imagelist</type>
      <visible>[Control.HasFocus(5101) | Control.HasFocus(5104)| Control.HasFocus(20) | Control.HasFocus(5105)]+!string.equals(#Play.Current.Title,)</visible>
      <posX>195</posX>
      <posY>640</posY>
      <textureWidth>24</textureWidth>
      <textureHeight>24</textureHeight>
      <percentage>#Play.Current.Rating</percentage>
      <imagesToDraw>5</imagesToDraw>
      <orientation>HORIZONTAL</orientation>
      <align>LEFT</align>
      <subitems>
        <subitem>white-star-outline.png</subitem>
        <subitem>white-star-filled.png</subitem>
      </subitems>
      <animation effect="Fade" time="800">WindowOpen</animation>
      <animation effect="Fade" time="300">WindowClose</animation>
    </control>    
    <control>
      <id>0</id>
      <description>Shadow -list of top album tracks label</description>
      <type>fadelabel</type>
      <visible>Control.HasFocus(5102) | Control.HasFocus(166)</visible>
      <posX>202</posX>
      <posY>526</posY>
      <width>627</width>
      <font>mediastream16c</font>
      <textcolor>ff000000</textcolor>
      <label>33030</label>
      <animation effect="Fade" time="800">WindowOpen</animation>
      <animation effect="Fade" time="300">WindowClose</animation>
    </control>
    <control>
      <id>0</id>
      <description>list of top album tracks label</description>
      <type>fadelabel</type>
      <visible>Control.HasFocus(5102) | Control.HasFocus(166)</visible>
      <posX>200</posX>
      <posY>525</posY>
      <width>627</width>
      <font>mediastream16c</font>
      <textcolor>ff006699</textcolor>
      <label>33030</label>
      <animation effect="Fade" time="800">WindowOpen</animation>
      <animation effect="Fade" time="300">WindowClose</animation>
    </control>
    <control>
      <id>166</id>
      <description>list of top album tracks</description>
      <type>listcontrol</type>
      <onleft>166</onleft>
      <onright>5102</onright>
      <onup>166</onup>
      <ondown>166</ondown>
      <visible>Control.HasFocus(5102) | Control.HasFocus(166)</visible>
      <posX>225</posX>
      <posY>555</posY>
      <width>500</width>
      <height>210</height>
      <animation effect="Fade" time="800">WindowOpen</animation>
      <animation effect="Fade" time="300">WindowClose</animation>
      <textureHeight>32</textureHeight>
      <textYOff>4</textYOff>
    </control>
    <control>
      <id>0</id>
      <description>Shadow - list of tagged tracks label</description>
      <type>fadelabel</type>
      <visible>Control.HasFocus(5103) | Control.HasFocus(155)</visible>
      <posX>202</posX>
      <posY>526</posY>
      <width>627</width>
      <onleft>155</onleft>
      <onright>5103</onright>
      <onup>155</onup>
      <ondown>155</ondown>
      <font>mediastream16c</font>
      <textcolor>ff000000</textcolor>
      <label>33011</label>
      <animation effect="Fade" time="200">WindowOpen</animation>
      <animation effect="Fade" time="200">WindowClose</animation>
    </control>
    <control>
      <id>0</id>
      <description>list of tagged tracks label</description>
      <type>fadelabel</type>
      <visible>Control.HasFocus(5103) | Control.HasFocus(155)</visible>
      <posX>200</posX>
      <posY>525</posY>
      <width>627</width>
      <onleft>155</onleft>
      <onright>5103</onright>
      <onup>155</onup>
      <ondown>155</ondown>
      <font>mediastream16c</font>
      <textcolor>ff006699</textcolor>
      <label>33011</label>
      <animation effect="Fade" time="200">WindowOpen</animation>
      <animation effect="Fade" time="200">WindowClose</animation>
    </control>
    <control>
      <id>155</id>
      <description>list of tagged tracks</description>
      <type>listcontrol</type>
      <onleft>155</onleft>
      <onright>5103</onright>
      <onup>155</onup>
      <ondown>155</ondown>
      <visible>Control.HasFocus(5103) | Control.HasFocus(155)</visible>
      <posX>328</posX>
      <posY>537</posY>
      <width>649</width>
      <height>210</height>
      <animation effect="Fade" time="200">WindowOpen</animation>
      <animation effect="Fade" time="200">WindowClose</animation>
      <posX>225</posX>
      <posY>555</posY>
      <width>500</width>
      <height>210</height>
      <textureHeight>32</textureHeight>
      <textYOff>4</textYOff>
    </control>
    <control>
      <id>77</id>
      <description>unknown rating1</description>
      <type>imagelist</type>
      <visible>no</visible>
      <posX>-2595</posX>
      <posY>610</posY>
      <width>130</width>
      <height>32</height>
      <textureHeight>24</textureHeight>
      <textureWidth>24</textureWidth>
      <percentage>#Lastfm.Rating.AlbumTrack1</percentage>
      <orientation>HORIZONTAL</orientation>
      <align>LEFT</align>
      <subitems>
        <subitem>white-star-outline.png</subitem>
        <subitem>white-star-filled.png</subitem>
      </subitems>
      <animation effect="Fade" time="200">WindowOpen</animation>
      <animation effect="Fade" time="200">WindowClose</animation>
    </control>
    <control>
      <id>78</id>
      <description>unknown rating2</description>
      <type>imagelist</type>
      <visible>no</visible>
      <posX>-2595</posX>
      <posY>580</posY>
      <width>130</width>
      <height>32</height>
      <textureHeight>24</textureHeight>
      <textureWidth>24</textureWidth>
      <percentage>#Lastfm.Rating.AlbumTrack2</percentage>
      <orientation>HORIZONTAL</orientation>
      <align>LEFT</align>
      <subitems>
        <subitem>white-star-outline.png</subitem>
        <subitem>white-star-filled.png</subitem>
      </subitems>
      <animation effect="Fade" time="200">WindowOpen</animation>
      <animation effect="Fade" time="200">WindowClose</animation>
    </control>
    <control>
      <id>79</id>
      <description>unknown rating3</description>
      <type>imagelist</type>
      <visible>no</visible>
      <posX>-2595</posX>
      <posY>628</posY>
      <width>130</width>
      <height>32</height>
      <textureHeight>24</textureHeight>
      <textureWidth>24</textureWidth>
      <percentage>#Lastfm.Rating.AlbumTrack3</percentage>
      <orientation>HORIZONTAL</orientation>
      <align>LEFT</align>
      <subitems>
        <subitem>white-star-outline.png</subitem>
        <subitem>white-star-filled.png</subitem>
      </subitems>
      <animation effect="Fade" time="200">WindowOpen</animation>
      <animation effect="Fade" time="200">WindowClose</animation>
    </control>
    <control>
      <id>80</id>
      <description>existent rating1</description>
      <type>imagelist</type>
      <visible>no</visible>
      <posX>-2595</posX>
      <posY>532</posY>
      <width>130</width>
      <height>32</height>
      <textureHeight>24</textureHeight>
      <textureWidth>24</textureWidth>
      <percentage>#Lastfm.Rating.AlbumTrack1</percentage>
      <orientation>HORIZONTAL</orientation>
      <align>LEFT</align>
      <subitems>
        <subitem>white-star-outline.png</subitem>
        <subitem>white-star-filled.png</subitem>
      </subitems>
      <animation effect="Fade" time="200">WindowOpen</animation>
      <animation effect="Fade" time="200">WindowClose</animation>
    </control>
    <control>
      <id>81</id>
      <description>existent rating2</description>
      <type>imagelist</type>
      <visible>no</visible>
      <posX>-2595</posX>
      <posY>580</posY>
      <width>130</width>
      <height>32</height>
      <textureHeight>24</textureHeight>
      <textureWidth>24</textureWidth>
      <percentage>#Lastfm.Rating.AlbumTrack2</percentage>
      <orientation>HORIZONTAL</orientation>
      <align>LEFT</align>
      <subitems>
        <subitem>white-star-outline.png</subitem>
        <subitem>white-star-filled.png</subitem>
      </subitems>
      <animation effect="Fade" time="200">WindowOpen</animation>
      <animation effect="Fade" time="200">WindowClose</animation>
    </control>
    <control>
      <id>82</id>
      <description>existent rating3</description>
      <type>imagelist</type>
      <visible>no</visible>
      <posX>-2595</posX>
      <posY>628</posY>
      <width>130</width>
      <height>32</height>
      <textureHeight>24</textureHeight>
      <textureWidth>24</textureWidth>
      <percentage>#Lastfm.Rating.AlbumTrack3</percentage>
      <orientation>HORIZONTAL</orientation>
      <align>LEFT</align>
      <subitems>
        <subitem>white-star-outline.png</subitem>
        <subitem>white-star-filled.png</subitem>
      </subitems>
      <animation effect="Fade" time="200">WindowOpen</animation>
      <animation effect="Fade" time="200">WindowClose</animation>
    </control>
    <control>
      <id>83</id>
      <description>known rating1</description>
      <type>imagelist</type>
      <visible>no</visible>
      <posX>-2595</posX>
      <posY>532</posY>
      <width>130</width>
      <height>32</height>
      <textureHeight>24</textureHeight>
      <textureWidth>24</textureWidth>
      <percentage>#Lastfm.Rating.AlbumTrack1</percentage>
      <orientation>HORIZONTAL</orientation>
      <align>LEFT</align>
      <subitems>
        <subitem>white-star-outline.png</subitem>
        <subitem>white-star-filled.png</subitem>
      </subitems>
      <animation effect="Fade" time="200">WindowOpen</animation>
      <animation effect="Fade" time="200">WindowClose</animation>
    </control>
    <control>
      <id>84</id>
      <description>known rating2</description>
      <type>imagelist</type>
      <visible>no</visible>
      <posX>-2595</posX>
      <posY>580</posY>
      <width>130</width>
      <height>32</height>
      <textureHeight>24</textureHeight>
      <textureWidth>24</textureWidth>
      <percentage>#Lastfm.Rating.AlbumTrack2</percentage>
      <orientation>HORIZONTAL</orientation>
      <align>LEFT</align>
      <subitems>
        <subitem>white-star-outline.png</subitem>
        <subitem>white-star-filled.png</subitem>
      </subitems>
      <animation effect="Fade" time="200">WindowOpen</animation>
      <animation effect="Fade" time="200">WindowClose</animation>
    </control>
    <control>
      <id>85</id>
      <description>known rating3</description>
      <type>imagelist</type>
      <visible>no</visible>
      <posX>-2595</posX>
      <posY>628</posY>
      <width>130</width>
      <height>32</height>
      <textureHeight>24</textureHeight>
      <textureWidth>24</textureWidth>
      <percentage>#Lastfm.Rating.AlbumTrack3</percentage>
      <orientation>HORIZONTAL</orientation>
      <align>LEFT</align>
      <subitems>
        <subitem>white-star-outline.png</subitem>
        <subitem>white-star-filled.png</subitem>
      </subitems>
      <animation effect="Fade" time="200">WindowOpen</animation>
      <animation effect="Fade" time="200">WindowClose</animation>
    </control>
    <control>
      <id>87</id>
      <description>famous rating1</description>
      <type>imagelist</type>
      <visible>no</visible>
      <posX>-2595</posX>
      <posY>532</posY>
      <width>130</width>
      <height>32</height>
      <textureHeight>24</textureHeight>
      <textureWidth>24</textureWidth>
      <percentage>#Lastfm.Rating.AlbumTrack1</percentage>
      <orientation>HORIZONTAL</orientation>
      <align>LEFT</align>
      <subitems>
        <subitem>white-star-outline.png</subitem>
        <subitem>white-star-filled.png</subitem>
      </subitems>
      <animation effect="Fade" time="200">WindowOpen</animation>
      <animation effect="Fade" time="200">WindowClose</animation>
    </control>
    <control>
      <id>88</id>
      <description>famous rating2</description>
      <type>imagelist</type>
      <visible>no</visible>
      <posX>-2595</posX>
      <posY>580</posY>
      <width>130</width>
      <height>32</height>
      <textureHeight>24</textureHeight>
      <textureWidth>24</textureWidth>
      <percentage>#Lastfm.Rating.AlbumTrack2</percentage>
      <orientation>HORIZONTAL</orientation>
      <align>LEFT</align>
      <subitems>
        <subitem>white-star-outline.png</subitem>
        <subitem>white-star-filled.png</subitem>
      </subitems>
      <animation effect="Fade" time="200">WindowOpen</animation>
      <animation effect="Fade" time="200">WindowClose</animation>
    </control>
    <control>
      <id>89</id>
      <description>famous rating3</description>
      <type>imagelist</type>
      <visible>no</visible>
      <posX>-2595</posX>
      <posY>628</posY>
      <width>130</width>
      <height>32</height>
      <textureHeight>24</textureHeight>
      <textureWidth>24</textureWidth>
      <percentage>#Lastfm.Rating.AlbumTrack3</percentage>
      <orientation>HORIZONTAL</orientation>
      <align>LEFT</align>
      <subitems>
        <subitem>white-star-outline.png</subitem>
        <subitem>white-star-filled.png</subitem>
      </subitems>
      <animation effect="Fade" time="200">WindowOpen</animation>
      <animation effect="Fade" time="200">WindowClose</animation>
    </control>
    <control>
      <id>1337</id>
      <type>imagelist</type>
      <visible>Control.HasFocus(5101)</visible>
      <posX>-2700</posX>
      <posY>425</posY>
      <width>120</width>
      <height>24</height>
      <textureHeight>19</textureHeight>
      <textureWidth>23</textureWidth>
      <percentage>#Play.Current.Rating</percentage>
      <orientation>HORIZONTAL</orientation>
      <align>LEFT</align>
      <subitems>
        <subitem>white-star-outline.png</subitem>
        <subitem>white-star-filled.png</subitem>
      </subitems>
      <animation effect="Fade" time="200">WindowOpen</animation>
      <animation effect="Fade" time="200">WindowClose</animation>
    </control>
  </controls>
</window>
<!--Checksum:6017263d594e2373c5bb4fb9a174ad20-->