﻿<?xml version="1.0" encoding="utf-8" standalone="yes"?>
<window>
  <id>112012</id>
  <defaultcontrol>50</defaultcontrol>
  <allowoverlay>no</allowoverlay>
  <define>#shadow.dark:ff000000</define>
  <define>#header.label:136</define>
  <define>#usePlayFanart:Yes</define>
  <define>#useSelectedFanart:Yes</define>
  <controls>
    <import>mymusic.autofanart.xml</import>
    <import>mymusic.selected.fanart.xml</import>
    <control>
      <description>Main Overlay Background</description>
      <type>image</type>
      <id>0</id>
      <posX>0</posX>
      <posY>0</posY>
      <width>1280</width>
      <height>720</height>
      <texture>mainoverlay.png</texture>
    </control>
    <control>
      <description>Top Title Extension Background</description>
      <type>image</type>
      <id>1</id>
      <posX>381</posX>
      <posY>11</posY>
      <width>486</width>
      <height>36</height>
      <texture>tvtitlebg.png</texture>
      <animation effect="fade" time="300" delay="300">WindowOpen</animation>
      <animation effect="fade" time="300" delay="0">WindowClose</animation>
      <animation effect="slide" start="-514,0" end="0,0" tween="quadratic" time="300" delay="300">WindowOpen</animation>
      <animation effect="slide" start="0,0" end="-514,0" tween="quadratic" time="600" delay="0">WindowClose</animation>
    </control>
    <control>
      <description>Musicvideos Title Background</description>
      <type>image</type>
      <id>0</id>
      <posX>77</posX>
      <posY>11</posY>
      <width>437</width>
      <height>35</height>
      <texture>tvtitlebg.png</texture>
    </control>
    <control>
      <type>fadelabel</type>
      <description>Musicvideos Title</description>
      <id>0</id>
      <posX>493</posX>
      <posY>13</posY>
      <width>350</width>
      <font>mediastream12c</font>
      <align>right</align>
      <visible>yes</visible>
      <label>Musicvideos</label>
      <animation effect="fade" time="250">WindowOpen</animation>
      <animation effect="fade" time="250">WindowClose</animation>
    </control>
    <control>
      <type>fadelabel</type>
      <description>Musicvideos Hierarchy</description>
      <id>0</id>
      <posX>839</posX>
      <posY>13</posY>
      <width>600</width>
      <font>mediastream12c</font>
      <align>right</align>
      <visible>yes</visible>
      <label>#mvCentral.Hierachy</label>
      <animation effect="fade" time="250">WindowOpen</animation>
      <animation effect="fade" time="250">WindowClose</animation>
    </control>
    <control>
      <description>Page Count Background</description>
      <type>image</type>
      <id>0</id>
      <posX>1013</posX>
      <posY>684</posY>
      <width>260</width>
      <height>30</height>
      <texture>mediacountbg_Spin.png</texture>
      <visible>true</visible>
      <animation effect="fade" time="250">WindowOpen</animation>
      <animation effect="fade" time="250">WindowClose</animation>
    </control>
    <control>
      <description>Page Label</description>
      <type>label</type>
      <label>30009</label>
      <id>0</id>
      <posX>1023</posX>
      <posY>688</posY>
      <font>mediastream12tc</font>
      <textcolor>ff909090</textcolor>
      <visible>true</visible>
      <animation effect="fade" time="250">WindowOpen</animation>
      <animation effect="fade" time="250">WindowClose</animation>
    </control>
    <control>
      <description>Media Count Background</description>
      <type>image</type>
      <id>0</id>
      <posX>1090</posX>
      <posY>10</posY>
      <width>182</width>
      <height>28</height>
      <texture>mediacountbackground.png</texture>
      <animation effect="fade" time="250" delay="0">WindowClose</animation>
    </control>
    <control>
      <description>Media Count Label</description>
      <type>label</type>
      <label>Videos</label>
      <id>0</id>
      <posX>1102</posX>
      <posY>14</posY>
      <width>110</width>
      <font>mediastream10tc</font>
      <textcolor>ff909090</textcolor>
      <animation effect="fade" time="250" delay="0">WindowClose</animation>
    </control>
    <control>
      <description>Media Count Label</description>
      <type>label</type>
      <label>#mvCentral.Playlist.Count</label>
      <id>0</id>
      <posX>1246</posX>
      <posY>12</posY>
      <font>mediastream10c</font>
      <align>right</align>
      <textcolor>ff006698</textcolor>
      <animation effect="fade" time="250" delay="0">WindowClose</animation>
    </control>
    <control>
      <description>Selected Artist Label</description>
      <type>fadelabel</type>
      <id>1</id>
      <posX>25</posX>
      <posY>654</posY>
      <width>950</width>
      <font>mediastream16tc</font>
      <label>#selectedartist</label>
      <shadowAngle>45</shadowAngle>
      <shadowDistance>4</shadowDistance>
      <shadowColor>#shadow.dark</shadowColor>
      <animation effect="fade" time="300" delay="300">WindowOpen</animation>
      <animation effect="fade" time="230" delay="0">WindowClose</animation>
    </control>
    <control>
      <description>Selected item Label</description>
      <type>fadelabel</type>
      <id>1</id>
      <posX>25</posX>
      <posY>684</posY>
      <width>950</width>
      <font>mediastream12tc</font>
      <label>#selecteditem</label>
      <shadowAngle>45</shadowAngle>
      <shadowDistance>4</shadowDistance>
      <shadowColor>#shadow.dark</shadowColor>
      <animation effect="fade" time="300" delay="300">WindowOpen</animation>
      <animation effect="fade" time="230" delay="0">WindowClose</animation>
    </control>
    <control>
      <description>Video Image</description>
      <id>0</id>
      <type>image</type>
      <posX>15</posX>
      <posY>270</posY>
      <width>300</width>
      <height>222</height>
      <keepaspectratio>yes</keepaspectratio>
      <zoom>no</zoom>
      <texture flipY="true" diffuse="diffusemirrorwide.png">#mvCentral.VideoImage</texture>
      <visible>facadeview.playlist | facadeview.filmstrip</visible>
      <animation effect="fade" time="250" delay="0">WindowClose</animation>
    </control>
    <control>
      <id>0</id>
      <description>Track Description (List)</description>
      <type>textboxscrollup</type>
      <posX>320</posX>
      <posY>270</posY>
      <width>410</width>
      <height>335</height>
      <label>#mvCentral.Description</label>
      <seperator>-----------------------------------------------------------------------------------</seperator>
      <font>mediastream11</font>
      <scrollStartDelaySec>10</scrollStartDelaySec>
      <animation effect="fade" time="250" delay="0">WindowClose</animation>
      <animation effect="fade" time="250" delay="0">WindowOpen</animation>
      <visible>[facadeview.playlist]</visible>
    </control>
    <control>
      <id>0</id>
      <description>Artist Bio (Filmstrip)</description>
      <type>textboxscrollup</type>
      <posX>330</posX>
      <posY>270</posY>
      <width>930</width>
      <height>200</height>
      <label>#mvCentral.Description</label>
      <seperator>-----------------------------------------------------------------------------------</seperator>
      <font>mediastream11</font>
      <animation effect="fade" time="250" delay="0">WindowClose</animation>
      <animation effect="fade" time="250" delay="0">WindowOpen</animation>
      <scrollStartDelaySec>4</scrollStartDelaySec>
      <visible>facadeview.filmstrip</visible>
    </control>
    <control>
      <id>0</id>
      <description>Track Description (Thumbnails)</description>
      <type>textboxscrollup</type>
      <posX>30</posX>
      <posY>240</posY>
      <width>480</width>
      <height>335</height>
      <label>#mvCentral.Description</label>
      <seperator>-----------------------------------------------------------------------------------</seperator>
      <font>mediastream11</font>
      <scrollStartDelaySec>10</scrollStartDelaySec>
      <animation effect="fade" time="250" delay="0">WindowClose</animation>
      <animation effect="fade" time="250" delay="0">WindowOpen</animation>
      <visible>[facadeview.smallicons|facadeview.largeicons]</visible>
    </control>
    <!-- **************************************** -->
    <!--            Hidden Menu                   -->
    <!-- **************************************** -->
    <control>
      <type>actiongroup</type>
      <description>action menu</description>
      <defaultcontrol>2</defaultcontrol>
      <onexit>50</onexit>
      <dimColor>00ffffff</dimColor>
      <buttonX>1231</buttonX>
      <buttonY>190</buttonY>
      <buttonwidth>49</buttonwidth>
      <buttonheight>153</buttonheight>
      <textureFocus>#StreamedMP.ActionMenu.Image</textureFocus>
      <textureNoFocus>#StreamedMP.ActionMenu.Image</textureNoFocus>
      <control>
        <type>image</type>
        <posX>1002</posX>
        <posY>0</posY>
        <width>278</width>
        <height>720</height>
        <texture>hiddenmenu_right.png</texture>
        <visible>!Control.HasFocus(50)</visible>
        <animation effect="slide" time="100" start="300,0">visible</animation>
        <animation effect="slide" time="0" end="300,0">hidden</animation>
      </control>
      <control>
        <id>0</id>
        <description>Dummy Button (for Mouse)</description>
        <label>-</label>
        <type>button</type>
        <posX>1002</posX>
        <posY>0</posY>
        <width>278</width>
        <height>720</height>
        <visible>!Control.HasFocus(50)</visible>
        <animation effect="slide" time="100" start="300,0">visible</animation>
        <animation effect="slide" time="0" end="300,0">hidden</animation>
      </control>
      <control>
        <id>0</id>
        <description>VIEWS MENU</description>
        <label>499</label>
        <type>label</type>
        <font>mediastream12tc</font>
        <posX>1040</posX>
        <posY>225</posY>
        <visible>!Control.HasFocus(50)</visible>
        <animation effect="slide" time="100" start="300,0">visible</animation>
        <animation effect="slide" time="0" end="300,0">hidden</animation>
      </control>
      <control>
        <id>0</id>
        <description>PLAYLIST</description>
        <label>851</label>
        <type>label</type>
        <font>mediastream12tc</font>
        <posX>1040</posX>
        <posY>281</posY>
        <visible>!Control.HasFocus(50)</visible>
        <animation effect="slide" time="100" start="300,0">visible</animation>
        <animation effect="slide" time="0" end="300,0">hidden</animation>
      </control>
      <control>
        <id>0</id>
        <description>JUMP TO</description>
        <label>1065</label>
        <type>label</type>
        <font>mediastream12tc</font>
        <posX>1040</posX>
        <posY>510</posY>
        <visible>!Control.HasFocus(50)</visible>
        <animation effect="slide" time="100" start="300,0">visible</animation>
        <animation effect="slide" time="0" end="300,0">hidden</animation>
      </control>
      <control>
        <type>group</type>
        <description>group element</description>
        <visible>!Control.HasFocus(50)</visible>
        <animation effect="slide" time="100" start="300,0">visible</animation>
        <animation effect="slide" time="0" end="300,0">hidden</animation>
        <posX>1040</posX>
        <posY>250</posY>
        <width>220</width>
        <height>720</height>
        <layout>StackLayout</layout>
        <control>
          <description>View-As button</description>
          <type>button</type>
          <id>2</id>
          <label>100</label>
          <onleft>50</onleft>
          <onup>17</onup>
        </control>
        <control>
          <description>Empty button</description>
          <type>button</type>
          <id>0</id>
          <label>-</label>
          <visible>false</visible>
        </control>
        <control>
          <description>Load Playlist Button</description>
          <type>button</type>
          <id>9</id>
          <label>607</label>
          <onleft>50</onleft>
        </control>
        <control>
          <description>Shuffle Playlist Button</description>
          <type>button</type>
          <id>20</id>
          <label>191</label>
          <onleft>50</onleft>
        </control>
        <control>
          <description>Repeat on/off Button</description>
          <type>togglebutton</type>
          <id>30</id>
          <label>486</label>
          <onleft>50</onleft>
        </control>
        <control>
          <description>AutoPlay on/off Button</description>
          <type>togglebutton</type>
          <id>40</id>
          <label>Auto Play</label>
          <onleft>50</onleft>
        </control>
        <control>
          <description>Save Playlist Button</description>
          <type>button</type>
          <id>21</id>
          <label>190</label>
          <onleft>50</onleft>
        </control>
        <control>
          <description>Clear Playlist Button</description>
          <type>button</type>
          <id>22</id>
          <label>192</label>
          <onleft>50</onleft>
        </control>
        <control>
          <description>Play Playlist Button</description>
          <type>button</type>
          <id>23</id>
          <label>208</label>
          <onleft>50</onleft>
        </control>
        <control>
          <description>Empty button</description>
          <type>button</type>
          <id>0</id>
          <label>-</label>
          <visible>false</visible>
        </control>
        <control>
          <description>Next Track Button</description>
          <type>button</type>
          <id>24</id>
          <label>209</label>
          <onleft>50</onleft>
        </control>
        <control>
          <description>Previous Track Button</description>
          <type>button</type>
          <id>25</id>
          <label>210</label>
          <onleft>50</onleft>
        </control>
      </control>
    </control>
    <!-- ************************************** -->
    <!--          Facade Layouts                -->
    <!-- ************************************** -->
    <control>
      <description>group element</description>
      <type>group</type>
      <animation effect="fade" time="250" delay="0">WindowClose</animation>
      <animation effect="fade" time="250" delay="0">WindowOpen</animation>
      <control>
        <type>facadeview</type>
        <id>50</id>
        <control>
          <description>List Layout</description>
          <type>listcontrol</type>
          <id>50</id>
        </control>
        <control>
          <description>Filmstrip Layout</description>
          <type>filmstrip</type>
          <id>50</id>
          <onup>2</onup>
          <onleft>50</onleft>
          <posX>80</posX>
          <posY>530</posY>
          <width>1280</width>
          <scrollOffset>4</scrollOffset>
          <itemWidth>215</itemWidth>
          <itemHeight>100</itemHeight>
          <textureWidth>277</textureWidth>
          <textureHeight>156</textureHeight>
          <thumbWidth>200</thumbWidth>
          <thumbHeight>113</thumbHeight>
          <thumbPosX>16</thumbPosX>
          <thumbPosY>6</thumbPosY>
          <thumbs flipY="true" diffuse="diffusemirrorwide.png" />
          <InfoImage></InfoImage>
          <imageFolder>-</imageFolder>
          <imageFolderFocus>-</imageFolderFocus>
          <frame>-</frame>
          <frameFocus>-</frameFocus>
          <showFrame>no</showFrame>
          <showFolder>yes</showFolder>
          <showBackGround>no</showBackGround>
          <showInfoImage>no</showInfoImage>
          <thumbAnimation effect="zoom" start="100,100" end="120,120" tween="quadratic" time="0">focus</thumbAnimation>
          <!-- Spin Controls -->
          <spinWidth>50</spinWidth>
          <spinHeight>37</spinHeight>
          <spinPosX>1175</spinPosX>
          <spinPosY>681</spinPosY>
          <spinAlign>Right</spinAlign>
          <spinColor>ff006698</spinColor>
          <textureUp>arrow_round_up_nofocus.png</textureUp>
          <textureDown>arrow_round_down_nofocus.png</textureDown>
          <textureUpFocus>arrow_round_up_focus.png</textureUpFocus>
          <textureDownFocus>arrow_round_down_focus.png</textureDownFocus>
        </control>
        <control>
          <description>Thumbnail Panel</description>
          <type>thumbnailpanel</type>
          <id>50</id>
          <posX>510</posX>
          <posY>240</posY>
          <height>480</height>
          <width>770</width>
          <scrollOffset>0</scrollOffset>
          <onleft>2</onleft>
          <onright>2</onright>
          <itemWidth>188</itemWidth>
          <itemHeight>130</itemHeight>
          <textureWidth>171</textureWidth>
          <textureHeight>100</textureHeight>
          <thumbWidth>160</thumbWidth>
          <thumbHeight>90</thumbHeight>
          <thumbPosX>5</thumbPosX>
          <thumbPosY>5</thumbPosY>
          <itemWidthBig>375</itemWidthBig>
          <itemHeightBig>210</itemHeightBig>
          <textureWidthBig>315</textureWidthBig>
          <textureHeightBig>180</textureHeightBig>
          <thumbWidthBig>300</thumbWidthBig>
          <thumbHeightBig>170</thumbHeightBig>
          <thumbPosXBig>5</thumbPosXBig>
          <thumbPosYBig>5</thumbPosYBig>
          <zoomXPixels>0</zoomXPixels>
          <zoomYPixels>0</zoomYPixels>
          <thumbZoom>yes</thumbZoom>
          <enableFocusZoom>no</enableFocusZoom>
          <keepaspectratio>yes</keepaspectratio>
          <hideUnfocusTexture>no</hideUnfocusTexture>
          <renderFocusText>yes</renderFocusText>
          <renderUnfocusText>yes</renderUnfocusText>
          <textYOff>0</textYOff>
          <playedColor>ff808080</playedColor>
          <!-- Spin Controls -->
          <spinWidth>50</spinWidth>
          <spinHeight>37</spinHeight>
          <spinPosX>1175</spinPosX>
          <spinPosY>681</spinPosY>
          <spinAlign>Right</spinAlign>
          <spinColor>ff006698</spinColor>
          <textureUp>arrow_round_up_nofocus.png</textureUp>
          <textureDown>arrow_round_down_nofocus.png</textureDown>
          <textureUpFocus>arrow_round_up_focus.png</textureUpFocus>
          <textureDownFocus>arrow_round_down_focus.png</textureDownFocus>
          <imageFolderFocus>thumbborder4.png</imageFolderFocus>
        </control>
        <control>
          <description>Playlist Layout</description>
          <type>playlistcontrol</type>
          <id>50</id>
          <dimColor>30ffffff</dimColor>
          <scrollOffset>3</scrollOffset>
          <onleft>2</onleft>
          <onright>2</onright>
          <posX>700</posX>
          <posY>270</posY>
          <textXOff>-40</textXOff>
          <textXOff2>485</textXOff2>
          <upBtnXOffset>499</upBtnXOffset>
          <downBtnXOffset>517</downBtnXOffset>
          <deleteBtnXOffset>535</deleteBtnXOffset>
          <!-- Watched/Unwatched Icons -->
          <IconYOff>13</IconYOff>
          <IconXOff>410</IconXOff>
          <itemHeight>18</itemHeight>
          <itemWidth>72</itemWidth>
          <!-- Spin Controls -->
          <spinWidth>50</spinWidth>
          <spinHeight>37</spinHeight>
          <spinPosX>1175</spinPosX>
          <spinPosY>681</spinPosY>
          <spinAlign>Right</spinAlign>
          <spinColor>ff006698</spinColor>
          <textureUp>arrow_round_up_nofocus.png</textureUp>
          <textureDown>arrow_round_down_nofocus.png</textureDown>
          <textureUpFocus>arrow_round_up_focus.png</textureUpFocus>
          <textureDownFocus>arrow_round_down_focus.png</textureDownFocus>
        </control>
      </control>
    </control>
    <import>common.overlays2.xml</import>
    <import>common.time.xml</import>
  </controls>
</window>
<!--Checksum:6e7e8726160056bce75ea116ddb2cb86-->