<?xml version="1.0" encoding="utf-8" standalone="yes"?> 
<window>
	<id>801</id>
	<defaultcontrol>50</defaultcontrol>
	<allowoverlay>no</allowoverlay>	
	<define>#header.label:14001</define>	
	<define>#header.extension.label:#MPE.View.Name</define>
	<define>#header.hover:hover_my plugins.png</define>
	<define>#header.BG.overlay:mainoverlay.png</define>
	<define>#header.BG.colordiffuse:ffffffff</define>
	<controls>
				
		<import>common.window.default2.xml</import>
		<import>common.time.xml</import>
		
		<control>
			<description>Hidden Menu</description>
			<type>actiongroup</type>
			<buttonX>1231</buttonX>
			<buttonY>55</buttonY>
			<buttonwidth>49</buttonwidth>
			<buttonheight>153</buttonheight>
			<textureFocus>Action_menu.png</textureFocus>
			<textureNoFocus>Action_menu.png</textureNoFocus>
			<description>action menu</description>
			<defaultcontrol>2</defaultcontrol>
			<onexit>50</onexit>
			<dimColor>00ffffff</dimColor>
			<control>
				<type>image</type>
				<posX>1002</posX>
				<posY>0</posY>
				<width>278</width>
				<height>720</height>
				<texture>hiddenmenu_right.png</texture>
				<visible>!control.hasfocus(50)</visible>
				<animation effect="slide" time="100" start="300,0">visible</animation>
				<animation effect="slide" time="0" end="300,0">hidden</animation>
			</control>
			<control>
				<id>0</id>
				<label>VIEW OPTIONS</label>
				<type>label</type>
				<font>mediastream12tc</font>
				<posX>1040</posX>
				<posY>225</posY>
				<visible>!control.hasfocus(50)</visible>
				<animation effect="slide" time="100" start="300,0">visible</animation>
				<animation effect="slide" time="0" end="300,0">hidden</animation>
			</control>
			<control>
				<type>group</type>
				<description>group element</description>
				<visible>!control.hasfocus(50)</visible>
				<animation effect="slide" time="100" start="300,0">visible</animation>
				<animation effect="slide" time="0" end="300,0">hidden</animation>
				<posX>1040</posX>
				<posY>250</posY>
				<width>220</width>
				<height>720</height>
				<layout>StackLayout</layout>
				<control>
					<description>View-As</description>
					<type>button</type>
					<id>2</id>
					<label>100</label>
					<onleft>50</onleft>
					<onright>50</onright>
					<onup>17</onup>
				</control> 
				<control> 
					<description>Sort</description>
					<type>sortbutton</type>
					<id>3</id>
					<onleft>50</onleft>
					<onright>50</onright>
				</control>
				<control> 
					<description>Views</description>
					<type>button</type>
					<id>6</id>
					<label>14002</label>
					<onright>50</onright>
					<onleft>50</onleft>
				</control>
				<control>
					<description>Restart</description>
					<type>button</type>
					<id>5</id>
					<label>#MPEI.Translation.Restart.Label</label>
					<onright>50</onright>
					<onleft>50</onleft>
				</control>
				<control>
					<description>Update all</description>
					<type>button</type>
					<id>8</id>
					<label>#MPEI.Translation.UpdateAll.Label</label>
					<onright>50</onright>
					<onleft>50</onleft>
					<ondown>90</ondown>
				</control>
				<control>
					<description>MPEI Update Available</description>
					<type>button</type>
					<id>90</id>
					<label>#MPEI.Translation.NewVersion.Label</label>
					<onright>50</onright>
					<onleft>50</onleft>
					<ondown>2</ondown>
					<visible>string.equals(#mpei.a6afa4d6_4fd8_4607_8878_5911db044fd7.haveupdate,true)</visible>
				</control>
			</control>
		</control>
		
		<control>
			<description>Summary</description>
			<type>label</type>
			<id>0</id>
			<posX>26</posX>
			<posY>240</posY>				
			<font>mediastream11tc</font>
			<textcolor>ffFFFFFF</textcolor>			
			<label>#MPE.Selected.Version</label>			
			<animation effect="fade" time="250" delay="0">WindowOpen</animation>
			<animation effect="fade" time="250" delay="0">WindowClose</animation>
		</control>
		<control>
			<description>Summary</description>
			<type>textboxscrollup</type>
			<id>0</id>
			<posX>26</posX>
			<posY>280</posY>
			<width>570</width>
			<height>365</height>
			<font>mediastream11</font>
			<textcolor>ffFFFFFF</textcolor>
			<seperator>---------------------------------------------------</seperator>
			<label>#MPE.Selected.Description</label>			
			<animation effect="fade" time="250" delay="0">WindowOpen</animation>
			<animation effect="fade" time="250" delay="0">WindowClose</animation>
		</control>		

		<control>
			<description>Selected item Background</description>
			<type>image</type>
			<id>0</id>
			<posX>0</posX>
			<posY>675</posY>
			<width>1280</width>
			<height>47</height>
			<texture>imagestreamtitle.png</texture>
			<animation effect="fade" time="300" delay="300">WindowOpen</animation>
			<animation effect="fade" time="230" delay="0">WindowClose</animation>
		</control>
		<control>
			<description>Selected item Label</description>
			<type>fadelabel</type>
			<id>1</id>
			<posX>25</posX>
			<posY>684</posY>
			<width>950</width>
			<font>mediastream16tc</font>
			<label>#selecteditem</label>
			<animation effect="fade" time="300" delay="300">WindowOpen</animation>
			<animation effect="fade" time="230" delay="0">WindowClose</animation>
		</control>
		
		<import>common.facade.music.xml</import>
		<import>common.overlays2.xml</import>
	</controls>
</window>