﻿<?xml version="1.0" encoding="utf-8"?>
<profile>
  <section name="ID0000">
    <entry name="LogosPath">
    </entry>
    <entry name="LogoPresets">Use Logos of currently selected skin</entry>
    <entry name="Spacing">2</entry>
  </section>
  <section name="ID2001">
    <entry name="ID2001_0">VideoFormat;contains;div;or;VideoFormat;contains;dx;DIVX.png</entry>
    <entry name="ID2001_1">VideoFormat;contains;xvid;;;;;XVID.png</entry>
    <entry name="ID2001_2">VideoFormat;contains;h264;or;VideoFormat;contains;avc;H264.png</entry>
    <entry name="ID2001_3">VideoFormat;contains;wmv;;;;;WMV.png</entry>
    <entry name="ID2001_4">VideoFormat;contains;vc-1;;;;;VC-1.png</entry>
    <entry name="ID2001_5">VideoFormat;contains;vp6;;;;;VP6.png</entry>
    <entry name="ID2001_6">VideoFormat;contains;mp4;or;VideoFormat;contains;mpeg 4;MP4V.png</entry>
    <entry name="ID2001_7">VideoFormat;contains;mpeg2;or;VideoFormat;contains;mpeg-2;MPEG VIDEO VERSION 2.png</entry>
    <entry name="ID2001_8">VideoFormat;contains;sorenson;or;VideoFormat;contains;svq;sorenson 3.png</entry>
    <entry name="ID2001_9">VideoFormat;contains;flash;;;;;FLASH.png</entry>
    <entry name="ID2001_10">VideoFormat;contains;real;;;;;REAL.png</entry>
    <entry name="ID2001_11">Resolution;contains;1920x;;;;;1080p.png</entry>
    <entry name="ID2001_12">Resolution;contains;1280x;;;;;720p.png</entry>
    <entry name="ID2001_13">Resolution;contains;960x;;;;;SD 540P.png</entry>
    <entry name="ID2001_14">AudioFormat;contains;a_mpeg;or;AudioFormat;contains;mpa1l3;MPEG AUDIO VERSION 1 LAYER 3.png</entry>
    <entry name="ID2001_15">AudioFormat;contains;layer 2;;;;;MPEG AUDIO VERSION 1 LAYER 2.png</entry>
    <entry name="ID2001_16">AudioFormat;contains;mpeg2;or;AudioFormat;contains;mpa1l2;MPEG AUDIO VERSION 1 LAYER 2.png</entry>
    <entry name="ID2001_17">AudioFormat;contains;mp3;or;AudioFormat;contains;layer 3;MPEG AUDIO VERSION 1 LAYER 3.png</entry>
    <entry name="ID2001_18">AudioFormat;contains;ac3;or;;;;AC3.png</entry>
    <entry name="ID2001_19">AudioFormat;contains;dts;;;;;DTS.png</entry>
    <entry name="ID2001_20">AudioFormat;contains;acc;;;;;AAC.png</entry>
    <entry name="ID2001_21">AudioFormat;contains;flac;;;;;FLAC.png</entry>
    <entry name="ID2001_22">AudioFormat;contains;wma2;;;;;WMA.png</entry>
    <entry name="ID2001_23">AudioFormat;contains;truehd;;;;;TrueHD.png</entry>
    <entry name="ID2001_24">AudioFormat;contains;vorbis;;;;;VORBIS.png</entry>
    <entry name="ID2001_25">AudioFormat;contains;pcm;;;;;PCM.png</entry>
    <entry name="ID2001_26">AudioFormat;contains;real;;;;;REAL.png</entry>
    <entry name="ID2001_27">Source;contains;bluray;;;;;BluRay.png</entry>
    <entry name="ID2001_28">Source;contains;hdtv;;;;;HDTV.png</entry>
    <entry name="ID2001_29">Source;contains;dvd;;;;;DVD.png</entry>
    <entry name="ID2001_30">Source;contains;hddvd;;;;;HDDVD.png</entry>
    <entry name="ID2001_31">Source;contains;svcd;;;;;SVCD.png</entry>
    <entry name="ID2001_32">Source;contains;web-dl;or;Source;contains;itunes;WEB-DL.png</entry>
    <entry name="ID2001_33">Subtitles;filled;;;;;;Misc\SUBTITLES.png</entry>
  </section>
  <section name="ID2002">
    <entry name="ID2002_0">Category;contains;action;;;;;Action.png</entry>
    <entry name="ID2002_1">Category;contains;adventure;;;;;Adventure.png</entry>
    <entry name="ID2002_2">Category;contains;animat;;;;;Animation.png</entry>
    <entry name="ID2002_3">Category;contains;biography;;;;;Biography.png</entry>
    <entry name="ID2002_4">Category;contains;comedy;;;;;Comedy.png</entry>
    <entry name="ID2002_5">Category;contains;crime;;;;;Crime.png</entry>
    <entry name="ID2002_6">Category;contains;documentary;;;;;Documentary.png</entry>
    <entry name="ID2002_7">Category;contains;drama;;;;;Drama.png</entry>
    <entry name="ID2002_8">Category;contains;family;;;;;Family.png</entry>
    <entry name="ID2002_9">Category;contains;fantasy;;;;;Fantasy.png</entry>
    <entry name="ID2002_10">Category;contains;noir;;;;;Film Noir.png</entry>
    <entry name="ID2002_11">Category;contains;history;;;;;History.png</entry>
    <entry name="ID2002_12">Category;contains;horror;;;;;Horror.png</entry>
    <entry name="ID2002_13">Category;equal;music;;;;;Music.png</entry>
    <entry name="ID2002_14">Category;contains;musical;;;;;Musical.png</entry>
    <entry name="ID2002_15">Category;contains;mystery;;;;;Mystery.png</entry>
    <entry name="ID2002_16">Category;contains;romance;;;;;Romance.png</entry>
    <entry name="ID2002_17">Category;contains;sci-fi;;;;;SciFi.png</entry>
    <entry name="ID2002_18">Category;contains;sport;;;;;Sport.png</entry>
    <entry name="ID2002_19">Category;contains;thriller;;;;;Thriller.png</entry>
    <entry name="ID2002_20">Category;contains;war;;;;;War.png</entry>
    <entry name="ID2002_21">Category;contains;western;;;;;Western.png</entry>
  </section>
</profile>