﻿<?xml version="1.0" encoding="utf-8" standalone="yes"?>
<window>
  <id>7986</id>
  <defaultcontrol>50</defaultcontrol>
  <allowoverlay>no</allowoverlay>
  <controls>
    <settings>
      <skininterfaceversion>
        <version>
          <major>1</major>
          <minor>1</minor>
          <build>0</build>
          <revision>0</revision>
        </version>
      </skininterfaceversion>
    </settings>
    <import>MyFilmsDummy.xml</import>
    <control>
      <description>Default Background</description>
      <type>image</type>
      <id>0</id>
      <posX>0</posX>
      <posY>0</posY>
      <width>1920</width>
      <height>1080</height>
      <texture>hover_moving pictures.png</texture>
    </control>
    <control>
      <description>Fanart</description>
      <type>image</type>
      <id>11</id>
      <posX>0</posX>
      <posY>0</posY>
      <width>1920</width>
      <height>1080</height>
      <texture>#myfilms.Fanart</texture>
      <animation effect="fade" time="300">visible</animation>
      <animation effect="fade" time="300" delay="300">hidden</animation>
    </control>
    <control>
      <description>Fanart 2</description>
      <type>image</type>
      <id>21</id>
      <posX>0</posX>
      <posY>0</posY>
      <width>1920</width>
      <height>1080</height>
      <texture>#myfilms.Fanart2</texture>
      <animation effect="fade" time="300">visible</animation>
      <animation effect="fade" time="300" delay="300">hidden</animation>
    </control>
    <import>MyFilmsBackgroundOverlays.xml</import>
    <import>MyFilmsTopBar.xml</import>
    <import>MyFilmsHiddenMenu.xml</import>
    <import>MyFilmsListLayout.xml</import>
    <import>MyFilmsIconLayout.xml</import>
    <import>MyFilmsFilmstripLayout.xml</import>
    <import>MyFilmsFacade.xml</import>
    <import>common.scrollingpopup.xml</import>
    <control>
      <description>Logos groups 1 + 2 combined logos</description>
      <type>image</type>
      <id>2012</id>
      <posX>37</posX>
      <posY>1026</posY>
      <width>1350</width>
      <height>48</height>
      <texture>#myfilms.logos_id2012</texture>
      <keepaspectratio>yes</keepaspectratio>
      <spaceBetweenItems>2</spaceBetweenItems>
      <animation effect="fade" time="250">WindowClose</animation>
      <animation effect="fade" time="250">WindowOpen</animation>
      <visible>!facadeview.filmstrip+!facadeview.coverflow+!control.isvisible(34)</visible>
    </control>
    <import>common.overlays.xml</import>
    <import>common.time.xml</import>
  </controls>
</window>
<!--Checksum:d27aa6190fb42fa2fffa54f912278e31-->