﻿<?xml version="1.0" encoding="utf-8"?>
<window>
  <id>7987</id>
  <defaultcontrol>10000</defaultcontrol>
  <allowoverlay>no</allowoverlay>
  <animation effect="fade" time="250" delay="0">WindowClose</animation>
  <animation effect="fade" time="250" delay="0">WindowOpen</animation>
  <controls>
    <import>MyFilmsDummy.xml</import>
    <control>
      <description>Fanart</description>
      <type>image</type>
      <id>1000</id>
      <posX>0</posX>
      <posY>0</posY>
      <width>1920</width>
      <height>1080</height>
      <keepaspectratio>yes</keepaspectratio>
      <centered>yes</centered>
      <zoom>yes</zoom>
      <texture>#myfilms.fanart</texture>
    </control>
    <control>
      <description>Fanart</description>
      <type>multiimage</type>
      <id>1001</id>
      <posX>0</posX>
      <posY>0</posY>
      <width>1920</width>
      <height>1080</height>
      <imagepath>
      </imagepath>
      <timeperimage>5000</timeperimage>
      <fadetime>1000</fadetime>
      <loop>yes</loop>
      <keepaspectratio>yes</keepaspectratio>
      <centered>yes</centered>
      <zoom>yes</zoom>
      <randomize>true</randomize>
    </control>
    <control>
      <description>Overlay Detail FanArt</description>
      <id>0</id>
      <type>image</type>
      <posx>0</posx>
      <posy>0</posy>
      <width>1920</width>
      <height>1080</height>
      <texture>mainoverlaydetails.png</texture>
      <visible>control.isvisible(35)+!control.hasfocus(10099)</visible>
      <animation effect="fade" time="250" delay="0">visible</animation>
      <animation effect="fade" time="250" delay="0">hidden</animation>
    </control>
    <control>
      <description>Overlay FullColor FanArt</description>
      <type>image</type>
      <id>0</id>
      <posX>0</posX>
      <posY>705</posY>
      <width>1920</width>
      <height>375</height>
      <texture>filmstrip_overlay.png</texture>
      <visible>control.hasfocus(10099)</visible>
    </control>
    <import>MyFilmsTopBar.xml</import>
    <import>MyFilmsDetailsHiddenMenu.xml</import>
    <control>
      <type>image</type>
      <id>0</id>
      <posX>0</posX>
      <posY>1012</posY>
      <width>1920</width>
      <height>70</height>
      <texture>imagestreamtitle.png</texture>
      <animation effect="fade" time="250" delay="0">visible</animation>
      <animation effect="fade" time="250" delay="0">hidden</animation>
      <visible>!control.hasfocus(10099)</visible>
    </control>
    <control>
      <description>Download Icon - whenever background downloading is in process</description>
      <type>image</type>
      <id>0</id>
      <posX>1860</posX>
      <posY>18</posY>
      <width>45</width>
      <height>45</height>
      <texture>MyFilms\download.png</texture>
      <visible>!Control.HasFocus(10099)+string.equals(#myfilms.details.downloads.status)|string.equals(#myfilms.statusmessage)|!string.equals(#OnlineVideos.currentDownloads,0)</visible>
      <animation effect="zoom" start="100,100" end="105,105" time="500" condition="true" pulse="true">conditional</animation>
      <animation effect="fade" time="250">visiblechange</animation>
    </control>
    <control>
      <type>group</type>
      <description>Movie Detail Buttons</description>
      <posX>60</posX>
      <posY>1026</posY>
      <width>330</width>
      <layout>StackLayout(0, Horizontal, true)</layout>
      <visible allowhiddenfocus="true">!control.hasfocus(10099)</visible>
      <animation effect="fade" time="250" delay="0">visible</animation>
      <animation effect="fade" time="250" delay="0">hidden</animation>
      <control>
        <description>Play Button and Overview</description>
        <type>button</type>
        <id>10000</id>
        <width>360</width>
        <height>48</height>
        <onup>107</onup>
        <ondown>10099</ondown>
        <onleft>107</onleft>
        <label>#myfilms.menu.overview</label>
        <textcolor>ffffffff</textcolor>
        <font>mediastream10tc</font>
        <textYOff>0</textYOff>
        <textXOff>0</textXOff>
        <textalign>center</textalign>
        <textcolorNoFocus>bfffffff</textcolorNoFocus>
        <textureFocus>tv_button_focus.png</textureFocus>
        <textureNoFocus>tv_button_ no_focus.png</textureNoFocus>
      </control>
      <control>
        <type>button</type>
        <description>Description</description>
        <id>10001</id>
        <width>360</width>
        <height>48</height>
        <onup>107</onup>
        <ondown>10099</ondown>
        <label>#myfilms.menu.description</label>
        <textcolor>ffffffff</textcolor>
        <font>mediastream10tc</font>
        <textYOff>0</textYOff>
        <textXOff>0</textXOff>
        <textalign>center</textalign>
        <textcolorNoFocus>bfffffff</textcolorNoFocus>
        <textureFocus>tv_button_focus.png</textureFocus>
        <textureNoFocus>tv_button_ no_focus.png</textureNoFocus>
      </control>
      <control>
        <type>button</type>
        <description>Comment</description>
        <width>360</width>
        <height>48</height>
        <id>10002</id>
        <onup>107</onup>
        <ondown>10099</ondown>
        <label>#myfilms.menu.comments</label>
        <textcolor>ffffffff</textcolor>
        <font>mediastream10tc</font>
        <textYOff>0</textYOff>
        <textXOff>0</textXOff>
        <textalign>center</textalign>
        <textcolorNoFocus>bfffffff</textcolorNoFocus>
        <textureFocus>tv_button_focus.png</textureFocus>
        <textureNoFocus>tv_button_ no_focus.png</textureNoFocus>
      </control>
      <control>
        <type>button</type>
        <description>Actor Details</description>
        <width>360</width>
        <height>48</height>
        <id>10003</id>
        <onup>107</onup>
        <ondown>10099</ondown>
        <label>#myfilms.menu.actors</label>
        <textcolor>ffffffff</textcolor>
        <font>mediastream10tc</font>
        <textYOff>0</textYOff>
        <textXOff>0</textXOff>
        <textalign>center</textalign>
        <textcolorNoFocus>bfffffff</textcolorNoFocus>
        <textureFocus>tv_button_focus.png</textureFocus>
        <textureNoFocus>tv_button_ no_focus.png</textureNoFocus>
      </control>
      <control>
        <type>button</type>
        <description>Technical Details</description>
        <width>360</width>
        <height>48</height>
        <id>10004</id>
        <onup>107</onup>
        <ondown>10099</ondown>
        <onright>107</onright>
        <label>#myfilms.menu.techinfos</label>
        <textcolor>ffffffff</textcolor>
        <font>mediastream10tc</font>
        <textYOff>0</textYOff>
        <textXOff>0</textXOff>
        <textalign>center</textalign>
        <textcolorNoFocus>bfffffff</textcolorNoFocus>
        <textureFocus>tv_button_focus.png</textureFocus>
        <textureNoFocus>tv_button_ no_focus.png</textureNoFocus>
      </control>
    </control>
    <control>
      <type>button</type>
      <description>Full Colour Fanart View</description>
      <posX>3000</posX>
      <posY>1</posY>
      <id>10099</id>
      <onup>10000</onup>
      <ondown>10000</ondown>
      <onleft>10000</onleft>
      <onright>10000</onright>
      <label>-</label>
      <textureFocus>-</textureFocus>
      <textureNoFocus>-</textureNoFocus>
      <visible>control.isvisible(35)</visible>
    </control>
    <control>
      <type>image</type>
      <description>Movie Poster</description>
      <id>0</id>
      <posX>69</posX>
      <posY>150</posY>
      <width>570</width>
      <height>807</height>
      <keepaspectratio>yes</keepaspectratio>
      <zoom>yes</zoom>
      <visible>!control.hasfocus(10099)</visible>
      <texture>#myfilms.picture</texture>
      <animation effect="fade" time="250" delay="0">visible</animation>
      <animation effect="fade" time="250" delay="0">hidden</animation>
    </control>
    <control>
      <description>Cover Art Glass Overlay</description>
      <type>image</type>
      <id>0</id>
      <posX>69</posX>
      <posY>150</posY>
      <width>570</width>
      <height>265</height>
      <texture>glassoverlay2.png</texture>
      <visible>!control.hasfocus(10099)</visible>
      <animation effect="fade" time="250" delay="0">visible</animation>
      <animation effect="fade" time="250" delay="0">hidden</animation>
    </control>
    <control>
      <description>Watched Icon Background</description>
      <type>image</type>
      <id>0</id>
      <posX>591</posX>
      <posY>273</posY>
      <width>48</width>
      <height>58</height>
      <texture>#StreamedMP.Icons.Background</texture>
      <visible>!control.hasfocus(10099)</visible>
      <animation effect="fade" time="250" delay="0">WindowClose</animation>
      <animation effect="fade" time="250" delay="0">WindowOpen</animation>
    </control>
    <control>
      <description>Watched Icon</description>
      <type>image</type>
      <id>0</id>
      <posX>601</posX>
      <posY>280</posY>
      <width>36</width>
      <height>36</height>
      <texture>#StreamedMP.Icons.Watched</texture>
      <visible>!control.hasfocus(10099)+string.contains(#myfilms.user.watched.value)+!string.contains(#myfilms.globalfilter.unwatched,True)</visible>
      <animation effect="fade" time="250" delay="0">WindowClose</animation>
      <animation effect="fade" time="250" delay="0">WindowOpen</animation>
    </control>
    <control>
      <description>Un-Watched Icon</description>
      <type>image</type>
      <id>0</id>
      <posX>601</posX>
      <posY>280</posY>
      <width>36</width>
      <height>36</height>
      <texture>#StreamedMP.Icons.UnWatched</texture>
      <visible>!control.hasfocus(10099)+!string.contains(#myfilms.user.watched.value)+!string.contains(#myfilms.globalfilter.unwatched,True)</visible>
      <animation effect="fade" time="250" delay="0">WindowClose</animation>
      <animation effect="fade" time="250" delay="0">WindowOpen</animation>
    </control>
    <!-- Detail menu for Overview -->
    <control>
      <description>Title</description>
      <type>label</type>
      <id>0</id>
      <posX>780</posX>
      <posY>142</posY>
      <align>left</align>
      <textcolor>ffffffff</textcolor>
      <width>630</width>
      <font>mediastream16tc</font>
      <textcolor>ffFFFFFF</textcolor>
      <shadowAngle>45</shadowAngle>
      <shadowDistance>6</shadowDistance>
      <shadowColor>#shadow.light</shadowColor>
      <label>#myfilms.user.mastertitle.value</label>
      <visible>!control.hasfocus(10099)</visible>
      <animation effect="fade" time="250" delay="0">visible</animation>
      <animation effect="fade" time="250" delay="0">hidden</animation>
    </control>
    <control>
      <description>Star Rating Image</description>
      <type>imagelist</type>
      <id>0</id>
      <width>172</width>
      <height>33</height>
      <posX>780</posX>
      <posY>190</posY>
      <textureWidth>36</textureWidth>
      <textureHeight>36</textureHeight>
      <subitems>
        <subitem>starwhitehollow.png</subitem>
        <subitem>starwhite.png</subitem>
      </subitems>
      <orientation>horizontal</orientation>
      <align>left</align>
      <imagesToDraw>5</imagesToDraw>
      <percentage>#myfilms.db.rating.value</percentage>
      <visible>!control.hasfocus(10099)</visible>
      <animation effect="fade" time="250" delay="0">visible</animation>
      <animation effect="fade" time="250" delay="0">hidden</animation>
    </control>
    <control>
      <description>Rating Value</description>
      <type>label</type>
      <id>1</id>
      <posX>982</posX>
      <posY>192</posY>
      <width>450</width>
      <label>#(string.format('{0:0.0} / 10', cflt(#myfilms.db.rating.value))) #(iif(neq(#myfilms.user.rating.value,''),'(#myfilms.user.rating.label: #myfilms.user.rating.value)',''))</label>
      <font>mediastream11c</font>
      <align>left</align>
      <textcolor>ffffffff</textcolor>
      <visible>!control.hasfocus(10099)</visible>
      <animation effect="fade" time="250" delay="0">visible</animation>
      <animation effect="fade" time="250" delay="0">hidden</animation>
    </control>
    <control>
      <description>Certification Logo</description>
      <type>image</type>
      <id>0</id>
      <posX>1455</posX>
      <posY>135</posY>
      <width>388</width>
      <height>85</height>
      <texture>Logos\Certification\#myfilms.db.certification.logo.value.png</texture>
      <visible>!control.hasfocus(10099)</visible>
      <animation effect="fade" time="250" delay="0">visible</animation>
      <animation effect="fade" time="250" delay="0">hidden</animation>
    </control>
    <control>
      <description>Watched Label</description>
      <type>label</type>
      <id>1</id>
      <posX>780</posX>
      <posY>240</posY>
      <label>#myfilms.user.watched.label:</label>
      <textcolor>90ffffff</textcolor>
      <font>font12</font>
      <width>300</width>
      <visible>string.equals(#myfilms.user.watchedcount.value)+!control.hasfocus(10001)+!control.hasfocus(10002)+!control.hasfocus(10003)+!control.hasfocus(10004)+!control.hasfocus(10099)</visible>
      <animation effect="fade" time="250" delay="0">visible</animation>
      <animation effect="fade" time="250" delay="0">hidden</animation>
    </control>
    <control>
      <description>Watched Value</description>
      <type>fadelabel</type>
      <id>1</id>
      <posX>1095</posX>
      <posY>240</posY>
      <label>#myfilms.user.watchedcount.label: #myfilms.user.watchedcount.value #(iif(neq(#myfilms.user.watcheddate.value,''),'(#myfilms.user.watcheddate.label: #myfilms.user.watcheddate.value)',''))</label>
      <width>780</width>
      <font>font12</font>
      <visible>!control.hasfocus(10001)+!control.hasfocus(10002)+!control.hasfocus(10003)+!control.hasfocus(10004)+!control.hasfocus(10099)</visible>
      <animation effect="fade" time="250" delay="0">visible</animation>
      <animation effect="fade" time="250" delay="0">hidden</animation>
    </control>
    <control>
      <description>User Display Item 6 Label</description>
      <type>label</type>
      <id>1</id>
      <posX>780</posX>
      <posY>285</posY>
      <label>#myfilms.user.detailsitem6.label:</label>
      <textcolor>90ffffff</textcolor>
      <font>font12</font>
      <width>300</width>
      <visible>!control.hasfocus(10001)+!control.hasfocus(10002)+!control.hasfocus(10003)+!control.hasfocus(10004)+!control.hasfocus(10099)</visible>
      <animation effect="fade" time="250" delay="0">visible</animation>
      <animation effect="fade" time="250" delay="0">hidden</animation>
    </control>
    <control>
      <description>User Display Item 6 Value</description>
      <type>fadelabel</type>
      <id>1</id>
      <posX>1095</posX>
      <posY>285</posY>
      <label>#(iif(neq(#myfilms.user.detailsitem6.value,''),'#myfilms.user.detailsitem6.value','N/A'))</label>
      <width>780</width>
      <font>font12</font>
      <visible>!control.hasfocus(10001)+!control.hasfocus(10002)+!control.hasfocus(10003)+!control.hasfocus(10004)+!control.hasfocus(10099)</visible>
      <animation effect="fade" time="250" delay="0">visible</animation>
      <animation effect="fade" time="250" delay="0">hidden</animation>
    </control>
    <control>
      <description>Runtime Label</description>
      <type>label</type>
      <id>1</id>
      <posX>780</posX>
      <posY>330</posY>
      <label>#myfilms.db.length.label:</label>
      <textcolor>90ffffff</textcolor>
      <font>font12</font>
      <width>300</width>
      <visible>string.equals(#myfilms.db.length.value)+!control.hasfocus(10001)+!control.hasfocus(10002)+!control.hasfocus(10003)+!control.hasfocus(10004)+!control.hasfocus(10099)</visible>
      <animation effect="fade" time="250" delay="0">visible</animation>
      <animation effect="fade" time="250" delay="0">hidden</animation>
    </control>
    <control>
      <description>Runtime Value</description>
      <type>fadelabel</type>
      <id>1</id>
      <posX>1095</posX>
      <posY>330</posY>
      <label>#myfilms.db.length.value #myfilms.db.length.unit</label>
      <width>780</width>
      <font>font12</font>
      <visible>!control.hasfocus(10001)+!control.hasfocus(10002)+!control.hasfocus(10003)+!control.hasfocus(10004)+!control.hasfocus(10099)</visible>
      <animation effect="fade" time="250" delay="0">visible</animation>
      <animation effect="fade" time="250" delay="0">hidden</animation>
    </control>
    <control>
      <description>User Display Item 1 Label</description>
      <type>label</type>
      <id>1</id>
      <posX>780</posX>
      <posY>375</posY>
      <label>#myfilms.user.detailsitem1.label:</label>
      <textcolor>90ffffff</textcolor>
      <font>font12</font>
      <width>300</width>
      <visible>string.equals(#myfilms.user.detailsitem1.value)+!control.hasfocus(10001)+!control.hasfocus(10002)+!control.hasfocus(10003)+!control.hasfocus(10004)+!control.hasfocus(10099)</visible>
      <animation effect="fade" time="250" delay="0">visible</animation>
      <animation effect="fade" time="250" delay="0">hidden</animation>
    </control>
    <control>
      <description>User Display Item 1 Value</description>
      <type>fadelabel</type>
      <id>1</id>
      <posX>1095</posX>
      <posY>375</posY>
      <label>#myfilms.user.detailsitem1.value</label>
      <width>780</width>
      <font>font12</font>
      <visible>!control.hasfocus(10001)+!control.hasfocus(10002)+!control.hasfocus(10003)+!control.hasfocus(10004)+!control.hasfocus(10099)</visible>
      <animation effect="fade" time="250" delay="0">visible</animation>
      <animation effect="fade" time="250" delay="0">hidden</animation>
    </control>
    <control>
      <description>User Item 2 Label</description>
      <type>label</type>
      <id>1</id>
      <posX>780</posX>
      <posY>420</posY>
      <label>#myfilms.user.detailsitem2.label:</label>
      <textcolor>90ffffff</textcolor>
      <font>font12</font>
      <width>300</width>
      <visible>string.equals(#myfilms.user.detailsitem2.value)+!control.hasfocus(10001)+!control.hasfocus(10002)+!control.hasfocus(10003)+!control.hasfocus(10004)+!control.hasfocus(10099)</visible>
      <animation effect="fade" time="250" delay="0">visible</animation>
      <animation effect="fade" time="250" delay="0">hidden</animation>
    </control>
    <control>
      <description>User Item 2 Value</description>
      <type>fadelabel</type>
      <id>1</id>
      <posX>1095</posX>
      <posY>420</posY>
      <label>#myfilms.user.detailsitem2.value</label>
      <width>780</width>
      <font>font12</font>
      <visible>!control.hasfocus(10001)+!control.hasfocus(10002)+!control.hasfocus(10003)+!control.hasfocus(10004)+!control.hasfocus(10099)</visible>
      <animation effect="fade" time="250" delay="0">visible</animation>
      <animation effect="fade" time="250" delay="0">hidden</animation>
    </control>
    <control>
      <description>User Display Item 3 Label</description>
      <type>label</type>
      <id>1</id>
      <posX>780</posX>
      <posY>465</posY>
      <label>#myfilms.user.detailsitem3.label:</label>
      <textcolor>90ffffff</textcolor>
      <font>font12</font>
      <width>300</width>
      <visible>string.equals(#myfilms.user.detailsitem3.value)+!control.hasfocus(10001)+!control.hasfocus(10002)+!control.hasfocus(10003)+!control.hasfocus(10004)+!control.hasfocus(10099)</visible>
      <animation effect="fade" time="250" delay="0">visible</animation>
      <animation effect="fade" time="250" delay="0">hidden</animation>
    </control>
    <control>
      <description>User Display Item 3 Value</description>
      <type>fadelabel</type>
      <id>1</id>
      <posX>1095</posX>
      <posY>465</posY>
      <label>#myfilms.user.detailsitem3.value</label>
      <width>780</width>
      <font>font12</font>
      <visible>!control.hasfocus(10001)+!control.hasfocus(10002)+!control.hasfocus(10003)+!control.hasfocus(10004)+!control.hasfocus(10099)</visible>
      <animation effect="fade" time="250" delay="0">visible</animation>
      <animation effect="fade" time="250" delay="0">hidden</animation>
    </control>
    <control>
      <description>User Item 4 Label</description>
      <type>label</type>
      <id>1</id>
      <posX>780</posX>
      <posY>510</posY>
      <label>#myfilms.user.detailsitem4.label:</label>
      <textcolor>90ffffff</textcolor>
      <font>font12</font>
      <width>300</width>
      <visible>string.equals(#myfilms.user.detailsitem4.value)+!control.hasfocus(10001)+!control.hasfocus(10002)+!control.hasfocus(10003)+!control.hasfocus(10004)+!control.hasfocus(10099)</visible>
      <animation effect="fade" time="250" delay="0">visible</animation>
      <animation effect="fade" time="250" delay="0">hidden</animation>
    </control>
    <control>
      <description>User Item 4 Value</description>
      <type>fadelabel</type>
      <id>1</id>
      <posX>1095</posX>
      <posY>510</posY>
      <label>#myfilms.user.detailsitem4.value</label>
      <width>780</width>
      <textcolor>ffffffff</textcolor>
      <font>font12</font>
      <visible>!control.hasfocus(10001)+!control.hasfocus(10002)+!control.hasfocus(10003)+!control.hasfocus(10004)+!control.hasfocus(10099)</visible>
      <animation effect="fade" time="250" delay="0">visible</animation>
      <animation effect="fade" time="250" delay="0">hidden</animation>
    </control>
    <control>
      <description>User Item 5 Label</description>
      <type>label</type>
      <id>1</id>
      <posX>780</posX>
      <posY>555</posY>
      <label>#myfilms.user.detailsitem5.label:</label>
      <textcolor>90ffffff</textcolor>
      <font>font12</font>
      <width>300</width>
      <visible>string.equals(#myfilms.user.detailsitem5.value)+!control.hasfocus(10001)+!control.hasfocus(10002)+!control.hasfocus(10003)+!control.hasfocus(10004)+!control.hasfocus(10099)</visible>
      <animation effect="fade" time="250" delay="0">visible</animation>
      <animation effect="fade" time="250" delay="0">hidden</animation>
    </control>
    <control>
      <description>User Item 5 Value</description>
      <type>fadelabel</type>
      <id>1</id>
      <posX>1095</posX>
      <posY>555</posY>
      <label>#myfilms.user.detailsitem5.value</label>
      <width>780</width>
      <textcolor>ffffffff</textcolor>
      <font>font12</font>
      <visible>!control.hasfocus(10001)+!control.hasfocus(10002)+!control.hasfocus(10003)+!control.hasfocus(10004)+!control.hasfocus(10099)</visible>
      <animation effect="fade" time="250" delay="0">visible</animation>
      <animation effect="fade" time="250" delay="0">hidden</animation>
    </control>
    <control>
      <description>Description (Overview)</description>
      <type>textboxscrollup</type>
      <id>1</id>
      <posX>780</posX>
      <posY>615</posY>
      <width>1110</width>
      <height>327</height>
      <textcolor>FFFFFFFF</textcolor>
      <label>#myfilms.db.description.value</label>
      <seperator>⋅⋅⋅⋅⋅⋅⋅⋅⋅⋅⋅⋅⋅⋅⋅⋅⋅⋅⋅⋅	⋅⋅⋅⋅⋅⋅⋅⋅⋅⋅⋅⋅⋅⋅⋅⋅⋅⋅⋅⋅⋅⋅⋅⋅⋅⋅⋅⋅⋅⋅⋅⋅⋅⋅⋅⋅⋅⋅⋅⋅⋅⋅⋅⋅⋅	⋅⋅⋅⋅⋅⋅⋅⋅⋅⋅⋅⋅⋅⋅⋅⋅⋅⋅⋅⋅⋅⋅⋅⋅⋅</seperator>
      <font>mediastream11</font>
      <scrollStartDelaySec>15</scrollStartDelaySec>
      <visible>!control.hasfocus(10001)+!control.hasfocus(10002)+!control.hasfocus(10003)+!control.hasfocus(10004)+!control.hasfocus(10099)</visible>
      <animation effect="fade" time="250" delay="0">visible</animation>
      <!--<animation effect="fade" time="250" delay="0">hidden</animation>-->
    </control>
    <!-- Detail menu for Description -->
    <control>
      <description>Plot/Description Value</description>
      <type>textboxscrollup</type>
      <id>1</id>
      <posX>780</posX>
      <posY>270</posY>
      <width>1110</width>
      <height>672</height>
      <textcolor>FFFFFFFF</textcolor>
      <label>#myfilms.db.description.value</label>
      <seperator>: : :</seperator>
      <font>mediastream11</font>
      <seperator>⋅⋅⋅⋅⋅⋅⋅⋅⋅⋅⋅⋅⋅⋅⋅⋅⋅⋅⋅⋅	⋅⋅⋅⋅⋅⋅⋅⋅⋅⋅⋅⋅⋅⋅⋅⋅⋅⋅⋅⋅⋅⋅⋅⋅⋅⋅⋅⋅⋅⋅⋅⋅⋅⋅⋅⋅⋅⋅⋅⋅⋅⋅⋅⋅⋅	⋅⋅⋅⋅⋅⋅⋅⋅⋅⋅⋅⋅⋅⋅⋅⋅⋅⋅⋅⋅⋅⋅⋅⋅⋅</seperator>
      <scrollStartDelaySec>10</scrollStartDelaySec>
      <visible>control.hasfocus(10001)</visible>
      <animation effect="fade" time="250" delay="0">visible</animation>
      <!--<animation effect="fade" time="250" delay="0">hidden</animation>-->
    </control>
    <!--  Detailmenu for Comments -->
    <control>
      <description>Comments Value</description>
      <type>textboxscrollup</type>
      <id>1</id>
      <posX>780</posX>
      <posY>270</posY>
      <width>1110</width>
      <height>672</height>
      <textcolor>FFFFFFFF</textcolor>
      <label>#myfilms.db.comments.value</label>
      <seperator>: : :</seperator>
      <font>mediastream11</font>
      <seperator>⋅⋅⋅⋅⋅⋅⋅⋅⋅⋅⋅⋅⋅⋅⋅⋅⋅⋅⋅⋅	⋅⋅⋅⋅⋅⋅⋅⋅⋅⋅⋅⋅⋅⋅⋅⋅⋅⋅⋅⋅⋅⋅⋅⋅⋅⋅⋅⋅⋅⋅⋅⋅⋅⋅⋅⋅⋅⋅⋅⋅⋅⋅⋅⋅⋅	⋅⋅⋅⋅⋅⋅⋅⋅⋅⋅⋅⋅⋅⋅⋅⋅⋅⋅⋅⋅⋅⋅⋅⋅⋅</seperator>
      <scrollStartDelaySec>10</scrollStartDelaySec>
      <visible>control.hasfocus(10002)</visible>
      <animation effect="fade" time="250" delay="0">visible</animation>
      <animation effect="fade" time="250" delay="0">hidden</animation>
    </control>
    <!-- Detail menu for Actors -->
    <control>
      <description>Persons Download Icon</description>
      <type>image</type>
      <id>0</id>
      <posX>780</posX>
      <posY>232</posY>
      <width>37</width>
      <height>37</height>
      <keepaspectratio>yes</keepaspectratio>
      <texture>MyFilms\Persons.png</texture>
      <visible>Control.HasFocus(10003)+!string.equals(#myfilms.details.downloads.status,)+!string.equals(#myfilms.statusmessage)+string.equals(#OnlineVideos.currentDownloads,0)</visible>
      <animation effect="fade" time="250">visiblechange</animation>
    </control>
    <control>
      <description>Person Image/Info Download Status Messages</description>
      <type>label</type>
      <id>0</id>
      <posX>825</posX>
      <posY>232</posY>
      <width>825</width>
      <align>left</align>
      <font>mediastream11c</font>
      <textcolor>ffffffff</textcolor>
      <label>#myfilms.details.downloads.count - #myfilms.details.downloads.name</label>
      <visible>Control.HasFocus(10003)+!string.equals(#myfilms.details.downloads.status,)+!string.equals(#myfilms.statusmessage)</visible>
      <animation effect="fade" time="250">visiblechange</animation>
    </control>
    <control>
      <description>Actors value</description>
      <type>textboxscrollup</type>
      <id>1</id>
      <posX>780</posX>
      <posY>270</posY>
      <width>1110</width>
      <height>672</height>
      <textcolor>FFFFFFFF</textcolor>
      <label>#myfilms.db.actors.value</label>
      <font>mediastream11</font>
      <seperator>⋅⋅⋅⋅⋅⋅⋅⋅⋅⋅⋅⋅⋅⋅⋅⋅⋅⋅⋅⋅	⋅⋅⋅⋅⋅⋅⋅⋅⋅⋅⋅⋅⋅⋅⋅⋅⋅⋅⋅⋅⋅⋅⋅⋅⋅⋅⋅⋅⋅⋅⋅⋅⋅⋅⋅⋅⋅⋅⋅⋅⋅⋅⋅⋅⋅	⋅⋅⋅⋅⋅⋅⋅⋅⋅⋅⋅⋅⋅⋅⋅⋅⋅⋅⋅⋅⋅⋅⋅⋅⋅</seperator>
      <scrollStartDelaySec>10</scrollStartDelaySec>
      <visible>control.hasfocus(10003)</visible>
      <animation effect="fade" time="250" delay="0">visible</animation>
      <animation effect="fade" time="250" delay="0">hidden</animation>
    </control>
    <control>
      <description>Actors 1 Label</description>
      <type>label</type>
      <id>1</id>
      <posX>765</posX>
      <posY>892</posY>
      <width>180</width>
      <align>center</align>
      <font>mediastream9c</font>
      <textcolor>white</textcolor>
      <label>#myfilms.db.actors.actor1.name</label>
      <visible>Control.HasFocus(10003)+!Control.HasFocus(10099)+!string.equals(#myfilms.db.actors.actor1.image,)</visible>
      <animation effect="fade" time="250" delay="0">visible</animation>
      <animation effect="fade" time="250" delay="0">hidden</animation>
    </control>
    <control>
      <description>Actors 1 image</description>
      <type>image</type>
      <id>0</id>
      <posX>780</posX>
      <posY>645</posY>
      <width>150</width>
      <height>225</height>
      <align>center</align>
      <valign>top</valign>
      <zoom>yes</zoom>
      <keepaspectratio>yes</keepaspectratio>
      <texture mask="video_poster_mask.png">#myfilms.db.actors.actor1.image</texture>
      <visible>Control.HasFocus(10003)+!Control.HasFocus(10099)</visible>
      <animation effect="fade" time="250" delay="0">visible</animation>
      <animation effect="fade" time="250" delay="0">hidden</animation>
    </control>
    <control>
      <description>Actors 1 image default</description>
      <type>image</type>
      <id>0</id>
      <posX>780</posX>
      <posY>645</posY>
      <width>150</width>
      <height>225</height>
      <texture>defaultActor.png</texture>
      <visible>Control.HasFocus(10003)+!string.equals(#myfilms.db.actors.actor1.image)</visible>
      <animation effect="fade" time="250" delay="0">visible</animation>
      <animation effect="fade" time="250" delay="0">hidden</animation>
    </control>
    <control>
      <description>Actors 2 Label</description>
      <type>label</type>
      <id>1</id>
      <posX>975</posX>
      <posY>892</posY>
      <width>210</width>
      <align>center</align>
      <font>mediastream9c</font>
      <textcolor>white</textcolor>
      <label>#myfilms.db.actors.actor2.name</label>
      <visible>Control.HasFocus(10003)+!Control.HasFocus(10099)</visible>
      <animation effect="fade" time="250" delay="0">visible</animation>
      <animation effect="fade" time="250" delay="0">hidden</animation>
    </control>
    <control>
      <description>Actors 2 image</description>
      <type>image</type>
      <id>0</id>
      <posX>1005</posX>
      <posY>645</posY>
      <width>150</width>
      <height>225</height>
      <align>center</align>
      <valign>top</valign>
      <zoom>yes</zoom>
      <keepaspectratio>yes</keepaspectratio>
      <texture mask="video_poster_mask.png">#myfilms.db.actors.actor2.image</texture>
      <visible>Control.HasFocus(10003)+!Control.HasFocus(10099)</visible>
      <animation effect="fade" time="250" delay="0">visible</animation>
      <animation effect="fade" time="250" delay="0">hidden</animation>
    </control>
    <control>
      <description>Actors 2 image default</description>
      <type>image</type>
      <id>0</id>
      <posX>1005</posX>
      <posY>645</posY>
      <width>150</width>
      <height>225</height>
      <texture>defaultActor.png</texture>
      <visible>Control.HasFocus(10003)+!string.equals(#myfilms.db.actors.actor2.image)</visible>
      <animation effect="fade" time="250" delay="0">visible</animation>
      <animation effect="fade" time="250" delay="0">hidden</animation>
    </control>
    <control>
      <description>Actors 3 Label</description>
      <type>label</type>
      <id>1</id>
      <posX>1200</posX>
      <posY>892</posY>
      <width>210</width>
      <align>center</align>
      <font>mediastream9c</font>
      <textcolor>white</textcolor>
      <label>#myfilms.db.actors.actor3.name</label>
      <visible>Control.HasFocus(10003)+!Control.HasFocus(10099)</visible>
      <animation effect="fade" time="250" delay="0">visible</animation>
      <animation effect="fade" time="250" delay="0">hidden</animation>
    </control>
    <control>
      <description>Actors 3 image</description>
      <type>image</type>
      <id>0</id>
      <posX>1230</posX>
      <posY>645</posY>
      <width>150</width>
      <height>225</height>
      <align>center</align>
      <valign>top</valign>
      <zoom>yes</zoom>
      <keepaspectratio>yes</keepaspectratio>
      <texture mask="video_poster_mask.png">#myfilms.db.actors.actor3.image</texture>
      <visible>Control.HasFocus(10003)+!Control.HasFocus(10099)</visible>
      <animation effect="fade" time="250" delay="0">visible</animation>
      <animation effect="fade" time="250" delay="0">hidden</animation>
    </control>
    <control>
      <description>Actors 3 image default</description>
      <type>image</type>
      <id>0</id>
      <posX>1230</posX>
      <posY>645</posY>
      <width>150</width>
      <height>225</height>
      <texture>defaultActor.png</texture>
      <visible>Control.HasFocus(10003)+!string.equals(#myfilms.db.actors.actor3.image)</visible>
      <animation effect="fade" time="250" delay="0">visible</animation>
      <animation effect="fade" time="250" delay="0">hidden</animation>
    </control>
    <control>
      <description>Actors 4 Label</description>
      <type>label</type>
      <id>1</id>
      <posX>1425</posX>
      <posY>892</posY>
      <width>210</width>
      <align>center</align>
      <font>mediastream9c</font>
      <textcolor>white</textcolor>
      <label>#myfilms.db.actors.actor4.name</label>
      <visible>Control.HasFocus(10003)+!Control.HasFocus(10099)</visible>
      <animation effect="fade" time="250" delay="0">visible</animation>
      <animation effect="fade" time="250" delay="0">hidden</animation>
    </control>
    <control>
      <description>Actors 4 image</description>
      <type>image</type>
      <id>0</id>
      <posX>1455</posX>
      <posY>645</posY>
      <width>150</width>
      <height>225</height>
      <align>center</align>
      <valign>top</valign>
      <zoom>yes</zoom>
      <keepaspectratio>yes</keepaspectratio>
      <texture mask="video_poster_mask.png">#myfilms.db.actors.actor4.image</texture>
      <visible>Control.HasFocus(10003)+!Control.HasFocus(10099)</visible>
      <animation effect="fade" time="250" delay="0">visible</animation>
      <animation effect="fade" time="250" delay="0">hidden</animation>
    </control>
    <control>
      <description>Actors 4 image defalt</description>
      <type>image</type>
      <id>0</id>
      <posX>1455</posX>
      <posY>645</posY>
      <width>150</width>
      <height>225</height>
      <texture>defaultActor.png</texture>
      <visible>Control.HasFocus(10003)+!string.equals(#myfilms.db.actors.actor4.image)</visible>
      <animation effect="fade" time="250" delay="0">visible</animation>
      <animation effect="fade" time="250" delay="0">hidden</animation>
    </control>
    <control>
      <description>Actors 5 Label</description>
      <type>label</type>
      <id>1</id>
      <posX>1650</posX>
      <posY>892</posY>
      <width>210</width>
      <align>center</align>
      <font>mediastream9c</font>
      <textcolor>white</textcolor>
      <label>#myfilms.db.actors.actor5.name</label>
      <visible>Control.HasFocus(10003)+!Control.HasFocus(10099)</visible>
      <animation effect="fade" time="250" delay="0">visible</animation>
      <animation effect="fade" time="250" delay="0">hidden</animation>
    </control>
    <control>
      <description>Actors 5 image</description>
      <type>image</type>
      <id>0</id>
      <posX>1680</posX>
      <posY>645</posY>
      <width>150</width>
      <height>225</height>
      <align>center</align>
      <valign>top</valign>
      <zoom>yes</zoom>
      <keepaspectratio>yes</keepaspectratio>
      <texture mask="video_poster_mask.png">#myfilms.db.actors.actor5.image</texture>
      <visible>Control.HasFocus(10003)+!Control.HasFocus(10099)</visible>
      <animation effect="fade" time="250" delay="0">visible</animation>
      <animation effect="fade" time="250" delay="0">hidden</animation>
    </control>
    <control>
      <description>Actors 5 image default</description>
      <type>image</type>
      <id>0</id>
      <posX>1680</posX>
      <posY>645</posY>
      <width>150</width>
      <height>225</height>
      <texture>defaultActor.png</texture>
      <visible>Control.HasFocus(10003)+!string.equals(#myfilms.db.actors.actor5.image)</visible>
      <animation effect="fade" time="250" delay="0">visible</animation>
      <animation effect="fade" time="250" delay="0">hidden</animation>
    </control>
    <!-- Detailmenu for technical details -->
    <control>
      <type>label</type>
      <id>1</id>
      <posX>780</posX>
      <posY>285</posY>
      <label>#myfilms.db.videoformat.label:</label>
      <textcolor>90ffffff</textcolor>
      <font>font12</font>
      <width>300</width>
      <visible>string.equals(#myfilms.db.videoformat.value)+control.hasfocus(10004)</visible>
      <animation effect="fade" time="250" delay="0">visible</animation>
      <animation effect="fade" time="250" delay="0">hidden</animation>
    </control>
    <control>
      <type>fadelabel</type>
      <id>1</id>
      <posX>1095</posX>
      <posY>285</posY>
      <label>#myfilms.db.videoformat.value</label>
      <width>780</width>
      <textcolor>ffffffff</textcolor>
      <font>font12</font>
      <visible>control.hasfocus(10004)</visible>
      <animation effect="fade" time="250" delay="0">visible</animation>
      <animation effect="fade" time="250" delay="0">hidden</animation>
    </control>
    <control>
      <type>label</type>
      <id>1</id>
      <posX>780</posX>
      <posY>330</posY>
      <label>#myfilms.db.videobitrate.label:</label>
      <textcolor>90ffffff</textcolor>
      <font>font12</font>
      <width>300</width>
      <visible>string.equals(#myfilms.db.videobitrate.value)+control.hasfocus(10004)</visible>
      <animation effect="fade" time="250" delay="0">visible</animation>
      <animation effect="fade" time="250" delay="0">hidden</animation>
    </control>
    <control>
      <type>label</type>
      <id>1</id>
      <posX>1095</posX>
      <posY>330</posY>
      <label>#myfilms.db.videobitrate.value kbit/sec.</label>
      <textcolor>ffffffff</textcolor>
      <font>font12</font>
      <width>780</width>
      <visible>string.equals(#myfilms.db.videobitrate.value)+control.hasfocus(10004)</visible>
      <animation effect="fade" time="250" delay="0">visible</animation>
      <animation effect="fade" time="250" delay="0">hidden</animation>
    </control>
    <control>
      <type>label</type>
      <id>1</id>
      <posX>780</posX>
      <posY>375</posY>
      <label>#myfilms.db.resolution.label:</label>
      <textcolor>90ffffff</textcolor>
      <font>font12</font>
      <width>300</width>
      <visible>string.equals(#myfilms.db.resolution.value)+control.hasfocus(10004)</visible>
      <animation effect="fade" time="250" delay="0">visible</animation>
      <animation effect="fade" time="250" delay="0">hidden</animation>
    </control>
    <control>
      <type>fadelabel</type>
      <id>1</id>
      <posX>1095</posX>
      <posY>375</posY>
      <label>#myfilms.db.resolution.value</label>
      <width>232</width>
      <textcolor>ffffffff</textcolor>
      <font>font12</font>
      <visible>control.hasfocus(10004)</visible>
      <animation effect="fade" time="250" delay="0">visible</animation>
      <animation effect="fade" time="250" delay="0">hidden</animation>
    </control>
    <control>
      <type>label</type>
      <id>1</id>
      <posX>1350</posX>
      <posY>375</posY>
      <label>#myfilms.db.calc.aspectratio.label:</label>
      <textcolor>90ffffff</textcolor>
      <font>font12</font>
      <width>300</width>
      <visible>string.equals(#myfilms.db.calc.aspectratio.value)+control.hasfocus(10004)</visible>
      <animation effect="fade" time="250" delay="0">visible</animation>
      <animation effect="fade" time="250" delay="0">hidden</animation>
    </control>
    <control>
      <type>fadelabel</type>
      <id>1</id>
      <posX>1665</posX>
      <posY>375</posY>
      <label>#myfilms.db.calc.aspectratio.value</label>
      <width>225</width>
      <textcolor>ffffffff</textcolor>
      <font>font12</font>
      <visible>control.hasfocus(10004)</visible>
      <animation effect="fade" time="250" delay="0">visible</animation>
      <animation effect="fade" time="250" delay="0">hidden</animation>
    </control>
    <control>
      <type>label</type>
      <id>1</id>
      <posX>780</posX>
      <posY>420</posY>
      <label>174</label>
      <textcolor>90ffffff</textcolor>
      <label>#myfilms.db.framerate.label:</label>
      <font>font12</font>
      <width>300</width>
      <visible>string.equals(#myfilms.db.framerate.value)+control.hasfocus(10004)</visible>
      <animation effect="fade" time="250" delay="0">visible</animation>
      <animation effect="fade" time="250" delay="0">hidden</animation>
    </control>
    <control>
      <type>fadelabel</type>
      <id>1</id>
      <posX>1095</posX>
      <posY>420</posY>
      <label>#myfilms.db.framerate.value fps</label>
      <width>232</width>
      <font>font12</font>
      <visible>string.equals(#myfilms.db.framerate.value)+control.hasfocus(10004)</visible>
      <animation effect="fade" time="250" delay="0">visible</animation>
      <animation effect="fade" time="250" delay="0">hidden</animation>
    </control>
    <control>
      <type>label</type>
      <id>1</id>
      <posX>780</posX>
      <posY>465</posY>
      <label>#myfilms.db.calc.imageformat.label:</label>
      <textcolor>90ffffff</textcolor>
      <font>font12</font>
      <width>300</width>
      <visible>string.equals(#myfilms.db.calc.imageformat.value)+control.hasfocus(10004)</visible>
      <animation effect="fade" time="250" delay="0">visible</animation>
      <animation effect="fade" time="250" delay="0">hidden</animation>
    </control>
    <control>
      <type>fadelabel</type>
      <id>1</id>
      <posX>1095</posX>
      <posY>465</posY>
      <label>#myfilms.db.calc.imageformat.value</label>
      <width>780</width>
      <textcolor>ffffffff</textcolor>
      <font>font12</font>
      <visible>control.hasfocus(10004)</visible>
      <animation effect="fade" time="250" delay="0">visible</animation>
      <animation effect="fade" time="250" delay="0">hidden</animation>
    </control>
    <control>
      <type>label</type>
      <id>1</id>
      <posX>780</posX>
      <posY>510</posY>
      <label>#myfilms.db.audioformat.label:</label>
      <textcolor>90ffffff</textcolor>
      <font>font12</font>
      <width>300</width>
      <visible>string.equals(#myfilms.db.audioformat.value)+control.hasfocus(10004)</visible>
      <animation effect="fade" time="250" delay="0">visible</animation>
      <animation effect="fade" time="250" delay="0">hidden</animation>
    </control>
    <control>
      <type>fadelabel</type>
      <id>1</id>
      <posX>1095</posX>
      <posY>510</posY>
      <label>#myfilms.db.audioformat.value</label>
      <width>780</width>
      <font>font12</font>
      <visible>control.hasfocus(10004)</visible>
      <animation effect="fade" time="250" delay="0">visible</animation>
      <animation effect="fade" time="250" delay="0">hidden</animation>
    </control>
    <control>
      <type>label</type>
      <id>1</id>
      <posX>780</posX>
      <posY>555</posY>
      <label>#myfilms.db.audiobitrate.label:</label>
      <textcolor>90ffffff</textcolor>
      <font>font12</font>
      <width>300</width>
      <visible>string.equals(#myfilms.db.audiobitrate.value)+control.hasfocus(10004)</visible>
      <animation effect="fade" time="250" delay="0">visible</animation>
      <animation effect="fade" time="250" delay="0">hidden</animation>
    </control>
    <control>
      <type>fadelabel</type>
      <id>1</id>
      <posX>1095</posX>
      <posY>555</posY>
      <label>#myfilms.db.audiobitrate.value kbit/sec.</label>
      <width>780</width>
      <font>font12</font>
      <visible>string.equals(#myfilms.db.audiobitrate.value)+control.hasfocus(10004)</visible>
      <animation effect="fade" time="250" delay="0">visible</animation>
      <animation effect="fade" time="250" delay="0">hidden</animation>
    </control>
    <control>
      <type>label</type>
      <id>1</id>
      <posX>780</posX>
      <posY>600</posY>
      <label>#myfilms.db.number.label:</label>
      <textcolor>90ffffff</textcolor>
      <font>font12</font>
      <width>300</width>
      <visible>string.equals(#myfilms.db.number.value)+control.hasfocus(10004)</visible>
      <animation effect="fade" time="250" delay="0">visible</animation>
      <animation effect="fade" time="250" delay="0">hidden</animation>
    </control>
    <control>
      <type>fadelabel</type>
      <id>1</id>
      <posX>1095</posX>
      <posY>600</posY>
      <label>No. #myfilms.db.number.value</label>
      <width>232</width>
      <textcolor>ffffffff</textcolor>
      <font>font12</font>
      <visible>control.hasfocus(10004)</visible>
      <animation effect="fade" time="250" delay="0">visible</animation>
      <animation effect="fade" time="250" delay="0">hidden</animation>
    </control>
    <control>
      <type>label</type>
      <id>1</id>
      <posX>1350</posX>
      <posY>600</posY>
      <label>#myfilms.db.checked.label:</label>
      <textcolor>90ffffff</textcolor>
      <font>font12</font>
      <width>300</width>
      <visible>string.equals(#myfilms.db.checked.value)+control.hasfocus(10004)</visible>
      <animation effect="fade" time="250" delay="0">visible</animation>
      <animation effect="fade" time="250" delay="0">hidden</animation>
    </control>
    <control>
      <type>fadelabel</type>
      <id>1</id>
      <posX>1665</posX>
      <posY>600</posY>
      <label>#myfilms.db.checked.value</label>
      <width>232</width>
      <textcolor>ffffffff</textcolor>
      <font>font12</font>
      <visible>control.hasfocus(10004)</visible>
      <animation effect="fade" time="250" delay="0">visible</animation>
      <animation effect="fade" time="250" delay="0">hidden</animation>
    </control>
    <control>
      <type>label</type>
      <id>1</id>
      <posX>780</posX>
      <posY>645</posY>
      <label>#myfilms.db.date.label:</label>
      <textcolor>90ffffff</textcolor>
      <font>font12</font>
      <width>300</width>
      <visible>string.equals(#myfilms.db.date.value)+control.hasfocus(10004)</visible>
      <animation effect="fade" time="250" delay="0">visible</animation>
      <animation effect="fade" time="250" delay="0">hidden</animation>
    </control>
    <control>
      <type>fadelabel</type>
      <id>1</id>
      <posX>1095</posX>
      <posY>645</posY>
      <label>#myfilms.db.date.value</label>
      <width>240</width>
      <textcolor>ffffffff</textcolor>
      <font>font12</font>
      <visible>control.hasfocus(10004)</visible>
      <animation effect="fade" time="250" delay="0">visible</animation>
      <animation effect="fade" time="250" delay="0">hidden</animation>
    </control>
    <control>
      <type>label</type>
      <id>1</id>
      <posX>1350</posX>
      <posY>645</posY>
      <label>#myfilms.db.borrower.label:</label>
      <textcolor>90ffffff</textcolor>
      <font>font12</font>
      <width>300</width>
      <visible>string.equals(#myfilms.db.borrower.value)+control.hasfocus(10004)</visible>
      <animation effect="fade" time="250" delay="0">visible</animation>
      <animation effect="fade" time="250" delay="0">hidden</animation>
    </control>
    <control>
      <type>fadelabel</type>
      <id>1</id>
      <posX>1665</posX>
      <posY>645</posY>
      <label>#myfilms.db.borrower.value</label>
      <width>232</width>
      <textcolor>ffffffff</textcolor>
      <font>font12</font>
      <visible>control.hasfocus(10004)</visible>
      <animation effect="fade" time="250" delay="0">visible</animation>
      <animation effect="fade" time="250" delay="0">hidden</animation>
    </control>
    <control>
      <type>label</type>
      <id>1</id>
      <posX>780</posX>
      <posY>690</posY>
      <label>#myfilms.db.mediatype.label: </label>
      <textcolor>90ffffff</textcolor>
      <font>font12</font>
      <width>300</width>
      <visible>string.equals(#myfilms.db.mediatype.value)+control.hasfocus(10004)</visible>
      <animation effect="fade" time="250" delay="0">visible</animation>
      <animation effect="fade" time="250" delay="0">hidden</animation>
    </control>
    <control>
      <type>fadelabel</type>
      <id>1</id>
      <posX>1095</posX>
      <posY>690</posY>
      <label>#myfilms.db.mediatype.value</label>
      <width>232</width>
      <textcolor>ffffffff</textcolor>
      <font>font12</font>
      <visible>control.hasfocus(10004)</visible>
      <animation effect="fade" time="250" delay="0">visible</animation>
      <animation effect="fade" time="250" delay="0">hidden</animation>
    </control>
    <control>
      <type>label</type>
      <id>1</id>
      <posX>1350</posX>
      <posY>690</posY>
      <label>#myfilms.db.medialabel.label:</label>
      <textcolor>90ffffff</textcolor>
      <font>font12</font>
      <width>330</width>
      <visible>string.equals(#myfilms.db.medialabel.value)+control.hasfocus(10004)</visible>
      <animation effect="fade" time="250" delay="0">visible</animation>
      <animation effect="fade" time="250" delay="0">hidden</animation>
    </control>
    <control>
      <type>fadelabel</type>
      <id>1</id>
      <posX>1665</posX>
      <posY>690</posY>
      <label>#myfilms.db.medialabel.value</label>
      <width>232</width>
      <textcolor>ffffffff</textcolor>
      <font>font12</font>
      <visible>control.hasfocus(10004)</visible>
      <animation effect="fade" time="250" delay="0">visible</animation>
      <animation effect="fade" time="250" delay="0">hidden</animation>
    </control>
    <control>
      <type>label</type>
      <id>1</id>
      <posX>780</posX>
      <posY>735</posY>
      <label>#myfilms.db.size.label:</label>
      <textcolor>90ffffff</textcolor>
      <font>font12</font>
      <width>300</width>
      <visible>string.equals(#myfilms.db.size.value)+control.hasfocus(10004)</visible>
      <animation effect="fade" time="250" delay="0">visible</animation>
      <animation effect="fade" time="250" delay="0">hidden</animation>
    </control>
    <control>
      <type>fadelabel</type>
      <id>1</id>
      <posX>1095</posX>
      <posY>735</posY>
      <label>#myfilms.db.size.value MB</label>
      <width>232</width>
      <textcolor>ffffffff</textcolor>
      <font>font12</font>
      <visible>string.equals(#myfilms.db.size.value)+control.hasfocus(10004)</visible>
      <animation effect="fade" time="250" delay="0">visible</animation>
      <animation effect="fade" time="250" delay="0">hidden</animation>
    </control>
    <control>
      <type>label</type>
      <id>1</id>
      <posX>1350</posX>
      <posY>735</posY>
      <label>#myfilms.db.disks.label:</label>
      <textcolor>90ffffff</textcolor>
      <font>font12</font>
      <width>300</width>
      <visible>string.equals(#myfilms.db.disks.value)+control.hasfocus(10004)</visible>
      <animation effect="fade" time="250" delay="0">visible</animation>
      <animation effect="fade" time="250" delay="0">hidden</animation>
    </control>
    <control>
      <type>fadelabel</type>
      <id>1</id>
      <posX>1665</posX>
      <posY>735</posY>
      <label>#myfilms.db.disks.value</label>
      <width>232</width>
      <textcolor>ffffffff</textcolor>
      <font>font12</font>
      <visible>control.hasfocus(10004)</visible>
      <animation effect="fade" time="250" delay="0">visible</animation>
      <animation effect="fade" time="250" delay="0">hidden</animation>
    </control>
    <control>
      <type>fadelabel</type>
      <id>1</id>
      <posX>780</posX>
      <posY>780</posY>
      <label>#myfilms.db.url.label:</label>
      <textcolor>90ffffff</textcolor>
      <font>font12</font>
      <width>300</width>
      <visible>string.equals(#myfilms.db.url.value)+control.hasfocus(10004)</visible>
      <animation effect="fade" time="250" delay="0">visible</animation>
      <animation effect="fade" time="250" delay="0">hidden</animation>
    </control>
    <control>
      <type>fadelabel</type>
      <id>1</id>
      <posX>1095</posX>
      <posY>780</posY>
      <width>780</width>
      <textcolor>ffffffff</textcolor>
      <label>#myfilms.db.url.value</label>
      <font>font12</font>
      <visible>control.hasfocus(10004)</visible>
      <animation effect="fade" time="250" delay="0">visible</animation>
      <animation effect="fade" time="250" delay="0">hidden</animation>
    </control>
    <control>
      <type>label</type>
      <id>1</id>
      <posX>780</posX>
      <posY>825</posY>
      <label>#myfilms.user.source.label:</label>
      <textcolor>90ffffff</textcolor>
      <font>font12</font>
      <width>300</width>
      <visible>string.equals(#myfilms.user.source.value)+control.hasfocus(10004)</visible>
      <animation effect="fade" time="250" delay="0">visible</animation>
      <animation effect="fade" time="250" delay="0">hidden</animation>
    </control>
    <control>
      <type>fadelabel</type>
      <id>1</id>
      <posX>1095</posX>
      <posY>825</posY>
      <label>#myfilms.user.source.value</label>
      <width>780</width>
      <textcolor>ffffffff</textcolor>
      <font>font12</font>
      <visible>control.hasfocus(10004)</visible>
      <animation effect="fade" time="250" delay="0">visible</animation>
      <animation effect="fade" time="250" delay="0">hidden</animation>
    </control>
    <control>
      <type>label</type>
      <id>1</id>
      <posX>780</posX>
      <posY>870</posY>
      <label>#myfilms.user.sourcetrailer.label (#myfilms.user.sourcetrailer.count):</label>
      <textcolor>90ffffff</textcolor>
      <font>font12</font>
      <width>300</width>
      <visible>string.equals(#myfilms.user.sourcetrailer.value)+control.hasfocus(10004)</visible>
      <animation effect="fade" time="250" delay="0">visible</animation>
      <animation effect="fade" time="250" delay="0">hidden</animation>
    </control>
    <control>
      <type>fadelabel</type>
      <id>1</id>
      <posX>1095</posX>
      <posY>870</posY>
      <label>#myfilms.user.sourcetrailer.value</label>
      <width>780</width>
      <textcolor>ffffffff</textcolor>
      <font>font12</font>
      <visible>control.hasfocus(10004)</visible>
      <animation effect="fade" time="250" delay="0">visible</animation>
      <animation effect="fade" time="250" delay="0">hidden</animation>
    </control>
    <control>
      <type>image</type>
      <description>Logos groups 1 + 2 combined logos</description>
      <id>2012</id>
      <posX>780</posX>
      <posY>960</posY>
      <width>1095</width>
      <height>52</height>
      <texture>#myfilms.logos_id2012</texture>
      <keepaspectratio>yes</keepaspectratio>
      <spaceBetweenItems>2</spaceBetweenItems>
      <visible>!control.hasfocus(10099)</visible>
      <animation effect="fade" time="250" delay="0">visible</animation>
      <animation effect="fade" time="250" delay="0">hidden</animation>
    </control>
    <control>
      <type>image</type>
      <description>Logos ID 2003</description>
      <id>2003</id>
      <posX>60</posX>
      <posY>960</posY>
      <width>45</width>
      <height>45</height>
      <texture>#myfilms.logos_id2003</texture>
      <keepaspectratio>yes</keepaspectratio>
      <spaceBetweenItems>2</spaceBetweenItems>
      <visible>!control.hasfocus(10099)</visible>
      <animation effect="fade" time="250" delay="0">visible</animation>
      <animation effect="fade" time="250" delay="0">hidden</animation>
    </control>
    <!-- Special View for FullColor Fanart -->
    <control>
      <type>label</type>
      <description>Title (FullColor Fanart View)</description>
      <id>1</id>
      <posX>45</posX>
      <posY>1000</posY>
      <width>1830</width>
      <align>center</align>
      <font>mediastream16tc</font>
      <label>#myfilms.user.mastertitle.value</label>
      <visible>control.hasfocus(10099)</visible>
      <animation effect="fade" time="250" delay="0">visible</animation>
      <animation effect="fade" time="250" delay="0">hidden</animation>
    </control>
    <control>
      <type>label</type>
      <description>Year and Category (FullColor Fanart View)</description>
      <id>1</id>
      <posX>45</posX>
      <posY>1035</posY>
      <width>1830</width>
      <align>center</align>
      <font>mediastream12tc</font>
      <textcolor>60ffffff</textcolor>
      <label>#myfilms.db.year.value - #myfilms.db.category.value - #myfilms.db.length.value #myfilms.db.length.unit</label>
      <visible>control.hasfocus(10099)</visible>
      <animation effect="fade" time="250" delay="0">visible</animation>
      <animation effect="fade" time="250" delay="0">hidden</animation>
    </control>
    <import>common.time.xml</import>
  </controls>
</window>
<!--Checksum:c865380b865b439cf3365262c7640a74-->