﻿<?xml version="1.0" encoding="utf-8"?>
<window>
  <controls>
    <control>
      <description>Top Title Extension Background</description>
      <type>image</type>
      <id>0</id>
      <posX>381</posX>
      <posY>11</posY>
      <width>486</width>
      <height>35</height>
      <texture>tvtitlebg.png</texture>
      <visible>!control.hasfocus(10099)</visible>
      <animation effect="fade" time="150" delay="0">WindowClose</animation>
      <animation effect="fade" time="150" delay="0">WindowOpen</animation>
      <animation effect="slide" start="-514,0" end="0,0" tween="quadratic" time="150" delay="150">Visible</animation>
      <animation effect="slide" start="0,0" end="-514,0" tween="quadratic" time="150" delay="0">Hidden</animation>
    </control>
    <control>
      <description>Current Filter</description>
      <type>fadelabel</type>
      <id>0</id>
      <posX>839</posX>
      <posY>13</posY>
      <width>320</width>
      <align>right</align>
      <label>#myfilms.view #myfilms.select</label>
      <font>mediastream12c</font>
      <align>right</align>
      <wrapString> |  </wrapString>
      <visible>!control.hasfocus(10099)</visible>
      <animation effect="fade" time="150" delay="0">WindowClose</animation>
      <animation effect="fade" time="150" delay="0">WindowOpen</animation>
      <animation effect="slide" start="-160,0" end="0,0" tween="bounce" time="350" delay="200">Visible</animation>
      <animation effect="slide" start="-160,0" end="0,0" tween="quadratic" time="150" delay="150">Visible</animation>
    </control>
    <control>
      <description>Top Title Background</description>
      <type>image</type>
      <id>0</id>
      <posX>77</posX>
      <posY>11</posY>
      <width>437</width>
      <height>35</height>
      <texture>tvtitlebg.png</texture>
      <visible>!control.hasfocus(10099)</visible>
      <animation effect="slide" start="-514,0" end="0,0" tween="quadratic" time="150" delay="0">Visible</animation>
      <animation effect="fade" time="150" delay="0">WindowClose</animation>
      <animation effect="fade" time="150" delay="0">WindowOpen</animation>
    </control>
    <control>
      <description>Plugin Name</description>
      <type>fadelabel</type>
      <id>0</id>
      <posX>493</posX>
      <posY>13</posY>
      <width>350</width>
      <font>mediastream12c</font>
      <align>right</align>
      <visible>yes</visible>
      <label>#myfilms.config.pluginname / #myfilms.config.currentconfig</label>
      <wrapString> |  </wrapString>
      <visible>!control.hasfocus(10099)</visible>
      <animation effect="slide" start="-514,0" end="0,0" tween="quadratic" time="150" delay="0">Visible</animation>
      <animation effect="fade" time="150" delay="0">WindowClose</animation>
      <animation effect="fade" time="150" delay="0">WindowOpen</animation>
    </control>
    <control>
      <description>Working Animation</description>
      <type>animation</type>
      <id>2080</id>
      <posX>890</posX>
      <posY>15</posY>
      <width>157</width>
      <height>24</height>
      <textures>common.waiting.1.png;common.waiting.2.png;common.waiting.3.png;common.waiting.4.png;common.waiting.5.png;common.waiting.6.png;common.waiting.7.png;common.waiting.8.png;common.waiting.7.png;common.waiting.6.png;common.waiting.5.png;common.waiting.4.png;common.waiting.3.png;common.waiting.2.png</textures>
      <Duration>0:0:03</Duration>
      <keepaspectratio>yes</keepaspectratio>
      <visible>no</visible>
    </control>
  </controls>
</window>
<!--Checksum:8f3f9ca0a0f93f42b0d913954b93618f-->