﻿<?xml version="1.0" encoding="utf-8"?>
<window>
  <controls>
    <control>
      <description>Visible for Group Views (Category, Country, Year, etc.)</description>
      <type>label</type>
      <id>34</id>
      <label></label>
      <posX>0</posX>
      <posY>0</posY>
      <visible>yes</visible>
      <focusable>no</focusable>
    </control>
    <control>
      <description>Visible when Fanart found</description>
      <type>label</type>
      <id>35</id>
      <label></label>
      <posX>0</posX>
      <posY>0</posY>
      <visible>yes</visible>
      <focusable>no</focusable>
    </control>
  </controls>
</window>