﻿<?xml version="1.0" encoding="utf-8"?>
<window>
  <controls>
    <control>
      <type>image</type>
      <id>0</id>
      <posX>0</posX>
      <posY>1012</posY>
      <width>1920</width>
      <height>70</height>
      <texture>imagestreamtitle.png</texture>
      <animation effect="fade" time="250" delay="0">WindowClose</animation>
      <visible>[facadeview.smallicons|facadeview.largeicons]+control.isvisible(50)</visible>
    </control>
    <!-- Movie Details -->
    <control>
      <description>Movie Title</description>
      <type>label</type>
      <id>0</id>
      <posX>30</posX>
      <posY>360</posY>
      <width>750</width>
      <font>mediastream14tc</font>
      <label>#selecteditem</label>
      <textcolor>ffFFFFFF</textcolor>
      <shadowAngle>45</shadowAngle>
      <shadowDistance>6</shadowDistance>
      <shadowColor>#shadow.light</shadowColor>
      <visible>[facadeview.smallicons|facadeview.largeicons]+control.isvisible(50)+!control.isvisible(34)</visible>
      <animation effect="fade" time="250" delay="0">WindowClose</animation>
      <animation effect="fade" time="250" delay="0">WindowOpen</animation>
    </control>
    <control>
      <description>Genres</description>
      <type>label</type>
      <label>#myfilms.db.category.value</label>
      <id>0</id>
      <posX>30</posX>
      <posY>397</posY>
      <width>750</width>
      <font>mediastream12tc</font>
      <textcolor>ff909090</textcolor>
      <shadowAngle>45</shadowAngle>
      <shadowDistance>4</shadowDistance>
      <shadowColor>#shadow.dark</shadowColor>
      <visible>[facadeview.smallicons|facadeview.largeicons]+control.isvisible(50)+!control.isvisible(34)</visible>
      <animation effect="fade" time="250" delay="0">WindowClose</animation>
      <animation effect="fade" time="250" delay="0">WindowOpen</animation>
    </control>
    <!-- Star Rating -->
    <control>
      <description>Star Rating Image</description>
      <type>imagelist</type>
      <id>0</id>
      <width>172</width>
      <height>33</height>
      <posX>30</posX>
      <posY>430</posY>
      <textureWidth>36</textureWidth>
      <textureHeight>36</textureHeight>
      <subitems>
        <subitem>starwhitehollow.png</subitem>
        <subitem>starwhite.png</subitem>
      </subitems>
      <orientation>horizontal</orientation>
      <align>left</align>
      <imagesToDraw>5</imagesToDraw>
      <percentage>#myfilms.db.rating.value</percentage>
      <visible>[facadeview.smallicons|facadeview.largeicons]+control.isvisible(50)+!control.isvisible(34)+!string.equals(#myfilms.db.rating.value,)</visible>
      <animation effect="fade" time="250">WindowOpen</animation>
      <animation effect="fade" time="250">WindowClose</animation>
    </control>
    <control>
      <type>label</type>
      <label>#(string.format('{0:0.0} / 10', cflt(#myfilms.db.rating.value)))</label>
      <posX>225</posX>
      <posY>432</posY>
      <width>540</width>
      <font>mediastream10</font>
      <shadowAngle>45</shadowAngle>
      <shadowDistance>3</shadowDistance>
      <shadowColor>#shadow.light</shadowColor>
      <visible>[facadeview.smallicons|facadeview.largeicons]+control.isvisible(50)+!string.equals(#myfilms.db.rating.value,)+!control.isvisible(34)+!string.equals(#myfilms.db.rating.value,0.0)</visible>
      <animation effect="fade" time="250" delay="0">WindowClose</animation>
      <animation effect="fade" time="250" delay="0">WindowOpen</animation>
    </control>
    <control>
      <description>Summary</description>
      <type>textboxscrollup</type>
      <id>0</id>
      <posX>30</posX>
      <posY>480</posY>
      <width>750</width>
      <height>322</height>
      <textcolor>ffFFFFFF</textcolor>
      <seperator>-----------------------------------------------------------------------------------</seperator>
      <font>mediastream11</font>
      <label>#myfilms.db.description.value</label>
      <visible>[facadeview.smallicons|facadeview.largeicons]+control.isvisible(50)+!control.isvisible(34)</visible>
      <animation effect="fade" time="250" delay="0">WindowClose</animation>
      <animation effect="fade" time="250" delay="0">WindowOpen</animation>
    </control>
    <control Style="smallTitleB">
      <description>User Item 2 Label</description>
      <id>0</id>
      <type>label</type>
      <label>#myfilms.user.item2.label</label>
      <posX>30</posX>
      <posY>826</posY>
      <width>210</width>
      <visible>[facadeview.smallicons|facadeview.largeicons]+control.isvisible(50)+!control.isvisible(34)+!string.equals(#myfilms.user.item2.value,)</visible>
      <animation effect="fade" time="250" delay="0">WindowClose</animation>
      <animation effect="fade" time="250" delay="0">WindowOpen</animation>
    </control>
    <control Style="smallTitle">
      <description>User Item 2</description>
      <id>0</id>
      <type>label</type>
      <label>#myfilms.user.item2.value</label>
      <posX>270</posX>
      <posY>828</posY>
      <width>300</width>
      <visible>[facadeview.smallicons|facadeview.largeicons]+control.isvisible(50)+!control.isvisible(34)</visible>
      <animation effect="fade" time="250" delay="0">WindowClose</animation>
      <animation effect="fade" time="250" delay="0">WindowOpen</animation>
    </control>
    <control Style="smallTitleB">
      <description>User Item 3 Label</description>
      <id>0</id>
      <type>label</type>
      <label>#myfilms.user.item3.label</label>
      <posX>30</posX>
      <posY>859</posY>
      <width>210</width>
      <visible>[facadeview.smallicons|facadeview.largeicons]+control.isvisible(50)+!control.isvisible(34)+!string.equals(#myfilms.user.item3.value,)</visible>
      <animation effect="fade" time="250" delay="0">WindowClose</animation>
      <animation effect="fade" time="250" delay="0">WindowOpen</animation>
    </control>
    <control Style="smallTitle">
      <description>User Item 3</description>
      <id>0</id>
      <type>label</type>
      <label>#myfilms.user.item3.value</label>
      <posX>270</posX>
      <posY>861</posY>
      <width>300</width>
      <visible>[facadeview.smallicons|facadeview.largeicons]+control.isvisible(50)+!control.isvisible(34)</visible>
      <animation effect="fade" time="250" delay="0">WindowClose</animation>
      <animation effect="fade" time="250" delay="0">WindowOpen</animation>
    </control>
    <control Style="smallTitleB">
      <description>User Item 5 Label</description>
      <type>label</type>
      <label>#myfilms.user.item5.label</label>
      <posX>30</posX>
      <posY>892</posY>
      <width>210</width>
      <visible>[facadeview.smallicons|facadeview.largeicons]+control.isvisible(50)+!control.isvisible(34)+!string.equals(#myfilms.user.item5.value,)</visible>
      <animation effect="fade" time="250" delay="0">WindowClose</animation>
      <animation effect="fade" time="250" delay="0">WindowOpen</animation>
    </control>
    <control Style="smallTitle">
      <description>User Item 5</description>
      <id>0</id>
      <type>label</type>
      <label>#myfilms.user.item5.value</label>
      <posX>270</posX>
      <posY>893</posY>
      <visible>[facadeview.smallicons|facadeview.largeicons]+control.isvisible(50)+!control.isvisible(34)</visible>
      <animation effect="fade" time="250" delay="0">WindowClose</animation>
      <animation effect="fade" time="250" delay="0">WindowOpen</animation>
    </control>
  </controls>
</window>
<!--Checksum:f31458657a784a479253a7608f91b4a4-->