﻿<?xml version="1.0" encoding="utf-8" standalone="yes"?>
<window>
  <id>7988</id>
  <defaultcontrol>10</defaultcontrol>
  <allowoverlay>yes</allowoverlay>
  <animation effect="fade" time="200">windowopen</animation>
  <animation effect="fade" time="200">windowclose</animation>
  <controls>
    <control>
      <type>image</type>
      <id>0</id>
      <width>1280</width>
      <height>720</height>
      <texture>black.png</texture>
      <colordiffuse>90ffffff</colordiffuse>
    </control>
    <control>
      <type>image</type>
      <id>0</id>
      <posX>375</posX>
      <posY>228</posY>
      <width>532</width>
      <height>23</height>
      <texture>dialogtop.png</texture>
      <colordiffuse>eeffffff</colordiffuse>
    </control>
    <control>
      <type>image</type>
      <id>0</id>
      <posX>375</posX>
      <posY>251</posY>
      <width>532</width>
      <height>180</height>
      <texture>dialogmiddle.png</texture>
      <colordiffuse>eeffffff</colordiffuse>
    </control>
    <control>
      <type>image</type>
      <id>0</id>
      <posX>375</posX>
      <posY>430</posY>
      <width>532</width>
      <height>23</height>
      <texture>dialogbottom.png</texture>
      <colordiffuse>eeffffff</colordiffuse>
    </control>
    <control>
      <description>dialog Heading</description>
      <type>label</type>
      <id>2</id>
      <posX>405</posX>
      <posY>250</posY>
      <width>470</width>
      <label>934</label>
      <font>mediastream11tc</font>
      <textcolor>White</textcolor>
      <align>left</align>
    </control>
      
    <control>
      <description>Rating value</description>
      <type>label</type>
      <id>4</id>
      <posX>795</posX>
      <posY>348</posY>
      <label>#(string.format('{0}: {1:0.0} / 10', L(931), cflt(#myfilms.rating)))</label>
      <font>mediastream10c</font>
      <align>right</align>
      <colordiffuse>ffffffff</colordiffuse>
      <textcolor>ffffffff</textcolor>
      <animation effect="fade" time="250">WindowOpen</animation>
      <animation effect="fade" time="250">WindowClose</animation>
    </control>
        
    <control>
      <description>right button</description>
      <type>button</type>
      <id>10</id>
      <posX>810</posX>
      <posY>312</posY>
      <width>28</width>
      <height>29</height>
      <textureFocus>arrow_round_right_focus.png</textureFocus>
      <textureNoFocus>arrow_round_right_nofocus.png</textureNoFocus>
      <label />
      <onleft>11</onleft>
      <onright>12</onright>
      <onup>12</onup>
      <ondown>12</ondown>
      <animation effect="fade" time="250">WindowOpen</animation>
      <animation effect="fade" time="250">WindowClose</animation>
    </control>
    <control>
      <description>left button</description>
      <type>button</type>
      <id>11</id>
      <posX>445</posX>
      <posY>312</posY>
      <width>28</width>
      <height>29</height>
      <textureFocus>arrow_round_left_focus.png</textureFocus>
      <textureNoFocus>arrow_round_left_nofocus.png</textureNoFocus>
      <label />
      <onleft>12</onleft>
      <onright>10</onright>
      <onup>12</onup>
      <ondown>12</ondown>
      <animation effect="fade" time="250">WindowOpen</animation>
      <animation effect="fade" time="250">WindowClose</animation>
    </control>
   
    <control>
      <type>imagelist</type>
      <id>100</id>
      <posX>480</posX>
      <posY>310</posY>
      <width>42</width>
      <height>320</height>
      <textureWidth>32</textureWidth>
      <textureHeight>32</textureHeight>
      <subitems>
        <subitem>UserRatingStarOff.png</subitem>
        <subitem>UserRatingStarOn.png</subitem>        
      </subitems>
      <orientation>horizontal</orientation>
      <percentage>#myfilms.rating</percentage>
      <imagesToDraw>10</imagesToDraw>
      <animation effect="fade" time="250">WindowOpen</animation>
      <animation effect="fade" time="250">WindowClose</animation>
    </control>
    
    <control>
      <description>OK button</description>
      <type>button</type>
      <id>12</id>
      <font>mediastream11tc</font>
      <textureFocus>dialogbigbuttonfo.png</textureFocus>
      <textureNoFocus>dialogbigbuttonnf.png</textureNoFocus>
      <width>128</width>
      <posX>574</posX>
      <posY>390</posY>
      <textXOff>1</textXOff>
      <textYOff>1</textYOff>
      <textalign>center</textalign>
      <label>186</label>
      <onleft>10</onleft>
      <onright>10</onright>
      <onup>10</onup>
      <ondown>10</ondown>
    </control>
    
  </controls>
</window>
