﻿<?xml version="1.0" encoding="utf-8"?>
<window>
  <controls>
    <control>
      <type>image</type>
      <id>0</id>
      <posX>0</posX>
      <posY>675</posY>
      <width>1280</width>
      <height>47</height>
      <texture>imagestreamtitle.png</texture>
      <animation effect="fade" time="250" delay="0">WindowClose</animation>
      <visible>[facadeview.smallicons|facadeview.largeicons]+control.isvisible(50)</visible>
    </control>
    <!-- Movie Details -->
    <control>
      <description>Movie Title</description>
      <type>label</type>
      <id>0</id>
      <posX>20</posX>
      <posY>240</posY>
      <width>500</width>
      <font>mediastream14tc</font>
      <label>#selecteditem</label>
      <textcolor>ffFFFFFF</textcolor>
			<shadowAngle>45</shadowAngle>
      <shadowDistance>4</shadowDistance>
      <shadowColor>#shadow.light</shadowColor>
      <visible>[facadeview.smallicons|facadeview.largeicons]+control.isvisible(50)+!control.isvisible(34)</visible>
      <animation effect="fade" time="250" delay="0">WindowClose</animation>
      <animation effect="fade" time="250" delay="0">WindowOpen</animation>
    </control>
    <control>
      <description>User Item 3 (Default: Genres)</description>
      <type>label</type>
      <label>#myfilms.user.item3.value</label>
      <id>0</id>
      <posX>20</posX>
      <posY>265</posY>
      <width>500</width>
      <font>mediastream12tc</font>
      <textcolor>ff909090</textcolor>
			<shadowAngle>45</shadowAngle>
			<shadowDistance>3</shadowDistance>
      <shadowColor>#shadow.dark</shadowColor>
      <visible>[facadeview.smallicons|facadeview.largeicons]+control.isvisible(50)+!control.isvisible(34)</visible>
      <animation effect="fade" time="250" delay="0">WindowClose</animation>
      <animation effect="fade" time="250" delay="0">WindowOpen</animation>
    </control>
    <!-- Star Rating -->
    <control>
      <description>Star Rating Image</description>
      <type>imagelist</type>
      <id>0</id>
      <width>115</width>
      <height>22</height>
      <posX>20</posX>
      <posY>287</posY>
      <textureWidth>24</textureWidth>
      <textureHeight>24</textureHeight>
      <subitems>
        <subitem>starwhitehollow.png</subitem>
        <subitem>starwhite.png</subitem>
      </subitems>
      <orientation>horizontal</orientation>
      <align>left</align>
      <imagesToDraw>5</imagesToDraw>
      <percentage>#myfilms.db.rating.value</percentage>
      <visible>[facadeview.smallicons|facadeview.largeicons]+control.isvisible(50)+!string.equals(#MovingPictures.SelectedMovie.score.rounded,)+!control.isvisible(34)</visible>
			<animation effect="fade" time="250">WindowOpen</animation>
      <animation effect="fade" time="250">WindowClose</animation>
    </control>
    <control>
      <type>label</type>
      <label>#(string.format('{0:0.0} / 10', cflt(#myfilms.db.rating.value)))</label>
      <posX>150</posX>
      <posY>288</posY>
      <width>360</width>
      <font>mediastream10</font>
			<shadowAngle>45</shadowAngle>
      <shadowDistance>2</shadowDistance>
      <shadowColor>#shadow.light</shadowColor>
      <visible>[facadeview.smallicons|facadeview.largeicons]+control.isvisible(50)+!string.equals(#myfilms.db.rating.value,)+!control.isvisible(34)</visible>
      <animation effect="fade" time="250" delay="0">WindowClose</animation>
      <animation effect="fade" time="250" delay="0">WindowOpen</animation>
    </control>
    <control>
      <description>Summary</description>
      <type>textboxscrollup</type>
      <id>0</id>
      <posX>20</posX>
      <posY>320</posY>
      <width>500</width>
      <height>215</height>
      <textcolor>ffFFFFFF</textcolor>
      <seperator>-----------------------------------------------------------------------------------</seperator>
      <font>mediastream11</font>
      <label>#myfilms.db.description.value</label>
      <visible>[facadeview.smallicons|facadeview.largeicons]+control.isvisible(50)+!control.isvisible(34)</visible>
      <animation effect="fade" time="250" delay="0">WindowClose</animation>
      <animation effect="fade" time="250" delay="0">WindowOpen</animation>
    </control>    
    <control Style="smallTitleB">
      <description>User Item 1 Label</description>
      <id>0</id>
      <type>label</type>
      <label>#myfilms.user.item1.label</label>
      <posX>20</posX>
      <posY>551</posY>
      <width>140</width>
      <visible>[facadeview.smallicons|facadeview.largeicons]+control.isvisible(50)+!control.isvisible(34)</visible>
      <animation effect="fade" time="250" delay="0">WindowClose</animation>
      <animation effect="fade" time="250" delay="0">WindowOpen</animation>
    </control>
    <control Style="smallTitle">
      <description>User Item 1</description>
      <id>0</id>
      <type>label</type>
      <label>#myfilms.user.item1.value</label>
      <posX>180</posX>
      <posY>552</posY>
      <width>200</width>      
      <visible>[facadeview.smallicons|facadeview.largeicons]+control.isvisible(50)+!control.isvisible(34)</visible>
      <animation effect="fade" time="250" delay="0">WindowClose</animation>
      <animation effect="fade" time="250" delay="0">WindowOpen</animation>
    </control>    
    <control Style="smallTitleB">
      <description>User Item 2 Label</description>
      <id>0</id>
      <type>label</type>
      <label>#myfilms.user.item2.label</label>
      <posX>20</posX>
      <posY>573</posY>
      <width>140</width>
      <visible>[facadeview.smallicons|facadeview.largeicons]+control.isvisible(50)+!control.isvisible(34)</visible>
      <animation effect="fade" time="250" delay="0">WindowClose</animation>
      <animation effect="fade" time="250" delay="0">WindowOpen</animation>
    </control>
    <control Style="smallTitle">
      <description>User Item 2</description>
      <id>0</id>
      <type>label</type>
      <label>#myfilms.user.item2.value</label>
      <posX>180</posX>
      <posY>574</posY>
      <width>200</width>      
      <visible>[facadeview.smallicons|facadeview.largeicons]+control.isvisible(50)+!control.isvisible(34)</visible>
      <animation effect="fade" time="250" delay="0">WindowClose</animation>
      <animation effect="fade" time="250" delay="0">WindowOpen</animation>
    </control>        
    <control Style="smallTitleB">
      <description>User Item 4 Label</description>
      <type>label</type>
      <label>#myfilms.user.item4.label</label>
      <posX>20</posX>
      <posY>595</posY>
      <width>140</width>
      <visible>[facadeview.smallicons|facadeview.largeicons]+control.isvisible(50)+!control.isvisible(34)</visible>
      <animation effect="fade" time="250" delay="0">WindowClose</animation>
      <animation effect="fade" time="250" delay="0">WindowOpen</animation>
    </control>
    <control Style="smallTitle">
      <description>User Item 4</description>
      <id>0</id>
      <type>label</type>
      <label>#myfilms.user.item4.value</label>
      <posX>180</posX>
      <posY>596</posY>      
      <visible>[facadeview.smallicons|facadeview.largeicons]+control.isvisible(50)+!control.isvisible(34)</visible>
      <animation effect="fade" time="250" delay="0">WindowClose</animation>
      <animation effect="fade" time="250" delay="0">WindowOpen</animation>
    </control>    
  </controls>
</window>