﻿<?xml version="1.0" encoding="utf-8"?>
<window>
  <controls>
    <!-- Facade Spin Background -->
    <control>
      <description>Page Count Background</description>
      <type>image</type>
      <id>0</id>
      <posX>1519</posX>
      <posY>1026</posY>
      <width>390</width>
      <height>45</height>
      <texture>mediacountbg_Spin.png</texture>
      <visible>!facadeview.coverflow+!facadeview.filmstrip+control.isvisible(50)</visible>
      <animation effect="fade" time="250">WindowOpen</animation>
      <animation effect="fade" time="250">WindowClose</animation>
    </control>
    <control>
      <description>Page Label</description>
      <type>label</type>
      <label>30009</label>
      <id>0</id>
      <posX>1534</posX>
      <posY>1032</posY>
      <font>mediastream12tc</font>
      <textcolor>ff909090</textcolor>
      <visible>!facadeview.coverflow+!facadeview.filmstrip+control.isvisible(50)</visible>
      <animation effect="fade" time="250">WindowOpen</animation>
      <animation effect="fade" time="250">WindowClose</animation>
    </control>
    <!-- Movie Counts -->
    <control>
      <description>Movie Count Background</description>
      <type>image</type>
      <id>0</id>
      <posX>1669</posX>
      <posY>15</posY>
      <width>238</width>
      <height>42</height>
      <texture>mediacountbackground.png</texture>
      <visible>control.isvisible(50)</visible>
      <animation effect="fade" time="250" delay="0">WindowClose</animation>
    </control>
    <control>
      <description>Movie Count Label</description>
      <type>label</type>
      <label>342</label>
      <id>0</id>
      <posX>1684</posX>
      <posY>21</posY>
      <font>mediastream10tc</font>
      <textcolor>ff909090</textcolor>
      <visible>control.isvisible(50)+[control.isvisible(36)|control.isvisible(39)]</visible>
      <animation effect="fade" time="250" delay="0">WindowClose</animation>
    </control>
    <control>
      <description>Movie Count Label</description>
      <type>label</type>
      <label>507</label>
      <id>0</id>
      <posX>1684</posX>
      <posY>21</posY>
      <font>mediastream10tc</font>
      <textcolor>ff909090</textcolor>
      <visible>control.isvisible(50)+![control.isvisible(36)|control.isvisible(39)]</visible>
      <animation effect="fade" time="250" delay="0">WindowClose</animation>
    </control>
    <control>
      <type>label</type>
      <id>0</id>
      <posX>1869</posX>
      <posY>18</posY>
      <width>525</width>
      <font>mediastream11c</font>
      <textcolor>ff006698</textcolor>
      <align>right</align>
      <label>#myfilms.nbobjects.value</label>
      <visible>control.isvisible(50)</visible>
      <animation effect="fade" time="250" delay="0">WindowClose</animation>
    </control>
    <control>
      <description>group element</description>
      <type>group</type>
      <animation effect="fade" time="150">WindowOpen</animation>
      <animation effect="fade" time="250">WindowClose</animation>
      <animation effect="slide" time="150" start="1800,0">WindowOpen</animation>
      <animation effect="slide" time="250" end="1800,0">WindowClose</animation>
      <control>
        <type>facadeview</type>
        <id>50</id>
        <animation effect="fade" time="250" delay="0">WindowClose</animation>
        <control>
          <description>listcontrol</description>
          <type>listcontrol</type>
          <id>50</id>
          <posX>1050</posX>
          <posY>360</posY>
          <height>720</height>
          <width>870</width>
          <onleft>2</onleft>
          <onright>2</onright>
          <scrollOffset>5</scrollOffset>
          <itemWidth>48</itemWidth>
          <itemHeight>48</itemHeight>
          <IconXOff>1837</IconXOff>
          <IconYOff>6</IconYOff>
          <textXOff>-38</textXOff>
          <textYOff>7</textYOff>
          <textXOff2>795</textXOff2>
          <textYOff2>7</textYOff2>
          <textXOff3>2000</textXOff3>
          <textYOff3>15</textYOff3>
          <PinIconHeight>30</PinIconHeight>
          <PinIconWidth>30</PinIconWidth>
          <PinIconXOff>810</PinIconXOff>
          <PinIconYOff>12</PinIconYOff>
          <font>mediastream12c</font>
          <font2>mediastream10c</font2>
          <font3>mediastream12tc</font3>
          <keepaspectratio>yes</keepaspectratio>
          <explicitlyEnableScrollLabel>yes</explicitlyEnableScrollLabel>
          <spinPosX>1762</spinPosX>
          <spinPosY>1021</spinPosY>
          <spinAlign>Right</spinAlign>
          <spinColor>ff006698</spinColor>
          <textureUp>arrow_round_up_nofocus.png</textureUp>
          <textureDown>arrow_round_down_nofocus.png</textureDown>
          <textureUpFocus>arrow_round_up_focus.png</textureUpFocus>
          <textureDownFocus>arrow_round_down_focus.png</textureDownFocus>
          <spinWidth>75</spinWidth>
          <spinHeight>55</spinHeight>
          <suffix>|</suffix>
        </control>
        <control>
          <description>album view listcontrol</description>
          <type>listcontrol</type>
          <subtype>album</subtype>
          <id>50</id>
          <posX>1065</posX>
          <posY>360</posY>
          <height>675</height>
          <width>840</width>
          <scrollOffset>2</scrollOffset>
          <PinIconWidth>30</PinIconWidth>
          <PinIconHeight>30</PinIconHeight>
          <PinIconXOff>93</PinIconXOff>
          <PinIconYOff>57</PinIconYOff>
          <itemWidth>90</itemWidth>
          <itemHeight>90</itemHeight>
          <IconXOff>7</IconXOff>
          <IconYOff>3</IconYOff>
          <textXOff>-15</textXOff>
          <textXOff2>825</textXOff2>
          <textXOff3>120</textXOff3>
          <textYOff2>55</textYOff2>
          <textureHeight>96</textureHeight>
          <font2>mediastream10c</font2>
          <keepaspectratio>yes</keepaspectratio>
          <onleft>2</onleft>
          <onright>2</onright>
          <spinPosX>1762</spinPosX>
          <spinPosY>1021</spinPosY>
          <spinAlign>Right</spinAlign>
          <textureUp>arrow_round_up_nofocus.png</textureUp>
          <textureDown>arrow_round_down_nofocus.png</textureDown>
          <textureUpFocus>arrow_round_up_focus.png</textureUpFocus>
          <textureDownFocus>arrow_round_down_focus.png</textureDownFocus>
          <spinWidth>75</spinWidth>
          <spinHeight>55</spinHeight>
          <onleft>2</onleft>
          <onright>2</onright>
          <keepaspectratio>yes</keepaspectratio>
        </control>
        <control>
          <visible>control.isvisible(50)</visible>
          <description>Filmstrip</description>
          <type>filmstrip</type>
          <id>50</id>
          <onup>2</onup>
          <posX>60</posX>
          <posY>382</posY>
          <width>1920</width>
          <height>330</height>
          <scrollOffset>4</scrollOffset>
          <thumbWidth>345</thumbWidth>
          <thumbHeight>510</thumbHeight>
          <thumbPosX>6</thumbPosX>
          <thumbPosY>6</thumbPosY>
          <itemWidth>367</itemWidth>
          <itemHeight>277</itemHeight>
          <textureWidth>375</textureWidth>
          <textureHeight>228</textureHeight>
          <thumbPosX>10</thumbPosX>
          <thumbPosY>10</thumbPosY>
          <thumbs flipY="true" diffuse="diffusemirrorwide.png" />
          <InfoImage>
          </InfoImage>
          <imageFolder>-</imageFolder>
          <imageFolderFocus>-</imageFolderFocus>
          <frame>-</frame>
          <frameFocus>-</frameFocus>
          <showFrame>no</showFrame>
          <showFolder>yes</showFolder>
          <showBackGround>no</showBackGround>
          <showInfoImage>no</showInfoImage>
          <thumbAnimation effect="zoom" start="100,100" end="120,120" tween="quadratic" time="0">focus</thumbAnimation>
          <!-- Spin Controls -->
          <spinWidth>75</spinWidth>
          <spinHeight>55</spinHeight>
          <spinPosX>877</spinPosX>
          <spinPosY>1027</spinPosY>
          <spinAlign>center</spinAlign>
          <spinColor>ff006698</spinColor>
          <textureUp>arrow_round_up_nofocus.png</textureUp>
          <textureDown>arrow_round_down_nofocus.png</textureDown>
          <textureUpFocus>arrow_round_up_focus.png</textureUpFocus>
          <textureDownFocus>arrow_round_down_focus.png</textureDownFocus>
        </control>
        <control>
          <description>Thumbnail Panel</description>
          <type>thumbnailpanel</type>
          <id>50</id>
          <onleft>2</onleft>
          <onright>2</onright>
          <posX>795</posX>
          <posY>345</posY>
          <width>1125</width>
          <height>720</height>
          <!-- Small Icons 0.66 aspect ratio -->
          <itemWidth>150</itemWidth>
          <itemHeight>217</itemHeight>
          <textureWidth>150</textureWidth>
          <textureHeight>216</textureHeight>
          <thumbWidth>135</thumbWidth>
          <thumbHeight>202</thumbHeight>
          <thumbPosX>7</thumbPosX>
          <thumbPosY>7</thumbPosY>
          <!-- Large Icons 0.66 aspect ratio -->
          <textureWidthBig>222</textureWidthBig>
          <textureHeightBig>325</textureHeightBig>
          <itemWidthBig>220</itemWidthBig>
          <itemHeightBig>322</itemHeightBig>
          <thumbWidthBig>198</thumbWidthBig>
          <thumbHeightBig>300</thumbHeightBig>
          <thumbPosXBig>12</thumbPosXBig>
          <thumbPosYBig>12</thumbPosYBig>
          <imageFolderFocus>thumbborder3.png</imageFolderFocus>
          <font>font12</font>
          <suffix>|</suffix>
          <thumbZoom>yes</thumbZoom>
          <enableFocusZoom>no</enableFocusZoom>
          <!-- Spin Controls -->
          <spinWidth>75</spinWidth>
          <spinHeight>55</spinHeight>
          <spinPosX>1762</spinPosX>
          <spinPosY>1021</spinPosY>
          <spinAlign>Right</spinAlign>
          <spinColor>ff006698</spinColor>
          <textureUp>arrow_round_up_nofocus.png</textureUp>
          <textureDown>arrow_round_down_nofocus.png</textureDown>
          <textureUpFocus>arrow_round_up_focus.png</textureUpFocus>
          <textureDownFocus>arrow_round_down_focus.png</textureDownFocus>
        </control>
        <control>
          <description>Cover Flow</description>
          <type>coverflow</type>
          <colordiffuse>90ffffff</colordiffuse>
          <dimColor>90ffffff</dimColor>
          <id>50</id>
          <posX>0</posX>
          <posY>360</posY>
          <width>1920</width>
          <height>1080</height>
          <onup>2</onup>
          <onright>50</onright>
          <selectedCard>0</selectedCard>
          <cardWidth>375</cardWidth>
          <cardHeight>562</cardHeight>
          <angle>45</angle>
          <sideShift>330</sideShift>
          <sideGap>150</sideGap>
          <sideDepth>375</sideDepth>
          <offsetY>0</offsetY>
          <selectedOffsetY>0</selectedOffsetY>
          <thumbZoom>yes</thumbZoom>
          <speed>4</speed>
          <backgroundHeight>375</backgroundHeight>
          <backgroundWidth>1920</backgroundWidth>
          <backgroundX>0</backgroundX>
          <backgroundY>705</backgroundY>
          <backgroundDiffuse>FF000000</backgroundDiffuse>
          <background>filmstrip_overlay.png</background>
          <showBackground>no</showBackground>
          <foregroundHeight>1086</foregroundHeight>
          <foregroundWidth>1926</foregroundWidth>
          <foregroundX>-3</foregroundX>
          <foregroundY>-3</foregroundY>
          <foregroundDiffuse>FF000000</foregroundDiffuse>
          <foreground>-</foreground>
          <showForeground>no</showForeground>
          <showFrame>yes</showFrame>
          <frame>coverflow.poster.square.glass.png</frame>
          <frameFocus>coverflow.poster.square.glass.png</frameFocus>
          <frameWidth>375</frameWidth>
          <frameHeight>562</frameHeight>
          <spinSpeed>8</spinSpeed>
          <unfocusedAlpha>FF</unfocusedAlpha>
          <folderPrefix>[</folderPrefix>
          <folderSuffix>]</folderSuffix>
          <font1>mediastream14tc</font1>
          <font2>mediastream12tc</font2>
          <label1>#selecteditem</label1>
          <label2>#myfilms.db.category.value</label2>
          <textColor>FFFFFFFF</textColor>
          <remoteColor>FFFF0000</remoteColor>
          <playedColor>FFFFFFFF</playedColor>
          <downloadColor>FF00FF00</downloadColor>
          <selectedColor>FFFFFFFF</selectedColor>
          <shadowAngle>45</shadowAngle>
          <shadowDistance>3</shadowDistance>
          <shadowColor>FF222222</shadowColor>
          <label1YOff>592</label1YOff>
          <label2YOff>630</label2YOff>
          <pageSize>5</pageSize>
          <scrollbarBackground>bar_hor.png</scrollbarBackground>
          <scrollbarLeft>mouse_left_horizontal.png</scrollbarLeft>
          <scrollbarRight>mouse_right_horizontal.png</scrollbarRight>
          <scrollbarYOff>663</scrollbarYOff>
          <showScrollbar>yes</showScrollbar>
          <cards flipY="yes" diffuse="Thumb_Mask.png" mask="video_poster_square_mask.png" />
          <subitems>
            <subitem><![CDATA[
                <controls>
                  <control>
                    <description>background</description>
                    <type>image</type>
                    <posX>0</posX>
                    <posY>0</posY>
                    <width>375</width>
                    <height>540</height>
                    <texture flipY="yes" diffuse="Thumb_Mask.png" mask="video_poster_square_mask.png">black.png</texture>
                  </control>
                  <control>
                    <description>Movie Details</description>
                    <type>label</type>
                    <posX>30</posX>
                    <posY>15</posY>
                    <width>315</width>
                    <label>1020</label>
                    <font>mediastream10tc</font>
                    <textcolor>FFFFFFFF</textcolor>
                  </control>
                  <control>
                    <description>User Item 3 (Default: Genre)</description>
                    <type>label</type>
                    <posX>30</posX>
                    <posY>45</posY>
                    <width>315</width>
                    <label>#myfilms.user.item3.value</label>
                    <font>mediastream10</font>
                    <textcolor>FFFFFFFF</textcolor>
                  </control>
                  <control>
                    <description>User Item 1</description>
                    <type>label</type>
                    <posX>30</posX>
                    <posY>75</posY>
                    <width>315</width>
                    <label>#myfilms.user.item1.value</label>
                    <font>mediastream10</font>
                    <textcolor>FFFFFFFF</textcolor>
                  </control>
                  <control>
                    <description>User Item 2</description>
                    <type>label</type>
                    <posX>30</posX>
                    <posY>105</posY>
                    <width>315</width>
                    <label>#myfilms.user.item2.value</label>
                    <font>mediastream10</font>
                    <textcolor>FFFFFFFF</textcolor>
                  </control>
                  <control>
                    <description>rating</description>
                    <type>label</type>
                    <posX>30</posX>
                    <posY>135</posY>
                    <width>315</width>
                    <label>#(string.format('{0:0.0} / 10', cflt(#myfilms.db.rating.value)))</label>
                    <font>mediastream10</font>
                    <textcolor>FFFFFFFF</textcolor>
                  </control>                 
                  <control>
                    <description>Director Label</description>
                    <type>label</type>
                    <posX>30</posX>
                    <posY>172</posY>
                    <width>315</width>
                    <label>#StreamedMP.Director</label>
                    <font>mediastream10tc</font>
                    <textcolor>FFFFFFFF</textcolor>
                  </control>
                  <control>
                    <description>director</description>
                    <type>label</type>
                    <posX>30</posX>
                    <posY>198</posY>
                    <width>315</width>
                    <label>#(iif(neq(#myfilms.db.director.value,''),#myfilms.db.director.value,'N/A'))</label>
                    <font>mediastream10</font>
                    <textcolor>FFFFFFFF</textcolor>
                  </control>
                  <control>
                    <description>Plot Label</description>
                    <type>label</type>
                    <posX>30</posX>
                    <posY>232</posY>
                    <width>315</width>
                    <label>#(string.rtrim(L(203),':'))</label>
                    <font>mediastream10tc</font>
                    <textcolor>FFFFFFFF</textcolor>
                  </control>
                  <control>
                    <description>plot</description>
                    <type>textboxscrollup</type>
                    <posX>30</posX>
                    <posY>259</posY>
                    <width>330</width>
                    <height>120</height>
                    <label>#myfilms.db.description.value</label>
                    <font>mediastream10</font>
                    <lineSpacing>2</lineSpacing>
                    <textcolor>FFFFFFFF</textcolor>
                    <scrollStartDelaySec>10</scrollStartDelaySec>
                  </control>
                </controls>
              ]]></subitem>
          </subitems>
        </control>
      </control>
    </control>
    <!-- Selected Category Facade Item (note plugin visible conditions are too slow!, using poster control instead) -->
    <control>
      <description>Default Image</description>
      <type>image</type>
      <id>1</id>
      <posX>187</posX>
      <posY>262</posY>
      <width>681</width>
      <height>682</height>
      <texture flipY="true" diffuse="Thumb_Mask.png">Categories\Movies.png</texture>
      <keepaspectratio>yes</keepaspectratio>
      <animation effect="fade" time="250">WindowOpen</animation>
      <animation effect="fade" time="250">WindowClose</animation>
      <visible>facadeview.list+!control.isvisible(1155)+!Control.HasThumb(100)+!control.isvisible(38)</visible>
    </control>
    <control>
      <description>Default Image</description>
      <type>image</type>
      <id>100</id>
      <posX>187</posX>
      <posY>262</posY>
      <width>681</width>
      <height>682</height>
      <texture flipY="true" diffuse="Thumb_Mask.png">Categories\#selecteditem.png</texture>
      <keepaspectratio>yes</keepaspectratio>
      <animation effect="fade" time="250">WindowOpen</animation>
      <animation effect="fade" time="250">WindowClose</animation>
      <visible>facadeview.list+!control.isvisible(1155)+!control.isvisible(38)</visible>
    </control>
    <control>
      <description>Default Image</description>
      <type>image</type>
      <id>101</id>
      <posX>187</posX>
      <posY>262</posY>
      <width>681</width>
      <height>682</height>
      <texture flipY="true" diffuse="Thumb_Mask.png">Categories\actors.png</texture>
      <keepaspectratio>yes</keepaspectratio>
      <animation effect="fade" time="250">WindowOpen</animation>
      <animation effect="fade" time="250">WindowClose</animation>
      <visible>facadeview.list+control.isvisible(38)</visible>
    </control>
    <control>
      <description>Selected Category Label</description>
      <type>fadelabel</type>
      <id>1</id>
      <posX>60</posX>
      <posY>1026</posY>
      <width>1350</width>
      <label>#selecteditem</label>
      <font>mediastream16tc</font>
      <textcolor>White</textcolor>
      <animation effect="fade" time="250">WindowOpen</animation>
      <animation effect="fade" time="250">WindowClose</animation>
      <animation effect="fade" time="250" delay="0">WindowClose</animation>
      <visible>facadeview.list+!control.isvisible(1155)</visible>
    </control>
  </controls>
</window>
<!--Checksum:fd9e18f6844ce36fff475d19b78b6894-->