﻿<?xml version="1.0" encoding="utf-8" standalone="yes"?>
<window>
  <id>90478</id>
  <defaultcontrol>20</defaultcontrol>
  <allowoverlay>no</allowoverlay>
  <define>#header.label:Lyrics</define>
  <define>#useRandomMusicFanart:Yes</define>
  <define>#usePlayFanart:Yes</define>
  <controls>
    <control>
      <id>1</id>
      <description>Background Image</description>
      <animation effect="fade" time="250">WindowOpen</animation>
      <animation effect="fade" time="250">WindowClose</animation>
      <type>image</type>
      <posX>0</posX>
      <posY>0</posY>
      <width>1280</width>
      <height>720</height>
      <texture>hover_my lyrics.png</texture>
    </control>
    <import>mymusic.autofanart.xml</import>
    <control>
      <id>1</id>
      <description>Overlay Image</description>
      <animation effect="fade" time="250">WindowOpen</animation>
      <animation effect="fade" time="250">WindowClose</animation>
      <type>image</type>
      <posX>0</posX>
      <posY>65</posY>
      <width>1280</width>
      <height>516</height>
      <colordiffuse>60ffffff</colordiffuse>
      <texture>black.png</texture>
    </control>
    <control>
      <id>1</id>
      <description>Overlay Image</description>
      <animation effect="fade" time="250">WindowOpen</animation>
      <animation effect="fade" time="250">WindowClose</animation>
      <type>image</type>
      <posX>0</posX>
      <posY>0</posY>
      <width>1281</width>
      <height>720</height>
      <texture>tvguidebg.png</texture>
    </control>
    <control>
      <id>1</id>
      <description>Top Title Background</description>
      <type>image</type>
      <posX>77</posX>
      <posY>11</posY>
      <width>437</width>
      <height>35</height>
      <texture>tvtitlebg.png</texture>
      <animation effect="slide" start="-514,0" end="0,0" tween="quadratic" time="300" delay="0">WindowOpen</animation>
      <animation effect="slide" start="0,0" end="-514,0" tween="quadratic" time="300" delay="0">WindowClose</animation>
      <animation effect="fade" time="150">WindowClose</animation>
    </control>
    <control>
      <id>1</id>
      <type>fadelabel</type>
      <description>Top Title</description>
      <posX>493</posX>
      <posY>13</posY>
      <width>350</width>
      <font>mediastream12c</font>
      <align>right</align>
      <visible>yes</visible>
      <label>#header.label</label>
      <animation effect="slide" start="-514,0" end="0,0" tween="quadratic" time="300" delay="0">WindowOpen</animation>
      <animation effect="slide" start="0,0" end="-514,0" tween="quadratic" time="300" delay="0">WindowClose</animation>
      <animation effect="fade" time="150">WindowClose</animation>
    </control>
    <import>common.time.xml</import>
    <control>
      <description>Top Title Extension Background</description>
      <type>image</type>
      <id>1</id>
      <posX>381</posX>
      <posY>11</posY>
      <width>386</width>
      <height>36</height>
      <texture>tvtitlebg.png</texture>
      <animation effect="fade" time="300" delay="300">WindowOpen</animation>
      <animation effect="fade" time="300" delay="0">WindowClose</animation>
      <animation effect="slide" start="-514,0" end="0,0" tween="quadratic" time="300" delay="300">WindowOpen</animation>
      <animation effect="slide" start="0,0" end="-514,0" tween="quadratic" time="600" delay="0">WindowClose</animation>
    </control>
    <control>
      <id>1</id>
      <description>Top Title Background</description>
      <type>image</type>
      <posX>77</posX>
      <posY>11</posY>
      <width>437</width>
      <height>35</height>
      <texture>tvtitlebg.png</texture>
      <animation effect="slide" start="-514,0" end="0,0" tween="quadratic" time="300" delay="0">WindowOpen</animation>
      <animation effect="fade" time="150">WindowClose</animation>
    </control>
    <control>
      <type>label</type>
      <description>Top Title Extension</description>
      <id>2</id>
      <posX>739</posX>
      <posY>13</posY>
      <width>320</width>
      <font>mediastream12c</font>
      <align>right</align>
      <label>Titel</label>
      <animation effect="fade" time="300" delay="300">WindowOpen</animation>
      <animation effect="fade" time="230" delay="0">WindowClose</animation>
      <animation effect="slide" start="-514,0" end="0,0" tween="bounce" time="700" delay="300">WindowOpen</animation>
      <animation effect="slide" start="0,0" end="-514,0" tween="quadratic" time="600" delay="0">WindowClose</animation>
    </control>
    <control>
      <description>Page Count Background</description>
      <type>image</type>
      <id>0</id>
      <posX>628</posX>
      <posY>544</posY>
      <width>260</width>
      <height>32</height>
      <texture>mediacountbg_Spin.png</texture>
      <visible>yes</visible>
      <animation effect="fade" time="250">WindowOpen</animation>
      <animation effect="fade" time="250">WindowClose</animation>
      <visible>control.isvisible(20)|control.isvisible(21)</visible>
    </control>
    <control>
      <description>Page Count Label</description>
      <type>label</type>
      <label>30009</label>
      <id>0</id>
      <posX>638</posX>
      <posY>549</posY>
      <font>mediastream12tc</font>
      <textcolor>ff909090</textcolor>
      <visible>yes</visible>
      <animation effect="fade" time="250">WindowOpen</animation>
      <animation effect="fade" time="250">WindowClose</animation>
      <visible>control.isvisible(20)|control.isvisible(21)</visible>
    </control>
    <control>
      <type>textbox</type>
      <description>The Lyric area</description>
      <id>20</id>
      <posX>110</posX>
      <posY>115</posY>
      <width>760</width>
      <height>490</height>
      <onleft>2</onleft>
      <onright>2</onright>
      <onup>2</onup>
      <ondown>2</ondown>
      <image>icon-folder.png</image>
      <seperator>----------------------------------------------------------------------------------------------</seperator>
      <text>6</text>
      <font>mediastream11</font>
      <spinPosX>755</spinPosX>
      <spinPosY>542</spinPosY>
      <spinColor>ff006698</spinColor>
      <spinAlign>Right</spinAlign>
      <textureUp>arrow_round_up_nofocus.png</textureUp>
      <textureDown>arrow_round_down_nofocus.png</textureDown>
      <textureUpFocus>arrow_round_up_focus.png</textureUpFocus>
      <textureDownFocus>arrow_round_down_focus.png</textureDownFocus>
      <spinWidth>50</spinWidth>
      <spinHeight>37</spinHeight>
    </control>
    <control>
      <type>textboxscrollup</type>
      <description>The Lyric area</description>
      <id>1020</id>
      <posX>110</posX>
      <posY>115</posY>
      <width>760</width>
      <height>450</height>
      <onleft>2</onleft>
      <onright>2</onright>
      <onup>2</onup>
      <ondown>2</ondown>
      <image>icon-folder.png</image>
      <seperator>----------------------------------------------------------------------------------------------</seperator>
      <text>6</text>
      <font>mediastream11</font>
      <spinPosX>755</spinPosX>
      <spinPosY>542</spinPosY>
      <spinColor>ff006698</spinColor>
      <spinAlign>Right</spinAlign>
      <textureUp>arrow_round_up_nofocus.png</textureUp>
      <textureDown>arrow_round_down_nofocus.png</textureDown>
      <textureUpFocus>arrow_round_up_focus.png</textureUpFocus>
      <textureDownFocus>arrow_round_down_focus.png</textureDownFocus>
      <spinWidth>50</spinWidth>
      <spinHeight>37</spinHeight>
    </control>
    <control>
      <type>label</type>
      <description>LrcPick status</description>
      <id>1011</id>
      <posX>900</posX>
      <posY>46</posY>
      <label>
      </label>
      <textcolor>ffdddddd</textcolor>
    </control>
    <control>
      <type>label</type>
      <description>Status</description>
      <id>11</id>
      <posX>110</posX>
      <posY>120</posY>
      <label>No media playing</label>
      <font>mediastream12</font>
      <textcolor>80ffffff</textcolor>
    </control>
    <control>
      <type>image</type>
      <description>menu background image</description>
      <id>34</id>
      <posX>30</posX>
      <posY>570</posY>
      <width>1225</width>
      <height>160</height>
      <texture>-</texture>
      <animation effect="fade" time="150">WindowOpen</animation>
      <visible>no</visible>
    </control>
    <control>
      <type>fadelabel</type>
      <description>track label shadow</description>
      <id>33</id>
      <posX>112</posX>
      <posY>672</posY>
      <width>600</width>
      <height>28</height>
      <label>#Play.Current.Track</label>
      <font>mediastream12</font>
      <textcolor>ff222222</textcolor>
      <animation effect="fade" time="150">WindowOpen</animation>
    </control>
    <control>
      <type>fadelabel</type>
      <description>track label</description>
      <id>33</id>
      <posX>110</posX>
      <posY>670</posY>
      <width>600</width>
      <height>28</height>
      <label>#Play.Current.Track</label>
      <font>mediastream12</font>
      <animation effect="fade" time="150">WindowOpen</animation>
    </control>
    <control>
      <type>fadelabel</type>
      <description>Current Artist label shadow</description>
      <id>32</id>
      <posX>112</posX>
      <posY>636</posY>
      <width>600</width>
      <height>26</height>
      <label>#Play.Current.Artist</label>
      <font>mediastream12tc</font>
      <textcolor>ff222222</textcolor>
      <animation effect="fade" time="150">WindowOpen</animation>
    </control>
    <control>
      <type>fadelabel</type>
      <description>Current Artist label</description>
      <id>32</id>
      <posX>110</posX>
      <posY>634</posY>
      <width>600</width>
      <height>26</height>
      <label>#Play.Current.Artist</label>
      <font>mediastream12tc</font>
      <animation effect="fade" time="150">WindowOpen</animation>
    </control>
    <control>
      <type>fadelabel</type>
      <description>Current title label shadow</description>
      <id>30</id>
      <posX>112</posX>
      <posY>592</posY>
      <width>600</width>
      <height>26</height>
      <label>#Play.Current.Title</label>
      <font>mediastream16tc</font>
      <textcolor>ff222222</textcolor>
      <animation effect="fade" time="150">WindowOpen</animation>
    </control>
    <control>
      <type>fadelabel</type>
      <description>Current title label</description>
      <id>30</id>
      <posX>110</posX>
      <posY>590</posY>
      <width>600</width>
      <height>26</height>
      <label>#Play.Current.Title</label>
      <font>mediastream16tc</font>
      <animation effect="fade" time="150">WindowOpen</animation>
    </control>
    <control>
      <type>image</type>
      <description>album art image</description>
      <id>112</id>
      <posX>908</posX>
      <posY>122</posY>
      <width>350</width>
      <height>350</height>
      <texture>-</texture>
      <centered>yes</centered>
      <zoom>yes</zoom>
      <animation effect="fade" time="900">WindowOpen</animation>
      <animation effect="fade" time="900">Visible</animation>
    </control>
    <control>
      <type>image</type>
      <description>nowplaying background</description>
      <id>31</id>
      <posX>896</posX>
      <posY>102</posY>
      <width>373</width>
      <height>390</height>
      <texture>tvseries_focusframe.png</texture>
      <colordiffuse>90ffffff</colordiffuse>
      <animation effect="fade" time="250">WindowOpen</animation>
      <animation effect="fade" time="250">WindowClose</animation>
    </control>
    <control>
      <type>fadelabel</type>
      <description>year label</description>
      <id>27</id>
      <posX>1258</posX>
      <posY>89</posY>
      <width>150</width>
      <label>#Play.Current.Year</label>
      <font>mediastream12c</font>
      <align>right</align>
      <animation effect="fade" time="250">WindowOpen</animation>
      <animation effect="fade" time="250">WindowClose</animation>
    </control>
    <control>
      <type>fadelabel</type>
      <description>album label shadow</description>
      <id>26</id>
      <posX>910</posX>
      <posY>88</posY>
      <width>230</width>
      <label>#Play.Current.Album</label>
      <font>mediastream14c</font>
      <align>left</align>
      <textcolor>ff222222</textcolor>
      <animation effect="fade" time="250">WindowOpen</animation>
      <animation effect="fade" time="250">WindowClose</animation>
    </control>
    <control>
      <type>fadelabel</type>
      <description>album label</description>
      <id>26</id>
      <posX>908</posX>
      <posY>86</posY>
      <width>230</width>
      <label>#Play.Current.Album</label>
      <font>mediastream14c</font>
      <align>left</align>
      <animation effect="fade" time="250">WindowOpen</animation>
      <animation effect="fade" time="250">WindowClose</animation>
    </control>
    <control>
      <type>image</type>
      <id>117</id>
      <posX>941</posX>
      <posY>500</posY>
      <width>280</width>
      <height>21</height>
      <texture>osdprogressbackv.png</texture>
      <keepaspectratio>no</keepaspectratio>
      <animation effect="fade" time="250">WindowOpen</animation>
      <animation effect="fade" time="250">WindowClose</animation>
      <visible>player.hasmedia+!string.equals(#duration,)</visible>
    </control>
    <control>
      <type>progress</type>
      <description>track progress</description>
      <id>118</id>
      <posX>930</posX>
      <posY>502</posY>
      <width>300</width>
      <label>#percentage</label>
      <visible>player.hasmedia+!string.equals(#duration,)</visible>
      <animation effect="fade" time="250">WindowOpen</animation>
      <animation effect="fade" time="250">WindowClose</animation>
    </control>
    <control>
      <type>label</type>
      <description>track progress label</description>
      <id>24</id>
      <posX>895</posX>
      <posY>497</posY>
      <label>#currentplaytime</label>
      <font>mediastream12c</font>
      <align>left</align>
      <textcolor>80ffffff</textcolor>
      <animation effect="fade" time="250">WindowOpen</animation>
      <animation effect="fade" time="250">WindowClose</animation>
      <visible>player.hasmedia+!string.equals(#duration,)</visible>
    </control>
    <control>
      <type>label</type>
      <description>track duration label</description>
      <id>25</id>
      <posX>1268</posX>
      <posY>497</posY>
      <label>#duration</label>
      <font>mediastream12c</font>
      <align>right</align>
      <textcolor>80ffffff</textcolor>
      <animation effect="fade" time="250">WindowOpen</animation>
      <animation effect="fade" time="250">WindowClose</animation>
    </control>
    <control>
      <type>label</type>
      <description>up next label shadow</description>
      <id>20</id>
      <posX>1111</posX>
      <posY>595</posY>
      <label>4541</label>
      <font>mediastream12tc</font>
      <align>right</align>
      <textcolor>ff222222</textcolor>
      <visible>player.hasmedia+!string.equals(#Play.Next.Title,)</visible>
      <animation effect="fade" time="250">WindowOpen</animation>
      <animation effect="fade" time="250">WindowClose</animation>
    </control>
    <control>
      <type>label</type>
      <description>up next label</description>
      <id>20</id>
      <posX>1109</posX>
      <posY>593</posY>
      <label>4541</label>
      <font>mediastream12tc</font>
      <align>right</align>
      <textcolor>ff006698</textcolor>
      <visible>player.hasmedia+!string.equals(#Play.Next.Title,)</visible>
      <animation effect="fade" time="250">WindowOpen</animation>
      <animation effect="fade" time="250">WindowClose</animation>
    </control>
    <control>
      <type>fadelabel</type>
      <description>next track label shadow</description>
      <id>121</id>
      <posX>1109</posX>
      <posY>672</posY>
      <width>300</width>
      <label>#Play.Next.Title</label>
      <font>mediastream12</font>
      <align>right</align>
      <textcolor>ff222222</textcolor>
      <animation effect="fade" time="250">WindowOpen</animation>
      <animation effect="fade" time="250">WindowClose</animation>
    </control>
    <control>
      <type>fadelabel</type>
      <description>next track label</description>
      <id>121</id>
      <posX>1108</posX>
      <posY>670</posY>
      <width>300</width>
      <label>#Play.Next.Title</label>
      <font>mediastream12</font>
      <align>right</align>
      <textcolor>80ffffff</textcolor>
      <animation effect="fade" time="250">WindowOpen</animation>
      <animation effect="fade" time="250">WindowClose</animation>
    </control>
    <control>
      <type>fadelabel</type>
      <description>next artist label shadow</description>
      <id>123</id>
      <posX>1107</posX>
      <posY>636</posY>
      <width>300</width>
      <label>#Play.Next.Artist</label>
      <font>mediastream12tc</font>
      <align>right</align>
      <textcolor>ff111111</textcolor>
      <animation effect="fade" time="250">WindowOpen</animation>
      <animation effect="fade" time="250">WindowClose</animation>
    </control>
    <control>
      <type>fadelabel</type>
      <description>next artist label</description>
      <id>123</id>
      <posX>1105</posX>
      <posY>634</posY>
      <width>300</width>
      <label>#Play.Next.Artist</label>
      <font>mediastream12tc</font>
      <align>right</align>
      <textcolor>80ffffff</textcolor>
      <animation effect="fade" time="250">WindowOpen</animation>
      <animation effect="fade" time="250">WindowClose</animation>
    </control>
    <control>
      <type>image</type>
      <id>0</id>
      <posX>1135</posX>
      <posY>593</posY>
      <width>100</width>
      <height>100</height>
      <texture>#Play.Next.Thumb</texture>
      <centered>yes</centered>
      <zoom>yes</zoom>
      <animation effect="fade" time="250">WindowOpen</animation>
      <animation effect="fade" time="250">WindowClose</animation>
      <visible>player.hasmedia+!string.equals(#Play.Next.Title,)</visible>
    </control>
    <control>
      <type>image</type>
      <description>next playing background</description>
      <id>0</id>
      <posX>1132</posX>
      <posY>588</posY>
      <width>105</width>
      <height>110</height>
      <texture>tvseries_focusframe.png</texture>
      <visible>player.hasmedia+!string.equals(#Play.Next.Title,)</visible>
      <animation effect="fade" time="250">WindowOpen</animation>
      <animation effect="fade" time="250">WindowClose</animation>
    </control>
    <control>
      <type>label</type>
      <description>line 0</description>
      <id>400</id>
      <width>1160</width>
      <posX>112</posX>
      <posY>120</posY>
      <colordiffuse>80ffffff</colordiffuse>
      <label>line 0</label>
      <font>font12</font>
      <textcolor>80ffffff</textcolor>
      <disabledcolor>ffffffff</disabledcolor>
    </control>
    <control>
      <type>label</type>
      <description>line 0</description>
      <id>500</id>
      <width>1160</width>
      <posX>112</posX>
      <posY>120</posY>
      <label>line 0</label>
      <font>font12</font>
      <textcolor>ffffffff</textcolor>
      <disabledcolor>ffffffff</disabledcolor>
    </control>
    <control>
      <type>label</type>
      <description>line 1</description>
      <id>401</id>
      <width>1160</width>
      <posX>112</posX>
      <posY>152</posY>
      <label>line 1</label>
      <font>font12</font>
      <textcolor>80ffffff</textcolor>
    </control>
    <control>
      <type>label</type>
      <description>line 1</description>
      <id>501</id>
      <width>1160</width>
      <posX>112</posX>
      <posY>152</posY>
      <label>line 1</label>
      <font>font12</font>
      <textcolor>ffffffff</textcolor>
    </control>
    <control>
      <type>label</type>
      <description>line 2</description>
      <id>402</id>
      <width>1160</width>
      <posX>112</posX>
      <posY>184</posY>
      <label>line 2</label>
      <font>font12</font>
      <textcolor>80ffffff</textcolor>
    </control>
    <control>
      <type>label</type>
      <description>line 2</description>
      <id>502</id>
      <width>1160</width>
      <posX>112</posX>
      <posY>184</posY>
      <label>line 2</label>
      <font>font12</font>
      <textcolor>ffffffff</textcolor>
    </control>
    <control>
      <type>label</type>
      <description>line 3</description>
      <id>403</id>
      <width>1160</width>
      <posX>112</posX>
      <posY>216</posY>
      <label>line 3</label>
      <font>font12</font>
      <textcolor>80ffffff</textcolor>
    </control>
    <control>
      <type>label</type>
      <description>line 3</description>
      <id>503</id>
      <width>1160</width>
      <posX>112</posX>
      <posY>216</posY>
      <label>line 3</label>
      <font>font12</font>
      <textcolor>ffffffff</textcolor>
    </control>
    <control>
      <type>label</type>
      <description>line 4</description>
      <id>404</id>
      <width>1160</width>
      <posX>112</posX>
      <posY>248</posY>
      <label>line 4</label>
      <font>font12</font>
      <textcolor>80ffffff</textcolor>
    </control>
    <control>
      <type>label</type>
      <description>line 4</description>
      <id>504</id>
      <width>1160</width>
      <posX>112</posX>
      <posY>248</posY>
      <label>line 4</label>
      <font>font12</font>
      <textcolor>ffffffff</textcolor>
    </control>
    <control>
      <type>label</type>
      <description>line 5</description>
      <id>405</id>
      <width>1160</width>
      <posX>112</posX>
      <posY>280</posY>
      <label>line 5</label>
      <font>font12</font>
      <textcolor>80ffffff</textcolor>
    </control>
    <control>
      <type>label</type>
      <description>line 5</description>
      <id>505</id>
      <width>1160</width>
      <posX>112</posX>
      <posY>280</posY>
      <label>line 5</label>
      <font>font12</font>
      <textcolor>ffffffff</textcolor>
    </control>
    <control>
      <type>label</type>
      <description>line 6</description>
      <id>406</id>
      <width>1160</width>
      <posX>112</posX>
      <posY>312</posY>
      <label>line 6</label>
      <font>font12</font>
      <textcolor>80ffffff</textcolor>
    </control>
    <control>
      <type>label</type>
      <description>line 6</description>
      <id>506</id>
      <width>1160</width>
      <posX>112</posX>
      <posY>312</posY>
      <label>line 6</label>
      <font>font12</font>
      <textcolor>ffffffff</textcolor>
    </control>
    <control>
      <type>label</type>
      <description>line 7</description>
      <id>407</id>
      <width>1160</width>
      <posX>112</posX>
      <posY>344</posY>
      <label>line 7</label>
      <font>font12</font>
      <textcolor>80ffffff</textcolor>
    </control>
    <control>
      <type>label</type>
      <description>line 7</description>
      <id>507</id>
      <width>1160</width>
      <posX>112</posX>
      <posY>344</posY>
      <label>line 7</label>
      <font>font12</font>
      <textcolor>ffffffff</textcolor>
    </control>
    <control>
      <type>label</type>
      <description>line 8</description>
      <id>408</id>
      <width>1160</width>
      <posX>112</posX>
      <posY>376</posY>
      <label>line 8</label>
      <font>font12</font>
      <textcolor>80ffffff</textcolor>
    </control>
    <control>
      <type>label</type>
      <description>line 8</description>
      <id>508</id>
      <width>1160</width>
      <posX>112</posX>
      <posY>376</posY>
      <label>line 8</label>
      <font>font12</font>
      <textcolor>ffffffff</textcolor>
    </control>
    <control>
      <type>label</type>
      <description>line 9</description>
      <id>409</id>
      <width>1160</width>
      <posX>112</posX>
      <posY>408</posY>
      <label>line 9</label>
      <font>font12</font>
      <textcolor>80ffffff</textcolor>
    </control>
    <control>
      <type>label</type>
      <description>line 9</description>
      <id>509</id>
      <width>1160</width>
      <posX>112</posX>
      <posY>408</posY>
      <label>line 9</label>
      <font>font12</font>
      <textcolor>ffffffff</textcolor>
    </control>
    <control>
      <type>label</type>
      <description>line 10</description>
      <id>410</id>
      <width>1160</width>
      <posX>112</posX>
      <posY>440</posY>
      <label>line 10</label>
      <font>font12</font>
      <textcolor>80ffffff</textcolor>
    </control>
    <control>
      <type>label</type>
      <description>line 10</description>
      <id>510</id>
      <width>1160</width>
      <posX>112</posX>
      <posY>440</posY>
      <label>line 10</label>
      <font>font12</font>
      <textcolor>ffffffff</textcolor>
    </control>
    <control>
      <type>label</type>
      <description>line 11</description>
      <id>411</id>
      <width>1160</width>
      <posX>112</posX>
      <posY>472</posY>
      <label>line 11</label>
      <font>font12</font>
      <textcolor>80ffffff</textcolor>
    </control>
    <control>
      <type>label</type>
      <description>line 11</description>
      <id>511</id>
      <width>1160</width>
      <posX>112</posX>
      <posY>472</posY>
      <label>line 11</label>
      <font>font12</font>
      <textcolor>ffffffff</textcolor>
    </control>
    <control>
      <type>label</type>
      <description>line 12</description>
      <id>412</id>
      <width>1160</width>
      <posX>112</posX>
      <posY>504</posY>
      <label>line 12</label>
      <font>font12</font>
      <textcolor>80ffffff</textcolor>
    </control>
    <control>
      <type>label</type>
      <description>line 12</description>
      <id>512</id>
      <width>1160</width>
      <posX>112</posX>
      <posY>504</posY>
      <label>line 12</label>
      <font>font12</font>
      <textcolor>ffffffff</textcolor>
    </control>
    <control>
      <type>label</type>
      <description>line 0</description>
      <id>300</id>
      <width>1160</width>
      <posX>112</posX>
      <posY>120</posY>
      <colordiffuse>80ffffff</colordiffuse>
      <label>line 0</label>
      <font>font12</font>
      <textcolor>80ffffff</textcolor>
      <disabledcolor>ffffffff</disabledcolor>
    </control>
    <control>
      <type>label</type>
      <description>line 0</description>
      <id>200</id>
      <width>1160</width>
      <posX>112</posX>
      <posY>120</posY>
      <label>line 0</label>
      <font>font12</font>
      <textcolor>ffffffff</textcolor>
      <disabledcolor>ffffffff</disabledcolor>
    </control>
    <control>
      <type>label</type>
      <description>line 1</description>
      <id>301</id>
      <width>1160</width>
      <posX>112</posX>
      <posY>152</posY>
      <label>line 1</label>
      <font>font12</font>
      <textcolor>80ffffff</textcolor>
    </control>
    <control>
      <type>label</type>
      <description>line 1</description>
      <id>201</id>
      <width>1160</width>
      <posX>112</posX>
      <posY>152</posY>
      <label>line 1</label>
      <font>font12</font>
      <textcolor>ffffffff</textcolor>
    </control>
    <control>
      <type>label</type>
      <description>line 2</description>
      <id>302</id>
      <width>1160</width>
      <posX>112</posX>
      <posY>184</posY>
      <label>line 2</label>
      <font>font12</font>
      <textcolor>80ffffff</textcolor>
    </control>
    <control>
      <type>label</type>
      <description>line 2</description>
      <id>202</id>
      <width>1160</width>
      <posX>112</posX>
      <posY>184</posY>
      <label>line 2</label>
      <font>font12</font>
      <textcolor>ffffffff</textcolor>
    </control>
    <control>
      <type>label</type>
      <description>line 3</description>
      <id>303</id>
      <width>1160</width>
      <posX>112</posX>
      <posY>216</posY>
      <label>line 3</label>
      <font>font12</font>
      <textcolor>80ffffff</textcolor>
    </control>
    <control>
      <type>label</type>
      <description>line 3</description>
      <id>203</id>
      <width>1160</width>
      <posX>112</posX>
      <posY>216</posY>
      <label>line 3</label>
      <font>font12</font>
      <textcolor>ffffffff</textcolor>
    </control>
    <control>
      <type>label</type>
      <description>line 4</description>
      <id>304</id>
      <width>1160</width>
      <posX>112</posX>
      <posY>248</posY>
      <label>line 4</label>
      <font>font12</font>
      <textcolor>80ffffff</textcolor>
    </control>
    <control>
      <type>label</type>
      <description>line 4</description>
      <id>204</id>
      <width>1160</width>
      <posX>112</posX>
      <posY>248</posY>
      <label>line 4</label>
      <font>font12</font>
      <textcolor>ffffffff</textcolor>
    </control>
    <control>
      <type>label</type>
      <description>line 5</description>
      <id>305</id>
      <width>1160</width>
      <posX>112</posX>
      <posY>280</posY>
      <label>line 5</label>
      <font>font12</font>
      <textcolor>80ffffff</textcolor>
    </control>
    <control>
      <type>label</type>
      <description>line 5</description>
      <id>205</id>
      <width>1160</width>
      <posX>112</posX>
      <posY>280</posY>
      <label>line 5</label>
      <font>font12</font>
      <textcolor>ffffffff</textcolor>
    </control>
    <control>
      <type>label</type>
      <description>line 6</description>
      <id>306</id>
      <width>1160</width>
      <posX>112</posX>
      <posY>312</posY>
      <label>line 6</label>
      <font>font12</font>
      <textcolor>80ffffff</textcolor>
    </control>
    <control>
      <type>label</type>
      <description>line 6</description>
      <id>206</id>
      <width>1160</width>
      <posX>112</posX>
      <posY>312</posY>
      <label>line 6</label>
      <font>font12</font>
      <textcolor>ffffffff</textcolor>
    </control>
    <control>
      <type>label</type>
      <description>line 7</description>
      <id>307</id>
      <width>1160</width>
      <posX>112</posX>
      <posY>344</posY>
      <font>font12</font>
      <label>line 7</label>
      <textcolor>80ffffff</textcolor>
    </control>
    <control>
      <type>label</type>
      <description>line 7</description>
      <id>207</id>
      <width>1160</width>
      <posX>112</posX>
      <posY>344</posY>
      <font>font12</font>
      <label>line 7</label>
      <textcolor>ffffffff</textcolor>
    </control>
    <control>
      <type>label</type>
      <description>line 8</description>
      <id>308</id>
      <width>1160</width>
      <posX>112</posX>
      <posY>376</posY>
      <font>font12</font>
      <label>line 8</label>
      <textcolor>80ffffff</textcolor>
    </control>
    <control>
      <type>label</type>
      <description>line 8</description>
      <id>208</id>
      <width>1160</width>
      <posX>112</posX>
      <posY>376</posY>
      <font>font12</font>
      <label>line 8</label>
      <textcolor>ffffffff</textcolor>
    </control>
    <control>
      <type>label</type>
      <description>line 9</description>
      <id>309</id>
      <width>1160</width>
      <posX>112</posX>
      <posY>408</posY>
      <font>font12</font>
      <label>line 9</label>
      <textcolor>80ffffff</textcolor>
    </control>
    <control>
      <type>label</type>
      <description>line 9</description>
      <id>209</id>
      <width>1160</width>
      <posX>112</posX>
      <posY>408</posY>
      <font>font12</font>
      <label>line 9</label>
      <textcolor>ffffffff</textcolor>
    </control>
    <control>
      <type>label</type>
      <description>line 10</description>
      <id>310</id>
      <width>1160</width>
      <posX>112</posX>
      <posY>440</posY>
      <font>font12</font>
      <label>line 10</label>
      <textcolor>80ffffff</textcolor>
    </control>
    <control>
      <type>label</type>
      <description>line 10</description>
      <id>210</id>
      <width>1160</width>
      <posX>112</posX>
      <posY>440</posY>
      <font>font12</font>
      <label>line 10</label>
      <textcolor>ffffffff</textcolor>
    </control>
    <control>
      <type>label</type>
      <description>line 11</description>
      <id>311</id>
      <width>1160</width>
      <posX>112</posX>
      <posY>472</posY>
      <font>font12</font>
      <label>line 11</label>
      <textcolor>80ffffff</textcolor>
    </control>
    <control>
      <type>label</type>
      <description>line 11</description>
      <id>211</id>
      <width>1160</width>
      <posX>112</posX>
      <posY>472</posY>
      <font>font12</font>
      <label>line 11</label>
      <textcolor>ffffffff</textcolor>
    </control>
    <control>
      <type>label</type>
      <description>line 12</description>
      <id>312</id>
      <width>1160</width>
      <posX>112</posX>
      <posY>504</posY>
      <font>font12</font>
      <label>line 12</label>
      <textcolor>80ffffff</textcolor>
    </control>
    <control>
      <type>label</type>
      <description>line 12</description>
      <id>212</id>
      <width>1160</width>
      <posX>112</posX>
      <posY>504</posY>
      <label>line 12</label>
      <font>font12</font>
      <textcolor>ffffffff</textcolor>
    </control>
    <control>
      <type>label</type>
      <description>time 0</description>
      <id>600</id>
      <width>100</width>
      <posX>16</posX>
      <posY>124</posY>
      <label>(xx:xx:xx)</label>
      <font>mediastream10</font>
      <textcolor>80ffffff</textcolor>
    </control>
    <control>
      <type>label</type>
      <description>time 1</description>
      <id>601</id>
      <width>100</width>
      <posX>16</posX>
      <posY>156</posY>
      <label>(xx:xx:xx)</label>
      <font>mediastream10</font>
      <textcolor>80ffffff</textcolor>
    </control>
    <control>
      <type>label</type>
      <description>time 2</description>
      <id>602</id>
      <width>100</width>
      <posX>16</posX>
      <posY>188</posY>
      <label>(xx:xx:xx)</label>
      <font>mediastream10</font>
      <textcolor>80ffffff</textcolor>
    </control>
    <control>
      <type>label</type>
      <description>time 3</description>
      <id>603</id>
      <width>100</width>
      <posX>16</posX>
      <posY>220</posY>
      <label>(xx:xx:xx)</label>
      <font>mediastream10</font>
      <textcolor>80ffffff</textcolor>
    </control>
    <control>
      <type>label</type>
      <description>time 4</description>
      <id>604</id>
      <width>100</width>
      <posX>16</posX>
      <posY>252</posY>
      <label>(xx:xx:xx)</label>
      <font>mediastream10</font>
      <textcolor>80ffffff</textcolor>
    </control>
    <control>
      <type>label</type>
      <description>time 5</description>
      <id>605</id>
      <width>100</width>
      <posX>16</posX>
      <posY>284</posY>
      <label>(xx:xx:xx)</label>
      <font>mediastream10</font>
      <textcolor>80ffffff</textcolor>
    </control>
    <control>
      <type>label</type>
      <description>time 6</description>
      <id>606</id>
      <width>100</width>
      <posX>16</posX>
      <posY>316</posY>
      <label>(xx:xx:xx)</label>
      <font>mediastream10</font>
      <textcolor>80ffffff</textcolor>
    </control>
    <control>
      <type>label</type>
      <description>time 7</description>
      <id>607</id>
      <width>100</width>
      <posX>16</posX>
      <posY>348</posY>
      <label>(xx:xx:xx)</label>
      <font>mediastream10</font>
      <textcolor>80ffffff</textcolor>
    </control>
    <control>
      <type>label</type>
      <description>time 8</description>
      <id>608</id>
      <width>100</width>
      <posX>16</posX>
      <posY>380</posY>
      <label>(xx:xx:xx)</label>
      <font>mediastream10</font>
      <textcolor>80ffffff</textcolor>
    </control>
    <control>
      <type>label</type>
      <description>time 9</description>
      <id>609</id>
      <width>100</width>
      <posX>16</posX>
      <posY>412</posY>
      <label>(xx:xx:xx)</label>
      <font>mediastream10</font>
      <textcolor>80ffffff</textcolor>
    </control>
    <control>
      <type>label</type>
      <description>time 10</description>
      <id>610</id>
      <width>100</width>
      <posX>16</posX>
      <posY>444</posY>
      <label>(xx:xx:xx)</label>
      <font>mediastream10</font>
      <textcolor>80ffffff</textcolor>
    </control>
    <control>
      <type>label</type>
      <description>time 11</description>
      <id>611</id>
      <width>100</width>
      <posX>16</posX>
      <posY>476</posY>
      <label>(xx:xx:xx)</label>
      <font>mediastream10</font>
      <textcolor>80ffffff</textcolor>
    </control>
    <control>
      <type>label</type>
      <description>time 12</description>
      <id>612</id>
      <width>100</width>
      <posX>16</posX>
      <posY>508</posY>
      <label>(xx:xx:xx)</label>
      <font>mediastream10</font>
      <textcolor>80ffffff</textcolor>
    </control>
    <control>
      <description>video window</description>
      <type>videowindow</type>
      <id>99</id>
      <posX>1</posX>
      <posY>1</posY>
      <visible>no</visible>
    </control>
  </controls>
</window>
<!--Checksum:ce3162655ee94e366b2bc2bf88a12628-->