﻿<?xml version="1.0" encoding="utf-8"?>
<!-- 
This file should contain the details view
-->
<window>
  <controls>
    <control>
      <type>actiongroup</type>
      <description>action menu</description>
      <defaultcontrol>2</defaultcontrol>
      <onexit>50</onexit>
      <buttonX>1231</buttonX>
      <buttonY>55</buttonY>
      <buttonwidth>49</buttonwidth>
      <buttonheight>153</buttonheight>
      <textureFocus>#StreamedMP.ActionMenu.Image</textureFocus>
      <textureNoFocus>#StreamedMP.ActionMenu.Image</textureNoFocus>
      <dimColor>00ffffff</dimColor>
      <control>
        <type>image</type>
        <posX>1002</posX>
        <posY>0</posY>
        <width>278</width>
        <height>720</height>
        <texture>hiddenmenu_right.png</texture>
        <visible>!Control.HasFocus(50)</visible>
        <animation effect="slide" time="100" start="300,0">visible</animation>
        <animation effect="slide" time="0" end="300,0">hidden</animation>
      </control>
      <control>
        <id>0</id>
        <description>dummy button</description>
        <label>-</label>
        <type>button</type>
        <posX>1002</posX>
        <posY>0</posY>
        <width>278</width>
        <height>720</height>
        <visible>!Control.HasFocus(50)</visible>
        <animation effect="slide" time="100" start="300,0">visible</animation>
        <animation effect="slide" time="0" end="300,0">hidden</animation>
      </control>
      <control>
        <description>label OPTIONS</description>
        <id>0</id>
        <label>496</label>
        <type>label</type>
        <font>mediastream12tc</font>
        <posX>1040</posX>
        <posY>225</posY>
        <visible>!Control.HasFocus(50)</visible>
        <animation effect="slide" time="100" start="300,0">visible</animation>
        <animation effect="slide" time="0" end="300,0">hidden</animation>
      </control>
      <control>
        <description>label PLAYLIST</description>
        <id>0</id>
        <label>136</label>
        <type>label</type>
        <font>mediastream12tc</font>
        <posX>1040</posX>
        <posY>340</posY>
        <visible>!Control.HasFocus(50)</visible>
        <animation effect="slide" time="100" start="300,0">visible</animation>
        <animation effect="slide" time="0" end="300,0">hidden</animation>
      </control>
      <control>
        <description>label JUMP TO</description>
        <id>0</id>
        <label>1065</label>
        <type>label</type>
        <font>mediastream12tc</font>
        <posX>1040</posX>
        <posY>424</posY>
        <visible>!Control.HasFocus(50)</visible>
        <animation effect="slide" time="100" start="300,0">visible</animation>
        <animation effect="slide" time="0" end="300,0">hidden</animation>
      </control>
      <control>
        <type>group</type>
        <description>group element</description>
        <visible>!Control.HasFocus(50)</visible>
        <animation effect="slide" time="100" start="300,0">visible</animation>
        <animation effect="slide" time="0" end="300,0">hidden</animation>
        <posX>1040</posX>
        <posY>250</posY>
        <width>220</width>
        <height>720</height>
        <layout>StackLayout</layout>
        <control>
          <description>View-As</description>
          <type>button</type>
          <id>2</id>
          <label>100</label>
          <onup>17</onup>
          <onleft>50</onleft>
        </control>
        <control>
          <description>Sort</description>
          <type>sortbutton</type>
          <id>3</id>
          <label>103</label>
        </control>
        <control>
          <description>Switch View</description>
          <type>button</type>
          <id>6</id>
          <label>457</label>
          <onleft>50</onleft>
        </control>
        <control>
          <description>Empty button</description>
          <type>button</type>
          <id>0</id>
          <label>-</label>
          <visible>false</visible>
        </control>
        <control>
          <description>Current Playlist</description>
          <type>button</type>
          <id>20</id>
          <label>4555</label>
          <action>33</action>
          <onleft>50</onleft>
        </control>
        <control>
          <description>My Playlists</description>
          <type>button</type>
          <id>10</id>
          <label>983</label>
          <onleft>50</onleft>
        </control>
        <control>
          <description>Empty button</description>
          <type>button</type>
          <id>0</id>
          <label>-</label>
          <visible>false</visible>
        </control>
        <control>
          <description>Now Playing</description>
          <type>button</type>
          <id>11</id>
          <label>4540</label>
          <onleft>50</onleft>
          <hyperlink>510</hyperlink>
        </control>
        <control>
          <description>Music Settings</description>
          <type>button</type>
          <id>12</id>
          <label>Music Settings</label>
          <onleft>50</onleft>
          <hyperlink>14</hyperlink>
        </control>
        <control>
          <description>Skin Settings</description>
          <type>button</type>
          <id>13</id>
          <label>Skin Settings</label>
          <onleft>50</onleft>
          <hyperlink>196201</hyperlink>
        </control>
        <control>
          <description>Radio</description>
          <type>button</type>
          <id>18</id>
          <label>665</label>
          <onleft>50</onleft>
          <hyperlink>30</hyperlink>
        </control>
        <control>
          <description>My Lyrics</description>
          <type>button</type>
          <id>16</id>
          <label>Lyrics</label>
          <onleft>50</onleft>
          <hyperlink>90478</hyperlink>
          <visible>plugin.isenabled(My Lyrics)</visible>
        </control>
        <control>
          <description>Music Search</description>
          <type>button</type>
          <id>14</id>
          <onleft>50</onleft>
          <label>137</label>
          <hyperlink>30885</hyperlink>
          <visible>plugin.isenabled(Search music)</visible>
        </control>
        <control>
          <description>Music Trivia</description>
          <type>button</type>
          <id>15</id>
          <label>Music Trivia</label>
          <onleft>50</onleft>
          <visible>plugin.isenabled(Music Trivia)</visible>
          <hyperlink>6622</hyperlink>
        </control>
      </control>
    </control>
  </controls>
</window>
<!--Checksum:9c00ad6d73b5c190f705f0e08deb6541-->