﻿<?xml version="1.0" encoding="utf-8" standalone="yes"?>
<window>
  <id>504</id>
  <defaultcontrol>2</defaultcontrol>
  <allowoverlay>no</allowoverlay>
  <define>#header.label:#view</define>
  <define>#header.image:-</define>
  <define>#header.hover:hover_my music.png</define>
  <define>#useSelectedFanart:Yes</define>
  <define>#usePlayFanart:Yes</define>
  <controls>
    <import>mymusic.selected.fanart.xml</import>
    <control>
      <description>music overlay image</description>
      <animation effect="fade" start="100" end="0" time="250">WindowClose</animation>
      <type>image</type>
      <id>0</id>
      <posX>0</posX>
      <posY>0</posY>
      <width>1281</width>
      <height>720</height>
      <texture>mainoverlay.png</texture>
    </control>
    <control>
      <id>204</id>
      <type>image</type>
      <posX>90</posX>
      <posY>250</posY>
      <width>348</width>
      <height>348</height>
      <keepaspectratio>yes</keepaspectratio>
      <texture flipY="true" diffuse="Thumb_Mask.png">#selectedthumb</texture>
      <visible>facadeview.list|facadeview.album|facadeview.smallicons|facadeview.largeicons|facadeview.playlist</visible>
      <animation effect="fade" start="100" end="0" time="250">WindowClose</animation>
    </control>
    <control>
      <id>204</id>
      <type>image</type>
      <posX>90</posX>
      <posY>250</posY>
      <width>348</width>
      <height>348</height>
      <texture>defaultAlbum.png</texture>
      <visible>[facadeview.list|facadeview.album|facadeview.smallicons|facadeview.largeicons|facadeview.playlist]+!control.hasthumb(204)</visible>
      <animation effect="fade" start="100" end="0" time="250">WindowClose</animation>
    </control>
    <import>mymusic.hiddenmenu.xml</import>
    <import>common.facade.music.xml</import>
    <import>common.overlays.xml</import>
    <import>common.window.xml</import>
    <import>common.time.xml</import>
  </controls>
</window>
<!--Checksum:57698cffc27637683fb2edefdd6efd56-->