﻿<?xml version="1.0" encoding="utf-8" standalone="yes"?>
<window>
  <controls>
    <control>
      <description>Trailers Category Image</description>
      <type>image</type>
      <id>0</id>
      <posX>100</posX>
      <posY>150</posY>
      <width>454</width>
      <height>455</height>
      <texture flipY="true" diffuse="Thumb_Mask.png">Categories\Trailers.png</texture>
      <animation effect="fade" time="250">WindowOpen</animation>
      <animation effect="fade" time="250">WindowClose</animation>
      <visible>facadeview.list+!Control.HasThumb(25)+!string.equals(#OnlineVideos.state,details)+string.equals(#OnlineVideos.selectedSiteUtil,IMDB)</visible>
    </control>
    <control>
      <type>image</type>
      <description>Movie Poster</description>
      <id>25</id>
      <posX>100</posX>
      <posY>225</posY>
      <height>400</height>
      <width>400</width>
      <keepaspectratio>yes</keepaspectratio>
      <texture flipY="true" diffuse="Thumb_Mask.png">#selectedthumb</texture>
      <animation effect="fade" time="250">WindowOpen</animation>
      <animation effect="fade" time="250">WindowClose</animation>
      <visible>facadeview.list+!string.equals(#OnlineVideos.state,details)+string.equals(#OnlineVideos.selectedSiteUtil,IMDB)</visible>
    </control>
    <control>
      <type>image</type>
      <description>Movie Poster (Details)</description>
      <id>26</id>
      <posX>31</posX>
      <posY>254</posY>
      <width>257</width>
      <height>380</height>
      <keepaspectratio>yes</keepaspectratio>
      <texture>#(iif(neq(#OnlineVideos.Details.Poster,''),#OnlineVideos.Details.Poster,#selectedthumb))</texture>
      <animation effect="fade" time="250">WindowOpen</animation>
      <animation effect="fade" time="250">WindowClose</animation>
      <visible>string.equals(#OnlineVideos.state,details)+string.equals(#OnlineVideos.selectedSiteUtil,IMDB)</visible>
    </control>
    <control>
      <description>Movie Poster Glass Overlay</description>
      <type>image</type>
      <id>0</id>
      <posX>31</posX>
      <posY>254</posY>
      <width>228</width>
      <height>177</height>
      <texture>glassoverlay2.png</texture>
      <animation effect="fade" time="250">WindowOpen</animation>
      <animation effect="fade" time="250">WindowClose</animation>
      <visible>string.equals(#OnlineVideos.state,details)+string.equals(#OnlineVideos.selectedSiteUtil,IMDB)+Control.HasThumb(26)</visible>
    </control>
    <control>
      <description>Movie Title Shadow</description>
      <type>label</type>
      <id>0</id>
      <posX>309</posX>
      <posY>252</posY>
      <width>900</width>
      <font>mediastream16tc</font>
      <label>#header.Extension.label</label>
      <textcolor>ff222222</textcolor>
      <animation effect="fade" time="250">WindowOpen</animation>
      <animation effect="fade" time="250">WindowClose</animation>
      <visible>string.equals(#OnlineVideos.state,details)+string.equals(#OnlineVideos.selectedSiteUtil,IMDB)</visible>
    </control>
    <control>
      <description>Movie Title</description>
      <type>label</type>
      <id>0</id>
      <posX>308</posX>
      <posY>251</posY>
      <width>900</width>
      <font>mediastream16tc</font>
      <label>#header.Extension.label</label>
      <textcolor>ffFFFFFF</textcolor>
      <animation effect="fade" time="250">WindowOpen</animation>
      <animation effect="fade" time="250">WindowClose</animation>
      <visible>string.equals(#OnlineVideos.state,details)+string.equals(#OnlineVideos.selectedSiteUtil,IMDB)</visible>
    </control>
    <control>
      <type>label</type>
      <description>Movie Title (Bottom Section)</description>
      <id>0</id>
      <posX>25</posX>
      <posY>684</posY>
      <width>950</width>
      <font>mediastream16tc</font>
      <label>#header.Extension.label</label>
      <animation effect="fade" time="250">WindowOpen</animation>
      <animation effect="fade" time="250">WindowClose</animation>
      <animation effect="slide" time="150" start="-800,0">WindowOpen</animation>
      <animation effect="slide" time="250" end="-800,0">WindowClose</animation>
      <visible>string.equals(#OnlineVideos.state,details)+string.equals(#OnlineVideos.selectedSiteUtil,IMDB)+!string.equals(#OnlineVideos.IsBuffering,true)</visible>
    </control>
    <control>
      <description>Genres</description>
      <type>label</type>
      <id>0</id>
      <posX>309</posX>
      <posY>282</posY>
      <width>900</width>
      <shadowAngle>45</shadowAngle>
      <shadowDistance>2</shadowDistance>
      <shadowColor>ff222222</shadowColor>
      <font>mediastream11tc</font>
      <textcolor>ff909090</textcolor>
      <label>#OnlineVideos.Details.Genres</label>
      <animation effect="fade" time="250">WindowOpen</animation>
      <animation effect="fade" time="250">WindowClose</animation>
      <visible>string.equals(#OnlineVideos.state,details)+string.equals(#OnlineVideos.selectedSiteUtil,IMDB)</visible>
    </control>
			
		<control>
			<description>Summary</description>
			<type>textboxscrollup</type>
			<id>0</id>
			<posX>308</posX>
			<posY>315</posY>
			<width>475</width>
			<height>155</height>
			<textcolor>ffFFFFFF</textcolor>
			<seperator>&#8901;&#8901;&#8901;&#8901;&#8901;&#8901;&#8901;&#8901;&#8901;&#8901;&#8901;&#8901;&#8901;&#8901;&#8901;&#8901;&#8901;&#8901;&#8901;&#8901;	&#8901;&#8901;&#8901;&#8901;&#8901;&#8901;&#8901;&#8901;&#8901;&#8901;&#8901;&#8901;&#8901;&#8901;&#8901;&#8901;&#8901;&#8901;&#8901;&#8901;&#8901;&#8901;&#8901;&#8901;&#8901;&#8901;&#8901;&#8901;&#8901;&#8901;&#8901;&#8901;&#8901;&#8901;&#8901;&#8901;&#8901;&#8901;&#8901;&#8901;&#8901;&#8901;&#8901;&#8901;&#8901;	&#8901;&#8901;&#8901;&#8901;&#8901;&#8901;&#8901;&#8901;&#8901;&#8901;&#8901;&#8901;&#8901;&#8901;&#8901;&#8901;&#8901;&#8901;&#8901;&#8901;&#8901;&#8901;&#8901;&#8901;&#8901;</seperator>
			<font>mediastream11</font>
			<label>#OnlineVideos.DetailsItem.Description</label>
			<scrollStartDelaySec>9</scrollStartDelaySec>      
			<visible>string.equals(#OnlineVideos.state,details)+string.equals(#OnlineVideos.selectedSiteUtil,IMDB)+!string.equals(#OnlineVideos.DetailsItem.Description,)</visible>
		</control>
		<control>
			<description>Summary</description>
			<type>textboxscrollup</type>
			<id>0</id>
			<posX>308</posX>
			<posY>315</posY>
			<width>475</width>
			<height>155</height>
			<textcolor>ffFFFFFF</textcolor>
			<seperator>&#8901;&#8901;&#8901;&#8901;&#8901;&#8901;&#8901;&#8901;&#8901;&#8901;&#8901;&#8901;&#8901;&#8901;&#8901;&#8901;&#8901;&#8901;&#8901;&#8901;	&#8901;&#8901;&#8901;&#8901;&#8901;&#8901;&#8901;&#8901;&#8901;&#8901;&#8901;&#8901;&#8901;&#8901;&#8901;&#8901;&#8901;&#8901;&#8901;&#8901;&#8901;&#8901;&#8901;&#8901;&#8901;&#8901;&#8901;&#8901;&#8901;&#8901;&#8901;&#8901;&#8901;&#8901;&#8901;&#8901;&#8901;&#8901;&#8901;&#8901;&#8901;&#8901;&#8901;&#8901;&#8901;	&#8901;&#8901;&#8901;&#8901;&#8901;&#8901;&#8901;&#8901;&#8901;&#8901;&#8901;&#8901;&#8901;&#8901;&#8901;&#8901;&#8901;&#8901;&#8901;&#8901;&#8901;&#8901;&#8901;&#8901;&#8901;</seperator>
			<font>mediastream11</font>
			<label>#OnlineVideos.Details.Plot</label>
			<scrollStartDelaySec>12</scrollStartDelaySec>      
			<visible>string.equals(#OnlineVideos.state,details)+string.equals(#OnlineVideos.selectedSiteUtil,IMDB)+string.equals(#selecteditem,..)</visible>
		</control> 
		<control>
			<description>Actors</description>
			<type>textboxscrollup</type>
			<id>0</id>
			<posX>308</posX>
			<posY>475</posY>
			<width>475</width>
			<height>223</height>
			<textcolor>ffFFFFFF</textcolor>
			<seperator>&#8901;&#8901;&#8901;&#8901;&#8901;&#8901;&#8901;&#8901;&#8901;&#8901;&#8901;&#8901;&#8901;&#8901;&#8901;&#8901;&#8901;&#8901;&#8901;&#8901;	&#8901;&#8901;&#8901;&#8901;&#8901;&#8901;&#8901;&#8901;&#8901;&#8901;&#8901;&#8901;&#8901;&#8901;&#8901;&#8901;&#8901;&#8901;&#8901;&#8901;&#8901;&#8901;&#8901;&#8901;&#8901;&#8901;&#8901;&#8901;&#8901;&#8901;&#8901;&#8901;&#8901;&#8901;&#8901;&#8901;&#8901;&#8901;&#8901;&#8901;&#8901;&#8901;&#8901;&#8901;&#8901;	&#8901;&#8901;&#8901;&#8901;&#8901;&#8901;&#8901;&#8901;&#8901;&#8901;&#8901;&#8901;&#8901;&#8901;&#8901;&#8901;&#8901;&#8901;&#8901;&#8901;&#8901;&#8901;&#8901;&#8901;&#8901;</seperator>
			<font>mediastream11</font>
			<label>#OnlineVideos.Translation.Actors.Label: #OnlineVideos.Details.Actors</label>
			<scrollStartDelaySec>4</scrollStartDelaySec>
			<visible>string.equals(#OnlineVideos.state,details)+string.equals(#OnlineVideos.selectedSiteUtil,IMDB)+!string.equals(#OnlineVideos.Details.Actors,)</visible>
		</control> 
		
    <control Style="smallTitleB">
      <description>Release Date Label</description>
      <id>0</id>
      <type>label</type>
      <label>#StreamedMP.ReleaseDate</label>
      <posX>310</posX>
      <posY>557</posY>
      <width>190</width>
      <shadowAngle>45</shadowAngle>
      <shadowDistance>2</shadowDistance>
      <shadowColor>ff111111</shadowColor>
      <animation effect="fade" time="250">WindowOpen</animation>
      <animation effect="fade" time="250">WindowClose</animation>
      <visible>string.equals(#OnlineVideos.state,details)+string.equals(#OnlineVideos.selectedSiteUtil,IMDB)</visible>
    </control>		
    <control Style="smallTitle">
      <description>Release Date</description>
      <id>0</id>
      <type>label</type>
      <label>#OnlineVideos.Details.ReleaseDate</label>
      <posX>540</posX>
      <posY>558</posY>
      <width>200</width>
      <shadowAngle>45</shadowAngle>
      <shadowDistance>2</shadowDistance>
      <shadowColor>ff222222</shadowColor>
      <animation effect="fade" time="250">WindowOpen</animation>
      <animation effect="fade" time="250">WindowClose</animation>
      <visible>string.equals(#OnlineVideos.state,details)+string.equals(#OnlineVideos.selectedSiteUtil,IMDB)</visible>
    </control>
    <control Style="smallTitle">
      <description>Release Date N/A</description>
      <id>0</id>
      <type>label</type>
      <label>N/A</label>
      <posX>540</posX>
      <posY>558</posY>
      <width>200</width>
      <shadowAngle>45</shadowAngle>
      <shadowDistance>2</shadowDistance>
      <shadowColor>ff222222</shadowColor>
      <animation effect="fade" time="250">WindowOpen</animation>
      <animation effect="fade" time="250">WindowClose</animation>
      <visible>string.equals(#OnlineVideos.state,details)+string.equals(#OnlineVideos.selectedSiteUtil,IMDB)+string.equals(#OnlineVideos.Details.ReleaseDate,)</visible>
    </control>
    <control Style="smallTitleB">
      <description>Director Label</description>
      <id>0</id>
      <type>label</type>
      <label>#OnlineVideos.Translation.Directors.Label</label>
      <posX>310</posX>
      <posY>579</posY>
      <width>190</width>
      <shadowAngle>45</shadowAngle>
      <shadowDistance>2</shadowDistance>
      <shadowColor>ff111111</shadowColor>
      <animation effect="fade" time="250">WindowOpen</animation>
      <animation effect="fade" time="250">WindowClose</animation>
      <visible>string.equals(#OnlineVideos.state,details)+string.equals(#OnlineVideos.selectedSiteUtil,IMDB)</visible>
    </control>
    <control Style="smallTitle">
      <description>Director</description>
      <id>0</id>
      <type>label</type>
      <label>#OnlineVideos.Details.Directors</label>
      <posX>540</posX>
      <posY>580</posY>
      <width>200</width>
      <shadowAngle>45</shadowAngle>
      <shadowDistance>2</shadowDistance>
      <shadowColor>ff222222</shadowColor>
      <animation effect="fade" time="250">WindowOpen</animation>
      <animation effect="fade" time="250">WindowClose</animation>
      <visible>string.equals(#OnlineVideos.state,details)+string.equals(#OnlineVideos.selectedSiteUtil,IMDB)</visible>
    </control>
    <control Style="smallTitle">
      <description>Director N/A</description>
      <id>0</id>
      <type>label</type>
      <label>N/A</label>
      <posX>540</posX>
      <posY>580</posY>
      <width>200</width>
      <shadowAngle>45</shadowAngle>
      <shadowDistance>2</shadowDistance>
      <shadowColor>ff222222</shadowColor>
      <animation effect="fade" time="250">WindowOpen</animation>
      <animation effect="fade" time="250">WindowClose</animation>
      <visible>string.equals(#OnlineVideos.state,details)+string.equals(#OnlineVideos.selectedSiteUtil,IMDB)+string.equals(#OnlineVideos.Details.Directors,)</visible>
    </control>
    <control Style="smallTitleB">
      <description>MPAA Label</description>
      <type>label</type>
      <label>MPAA</label>
      <posX>310</posX>
      <posY>601</posY>
      <width>190</width>
      <shadowAngle>45</shadowAngle>
      <shadowDistance>2</shadowDistance>
      <shadowColor>ff111111</shadowColor>
      <animation effect="fade" time="250">WindowOpen</animation>
      <animation effect="fade" time="250">WindowClose</animation>
      <visible>string.equals(#OnlineVideos.state,details)+string.equals(#OnlineVideos.selectedSiteUtil,IMDB)</visible>
    </control>
    <control Style="smallTitle">
      <description>MPAA</description>
      <id>0</id>
      <type>label</type>
      <label>#OnlineVideos.Details.Certificate</label>
      <posX>540</posX>
      <posY>602</posY>
      <shadowAngle>45</shadowAngle>
      <shadowDistance>2</shadowDistance>
      <shadowColor>ff222222</shadowColor>
      <animation effect="fade" time="250">WindowOpen</animation>
      <animation effect="fade" time="250">WindowClose</animation>
      <visible>string.equals(#OnlineVideos.state,details)+string.equals(#OnlineVideos.selectedSiteUtil,IMDB)</visible>
    </control>
    <control Style="smallTitle">
      <description>MPAA N/A</description>
      <id>0</id>
      <type>label</type>
      <label>N/A</label>
      <posX>540</posX>
      <posY>602</posY>
      <shadowAngle>45</shadowAngle>
      <shadowDistance>2</shadowDistance>
      <shadowColor>ff222222</shadowColor>
      <animation effect="fade" time="250">WindowOpen</animation>
      <animation effect="fade" time="250">WindowClose</animation>
      <visible>string.equals(#OnlineVideos.state,details)+string.equals(#OnlineVideos.selectedSiteUtil,IMDB)+string.equals(#OnlineVideos.Details.Certificate,)</visible>
    </control>
  </controls>
</window>
<!--Checksum:1153a0755b3669994a89e554dfbbc3df-->