﻿<?xml version="1.0" encoding="utf-8"?>
<window>
  <id>746</id>
  <defaultcontrol>2</defaultcontrol>
  <allowoverlay>no</allowoverlay>
  <define>#header.image:-</define>
  <define>#header.label:6035</define>
  <define>#header.hover:-</define>
  <define>#itemcount:-</define>
  <controls>
    <import>common.window.tv.xml</import>
    <import>common.time.xml</import>
    <control>
      <type>group</type>
      <description>group element</description>
      <posX>80</posX>
      <posY>250</posY>		
      <layout>StackLayout</layout>
      <control>
        <description>Quick Record</description>
        <type>button</type>
        <id>2</id>
        <label>781</label>
        <textcolor>ffffffff</textcolor>
        <textcolorNoFocus>bfffffff</textcolorNoFocus>
        <font>mediastream12tc</font>
        <width>300</width>
				<height>40</height>
        <textYOff>8</textYOff>
        <textXOff>20</textXOff>
        <textureFocus>tv_button_focus.png</textureFocus>
        <textureNoFocus>tv_button_ no_focus.png</textureNoFocus>
        <animation effect="fade" time="250">WindowOpen</animation>
        <animation effect="fade" time="250">WindowClose</animation>
        <animation effect="zoom" start="100,100" end="110,100" center="433,81" time="300">focus</animation>
        <animation effect="zoom" start="110,100" end="100,100" center="433,81" time="500">unfocus</animation>
      </control>
      <control>
        <description>Advanced record</description>
        <type>button</type>
        <id>3</id>
        <label>782</label>
        <textcolor>ffffffff</textcolor>
        <textcolorNoFocus>bfffffff</textcolorNoFocus>
        <font>mediastream12tc</font>
				<width>300</width>
        <height>40</height>
        <textYOff>8</textYOff>
        <textXOff>20</textXOff>
        <textureFocus>tv_button_focus.png</textureFocus>
        <textureNoFocus>tv_button_ no_focus.png</textureNoFocus>
        <animation effect="fade" time="250">WindowOpen</animation>
        <animation effect="fade" time="250">WindowClose</animation>
        <animation effect="zoom" start="100,100" end="110,100" center="433,81" time="300">focus</animation>
        <animation effect="zoom" start="110,100" end="100,100" center="433,81" time="500">unfocus</animation>
      </control>
      <control>
        <description>TvGuide</description>
        <type>button</type>
        <id>6</id>
        <label>4</label>
        <textcolor>ffffffff</textcolor>
        <textcolorNoFocus>bfffffff</textcolorNoFocus>
        <font>mediastream12tc</font>
				<width>300</width>
        <height>40</height>
        <textYOff>8</textYOff>
        <textXOff>20</textXOff>
        <textureFocus>tv_button_focus.png</textureFocus>
        <textureNoFocus>tv_button_ no_focus.png</textureNoFocus>
        <animation effect="fade" time="250">WindowOpen</animation>
        <animation effect="fade" time="250">WindowClose</animation>
        <animation effect="zoom" start="100,100" end="110,100" center="433,81" time="300">focus</animation>
        <animation effect="zoom" start="110,100" end="100,100" center="433,81" time="500">unfocus</animation>
      </control>
      <control>
        <description>Search</description>
        <type>button</type>
        <id>7</id>
        <label>137</label>
        <textcolor>ffffffff</textcolor>
        <textcolorNoFocus>bfffffff</textcolorNoFocus>
        <font>mediastream12tc</font>
				<width>300</width>
        <height>40</height>
        <textYOff>8</textYOff>
        <textXOff>20</textXOff>
				<ondown>2</ondown>
        <textureFocus>tv_button_focus.png</textureFocus>
        <textureNoFocus>tv_button_ no_focus.png</textureNoFocus>
        <animation effect="fade" time="250">WindowOpen</animation>
        <animation effect="fade" time="250">WindowClose</animation>
        <animation effect="zoom" start="100,100" end="110,100" center="433,81" time="300">focus</animation>
        <animation effect="zoom" start="110,100" end="100,100" center="433,81" time="500">unfocus</animation>
      </control>
    </control>
    <import>common.overlays.xml</import>
  </controls>
</window>
<!--Checksum:d35872ff088c189c499e58587357cd1a-->