﻿<?xml version="1.0" encoding="utf-8" standalone="yes"?>
<window>
  <controls>
    <control>
      <description>Channel template</description>
      <type>image</type>
      <id>20</id>
      <posX>50</posX>
      <posY>120</posY>
      <width>251</width>
      <height>55</height>
    </control>
    <control>
      <description>Channel image template</description>
      <type>image</type>
      <id>7</id>
      <width>50</width>
      <height>50</height>
      <posX>3</posX>
      <posY>2</posY>
      <zoom>no</zoom>
      <centered>yes</centered>
      <keepaspectratio>yes</keepaspectratio>
      <texture>defaultVideoBig.png</texture>
    </control>
    <control>
      <description>channel Label template</description>
      <type>label</type>
      <id>18</id>
      <posX>60</posX>
      <posY>15</posY>
      <width>81</width>
      <height>10</height>
      <font>mediastream12tc</font>
      <textcolor>FFFFFFFF</textcolor>
    </control>
    <control>
      <description>template for program title light area</description>
      <type>label</type>
      <id>24</id>
	  <posX>10</posX>
      <posY>10</posY>
      <visible>no</visible>
      <label>-</label>
      <font>font14</font>
    </control>
    <control>
      <description>template for program title dark area </description>
      <type>label</type>
      <visible>no</visible>
      <id>26</id>
	  <posX>10</posX>
      <posY>10</posY>
      <label>-</label>
      <font>mediastream13</font>
      <textcolor>FFFFFFFF</textcolor>
    </control>
  </controls>
</window>
<!--Checksum:c242cb88da78fab378352f844091404b-->