﻿<?xml version="1.0" encoding="utf-8" standalone="yes"?>
<window>
  <controls>
    <control>
      <description>TvGroup button</description>
      <type>button3part</type>
      <id>100</id>
      <posX>22</posX>
      <posY>180</posY>
      <width>45</width>
      <height>652</height>
      <textureFocusedLeft>small_vbutton_lr_colorize.png</textureFocusedLeft>
      <textureNonFocusedLeft>small_vbutton_lr_colorize.png</textureNonFocusedLeft>
      <textureFocusedMid>small_vbutton_focus.png</textureFocusedMid>
      <textureNonFocusedMid>tvguide_button_light_middle.png</textureNonFocusedMid>
      <textureFocusedRight>small_vbutton_lr_colorize.png</textureFocusedRight>
      <textureNonFocusedRight>small_vbutton_lr_colorize.png</textureNonFocusedRight>
      <textureIcon>-</textureIcon>
      <textureIcon2>-</textureIcon2>
      <label />
      <onleft>60</onleft>
      <onright>6</onright>
      <onup>6</onup>
      <ondown>6</ondown>
      <animation effect="zoom" start="100,100" end="100,100" time="0">focus</animation>
      <animation effect="zoom" start="100,100" end="100,100" time="0">unfocus</animation>
    </control>
    <control>
      <description>Current program genre</description>
      <type>label</type>
      <id>0</id>
      <posX>1875</posX>
      <posY>1035</posY>
      <width>1200</width>
      <label>#TV.Guide.Genre</label>
      <align>right</align>
      <font>mediastream11tc</font>
    </control>
  </controls>
</window>
