﻿<?xml version="1.0" encoding="utf-8" standalone="yes"?>
<window>
  <id>748</id>
  <defaultcontrol>10</defaultcontrol>
  <allowoverlay>no</allowoverlay>
  <define>#header.label:1037</define>
  <define>#header.hover:-</define>
  <define>#selecteditem:</define>
  <define>#useRandomTVSeriesFanart:No</define>
  <controls>
    <import>common.window.tv.xml</import>
    <import>common.time.xml</import>
    <control>
      <description>Top Title Extension Background</description>
      <type>image</type>
      <id>1</id>
      <posX>381</posX>
      <posY>11</posY>
      <width>686</width>
      <height>36</height>
      <texture>tvtitlebg.png</texture>
      <animation effect="fade" time="300" delay="300">WindowOpen</animation>
      <animation effect="fade" time="300" delay="0">WindowClose</animation>
      <animation effect="slide" start="-514,0" end="0,0" tween="quadratic" time="300" delay="300">WindowOpen</animation>
      <animation effect="slide" start="0,0" end="-514,0" tween="quadratic" time="600" delay="0">WindowClose</animation>
    </control>
    <control>
      <id>1</id>
      <description>Top Title Background</description>
      <type>image</type>
      <posX>77</posX>
      <posY>11</posY>
      <width>437</width>
      <height>35</height>
      <texture>tvtitlebg.png</texture>
      <animation effect="slide" start="-514,0" end="0,0" tween="quadratic" time="300" delay="0">WindowOpen</animation>
      <animation effect="fade" time="150">WindowClose</animation>
    </control>
    <control>
      <description>Page Count Background</description>
      <type>image</type>
      <id>0</id>
      <posX>1003</posX>
      <posY>684</posY>
      <width>260</width>
      <height>32</height>
      <texture>mediacountbg_Spin.png</texture>
      <visible>yes</visible>
      <animation effect="fade" time="250">WindowOpen</animation>
      <animation effect="fade" time="250">WindowClose</animation>
      <animation effect="slide" time="150" start="800,0">WindowOpen</animation>
      <animation effect="slide" time="250" end="800,0">WindowClose</animation>
    </control>
    <control>
      <description>Page Count Label</description>
      <type>label</type>
      <label>30009</label>
      <id>0</id>
      <posX>1013</posX>
      <posY>689</posY>
      <font>mediastream12tc</font>
      <textcolor>ff909090</textcolor>
      <visible>yes</visible>
      <animation effect="fade" time="250">WindowOpen</animation>
      <animation effect="fade" time="250">WindowClose</animation>
      <animation effect="slide" time="150" start="800,0">WindowOpen</animation>
      <animation effect="slide" time="250" end="800,0">WindowClose</animation>
    </control>
    <control>
      <description>Item Count Background</description>
      <type>image</type>
      <id>0</id>
      <posX>1065</posX>
      <posY>13</posY>
      <width>202</width>
      <height>28</height>
      <texture>mediacountbg.png</texture>
      <animation effect="fade" time="250">WindowOpen</animation>
      <animation effect="fade" time="250">WindowClose</animation>
    </control>
    <control>
      <type>label</type>
      <description>Items Translation</description>
      <id>0</id>
      <posX>1077</posX>
      <posY>17</posY>
      <width>90</width>
      <font>mediastream10tc</font>
      <textcolor>ff909090</textcolor>
      <label>507</label>
      <animation effect="fade" time="250">WindowOpen</animation>
      <animation effect="fade" time="250">WindowClose</animation>
    </control>
    <control>
      <description>Item Count</description>
      <type>label</type>
      <label>#itemcount</label>
      <id>0</id>
      <posX>1238</posX>
      <posY>16</posY>
      <font>mediastream10c</font>
      <textcolor>ff006698</textcolor>
      <align>right</align>
      <animation effect="fade" time="250">WindowOpen</animation>
      <animation effect="fade" time="250">WindowClose</animation>
    </control>
    <control>
      <description>upcoming episodes label</description>
      <type>label</type>
      <id>11</id>
      <posX>1027</posX>
      <posY>13</posY>
      <align>right</align>
      <label>1203</label>
      <font>mediastream12c</font>
      <align>right</align>
      <animation effect="fade" time="300" delay="300">WindowOpen</animation>
      <animation effect="fade" time="230" delay="0">WindowClose</animation>
      <animation effect="slide" start="-514,0" end="0,0" tween="bounce" time="700" delay="300">WindowOpen</animation>
      <animation effect="slide" start="0,0" end="-514,0" tween="quadratic" time="600" delay="0">WindowClose</animation>
    </control>
    <control>
      <type>actiongroup</type>
      <description>action menu</description>
      <defaultcontrol>2</defaultcontrol>
      <onexit>10</onexit>
      <buttonX>1232</buttonX>
      <buttonY>50</buttonY>
      <buttonwidth>48</buttonwidth>
      <buttonheight>144</buttonheight>
      <textureFocus>#StreamedMP.ActionMenu.Image</textureFocus>
      <textureNoFocus>#StreamedMP.ActionMenu.Image</textureNoFocus>
      <dimColor>00ffffff</dimColor>
      <control>
        <type>image</type>
        <posX>1002</posX>
        <posY>0</posY>
        <width>278</width>
        <height>720</height>
        <texture>hiddenmenu_right.png</texture>
        <visible>!control.hasfocus(10)</visible>
        <animation effect="slide" time="100" start="300,0">visible</animation>
        <animation effect="slide" time="0" end="300,0">hidden</animation>
      </control>
      <control>
        <id>0</id>
        <description>dummy button</description>
        <label>-</label>
        <type>button</type>
        <posX>1002</posX>
        <posY>0</posY>
        <width>278</width>
        <height>720</height>
        <visible>!control.hasfocus(10)</visible>
        <animation effect="slide" time="100" start="300,0">visible</animation>
        <animation effect="slide" time="0" end="300,0">hidden</animation>
      </control>
      <control>
        <id>0</id>
        <description>label RECORDINGS OPTIONS</description>
        <label>6007</label>
        <type>label</type>
        <font>mediastream12tc</font>
        <posX>1040</posX>
        <posY>225</posY>
        <visible>!control.hasfocus(10)</visible>
        <animation effect="slide" time="100" start="300,0">visible</animation>
        <animation effect="slide" time="0" end="300,0">hidden</animation>
      </control>
      <control>
        <id>0</id>
        <description>label SETTINGS</description>
        <label>1048</label>
        <type>label</type>
        <font>mediastream12tc</font>
        <posX>1040</posX>
        <posY>310</posY>
        <visible>!control.hasfocus(10)</visible>
        <animation effect="slide" time="100" start="300,0">visible</animation>
        <animation effect="slide" time="0" end="300,0">hidden</animation>
      </control>
      <control>
        <type>group</type>
        <description>group element</description>
        <visible>!control.hasfocus(10)</visible>
        <animation effect="slide" time="100" start="300,0">visible</animation>
        <animation effect="slide" time="0" end="300,0">hidden</animation>
        <posX>1040</posX>
        <posY>250</posY>
        <width>220</width>
        <height>720</height>
        <layout>StackLayout</layout>
        <control>
          <description>Record</description>
          <id>2</id>
          <type>button</type>
          <label>264</label>
          <onleft>10</onleft>
          <onright>10</onright>		
					<ondown>3</ondown>
					<onup>17</onup>					
        </control>
        <control>
          <description>Advanced Record</description>
          <id>3</id>
          <type>button</type>
          <label>1038</label>
          <onleft>10</onleft>
          <onright>10</onright>
					<ondown>4</ondown>
					<onup>2</onup>
        </control>
				<control>
          <id>0</id>
          <type>button</type>
          <label></label>
          <onleft>10</onleft>
          <onright>10</onright>
        </control>
				<control>
          <description>Keep</description>
          <id>4</id>
          <type>button</type>
          <label>1042</label>
          <onleft>10</onleft>
          <onright>10</onright>
					<onup>3</onup>
					<ondown>6</ondown>
        </control>
        <control>
          <description>Quality</description>
          <type>button</type>
          <id>6</id>
          <label>882</label>
          <onleft>19</onleft>
          <onright>10</onright>
					<ondown>7</ondown>
					<onup>4</onup>
        </control>
        <control>
          <description>Episodes</description>
          <type>button</type>
          <id>7</id>
          <label>888</label>
          <onleft>10</onleft>
          <onright>10</onright>
					<ondown>8</ondown>
					<onup>6</onup>
        </control>
        <control>
          <description>PreRecord</description>
          <type>button</type>
          <id>8</id>
          <label>1444</label>
          <onleft>10</onleft>
          <onright>10</onright>
					<ondown>9</ondown>
					<onup>7</onup>
        </control>
        <control>
          <description>PostRecord</description>
          <type>button</type>
          <id>9</id>
          <label>1445</label>
          <onleft>10</onleft>
          <onright>10</onright>
          <ondown>2</ondown>
					<onup>8</onup>
        </control>
      </control>
    </control>
    <control>
      <description>Current program channel</description>
      <type>fadelabel</type>
      <id>16</id>
      <posX>28</posX>
      <posY>240</posY>
      <width>570</width>
      <font>mediastream16tc</font>
      <textcolor>ff909090</textcolor>
      <animation effect="fade" time="250">WindowOpen</animation>
      <animation effect="fade" time="250">WindowClose</animation>
      <animation effect="slide" time="150" start="-800,0">WindowOpen</animation>
      <animation effect="slide" time="250" end="-800,0">WindowClose</animation>
    </control>
    <control>
      <description>Current program title</description>
      <type>fadelabel</type>
      <id>13</id>
      <posX>28</posX>
      <posY>275</posY>
      <width>570</width>
      <font>mediastream12tc</font>
      <textcolor>ff909090</textcolor>
      <animation effect="fade" time="250">WindowOpen</animation>
      <animation effect="fade" time="250">WindowClose</animation>
      <animation effect="slide" time="150" start="-800,0">WindowOpen</animation>
      <animation effect="slide" time="250" end="-800,0">WindowClose</animation>
    </control>
    <control>
      <description>Current program genre</description>
      <type>label</type>
      <id>17</id>
      <posX>28</posX>
      <posY>300</posY>
      <width>468</width>
      <font>mediastream11tc</font>
      <textcolor>ff006698</textcolor>
      <animation effect="fade" time="250">WindowOpen</animation>
      <animation effect="fade" time="250">WindowClose</animation>
      <animation effect="slide" time="150" start="-800,0">WindowOpen</animation>
      <animation effect="slide" time="250" end="-800,0">WindowClose</animation>
    </control>
    <control>
      <description>Current program time</description>
      <type>label</type>
      <id>14</id>
      <posX>28</posX>
      <posY>322</posY>
      <font>mediastream11tc</font>
      <animation effect="fade" time="250">WindowOpen</animation>
      <animation effect="fade" time="250">WindowClose</animation>
      <animation effect="slide" time="150" start="-800,0">WindowOpen</animation>
      <animation effect="slide" time="250" end="-800,0">WindowClose</animation>
    </control>
    <control>
      <description>Description1</description>
      <type>textboxscrollup</type>
      <id>15</id>
      <posX>28</posX>
      <posY>347</posY>
      <width>570</width>
      <height>313</height>
      <seperator>-----------------------------------------------------------------------------------------------</seperator>
      <font>mediastream12</font>
      <label>#TV.RecordedTV.Description</label>
      <animation effect="fade" time="250">WindowOpen</animation>
      <animation effect="fade" time="250">WindowClose</animation>
      <animation effect="slide" time="150" start="-800,0">WindowOpen</animation>
      <animation effect="slide" time="250" end="-800,0">WindowClose</animation>
    </control>
    <control>
      <description>upcoming episodes listcontrol</description>
      <type>listcontrol</type>
      <id>10</id>
      <posX>620</posX>
      <posY>240</posY>
      <height>450</height>
      <width>660</width>
      <scrollOffset>2</scrollOffset>
      <PinIconWidth>20</PinIconWidth>
      <PinIconHeight>20</PinIconHeight>
      <PinIconXOff>72</PinIconXOff>
      <PinIconYOff>22</PinIconYOff>
      <itemWidth>60</itemWidth>
      <itemHeight>60</itemHeight>
      <IconXOff>5</IconXOff>
      <IconYOff>2</IconYOff>
      <textXOff>50</textXOff>
      <textXOff2>650</textXOff2>
      <textYOff2>37</textYOff2>
      <textureHeight>64</textureHeight>
      <font2>mediastream10c</font2>
      <keepaspectratio>yes</keepaspectratio>
      <spinPosX>1165</spinPosX>
      <spinPosY>682</spinPosY>
      <spinAlign>Right</spinAlign>
      <textureUp>arrow_round_up_nofocus.png</textureUp>
      <textureDown>arrow_round_down_nofocus.png</textureDown>
      <textureUpFocus>arrow_round_up_focus.png</textureUpFocus>
      <textureDownFocus>arrow_round_down_focus.png</textureDownFocus>
      <spinWidth>50</spinWidth>
      <spinHeight>37</spinHeight>
      <onleft>2</onleft>
      <onright>2</onright>
      <suffix>|</suffix>
      <animation effect="fade" time="250">WindowOpen</animation>
      <animation effect="fade" time="250">WindowClose</animation>
      <animation effect="slide" time="150" start="800,0">WindowOpen</animation>
      <animation effect="slide" time="250" end="800,0">WindowClose</animation>
    </control>
    <import>common.overlays.xml</import>
  </controls>
</window>
<!--Checksum:59d21566beba01313ae452e6fdbd7940-->