﻿<?xml version="1.0" encoding="utf-8" standalone="yes"?>
<window>
  <controls>
    <control>
      <description>Channel template</description>
      <type>image</type>
      <id>20</id>
      <posX>50</posX>
      <posY>120</posY>
      <width>251</width>
      <height>27</height>
    </control>
    <control>
      <description>Channel image template</description>
      <type>image</type>
      <id>7</id>
      <width>24</width>
      <height>24</height>
      <posX>3</posX>
      <posY>2</posY>
      <zoom>no</zoom>
      <centered>yes</centered>
      <keepaspectratio>yes</keepaspectratio>
      <texture>defaultVideoBig.png</texture>
    </control>
    <control>
      <description>channel Label template</description>
      <type>label</type>
      <id>18</id>
      <posX>40</posX>
      <posY>2</posY>
      <width>86</width>
      <height>10</height>
      <font>mediastream10tc</font>
      <textcolor>FFFFFFFF</textcolor>
    </control>
	<control>
      <description>template for program title light area</description>
      <type>label</type>
      <id>24</id>
	  <posX>8</posX>
      <posY>2</posY>
      <visible>no</visible>
      <label>-</label>
	  <font>mediastream10</font>
    </control>
	<control>
      <description>template for program title dark area </description>
      <type>label</type>
      <visible>no</visible>
      <id>26</id>
	  <posX>8</posX>
      <posY>2</posY>
      <label>-</label>
	  <font>mediastream10</font>
      <textcolor>FFFFFFFF</textcolor>
    </control>
  </controls>
</window>
<!--Checksum:f6ca4edc100911d8b32dfda3a74c3fff-->