﻿<?xml version="1.0" encoding="utf-8"?>
<!-- 
This file should contain the details view
-->
<window>
  <controls>
    <control>
      <type>actiongroup</type>
      <description>action menu</description>
      <defaultcontrol>2</defaultcontrol>
      <onexit>50</onexit>
      <buttonX>1848</buttonX>
      <buttonY>75</buttonY>
      <buttonwidth>72</buttonwidth>
      <buttonheight>216</buttonheight>
      <textureFocus>#StreamedMP.ActionMenu.Image</textureFocus>
      <textureNoFocus>#StreamedMP.ActionMenu.Image</textureNoFocus>
      <dimColor>00ffffff</dimColor>
      <control>
        <type>image</type>
        <posX>1503</posX>
        <posY>0</posY>
        <width>417</width>
        <height>1080</height>
        <texture>hiddenmenu_right.png</texture>
        <visible>!Control.HasFocus(50)</visible>
        <animation effect="slide" time="100" start="450,0">visible</animation>
        <animation effect="slide" time="0" end="450,0">hidden</animation>
      </control>
      <control>
        <id>0</id>
        <description>Dummy Button (for Mouse)</description>
        <label>-</label>
        <type>button</type>
        <posX>1503</posX>
        <posY>0</posY>
        <width>417</width>
        <height>1080</height>
        <visible>!Control.HasFocus(50)</visible>
        <animation effect="slide" time="100" start="450,0">visible</animation>
        <animation effect="slide" time="0" end="450,0">hidden</animation>
      </control>
      <control>
        <description>Menu</description>
        <id>0</id>
        <label>924</label>
        <type>label</type>
        <font>mediastream12tc</font>
        <posX>1560</posX>
        <posY>337</posY>
        <visible>!Control.HasFocus(50)</visible>
        <animation effect="slide" time="100" start="450,0">visible</animation>
        <animation effect="slide" time="0" end="450,0">hidden</animation>
      </control>
      <control>
        <description>Playlist</description>
        <id>0</id>
        <label>851</label>
        <type>label</type>
        <font>mediastream12tc</font>
        <posX>1560</posX>
        <posY>550</posY>
        <visible>!Control.HasFocus(50)</visible>
        <animation effect="slide" time="100" start="450,0">visible</animation>
        <animation effect="slide" time="0" end="450,0">hidden</animation>
      </control>
      <control>
        <description>Jump To</description>
        <id>0</id>
        <label>1065</label>
        <type>label</type>
        <font>mediastream12tc</font>
        <posX>1560</posX>
        <posY>676</posY>
        <visible>!Control.HasFocus(50)</visible>
        <animation effect="slide" time="100" start="450,0">visible</animation>
        <animation effect="slide" time="0" end="450,0">hidden</animation>
      </control>
      <control>
        <type>group</type>
        <description>group element</description>
        <visible>!Control.HasFocus(50)</visible>
        <animation effect="slide" time="100" start="450,0">visible</animation>
        <animation effect="slide" time="0" end="450,0">hidden</animation>
        <posX>1560</posX>
        <posY>375</posY>
        <width>330</width>
        <height>1080</height>
        <layout>StackLayout(0, Vertical, true)</layout>
        <control>
          <description>View-As</description>
          <type>menubutton</type>
          <id>2</id>
          <label/>
          <onleft>50</onleft>
          <onup>10</onup>
          <ondown>3</ondown>
          <mode>dialoglist</mode>
          <dialogTitle>792</dialogTitle>
          <valueTextInButton>yes</valueTextInButton>
          <valuePrefixText>95</valuePrefixText>
        </control>
        <control>
          <description>Sort</description>
          <type>sortbutton</type>
          <id>3</id>
          <label>103</label>
          <onleft>50</onleft>
					<onup>2</onup>
          <ondown>5</ondown>
        </control>
        <control>
          <description>Switch View</description>
          <type>menubutton</type>
          <id>5</id>
          <label>
          </label>
          <onleft>50</onleft>
          <onup>3</onup>
          <ondown>7</ondown>
          <mode>dialoglist</mode>
          <dialogTitle>499</dialogTitle>
          <valueTextInButton>yes</valueTextInButton>
          <valuePrefixText>97</valuePrefixText>
        </control>
        <control>
          <description>Scan</description>
          <type>button</type>
          <id>7</id>
          <label>102</label>
          <onup>5</onup>
          <onleft>50</onleft>
          <ondown>20</ondown>
        </control>
        <control>
          <description>Empty button</description>
          <type>button</type>
          <id>0</id>
          <label>-</label>
          <visible>true</visible>
        </control>
        <control>
          <description>Current Playlist</description>
          <type>button</type>
          <id>20</id>
          <label>4555</label>
          <action>33</action>
          <onup>7</onup>
          <onleft>50</onleft>
        </control>
        <control>
          <description>My Playlists</description>
          <type>button</type>
          <id>9</id>
          <label>983</label>
          <onleft>50</onleft>
          <onup>20</onup>
          <ondown>99989</ondown>
        </control>
        <control>
          <description>Empty button</description>
          <type>button</type>
          <id>0</id>
          <label>-</label>
          <visible>true</visible>
        </control>
        <control>
          <description>Trailers (IMDB)</description>
          <type>button</type>
          <id>99989</id>
          <label>#(L(5900)) IMDB</label>
          <ondown>99990</ondown>
          <onup>9</onup>
          <onleft>50</onleft>
          <hyperlink>4755</hyperlink>
          <hyperlinkParameter>site:IMDb Movie Trailers|return:Locked</hyperlinkParameter>
          <visible>plugin.isenabled(OnlineVideos)</visible>
        </control>
        <control>
          <description>Trailers (iTunes)</description>
          <type>button</type>
          <id>99990</id>
          <label>#(L(5900)) iTUNES</label>
          <ondown>99991</ondown>
          <onup>99989</onup>
          <onleft>50</onleft>
          <hyperlink>4755</hyperlink>
          <hyperlinkParameter>site:iTunes Movie Trailers|return:Locked</hyperlinkParameter>
          <visible>plugin.isenabled(OnlineVideos)</visible>
        </control>
        <control>
          <description>SubCentral</description>
          <type>button</type>
          <id>99991</id>
          <label>287</label>
          <hyperlink>84623</hyperlink>
          <onup>99990</onup>
          <ondown>99992</ondown>
          <onleft>50</onleft>
          <visible>plugin.isenabled(SubCentral)</visible>
        </control>
        <control>
          <description>Trakt Recommendations</description>
          <type>button</type>
          <id>99992</id>
          <label>#Trakt.Translation.Recommendations.Label</label>
          <hyperlink>87263</hyperlink>
          <onup>99991</onup>
          <ondown>99993</ondown>
          <onleft>50</onleft>
          <visible>plugin.isenabled(Trakt)</visible>
        </control>
        <control>
          <description>Trakt Trending</description>
          <type>button</type>
          <id>99993</id>
          <label>#Trakt.Translation.Trending.Label</label>
          <hyperlink>87266</hyperlink>
          <onup>99992</onup>
          <ondown>99994</ondown>
          <onleft>50</onleft>
          <visible>plugin.isenabled(Trakt)</visible>
        </control>
        <control>
          <description>Trakt Watch List</description>
          <type>button</type>
          <id>99994</id>
          <label>#Trakt.Translation.WatchList.Label</label>
          <hyperlink>87270</hyperlink>
          <onup>99993</onup>
          <ondown>99995</ondown>
          <onleft>50</onleft>
          <visible>plugin.isenabled(Trakt)</visible>
        </control>
        <control>
          <description>Moving Pictures</description>
          <type>button</type>
          <id>99995</id>
          <label>Moving Pictures</label>
          <hyperlink>96742</hyperlink>
          <visible>plugin.isenabled(Moving Pictures)</visible>
          <onleft>50</onleft>
          <onup>99994</onup>
          <ondown>99996</ondown>
        </control>
        <control>
          <description>My TVSeries</description>
          <type>button</type>
          <id>99996</id>
          <hyperlink>9811</hyperlink>
          <label>1300</label>
          <visible>plugin.isenabled(MP-TV Series)</visible>
          <onleft>50</onleft>
          <onup>99995</onup>
          <ondown>2</ondown>
        </control>
      </control>
    </control>
  </controls>
</window>
<!--Checksum:9538bcf5060b860f6458e58597114315-->