﻿<?xml version="1.0" encoding="utf-8" standalone="yes"?>
<window>
  <id>25650</id>
  <defaultcontrol>50</defaultcontrol>
  <allowoverlay>yes</allowoverlay>
  <define>#header.image:radiotime_logo.png</define>
  <define>#header.label:RadioTime</define>
  <define>#Play.Current.Album:#RadioTime.Play.Image</define>
  <define>#usePlayFanart:Yes</define>
  <define>#useRandomMusicFanart:Yes</define>
  <controls>
    <import>mymusic.autofanart.xml</import>
    <control>
      <type>image</type>
      <posX>-3</posX>
      <posY>0</posY>
      <width>1926</width>
      <height>1083</height>
      <texture>mainoverlay.png</texture>
    </control>
    <control>
      <type>actiongroup</type>
      <description>action menu</description>
      <buttonX>1848</buttonX>
      <buttonY>75</buttonY>
      <buttonwidth>72</buttonwidth>
      <buttonheight>216</buttonheight>
      <textureFocus>#StreamedMP.ActionMenu.Image</textureFocus>
      <textureNoFocus>#StreamedMP.ActionMenu.Image</textureNoFocus>
      <description>action menu</description>
      <onexit>50</onexit>
      <dimColor>00ffffff</dimColor>
      <defaultcontrol>5</defaultcontrol>
      <control>
        <type>image</type>
        <posX>1503</posX>
        <posY>0</posY>
        <width>417</width>
        <height>1080</height>
        <texture>hiddenmenu_right.png</texture>
        <visible>!Control.HasFocus(50)</visible>
        <animation effect="slide" time="100" start="450,0">visible</animation>
        <animation effect="slide" time="0" end="450,0">hidden</animation>
      </control>
      <control>
        <description>label OPTIONS</description>
        <id>0</id>
        <label>496</label>
        <type>label</type>
        <font>mediastream12tc</font>
        <posX>1560</posX>
        <posY>337</posY>
        <visible>!Control.HasFocus(50)</visible>
        <animation effect="slide" time="100" start="450,0">visible</animation>
        <animation effect="slide" time="0" end="450,0">hidden</animation>
      </control>
      <control>
        <id>0</id>
        <description>dummy button (For Mouse Use)</description>
        <label>-</label>
        <type>button</type>
        <posX>1503</posX>
        <posY>0</posY>
        <width>417</width>
        <height>1080</height>
        <visible>!Control.HasFocus(50)</visible>
        <animation effect="slide" time="100" start="450,0">visible</animation>
        <animation effect="slide" time="0" end="450,0">hidden</animation>
      </control>
      <control>
        <type>group</type>
        <description>group element</description>
        <visible>!Control.HasFocus(50)</visible>
        <animation effect="slide" time="100" start="450,0">visible</animation>
        <animation effect="slide" time="0" end="450,0">hidden</animation>
        <posX>1560</posX>
        <posY>375</posY>
        <width>330</width>
        <height>1080</height>
        <layout>StackLayout</layout>
        <control>
          <id>5</id>
          <description>Search Button</description>
          <type>button</type>
          <onleft>50</onleft>
          <onup>10</onup>
          <ondown>7</ondown>
          <label>#RadioTime.Translation.Search.Label</label>
        </control>
        <control>
          <id>7</id>
          <description>Search Button</description>
          <type>button</type>
          <onleft>50</onleft>
          <onup>5</onup>
          <ondown>2</ondown>
          <label>#RadioTime.Translation.SearchArtist.Label</label>
        </control>
        <control>
          <id>2</id>
          <description>Sort Button</description>
          <type>sortbutton</type>
          <onleft>50</onleft>
          <onup>7</onup>
          <ondown>3</ondown>
          <label />
        </control>
        <control>
          <id>3</id>
          <description>Swich view</description>
          <type>button</type>
          <onleft>50</onleft>
          <onup>2</onup>
          <ondown>4</ondown>
          <label />
        </control>
        <control>
          <id>4</id>
          <description>Home</description>
          <type>button</type>
          <onleft>50</onleft>
          <onup>3</onup>
          <ondown>8</ondown>
          <label>#RadioTime.Translation.Home.Label</label>
        </control>
        <control>
          <id>8</id>
          <description>genres</description>
          <type>button</type>
          <onleft>50</onleft>
          <onup>4</onup>
          <ondown>6</ondown>
          <label>#RadioTime.Translation.Genres.Label</label>
        </control>
        <control>
          <id>6</id>
          <description>My Presets</description>
          <type>button</type>
          <onleft>50</onleft>
          <onup>8</onup>
          <ondown>9</ondown>
          <label>#RadioTime.Translation.Presets.Label</label>
        </control>
        <control>
          <id>9</id>
          <description>Now playing</description>
          <type>button</type>
          <onleft>50</onleft>
          <onup>6</onup>
          <ondown>10</ondown>
          <label>#RadioTime.Translation.NowPlaying.Label</label>
        </control>
        <control>
          <id>10</id>
          <description>Random</description>
          <type>button</type>
          <onleft>50</onleft>
          <onup>9</onup>
          <ondown>2</ondown>
          <label>#RadioTime.Translation.Random.Label</label>
        </control>
      </control>
    </control>
    <control>
      <id>51</id>
      <description>station logo</description>
      <type>image</type>
      <visible>facadeview.list|facadeview.album</visible>
      <posX>30</posX>
      <posY>450</posY>
      <width>300</width>
      <height>450</height>
      <texture>-</texture>
      <keepaspectratio>yes</keepaspectratio>
    </control>
    <control>
      <id>47</id>
      <description>meta label</description>
      <type>label</type>
      <posX>30</posX>
      <posY>735</posY>
      <width>870</width>
      <font>mediastream12c</font>
      <textcolor>ffffffff</textcolor>
      <align>left</align>
      <label>#RadioTime.Selected.Format</label>
      <visible>facadeview.list|facadeview.album</visible>
    </control>
    <control>
      <id>47</id>
      <description>meta label</description>
      <type>label</type>
      <posX>30</posX>
      <posY>645</posY>
      <width>870</width>
      <font>mediastream14c</font>
      <textcolor>ffffffff</textcolor>
      <align>left</align>
      <label>#RadioTime.Selected.Subtext</label>
      <visible>facadeview.list|facadeview.album</visible>
    </control>
    <control>
      <id>47</id>
      <description>meta label</description>
      <type>label</type>
      <posX>30</posX>
      <posY>690</posY>
      <width>870</width>
      <font>mediastream14c</font>
      <textcolor>ffffffff</textcolor>
      <align>left</align>
      <label>#RadioTime.Selected.NowPlaying</label>
      <visible>facadeview.list|facadeview.album</visible>
    </control>
    <control>
      <id>81</id>
      <description>existent rating2</description>
      <type>imagelist</type>
      <visible>facadeview.list</visible>
      <posX>30</posX>
      <posY>952</posY>
      <width>213</width>
      <height>90</height>
      <textureHeight>45</textureHeight>
      <textureWidth>45</textureWidth>
      <percentage>#RadioTime.Selected.Reliability</percentage>
      <imagesToDraw>5</imagesToDraw>
      <orientation>HORIZONTAL</orientation>
      <align>LEFT</align>
      <subitems>
        <subitem>greystar.png</subitem>
        <subitem>stargood.png</subitem>
      </subitems>
    </control>
    <import>common.window.xml</import>
    <import>common.time.xml</import>
    <import>common.facade.music.xml</import>
    <import>common.radiotime.overlay.xml</import>
  </controls>
</window>
<!--Checksum:7bbc660a64ba579b4df5b1d4a730badf-->