﻿<?xml version="1.0" encoding="utf-8" standalone="yes"?>
<window>
  <id>25652</id>
  <defaultcontrol>5101</defaultcontrol>
  <allowoverlay>no</allowoverlay>
  <define>#header.image:radiotime_logo.png</define>
  <define>#usePlayFanart:Yes</define>
  <define>#useRandomMusicFanart:Yes</define>
  <define>#header.label:RadioTime/Now Playing</define>
  <define>#test.prop:1</define>
  <controls>
    <import>mymusic.autofanart.xml</import>
    <control>
      <id>0</id>
      <type>image</type>
      <posX>0</posX>
      <posY>500</posY>
      <width>1275</width>
      <height>220</height>
      <texture>fullscreenbg2.png</texture>
      <colordiffuse>EFFFFFFF</colordiffuse>
      <animation effect="Fade" time="400">WindowOpen</animation>
      <animation effect="Fade" time="300">WindowClose</animation>
    </control>
    <!-- ************************************************************************** -->
    <!-- **************************  Menu ******************************** -->
    <!-- ************************************************************************** -->
    <control>
      <id>0</id>
      <description>Shadow - Menu label</description>
      <type>label</type>
      <posX>1107</posX>
      <posY>527</posY>
      <font>mediastream12tc</font>
      <textcolor>ff000000</textcolor>
      <label>924</label>
      <animation effect="Fade" time="800">WindowOpen</animation>
      <animation effect="Fade" time="300">WindowClose</animation>
    </control>
    <control>
      <id>0</id>
      <description>Menu label</description>
      <type>label</type>
      <posX>1105</posX>
      <posY>526</posY>
      <font>mediastream12tc</font>
      <textcolor>ff006699</textcolor>
      <label>924</label>
      <animation effect="Fade" time="800">WindowOpen</animation>
      <animation effect="Fade" time="300">WindowClose</animation>
    </control>
    <control>
      <type>group</type>
      <posX>1006</posX>
      <posY>558</posY>
      <layout>Stacklayout</layout>
      <animation effect="Fade" time="800">WindowOpen</animation>
      <animation effect="Fade" time="300">WindowClose</animation>
      <control>
        <id>5101</id>
        <description>Now Playing button</description>
        <type>button</type>
        <width>265</width>
        <height>26</height>
        <label>4540</label>
        <textYOff>1</textYOff>
        <onleft>5101</onleft>
        <onright>5101</onright>
        <onup>17</onup>
        <textureFocus>listbg_fo.png</textureFocus>
        <textureNoFocus>listbg_nf.png</textureNoFocus>
      </control>
      <control>
        <id>5102</id>
        <description>Genres</description>
        <type>button</type>
        <width>265</width>
        <height>26</height>
        <label>#RadioTime.Translation.Genres.Label</label>
        <textYOff>1</textYOff>
        <onleft>166</onleft>
        <onright>5102</onright>
        <onup>5101</onup>
        <textureFocus>listbg_fo.png</textureFocus>
        <textureNoFocus>listbg_nf.png</textureNoFocus>
        <visible>string.equals(#RadioTime.Genre.Items)</visible>
      </control>
      <control>
        <id>5103</id>
        <description>Similar Stations</description>
        <type>button</type>
        <posX>650</posX>
        <posY>235</posY>
        <width>265</width>
        <height>26</height>
        <onleft>155</onleft>
        <onright>5103</onright>
        <onup>5102</onup>
        <label>#RadioTime.Translation.SimilarStations.Label</label>
        <textYOff>1</textYOff>
        <textureFocus>listbg_fo.png</textureFocus>
        <textureNoFocus>listbg_nf.png</textureNoFocus>
        <visible>string.equals(#RadioTime.Similar.Items)</visible>
      </control>
    </control>
    <!-- ************************************************************************** -->
    <!-- **************************  Information Controls ************************* -->
    <!-- ************************************************************************** -->
    <control>
      <id>0</id>
      <description>menu background image</description>
      <type>image</type>
      <posX>55</posX>
      <posY>531</posY>
      <width>1191</width>
      <height>177</height>
      <texture>-</texture>
      <animation effect="Fade" time="150">WindowOpen</animation>
    </control>
    <control>
      <id>0</id>
      <description>background hover image</description>
      <type>image</type>
      <posX>71</posX>
      <posY>553</posY>
      <width>160</width>
      <height>157</height>
      <texture>-</texture>
      <animation effect="Fade" time="150">WindowOpen</animation>
    </control>
    <control>
      <id>0</id>
      <description>album art image</description>
      <type>image</type>
      <posX>24</posX>
      <posY>531</posY>
      <width>159</width>
      <height>159</height>
      <texture>DefaultMyradioBig.png</texture>
      <animation effect="Fade" time="800">WindowOpen</animation>
      <animation effect="Fade" time="300">WindowClose</animation>
      <visible>string.equals(#RadioTime.Play.Image,)</visible>
    </control>
    <control>
      <id>112</id>
      <description>album art image</description>
      <type>image</type>
      <posX>24</posX>
      <posY>570</posY>
      <width>159</width>
      <texture>#RadioTime.Play.Image</texture>
      <animation effect="Fade" time="800">WindowOpen</animation>
      <animation effect="Fade" time="300">WindowClose</animation>
      <keepaspectratio>yes</keepaspectratio>
      <centered>yes</centered>
    </control>
    <control>
      <id>0</id>
      <description>album art overlay</description>
      <type>image</type>
      <posX>19</posX>
      <posY>526</posY>
      <width>169</width>
      <height>169</height>
      <texture>mayacdborder.png</texture>
      <animation effect="Fade" time="800">WindowOpen</animation>
      <animation effect="Fade" time="300">WindowClose</animation>
    </control>
    <control>
      <id>0</id>
      <description>Station Name</description>
      <type>fadelabel</type>
      <visible>Control.HasFocus(5101)</visible>
      <posX>200</posX>
      <posY>526</posY>
      <width>497</width>
      <font>mediastream14tc</font>
      <label>#RadioTime.Play.Station</label>
      <animation effect="Fade" time="800">WindowOpen</animation>
      <animation effect="Fade" time="300">WindowClose</animation>
    </control>
    <control>
      <id>0</id>
      <description>Genre\Description</description>
      <type>fadelabel</type>
      <visible>Control.HasFocus(5101)</visible>
      <posX>200</posX>
      <posY>555</posY>
      <width>497</width>
      <font>mediastream12tc</font>
      <label>#RadioTime.Play.Description</label>
      <animation effect="Fade" time="800">WindowOpen</animation>
      <animation effect="Fade" time="300">WindowClose</animation>
    </control>
    <control>
      <id>0</id>
      <description>Currenty Playing Artist</description>
      <type>fadelabel</type>
      <posX>200</posX>
      <posY>580</posY>
      <width>300</width>
      <height>28</height>
      <font>mediastream12c</font>
      <label>#Play.Current.Artist</label>
      <animation effect="Fade" time="800">WindowOpen</animation>
      <animation effect="Fade" time="300">WindowClose</animation>
      <visible>Control.HasFocus(5101)</visible>
    </control>
    <control>
      <id>0</id>
      <description>Song Title</description>
      <type>fadelabel</type>
      <posX>200</posX>
      <posY>605</posY>
      <width>300</width>
      <height>28</height>
      <font>mediastream12</font>
      <label>#Play.Current.Title</label>
      <animation effect="Fade" time="800">WindowOpen</animation>
      <animation effect="Fade" time="300">WindowClose</animation>
      <visible>Control.HasFocus(5101)</visible>
    </control>
    <control>
      <id>0</id>
      <description>Radio Station Slogan</description>
      <type>fadelabel</type>
      <posX>980</posX>
      <posY>530</posY>
      <width>500</width>
      <height>28</height>
      <font>mediastream12c</font>
      <align>right</align>
      <label>#RadioTime.Play.Slogan</label>
      <animation effect="Fade" time="800">WindowOpen</animation>
      <animation effect="Fade" time="300">WindowClose</animation>
      <visible>Control.HasFocus(5101)</visible>
    </control>
    <control>
      <id>0</id>
      <description>Radio Location</description>
      <type>fadelabel</type>
      <posX>980</posX>
      <posY>555</posY>
      <width>500</width>
      <font>mediastream11c</font>
      <label>#RadioTime.Play.Location</label>
      <align>right</align>
      <animation effect="Fade" time="800">WindowOpen</animation>
      <animation effect="Fade" time="300">WindowClose</animation>
      <visible>Control.HasFocus(5101)+!string.equals(#RadioTime.Play.Slogan,#RadioTime.Play.Location)</visible>
    </control>
    <control>
      <id>0</id>
      <description>Language</description>
      <type>fadelabel</type>
      <posX>980</posX>
      <posY>580</posY>
      <width>500</width>
      <height>30</height>
      <font>mediastream10c</font>
      <align>right</align>
      <label>#RadioTime.Play.Language</label>
      <animation effect="Fade" time="800">WindowOpen</animation>
      <animation effect="Fade" time="300">WindowClose</animation>
      <visible>Control.HasFocus(5101)+!string.equals(#RadioTime.Play.Slogan,#RadioTime.Play.Language)</visible>
    </control>
    <!-- ************************************************************************** -->
    <!-- **************************  Progress Bar ********************************* -->
    <!-- ************************************************************************** -->
    <!-- 
    <control>
      <description>progressbar background</description>
      <type>image</type>
      <id>0</id>
      <posX>206</posX>
      <posY>670</posY>
      <width>574</width>
      <height>29</height>
      <texture>osdprogressbackv.png</texture>
      <colordiffuse>ffFFFFFF</colordiffuse>
      <animation effect="Fade" time="800">WindowOpen</animation>
      <animation effect="Fade" time="300">WindowClose</animation>
      <visible>Control.HasFocus(5101)</visible>
    </control>
    -->
    <control>
      <type>progress</type>
      <description>track progress</description>
      <id>118</id>
      <posX>1290</posX>
      <posY>675</posY>
      <width>574</width>
      <height>23</height>
      <label>#percentage</label>
      <texturebg>-</texturebg>
      <lefttexture>osdprogressleft.png</lefttexture>
      <midtexture>osdprogressmid.png</midtexture>
      <righttexture>osdprogressright.png</righttexture>
      <animation effect="Fade" time="800">WindowOpen</animation>
      <animation effect="Fade" time="300">WindowClose</animation>
      <visible>player.hasmedia+Control.HasFocus(5101)</visible>
    </control>
    <!--
    <control>
      <id>0</id>
      <description>track progress label</description>
      <type>label</type>
      <visible>player.hasmedia+Control.HasFocus(5101)</visible>
      <posX>980</posX>
      <posY>645</posY>
      <font>mediastream28tc</font>
      <textcolor>80ffffff</textcolor>
      <align>right</align>
      <label>#currentplaytime</label>
      <animation effect="Fade" time="800">WindowOpen</animation>
      <animation effect="Fade" time="300">WindowClose</animation>
    </control>
    <control>
      <id>0</id>
      <description>track duration label</description>
      <type>label</type>
      <visible>player.hasmedia</visible>
      <posX>640</posX>
      <posY>680</posY>
      <font>font14</font>
      <align>right</align>
      <label>#duration</label>
      <animation effect="Fade" time="800">WindowOpen</animation>
      <animation effect="Fade" time="300">WindowClose</animation>
      <textcolor>ff006699</textcolor>
      <visible>Control.HasFocus(5101)</visible>
    </control>
    -->
    <!-- ************************************************************************** -->
    <!-- **************************  List Controls ******************************** -->
    <!-- ************************************************************************** -->
    <control>
      <description>Page Count Background</description>
      <type>image</type>
      <id>0</id>
      <posX>820</posX>
      <posY>660</posY>
      <width>160</width>
      <height>30</height>
      <texture>mediacountbg_Spin.png</texture>
      <animation effect="fade" time="150">WindowOpen</animation>
      <animation effect="fade" time="250">WindowClose</animation>
      <animation effect="slide" time="150" start="800,0">WindowOpen</animation>
      <animation effect="slide" time="250" end="800,0">WindowClose</animation>
      <visible>!Control.HasFocus(5101)</visible>
    </control>
    <control>
      <description>Page Count Label</description>
      <type>label</type>
      <label>30009</label>
      <id>0</id>
      <posX>830</posX>
      <posY>664</posY>
      <font>mediastream12tc</font>
      <textcolor>ff909090</textcolor>
      <animation effect="fade" time="250">WindowOpen</animation>
      <animation effect="fade" time="250">WindowClose</animation>
      <animation effect="slide" time="150" start="800,0">WindowOpen</animation>
      <animation effect="slide" time="250" end="800,0">WindowClose</animation>
      <visible>!Control.HasFocus(5101)</visible>
    </control>
    <control>
      <id>0</id>
      <description>Shodow - Genres</description>
      <type>fadelabel</type>
      <visible>Control.HasFocus(5102) | Control.HasFocus(166)</visible>
      <posX>202</posX>
      <posY>526</posY>
      <width>627</width>
      <font>mediastream16c</font>
      <textcolor>ff000000</textcolor>
      <label>#RadioTime.Translation.Genres.Label</label>
      <animation effect="Fade" time="800">WindowOpen</animation>
      <animation effect="Fade" time="300">WindowClose</animation>
    </control>
    <control>
      <id>29</id>
      <description>Genres</description>
      <type>fadelabel</type>
      <posX>200</posX>
      <posY>525</posY>
      <width>627</width>
      <font>mediastream16c</font>
      <textcolor>ff006699</textcolor>
      <label>#RadioTime.Translation.Genres.Label</label>
      <animation effect="Fade" time="800">WindowOpen</animation>
      <animation effect="Fade" time="300">WindowClose</animation>
      <visible>Control.HasFocus(5102) | Control.HasFocus(166)</visible>
    </control>
    <control>
      <id>166</id>
      <description>Genres</description>
      <type>listcontrol</type>
      <onleft>166</onleft>
      <onright>5102</onright>
      <onup>166</onup>
      <ondown>166</ondown>
      <posX>225</posX>
      <posY>555</posY>
      <width>500</width>
      <height>160</height>
      <textureHeight>32</textureHeight>
      <textYOff>4</textYOff>
      <spinWidth>32</spinWidth>
      <spinHeight>32</spinHeight>
      <spinPosX>975</spinPosX>
      <spinPosY>660</spinPosY>
      <spinAlign>Right</spinAlign>
      <spinColor>ff006698</spinColor>
      <spinCanFocus>no</spinCanFocus>
      <animation effect="Fade" time="800">WindowOpen</animation>
      <animation effect="Fade" time="300">WindowClose</animation>
      <visible>Control.HasFocus(5102) | Control.HasFocus(166)</visible>
    </control>
    <control>
      <id>0</id>
      <description>Shodow - Similar Stations</description>
      <type>fadelabel</type>
      <posX>202</posX>
      <posY>526</posY>
      <width>627</width>
      <font>mediastream16c</font>
      <textcolor>ff000000</textcolor>
      <label>#RadioTime.Translation.SimilarStations.Label</label>
      <animation effect="Fade" time="800">WindowOpen</animation>
      <animation effect="Fade" time="300">WindowClose</animation>
      <visible>Control.HasFocus(5103) | Control.HasFocus(155)</visible>
    </control>
    <control>
      <id>28</id>
      <description>Similar Stations</description>
      <type>fadelabel</type>
      <posX>200</posX>
      <posY>525</posY>
      <width>627</width>
      <font>mediastream16c</font>
      <textcolor>ff006699</textcolor>
      <label>#RadioTime.Translation.SimilarStations.Label</label>
      <animation effect="Fade" time="800">WindowOpen</animation>
      <animation effect="Fade" time="300">WindowClose</animation>
      <visible>Control.HasFocus(5103) | Control.HasFocus(155)</visible>
    </control>
    <control>
      <id>155</id>
      <description>Similar Stations</description>
      <type>listcontrol</type>
      <onleft>155</onleft>
      <onright>5103</onright>
      <onup>155</onup>
      <ondown>155</ondown>
      <posX>225</posX>
      <posY>555</posY>
      <width>500</width>
      <height>160</height>
      <textureHeight>32</textureHeight>
      <textYOff>4</textYOff>
      <spinWidth>32</spinWidth>
      <spinHeight>32</spinHeight>
      <spinPosX>975</spinPosX>
      <spinPosY>660</spinPosY>
      <spinAlign>Right</spinAlign>
      <spinColor>ff006698</spinColor>
      <spinCanFocus>no</spinCanFocus>
      <animation effect="Fade" time="800">WindowOpen</animation>
      <animation effect="Fade" time="300">WindowClose</animation>
      <visible>Control.HasFocus(5103) | Control.HasFocus(155)</visible>
    </control>
    <!-- <import>common.window.xml</import> -->
    <import>common.time.xml</import>
  </controls>
</window>
<!--Checksum:5df42af985de3c171a658363a5e7e352-->