﻿<?xml version="1.0" encoding="utf-8"?>
<window>
  <id>7111992</id>
  <defaultcontrol>50</defaultcontrol>
  <allowoverlay>no</allowoverlay>
  <define>#header.label:#currentmodule</define>
  <define>#default.image:hover_moving pictures.png</define>
  <controls>
    <import>ShowTimesGUI.Dummies.xml</import>
    <!-- Backdrops -->
    <control>
      <description>Default background image</description>
      <type>image</type>
      <id>0</id>
      <posX>0</posX>
      <posY>0</posY>
      <width>1920</width>
      <height>1080</height>
      <texture>#default.image</texture>
    </control>
    <control>
      <description>fanart</description>
      <type>image</type>
      <id>0</id>
      <posX>0</posX>
      <posY>0</posY>
      <texture>#st_backdrop</texture>
      <width>1920</width>
      <height>1080</height>
    </control>
    <!-- Fanart Overlays -->
    <control>
      <description>Main Facade Overlay Image</description>
      <type>image</type>
      <id>0</id>
      <posX>0</posX>
      <posY>0</posY>
      <width>1920</width>
      <height>1080</height>
      <visible>!control.isvisible(24)+!facadeview.filmstrip</visible>
      <texture>mainoverlay.png</texture>
    </control>
    <control>
      <description>Top Bar Overlay</description>
      <type>image</type>
      <id>0</id>
      <posX>0</posX>
      <posY>0</posY>
      <width>1920</width>
      <height>76</height>
      <texture>overlay_topbar.png</texture>
      <visible>!control.isvisible(24)+facadeview.filmstrip</visible>
    </control>
    <control>
      <description>background overlay</description>
      <type>image</type>
      <id>0</id>
      <posX>0</posX>
      <posY>0</posY>
      <width>1920</width>
      <height>1080</height>
      <texture>filmstrip_overlay.png</texture>
      <visible>control.isvisible(24)|facadeview.filmstrip</visible>
    </control>
    <!-- Title Area -->
    <control>
      <description>Top Title Extension Background</description>
      <type>image</type>
      <id>0</id>
      <posX>571</posX>
      <posY>16</posY>
      <width>729</width>
      <height>52</height>
      <texture>tvtitlebgshort.png</texture>
      <visible>!control.isvisible(24)+!string.equals(#st_extra,)+!string.contains(#st_extra,st_extra)</visible>
      <animation effect="fade" time="250" delay="0">WindowClose</animation>
    </control>
    <control>
      <description>ShowTimes Extras</description>
      <type>fadelabel</type>
      <label>#st_extra</label>
      <id>0</id>
      <posX>1258</posX>
      <posY>21</posY>
      <width>480</width>
      <align>right</align>
      <font>mediastream12c</font>
      <scrollStartDelaySec>30</scrollStartDelaySec>
      <visible>!control.isvisible(24)+!string.equals(#st_extra,)+!string.contains(#st_extra,st_extra)</visible>
      <animation effect="fade" time="250" delay="0">WindowClose</animation>
    </control>
    <control>
      <description>Top Title Background</description>
      <type>image</type>
      <id>0</id>
      <posX>115</posX>
      <posY>16</posY>
      <width>655</width>
      <height>52</height>
      <texture>tvtitlebg.png</texture>
      <visible>!control.isvisible(24)</visible>
      <animation effect="slide" start="-771,0" end="0,0" tween="quadratic" time="300" delay="0">WindowOpen</animation>
    </control>
    <control>
      <type>fadelabel</type>
      <description>Top Title</description>
      <id>0</id>
      <posX>739</posX>
      <posY>19</posY>
      <width>525</width>
      <font>mediastream12c</font>
      <align>right</align>
      <visible>yes</visible>
      <label>#currentmodule</label>
      <animation effect="slide" start="-771,0" end="0,0" tween="quadratic" time="300" delay="0">WindowOpen</animation>
      <visible>!control.isvisible(24)</visible>
    </control>
    <!-- ShowTimes Imports -->
    <import>ShowTimesGUI.HiddenMenu.xml</import>
    <import>ShowTimesGUI.Facade.xml</import>
    <import>ShowTimesGUI.ListView.xml</import>
    <import>ShowTimesGUI.Details.xml</import>
    <!-- Common Imports -->
    <import>common.overlays2.xml</import>
    <import>common.time.xml</import>
  </controls>
</window>
<!--Checksum:430b537d0813403421a7c637ff9c423d-->