<window>
	<controls>
	
		<!-- Selected Item -->
		<control>
			<type>image</type>
			<id>0</id>
			<posX>0</posX>
			<posY>675</posY>
			<width>1280</width>
			<height>47</height>
			<texture>imagestreamtitle.png</texture>
			<visible>!Control.IsVisible(24)</visible>
			<animation effect="fade" time="250" delay="0">WindowClose</animation>
		</control>		
		<control>
			<description>Selected Item Label</description>
			<type>fadelabel</type>
			<id>1</id>
			<posX>40</posX>
			<posY>684</posY>
			<width>900</width>
			<label>#selecteditem</label>
			<font>mediastream16tc</font>
			<textcolor>White</textcolor>			
			<visible>!Control.IsVisible(24)</visible>
			<animation effect="fade" time="250" delay="0">WindowClose</animation>
		</control>
	
		<!-- Facade Spin Background -->
		<control>
			<description>Page Count Background</description>
			<type>image</type>
			<id>0</id>
			<posX>1013</posX>
			<posY>684</posY>
			<width>260</width>
			<height>30</height>
			<texture>mediacountbg_Spin.png</texture>
			<visible>!control.isvisible(24)</visible>
			<animation effect="fade" time="150">WindowOpen</animation>
			<animation effect="fade" time="250">WindowClose</animation>
			<animation effect="slide" time="150" start="800,0">WindowOpen</animation>
			<animation effect="slide" time="250" end="800,0">WindowClose</animation>
		</control>
		<control>
			<description>Page Label</description>
			<type>label</type>
			<label>30009</label>
			<id>0</id>
			<posX>1023</posX>
			<posY>688</posY>
			<font>mediastream12tc</font>
			<textcolor>ff909090</textcolor>
			<visible>!control.isvisible(24)</visible>
			<animation effect="fade" time="150">WindowOpen</animation>
			<animation effect="fade" time="250">WindowClose</animation>
			<animation effect="slide" time="150" start="800,0">WindowOpen</animation>
			<animation effect="slide" time="250" end="800,0">WindowClose</animation>
		</control>
		
		<!-- Facade Item Counts -->		
		<control>
			<description>Item Count Background</description>
			<type>image</type>
			<id>0</id>
			<posX>1065</posX>
			<posY>13</posY>
			<width>202</width>
            <height>28</height>
			<texture>mediacountbg.png</texture>
			<animation effect="fade" time="250">WindowOpen</animation>
			<animation effect="fade" time="250">WindowClose</animation>
			<animation effect="slide" time="150" start="800,0">WindowOpen</animation>
			<animation effect="slide" time="250" end="800,0">WindowClose</animation>
			<visible>!control.isvisible(24)</visible>
		</control>
		<control>
			<description>Item Count Label</description>
			<type>label</type>
			<label>507</label>
			<id>0</id>
			<width>135</width>
			<posX>1078</posX>
			<posY>16</posY>
			<align>left</align>
			<font>mediastream10tc</font>
			<textcolor>ff909090</textcolor>			
			<animation effect="fade" time="250">WindowOpen</animation>
			<animation effect="fade" time="250">WindowClose</animation>
			<animation effect="slide" time="150" start="800,0">WindowOpen</animation>
			<animation effect="slide" time="250" end="800,0">WindowClose</animation>
			<visible>!control.isvisible(24)</visible>
		</control>
		<control>
			<description>Item Count</description>
			<type>label</type>
			<label>#itemcount</label>
			<id>0</id>
			<posX>1238</posX>
			<posY>14</posY>
			<font>mediastream11c</font>
			<textcolor>ff006698</textcolor>
			<align>right</align>
			<animation effect="fade" time="250">WindowOpen</animation>
			<animation effect="fade" time="250">WindowClose</animation>
			<animation effect="slide" time="150" start="800,0">WindowOpen</animation>
			<animation effect="slide" time="250" end="800,0">WindowClose</animation>
			<visible>!control.isvisible(24)</visible>
		</control>    
		
		<!-- Facade Views -->
		<control>
			<type>facadeview</type>
			<id>50</id>
			<animation effect="fade" time="250">WindowOpen</animation>
			<animation effect="fade" time="250">WindowClose</animation>
			<animation effect="slide" time="150" start="0,-300">WindowOpen</animation>
			<animation effect="slide" time="250" end="800,0">WindowClose</animation>
			<control>
				<visible>control.isvisible(50)</visible>
				<description>Movie List</description>
				<type>listcontrol</type>
				<id>50</id>
				<onleft>2</onleft>
				<onright>2</onright>
				<width>590</width>		
				<posX>686</posX>
				<posY>317</posY>
				<height>390</height>
				<textXOff>0</textXOff>
				<!-- Spin Controls -->
				<spinWidth>50</spinWidth>
				<spinHeight>37</spinHeight>
				<spinPosX>1175</spinPosX>
				<spinPosY>681</spinPosY>
				<spinAlign>Right</spinAlign>
				<spinColor>ff006698</spinColor>
				<textureUp>arrow_round_up_nofocus.png</textureUp>
				<textureDown>arrow_round_down_nofocus.png</textureDown>
				<textureUpFocus>arrow_round_up_focus.png</textureUpFocus>
				<textureDownFocus>arrow_round_down_focus.png</textureDownFocus>	
			</control>
			<control>
				<visible>control.isvisible(50)</visible>
				<description>Filmstrip view</description>
				<type>filmstrip</type>
				<id>50</id>
				<onup>2</onup>
				<posX>12</posX>
				<posY>480</posY>
				<width>1280</width>
				<height>220</height>
				<scrollOffset>4</scrollOffset>
				<itemWidth>142</itemWidth>
				<itemHeight>156</itemHeight>
				<textureWidth>120</textureWidth>
				<textureHeight>170</textureHeight>
				<thumbWidth>106</thumbWidth>
				<thumbHeight>156</thumbHeight>
				<thumbPosX>7</thumbPosX>
				<thumbPosY>7</thumbPosY>
				<thumbs flipY="true" diffuse="diffusemirrorwide.png" />
				<InfoImage></InfoImage>
				<imageFolder>-</imageFolder>
				<imageFolderFocus>thumbborder.png</imageFolderFocus>
				<frame>-</frame>
				<frameFocus>-</frameFocus>
				<showFrame>no</showFrame>
				<showFolder>yes</showFolder>
				<showBackGround>no</showBackGround>
				<showInfoImage>no</showInfoImage>
				<thumbAnimation effect="zoom" start="100,100" end="120,120" tween="quadratic" time="0">focus</thumbAnimation>
				<!-- Spin Controls -->
				<spinWidth>50</spinWidth>
				<spinHeight>37</spinHeight>
				<spinPosX>1175</spinPosX>
				<spinPosY>681</spinPosY>
				<spinAlign>Right</spinAlign>
				<spinColor>ff006698</spinColor>
				<textureUp>arrow_round_up_nofocus.png</textureUp>
				<textureDown>arrow_round_down_nofocus.png</textureDown>
				<textureUpFocus>arrow_round_up_focus.png</textureUpFocus>
				<textureDownFocus>arrow_round_down_focus.png</textureDownFocus>	
			</control>
			<control>
				<description>Thumbnail Panel</description>
				<type>thumbnailpanel</type>
				<id>50</id>
				<onleft>2</onleft>
				<onright>2</onright>
				<posX>50</posX>
				<posY>230</posY>
				<width>1200</width>
				<height>480</height>
				<!-- Small Icons 0.66 aspect ratio -->
				<itemWidth>100</itemWidth>
				<itemHeight>145</itemHeight>
				<textureWidth>100</textureWidth>
				<textureHeight>144</textureHeight>
				<thumbWidth>90</thumbWidth>
				<thumbHeight>135</thumbHeight>
				<thumbPosX>5</thumbPosX>
				<thumbPosY>5</thumbPosY>
				<!-- Large Icons 0.66 aspect ratio -->
				<textureWidthBig>148</textureWidthBig>
				<textureHeightBig>217</textureHeightBig>
				<itemWidthBig>147</itemWidthBig>
				<itemHeightBig>215</itemHeightBig>
				<thumbWidthBig>132</thumbWidthBig>
				<thumbHeightBig>200</thumbHeightBig>
				<thumbPosXBig>8</thumbPosXBig>
				<thumbPosYBig>8</thumbPosYBig>
				<imageFolderFocus>thumbborder3.png</imageFolderFocus>
				<font>font12</font>
				<suffix>|</suffix>
				<thumbZoom>yes</thumbZoom>
				<enableFocusZoom>no</enableFocusZoom>
				<!-- Spin Controls -->
				<spinWidth>50</spinWidth>
				<spinHeight>37</spinHeight>
				<spinPosX>1175</spinPosX>
				<spinPosY>681</spinPosY>
				<spinAlign>Right</spinAlign>
				<spinColor>ff006698</spinColor>
				<textureUp>arrow_round_up_nofocus.png</textureUp>
				<textureDown>arrow_round_down_nofocus.png</textureDown>
				<textureUpFocus>arrow_round_up_focus.png</textureUpFocus>
				<textureDownFocus>arrow_round_down_focus.png</textureDownFocus>	
			</control>
		</control>
	</controls>
</window>

<!--<control>
				  <description>Filmstrip view</description>
				  <type>filmstrip</type>
				  <id>50</id>
				  <posX>15</posX>
				  <posY>265</posY>
				  <width>1250</width>
                  <scrollOffset>3</scrollOffset>
				  <onup>2</onup>
				  <onleft>2</onleft>
				  <onright>2</onright>				  
				  <spinPosY>630</spinPosY>
				  <spinPosX>1218</spinPosX>
				  <thumbWidth>243</thumbWidth>
				  <thumbHeight>360</thumbHeight>
				  <thumbPosX>13</thumbPosX>
				  <thumbPosY>11</thumbPosY>
				  <itemWidth>245</itemWidth>
				  <itemHeight>360</itemHeight>
				  <textureWidth>275</textureWidth>
				  <textureHeight>395</textureHeight>
				  <imageFolderFocus>Framefocus.png</imageFolderFocus>
				  <frame>-</frame>
				  <frameFocus>video_filmstrip_frame.png</frameFocus>
				  <background>Coverbig.png</background>
				  <thumbs flipY="true" diffuse="Thumb_Mask.png">
				  </thumbs>
				  <InfoImage flipY="true" diffuse="Thumb_Mask.png">
				  </InfoImage>
				  <showFrame>yes</showFrame>
				  <showFolder>no</showFolder>
				  <showBackGround>no</showBackGround>
				  <showInfoImage>no</showInfoImage>
				  <thumbAnimation effect="zoom" start="100,100" end="115,115" time="200">focus</thumbAnimation>
				  <thumbAnimation effect="zoom" start="115,115" end="100,100" time="200">unfocus</thumbAnimation>
				</control>	-->