﻿<?xml version="1.0" encoding="utf-8"?>
<window>
  <controls>
    <!-- Artwork -->
    <control>
      <description>Cover Art</description>
      <type>image</type>
      <id>61</id>
      <posX>70</posX>
      <posY>463</posY>
      <width>385</width>
      <height>570</height>
      <texture flipY="true" diffuse="diffusemirrorwide.png">#st_poster</texture>
      <visible>control.isvisible(24)</visible>
    </control>
    <control>
      <description>Rounded cover edges</description>
      <type>image</type>
      <id>62</id>
      <posX>37</posX>
      <posY>438</posY>
      <width>445</width>
      <height>621</height>
      <texture>#StreamedMP.RoundedPosters.Image</texture>
      <visible>control.isvisible(24)+Control.HasThumb(61)</visible>
    </control>
    <control>
      <description>Cover Art Glass Overlay</description>
      <type>image</type>
      <id>0</id>
      <posX>70</posX>
      <posY>463</posY>
      <width>342</width>
      <height>265</height>
      <texture>glassoverlay2.png</texture>
      <visible>control.isvisible(24)+Control.HasThumb(61)+!Control.HasThumb(62)</visible>
    </control>
    <!-- Details Box -->
    <control>
      <description>Details Background</description>
      <type>image</type>
      <id>0</id>
      <posX>510</posX>
      <posY>570</posY>
      <width>1344</width>
      <height>505</height>
      <texture>detailsbg.png</texture>
      <visible>control.isvisible(24)</visible>
    </control>
    <control>
      <description>Movie Title</description>
      <type>label</type>
      <id>0</id>
      <posX>543</posX>
      <posY>603</posY>
      <width>855</width>
      <font>mediastream14tc</font>
      <label>#st_title</label>
      <textcolor>ffFFFFFF</textcolor>
      <visible>control.isvisible(24)</visible>
    </control>
    <control>
      <description>Genres</description>
      <type>label</type>
      <label>#st_genre</label>
      <id>0</id>
      <posX>544</posX>
      <posY>637</posY>
      <width>830</width>
      <font>mediastream11c</font>
      <textcolor>ff909090</textcolor>
      <visible>control.isvisible(24)</visible>
    </control>
    <control>
      <description>Star Rating Image</description>
      <type>imagelist</type>
      <id>0</id>
      <width>172</width>
      <height>33</height>
      <posX>544</posX>
      <posY>675</posY>
      <align>left</align>
      <textureWidth>36</textureWidth>
      <textureHeight>36</textureHeight>
      <subitems>
        <subitem>starwhitehollow.png</subitem>
        <subitem>starwhite.png</subitem>
      </subitems>
      <orientation>horizontal</orientation>
      <align>left</align>
      <imagesToDraw>5</imagesToDraw>
      <percentage>#st_userrating</percentage>
      <visible>control.isvisible(24)</visible>
    </control>
    <control>
      <description>Star Rating Value</description>
      <id>0</id>
      <type>label</type>
      <label>#(string.format('{0:0.0} / 10', cflt(#st_userrating)))</label>
      <posX>735</posX>
      <posY>675</posY>
      <width>300</width>
      <align>left</align>
      <font>mediastream11c</font>
      <shadowAngle>45</shadowAngle>
      <shadowDistance>3</shadowDistance>
      <shadowColor>ff222222</shadowColor>
      <visible>control.isvisible(24)</visible>
    </control>
    <control>
      <description>Summary</description>
      <type>textboxscrollup</type>
      <id>0</id>
      <posX>544</posX>
      <posY>720</posY>
      <width>1290</width>
      <height>150</height>
      <textcolor>ffFFFFFF</textcolor>
      <seperator>-----------------------------------------------------------------------------------</seperator>
      <font>mediastream11</font>
      <label>#st_plot</label>
      <scrollStartDelaySec>15</scrollStartDelaySec>
      <visible>control.isvisible(24)+[string.equals(#st_theater,)|string.contains(#st_theater,st_theater)]</visible>
    </control>
    <control>
      <description>Summary + Theatre Times</description>
      <type>textboxscrollup</type>
      <id>0</id>
      <posX>544</posX>
      <posY>720</posY>
      <width>1290</width>
      <height>150</height>
      <textcolor>ffFFFFFF</textcolor>
      <seperator>-----------------------------------------------------------------------------------</seperator>
      <font>mediastream11</font>
      <label>#st_theater
#st_moviedate
#st_showtimes
#st_plot</label>
      <scrollStartDelaySec>15</scrollStartDelaySec>
      <visible>control.isvisible(24)+!string.equals(#st_theater,)+!string.contains(#st_theater,st_theater)</visible>
    </control>
    <control>
      <description>Director Label</description>
      <type>label</type>
      <label>#StreamedMP.Director</label>
      <id>0</id>
      <posX>544</posX>
      <posY>912</posY>
      <width>180</width>
      <font>mediastream11c</font>
      <textcolor>ff909090</textcolor>
      <visible>control.isvisible(24)</visible>
    </control>
    <control>
      <description>Director</description>
      <type>label</type>
      <label>#st_director</label>
      <id>0</id>
      <posX>732</posX>
      <posY>912</posY>
      <width>555</width>
      <font>mediastream11c</font>
      <textcolor>ffFFFFFF</textcolor>
      <visible>control.isvisible(24)</visible>
    </control>
    <control>
      <description>MPAA Rating Label</description>
      <type>label</type>
      <label>MPAA</label>
      <id>0</id>
      <posX>544</posX>
      <posY>876</posY>
      <width>180</width>
      <font>mediastream11c</font>
      <textcolor>ff909090</textcolor>
      <visible>control.isvisible(24)</visible>
    </control>
    <control>
      <description>MPAA Rating</description>
      <type>label</type>
      <label>#st_rating</label>
      <id>0</id>
      <posX>732</posX>
      <posY>876</posY>
      <width>555</width>
      <font>mediastream11c</font>
      <textcolor>ffFFFFFF</textcolor>
      <visible>control.isvisible(24)</visible>
    </control>
    <control>
      <description>Actors Label</description>
      <type>label</type>
      <label>344</label>
      <id>0</id>
      <posX>544</posX>
      <posY>948</posY>
      <width>180</width>
      <font>mediastream11c</font>
      <textcolor>ff909090</textcolor>
      <visible>control.isvisible(24)</visible>
    </control>
    <control>
      <description>Actors</description>
      <type>fadelabel</type>
      <label>#st_starring</label>
      <id>0</id>
      <posX>732</posX>
      <posY>948</posY>
      <width>1059</width>
      <font>mediastream11c</font>
      <textcolor>ffFFFFFF</textcolor>
      <visible>control.isvisible(24)</visible>
    </control>
    <control>
      <description>Release Date Label</description>
      <type>label</type>
      <label>#StreamedMP.ReleaseDate</label>
      <id>0</id>
      <posX>1620</posX>
      <posY>876</posY>
      <width>1260</width>
      <align>right</align>
      <font>mediastream11c</font>
      <textcolor>ff909090</textcolor>
      <visible>control.isvisible(24)</visible>
    </control>
    <control>
      <description>Release Date</description>
      <type>label</type>
      <label>#st_releasedate</label>
      <id>0</id>
      <posX>1650</posX>
      <posY>876</posY>
      <width>225</width>
      <align>left</align>
      <font>mediastream11c</font>
      <textcolor>ffFFFFFF</textcolor>
      <visible>control.isvisible(24)</visible>
    </control>
    <control>
      <description>Runtime Label</description>
      <type>label</type>
      <label>#StreamedMP.Runtime</label>
      <id>0</id>
      <posX>1620</posX>
      <posY>912</posY>
      <width>1260</width>
      <align>right</align>
      <font>mediastream11c</font>
      <textcolor>ff909090</textcolor>
      <visible>control.isvisible(24)</visible>
    </control>
    <control>
      <description>Runtime</description>
      <type>label</type>
      <label>#st_runtime</label>
      <id>0</id>
      <posX>1650</posX>
      <posY>912</posY>
      <width>330</width>
      <align>left</align>
      <font>mediastream11c</font>
      <textcolor>ffFFFFFF</textcolor>
      <visible>control.isvisible(24)</visible>
    </control>
    <control>
      <description>MPAA Rating Image</description>
      <type>image</type>
      <id>0</id>
      <posX>1425</posX>
      <posY>600</posY>
      <width>388</width>
      <height>85</height>
      <texture>Logos\Certification\#st_rating.png</texture>
      <visible>control.isvisible(24)</visible>
    </control>
    <!-- Detail Buttons -->
    <control>
      <type>group</type>
      <description>group element</description>
      <posX>1512</posX>
      <posY>270</posY>
      <layout>StackLayout</layout>
      <visible>control.isvisible(24)</visible>
      <animation effect="fade" time="250">WindowOpen</animation>
      <animation effect="fade" time="250">WindowClose</animation>
      <control>
        <description>Show Times</description>
        <type>button</type>
        <id>40</id>
        <label>Show Times</label>
        <onup>17</onup>
        <ondown>41</ondown>
        <onright>40</onright>
        <onleft>40</onleft>
        <textcolor>ffffffff</textcolor>
        <textcolorNoFocus>bfffffff</textcolorNoFocus>
        <font>mediastream12tc</font>
        <width>375</width>
        <height>60</height>
        <textYOff>12</textYOff>
        <textXOff>30</textXOff>
        <textureFocus>tv_button_focus.png</textureFocus>
        <textureNoFocus>tv_button_ no_focus.png</textureNoFocus>
      </control>
      <control>
        <description>Play Trailer</description>
        <type>button</type>
        <id>41</id>
        <label>Play Trailer</label>
        <onup>40</onup>
        <ondown>97258</ondown>
        <onright>41</onright>
        <onleft>41</onleft>
        <textcolor>ffffffff</textcolor>
        <textcolorNoFocus>bfffffff</textcolorNoFocus>
        <font>mediastream12tc</font>
        <width>375</width>
        <height>60</height>
        <textYOff>12</textYOff>
        <textXOff>30</textXOff>
        <textureFocus>tv_button_focus.png</textureFocus>
        <textureNoFocus>tv_button_ no_focus.png</textureNoFocus>
      </control>
      <control>
        <description>Add to Trakt Movie Watch List</description>
        <type>button</type>
        <id>97258</id>
        <label>#Trakt.Translation.AddToWatchList.Label</label>
        <onup>41</onup>
        <ondown>42</ondown>
        <onright>97258</onright>
        <onleft>97258</onleft>
        <textcolor>ffffffff</textcolor>
        <textcolorNoFocus>bfffffff</textcolorNoFocus>
        <font>mediastream12tc</font>
        <width>375</width>
        <height>60</height>
        <textYOff>12</textYOff>
        <textXOff>30</textXOff>
        <scrollStartDelaySec>1</scrollStartDelaySec>
        <scrollWrapString>|</scrollWrapString>
        <textureFocus>tv_button_focus.png</textureFocus>
        <textureNoFocus>tv_button_ no_focus.png</textureNoFocus>
        <visible>control.isvisible(24)+plugin.isenabled(Trakt)</visible>
      </control>
      <control>
        <description>Next</description>
        <type>button</type>
        <id>42</id>
        <label>Next</label>
        <onup>97258</onup>
        <ondown>43</ondown>
        <onright>42</onright>
        <onleft>42</onleft>
        <textcolor>ffffffff</textcolor>
        <textcolorNoFocus>bfffffff</textcolorNoFocus>
        <font>mediastream12tc</font>
        <width>375</width>
        <height>60</height>
        <textYOff>12</textYOff>
        <textXOff>30</textXOff>
        <textureFocus>tv_button_focus.png</textureFocus>
        <textureNoFocus>tv_button_ no_focus.png</textureNoFocus>
      </control>
      <control>
        <description>Previous</description>
        <type>button</type>
        <id>43</id>
        <label>Previous</label>
        <onup>42</onup>
        <ondown>40</ondown>
        <onright>43</onright>
        <onleft>43</onleft>
        <textcolor>ffffffff</textcolor>
        <textcolorNoFocus>bfffffff</textcolorNoFocus>
        <font>mediastream12tc</font>
        <width>375</width>
        <height>60</height>
        <textYOff>12</textYOff>
        <textXOff>30</textXOff>
        <textureFocus>tv_button_focus.png</textureFocus>
        <textureNoFocus>tv_button_ no_focus.png</textureNoFocus>
      </control>
    </control>
  </controls>
</window>
<!--Checksum:6cbfb3c0aabc2ca70f79718160dab097-->