<?xml version="1.0" encoding="utf-8"?>
<window>
  <controls>
    
    <!-- *** Index Item List *** -->
    <control>
      <description>listcontrol</description>
      <type>listcontrol</type>
      <id>100</id>
      <posX>310</posX>
      <posY>270</posY>
      <width>920</width>
      <height>450</height>
      <onleft>2</onleft>
      <onright>2</onright>
      <font>font12</font>
      <textXOff>0</textXOff>
      <itemWidth>25</itemWidth>
      <itemHeight>25</itemHeight>
      <IconXOff>0</IconXOff>
      <IconYOff>8</IconYOff>
      <spinPosX>1175</spinPosX>
      <spinPosY>681</spinPosY>
      <spinAlign>Right</spinAlign>
      <spinColor>ff006698</spinColor>
      <textureUp>arrow_round_up_nofocus.png</textureUp>
      <textureDown>arrow_round_down_nofocus.png</textureDown>
      <textureUpFocus>arrow_round_up_focus.png</textureUpFocus>
      <textureDownFocus>arrow_round_down_focus.png</textureDownFocus>
      <spinWidth>50</spinWidth>
      <spinHeight>37</spinHeight>
      <animation effect="fade" time="300">WindowOpen</animation>
      <animation effect="fade" time="300">WindowClose</animation>
    </control>
    
  </controls>
</window>
<!--Checksum:bb0cd6aca0e086ffc5184d804bf94617-->