﻿<?xml version="1.0" encoding="utf-8"?>
<window>
  <id>196201</id>
  <defaultcontrol>2</defaultcontrol>
  <allowoverlay>no</allowoverlay>
  <define>#header.label:#StreamedMP.SkinSettings - Music</define>
  <define>#header.hover:hover_settings.png</define>
  <define>#defaultcontrol:2</define>
  <define>#defaultcontrol.onright:9999</define>
  <controls>
    <import>common.settings.xml</import>
    <import>common.time.xml</import>
    <control>
      <type>group</type>
      <description>group element</description>
      <animation effect="fade" time="200" delay="200">windowopen</animation>
      <posX>251</posX>
      <posY>90</posY>
      <width>595</width>
      <height>500</height>
      <layout>StackLayout</layout>
      <control Style="settingsmaintogglebutton">
        <description>CD Cover Obly in Now Playing</description>
        <type>togglebutton</type>
        <id>2</id>
        <onleft>2</onleft>
        <onright>#defaultcontrol.onright</onright>
        <onup>17</onup>
        <ondown>3</ondown>
      </control>
      <control Style="settingsmaintogglebutton">
        <description>Display default EQ Graphic</description>
        <type>togglebutton</type>
        <id>3</id>
        <onleft>3</onleft>
        <onright>#defaultcontrol.onright</onright>
        <onup>2</onup>
        <ondown>4</ondown>
      </control>
    </control>
    <control>
      <description>Now Playing Option BG</description>
      <type>image</type>
      <id>0</id>
      <posX>214</posX>
      <posY>195</posY>
      <width>617</width>
      <height>365</height>
      <texture>subsearchbg.png</texture>
      <colordiffuse>99ffffff</colordiffuse>
    </control>
    <control>
      <description>Now Playing Preview Boarder</description>
      <type>image</type>
      <id>0</id>
      <posX>225</posX>
      <posY>260</posY>
      <width>411</width>
      <height>235</height>
      <texture>previewmask.png</texture>
      <colordiffuse>99ffffff</colordiffuse>
    </control>
    <control>
      <description>NowPlaying Style0</description>
      <type>checkmark</type>
      <id>4</id>
      <onleft>4</onleft>
      <onright>#defaultcontrol.onright</onright>
      <onup>3</onup>
      <ondown>5</ondown>
      <width>150</width>
      <font>mediastream10c</font>
      <posX>650</posX>
      <posY>270</posY>
    </control>
    <control>
      <description>NowPlaying Style1</description>
      <type>checkmark</type>
      <id>5</id>
      <onleft>5</onleft>
      <onright>#defaultcontrol.onright</onright>
      <onup>4</onup>
      <ondown>6</ondown>
      <width>150</width>
      <posX>650</posX>
      <posY>295</posY>
      <font>mediastream10c</font>
    </control>
    <control>
      <description>NowPlaying Style2</description>
      <type>checkmark</type>
      <id>6</id>
      <onleft>6</onleft>
      <onright>#defaultcontrol.onright</onright>
      <onup>5</onup>
      <ondown>7</ondown>
      <width>150</width>
      <posX>650</posX>
      <posY>320</posY>
      <font>mediastream10c</font>
    </control>
    <control>
      <description>NowPlaying Style3</description>
      <type>checkmark</type>
      <id>7</id>
      <onleft>7</onleft>
      <onright>#defaultcontrol.onright</onright>
      <onup>6</onup>
      <ondown>8</ondown>
      <width>150</width>
      <font>mediastream10c</font>
      <posX>650</posX>
      <posY>345</posY>
    </control>
    <control>
      <description>NowPlaying Style4</description>
      <type>checkmark</type>
      <id>8</id>
      <onleft>8</onleft>
      <onright>#defaultcontrol.onright</onright>
      <onup>7</onup>
      <ondown>9</ondown>
      <width>150</width>
      <font>mediastream10c</font>
      <posX>650</posX>
      <posY>370</posY>
    </control>
    <control>
      <description>NowPlaying Style5</description>
      <type>checkmark</type>
      <id>9</id>
      <onleft>9</onleft>
      <onright>#defaultcontrol.onright</onright>
      <onup>8</onup>
      <ondown>10</ondown>
      <width>150</width>
      <font>mediastream10c</font>
      <posX>650</posX>
      <posY>395</posY>
    </control>
    <control>
      <description>NowPlaying Style6</description>
      <type>checkmark</type>
      <id>10</id>
      <onleft>10</onleft>
      <onright>#defaultcontrol.onright</onright>
      <onup>9</onup>
      <ondown>11</ondown>
      <width>150</width>
      <font>mediastream10c</font>
      <posX>650</posX>
      <posY>420</posY>
    </control>
    <control>
      <description>NowPlaying Style7</description>
      <type>checkmark</type>
      <id>11</id>
      <onleft>11</onleft>
      <onright>#defaultcontrol.onright</onright>
      <onup>10</onup>
      <ondown>12</ondown>
      <width>150</width>
      <font>mediastream10c</font>
      <posX>650</posX>
      <posY>445</posY>
    </control>
    <control>
      <description>NowPlying Style8</description>
      <type>checkmark</type>
      <id>12</id>
      <onleft>12</onleft>
      <onright>#defaultcontrol.onright</onright>
      <onup>11</onup>
      <ondown>4</ondown>
      <width>150</width>
      <font>mediastream10c</font>
      <posX>650</posX>
      <posY>470</posY>
    </control>
    <control>
      <type>label</type>
      <posX>520</posX>
      <posY>230</posY>
      <label>#StreamedMP.NowPlayingStyles</label>
      <font>mediastream14c</font>
      <align>center</align>
    </control>
    <control>
      <description>Now Playing Preview</description>
      <id>0</id>
      <type>image</type>
      <posX>230</posX>
      <posY>265</posY>
      <width>400</width>
      <height>225</height>
      <texture>#StreamedMP.NowPlayingPreview.jpg</texture>
    </control>
  </controls>
</window>
<!--Checksum:2acec332badc4efc3372bb8c6dc82ceb-->