﻿<?xml version="1.0" encoding="utf-8"?>
<window>
  <id>196200</id>
  <defaultcontrol>40</defaultcontrol>
  <allowoverlay>no</allowoverlay>
  <rememberLastFocusedControl>yes</rememberLastFocusedControl>
  <define>#header.label:#StreamedMP.SkinSettings</define>
  <define>#header.hover:hover_settings.png</define>
  <define>#defaultcontrol:40</define>
  <define>#defaultcontrol.onright:9999</define>
  <controls>
    <import>common.settings.xml</import>
    <import>common.time.xml</import>
    <control>
      <type>group</type>
      <description>group element</description>
      <animation effect="fade" time="200" delay="200">windowopen</animation>
      <posX>324</posX>
      <posY>225</posY>
      <width>892</width>
      <height>750</height>
      <layout>StackLayout</layout>
      <control Style="settingsmainbutton">
        <type>button</type>
        <description>Music Screen Options</description>
        <id>40</id>
        <label>-</label>
        <onup>47</onup>
        <textXOff>52</textXOff>
        <onright>#defaultcontrol.onright</onright>
      </control>
      <control Style="settingsmainbutton">
        <description>Video Settings</description>
        <type>button</type>
        <id>41</id>
        <label>-</label>
        <textXOff>52</textXOff>
        <onright>#defaultcontrol.onright</onright>
      </control>
      <control Style="settingsmainbutton">
        <description>Misc Screen Settings</description>
        <type>button</type>
        <id>42</id>
        <label>-</label>
        <textXOff>52</textXOff>
        <onright>#defaultcontrol.onright</onright>
      </control>
      <control Style="settingsmainbutton">
        <description>TVSeries Settings</description>
        <type>button</type>
        <id>44</id>
        <label>-</label>
        <textXOff>52</textXOff>
        <onright>#defaultcontrol.onright</onright>
      </control>
      <control Style="settingsmainbutton">
        <description>MovingPictures Settings</description>
        <type>button</type>
        <id>45</id>
        <label>-</label>
        <textXOff>52</textXOff>
        <onright>#defaultcontrol.onright</onright>
      </control>
      <control Style="settingsmainbutton">
        <description>TV Settings</description>
        <type>button</type>
        <id>46</id>
        <label>-</label>
        <textXOff>52</textXOff>
        <onright>#defaultcontrol.onright</onright>
      </control>
      <control Style="settingsmainbutton">
        <description>Skin Update</description>
        <type>button</type>
        <id>43</id>
        <label>-</label>
        <textXOff>52</textXOff>
        <onright>#defaultcontrol.onright</onright>
      </control>
      <control Style="settingsmainbutton">
        <description>Skin Info</description>
        <type>button</type>
        <id>47</id>
        <label>-</label>
        <textXOff>52</textXOff>
        <onright>#defaultcontrol.onright</onright>
        <ondown>40</ondown>
      </control>
    </control>
    <control>
      <description>Update Indicator</description>
      <type>image</type>
      <id>0</id>
      <posX>1050</posX>
      <posY>606</posY>
      <width>48</width>
      <height>48</height>
      <texture>isupdate.png</texture>
      <visible>string.equals(#StreamedMP.ShowSettingsUpdateInd,true)</visible>
			<animation effect="fade" time="200" delay="200">windowopen</animation>
    </control>
  </controls>
</window>
<!--Checksum:a608074bad51a4a9f9bbfd556925ce37-->