﻿<?xml version="1.0" encoding="utf-8" standalone="yes"?>
<window>
  <controls>
    <control>
      <type>label</type>
      <posX>757</posX>
      <width>457</width>
      <align>left</align>
      <label>StreamedMP v3.0.1.3458</label>
      <textcolor>ffffff</textcolor>
      <colordiffuse>40ffffff</colordiffuse>
      <font>mediastream12tc</font>
      <visible>Control.HasFocus(7888)|Control.HasFocus(7999)|Control.HasFocus(7777)</visible>
    </control>
  </controls>
</window>
<!--Checksum:2accc9828845666911f9d5b35ff5a303-->