﻿<?xml version="1.0" encoding="utf-8"?>
<window>
  <id>11898</id>
  <defaultcontrol>3</defaultcontrol>
  <allowoverlay>no</allowoverlay>
  <controls>
    <control>
      <type>image</type>
      <id>0</id>
      <width>1920</width>
      <height>1080</height>
      <texture>black.png</texture>
      <colordiffuse>90ffffff</colordiffuse>
      <animation effect="fade" time="200">windowopen</animation>
      <animation effect="fade" time="400">windowclose</animation>
    </control>
    <control>
      <type>image</type>
      <id>0</id>
      <posX>150</posX>
      <posY>150</posY>
      <width>1152</width>
      <height>55</height>
      <texture>dialogmenutop.png</texture>
      <animation effect="fade" time="200">windowopen</animation>
      <animation effect="fade" time="400">windowclose</animation>
    </control>
    <control>
      <type>image</type>
      <id>0</id>
      <posX>150</posX>
      <posY>205</posY>
      <width>1152</width>
      <height>649</height>
      <texture>dialogmenumiddle.png</texture>
      <animation effect="fade" time="200">windowopen</animation>
      <animation effect="fade" time="400">windowclose</animation>
    </control>
    <control>
      <type>image</type>
      <id>0</id>
      <posX>150</posX>
      <posY>854</posY>
      <width>1152</width>
      <height>18</height>
      <texture>dialogmenubottom.png</texture>
      <animation effect="fade" time="200">windowopen</animation>
      <animation effect="fade" time="400">windowclose</animation>
    </control>
    <control>
      <description>Main Menu Heading</description>
      <type>label</type>
      <id>5</id>
      <posX>150</posX>
      <posY>180</posY>
      <width>1152</width>
      <label>-</label>
      <font>mediastream12tc</font>
      <textcolor>White</textcolor>
      <align>center</align>
      <animation effect="fade" time="200">windowopen</animation>
      <animation effect="fade" time="400">windowclose</animation>
    </control>
    <control>
      <description>Heading text label</description>
      <type>label</type>
      <id>4</id>
      <posX>166</posX>
      <posY>214</posY>
      <width>1130</width>
      <label>181</label>
      <font>mediastream11c</font>
      <align>left</align>
      <textcolor>FF025984</textcolor>
      <animation effect="fade" time="200">windowopen</animation>
      <animation effect="fade" time="400">windowclose</animation>
    </control>
    <control>
      <description>Exit button</description>
      <type>button</type>
      <id>2</id>
      <posX>1250</posX>
      <posY>172</posY>
      <width>37</width>
      <height>37</height>
      <textureFocus>button_close_focus.png</textureFocus>
      <textureNoFocus>button_close_nofocus.png</textureNoFocus>
      <label>-</label>
      <onleft>3</onleft>
      <onright>3</onright>
      <onup>3</onup>
      <ondown>3</ondown>
      <animation effect="fade" time="200">windowopen</animation>
      <animation effect="fade" time="400">windowclose</animation>
    </control>
    <control>
      <description>options listcontrol</description>
      <type>listcontrol</type>
      <id>3</id>
      <posX>153</posX>
      <posY>255</posY>
      <width>1143</width>
      <height>615</height>
      <onleft>2</onleft>
      <onright>2</onright>
      <font2>mediastream12c</font2>
      <textXOff2>1125</textXOff2>
      <textYOff2>7</textYOff2>
      <spinPosX>4309</spinPosX>
      <spinPosY>3742</spinPosY>
      <textXOff>15</textXOff>
      <textYOff>7</textYOff>
      <PinIconXOff>64</PinIconXOff>
      <PinIconYOff>22</PinIconYOff>
      <PinIconWidth>15</PinIconWidth>
      <PinIconHeight>37</PinIconHeight>
      <textureFocus>dialogmenubutton.png</textureFocus>
      <textureNoFocus>-</textureNoFocus>
      <keepaspectratio>yes</keepaspectratio>
      <itemHeight>51</itemHeight>
      <itemWidth>51</itemWidth>
      <IconXOff>7</IconXOff>
      <IconYOff>4</IconYOff>
      <spaceBetweenItems>0</spaceBetweenItems>
      <spinPosX>1280</spinPosX>
      <spinPosY>830</spinPosY>
      <spinAlign>Right</spinAlign>
      <spinColor>ff006698</spinColor>
      <animation effect="fade" time="200">windowopen</animation>
      <animation effect="fade" time="400">windowclose</animation>
    </control>
  </controls>
</window>
<!--Checksum:d675e8ac740469ac24ef3c73b2cce525-->