﻿<?xml version="1.0" encoding="utf-8" standalone="yes"?>
<window>
  <id>87274</id>
  <defaultcontrol>2</defaultcontrol>
  <allowoverlay>no</allowoverlay>
  <define>#header.label:#Trakt.Translation.GeneralSettings.Label</define>
  <define>#header.hover:hover_trakt.png</define>
  <define>#defaultcontrol:2</define>
  <define>#defaultcontrol.onright:9997</define>
  <controls>
    <import>Trakt.Common.xml</import>
    <import>common.time.xml</import>
    <control>
      <type>group</type>
      <description>group element</description>
      <animation effect="fade" time="200" delay="200">windowopen</animation>
      <posX>331</posX>
      <posY>225</posY>
      <width>892</width>
      <height>750</height>
      <layout>StackLayout</layout>
      <control Style="settingsmaincheckbutton">
        <description>Download Fanart</description>
        <type>checkbutton</type>
        <id>2</id>
        <label>#Trakt.Translation.DownloadFanart.Label</label>
        <onleft>2</onleft>
        <textXOff>37</textXOff>
        <onright>#defaultcontrol.onright</onright>
        <onup>8</onup>
      </control>
      <control Style="settingsmaincheckbutton">
        <description>Download FullSize Fanart</description>
        <type>checkbutton</type>
        <id>3</id>
        <label>#Trakt.Translation.DownloadFullSizeFanart.Label</label>
        <textXOff>37</textXOff>
        <onleft>3</onleft>
        <onright>#defaultcontrol.onright</onright>
      </control>
      <control Style="settingsmaincheckbutton">
        <description>Get Friend Requests on Startup</description>
        <type>checkbutton</type>
        <id>4</id>
        <label>#Trakt.Translation.GetFollowerRequestsOnStartup.Label</label>
        <textXOff>37</textXOff>
        <onleft>4</onleft>
        <onright>#defaultcontrol.onright</onright>
      </control>
      <control Style="settingsmaincheckbutton">
        <description>Create Moving Pictures Categories</description>
        <type>checkbutton</type>
        <id>5</id>
        <label>#Trakt.Translation.CreateMovingPicturesCategories.Label</label>
        <textXOff>37</textXOff>
        <onleft>5</onleft>
        <onright>#defaultcontrol.onright</onright>
      </control>
      <control Style="settingsmaincheckbutton">
        <description>Create Moving Pictures Filters</description>
        <type>checkbutton</type>
        <id>6</id>
        <label>#Trakt.Translation.CreateMovingPicturesFilters.Label</label>
        <textXOff>37</textXOff>
        <onleft>6</onleft>
        <onright>#defaultcontrol.onright</onright>
      </control>
      <control Style="settingsmaincheckbutton">
        <description>Create My Films Categories</description>
        <type>checkbutton</type>
        <id>9</id>
        <label>#Trakt.Translation.CreateMyFilmsCategories.Label</label>
        <textXOff>37</textXOff>
        <onleft>9</onleft>
        <onright>#defaultcontrol.onright</onright>
      </control>
      <control Style="settingsmaincheckbutton">
        <description>Show Rate Dialog On Watched</description>
        <type>checkbutton</type>
        <id>7</id>
        <label>#Trakt.Translation.ShowRateDialogOnWatched.Label</label>
        <textXOff>37</textXOff>
        <onleft>7</onleft>
        <onright>#defaultcontrol.onright</onright>
      </control>
      <control Style="settingsmaincheckbutton">
        <description>Sync Ratings</description>
        <type>checkbutton</type>
        <id>8</id>
        <label>#Trakt.Translation.SettingSyncRatingsName.Label</label>
        <textXOff>37</textXOff>
        <onleft>8</onleft>
        <onright>#defaultcontrol.onright</onright>
        <ondown>2</ondown>
      </control>
    </control>
  </controls>
</window>
<!--Checksum:af89616cdfcc206ec798443a1c788a0b-->