﻿<?xml version="1.0" encoding="utf-8" standalone="yes"?>
<window>
  <id>87276</id>
  <defaultcontrol>50</defaultcontrol>
  <allowoverlay>no</allowoverlay>
  <define>#header.hover:hover_trakt.png</define>
  <define>#header.BG.colordiffuse:ffffffff</define>
  <define>#header.BG.overlay:mainoverlay.png</define>
  <define>#Fanart.1:#Trakt.List.Fanart.1</define>
  <define>#Fanart.2:#Trakt.List.Fanart.2</define>
  <controls>
    <control>
      <id>1</id>
      <description>Background Image</description>
      <type>image</type>
      <posX>0</posX>
      <posY>0</posY>
      <width>1920</width>
      <height>1080</height>
      <texture>#header.hover</texture>
      <colordiffuse>#header.BG.colordiffuse</colordiffuse>
      <animation effect="fade" time="300">WindowOpen</animation>
    </control>
    <import>Trakt.Common.Fanart.xml</import>
    <control>
      <id>1</id>
      <description>Overlay Image</description>
      <type>image</type>
      <posX>0</posX>
      <posY>0</posY>
      <width>1921</width>
      <height>1080</height>
      <texture>#header.BG.overlay</texture>
    </control>
    <control>
      <description>Top Title Extension Background</description>
      <type>image</type>
      <id>0</id>
      <posX>571</posX>
      <posY>16</posY>
      <width>579</width>
      <height>52</height>
      <texture>tvtitlebgshort.png</texture>
      <animation effect="fade" time="100" delay="0">visiblechange</animation>
      <animation effect="fade" time="150">WindowOpen</animation>
      <animation effect="fade" time="250">WindowClose</animation>
    </control>
    <control>
      <description>Current User</description>
      <type>label</type>
      <id>0</id>
      <posX>1108</posX>
      <posY>19</posY>
      <width>330</width>
      <font>mediastream12c</font>
      <label>#Trakt.List.Username</label>
      <align>right</align>
      <animation effect="fade" time="100" delay="0">visiblechange</animation>
      <animation effect="fade" time="150">WindowOpen</animation>
      <animation effect="fade" time="250">WindowClose</animation>
    </control>
    <control>
      <description>Title Background</description>
      <type>image</type>
      <id>0</id>
      <posX>115</posX>
      <posY>16</posY>
      <width>655</width>
      <height>52</height>
      <texture>tvtitlebg.png</texture>
      <animation effect="fade" time="150">WindowOpen</animation>
      <animation effect="fade" time="250">WindowClose</animation>
    </control>
    <control>
      <description>Current View</description>
      <type>fadelabel</type>
      <id>0</id>
      <posX>739</posX>
      <posY>19</posY>
      <width>525</width>
      <font>mediastream12c</font>
      <label>#Trakt.List.Name</label>
      <align>right</align>
      <animation effect="fade" time="150">WindowOpen</animation>
      <animation effect="fade" time="250">WindowClose</animation>
    </control>
    <control>
      <type>image</type>
      <id>0</id>
      <posX>0</posX>
      <posY>1012</posY>
      <width>1920</width>
      <height>70</height>
      <texture>imagestreamtitle.png</texture>
      <visible>!facadeview.filmstrip</visible>
      <animation effect="fade" time="150">WindowOpen</animation>
      <animation effect="fade" time="250">WindowClose</animation>
    </control>
    <!-- Facade Item Counts -->
    <control>
      <description>Item Count Background</description>
      <type>image</type>
      <id>0</id>
      <posX>1567</posX>
      <posY>19</posY>
      <width>333</width>
      <height>42</height>
      <texture>mediacountbg.png</texture>
      <animation effect="fade" time="250">WindowOpen</animation>
      <animation effect="fade" time="250">WindowClose</animation>
      <animation effect="slide" time="150" start="1200,0">WindowOpen</animation>
      <animation effect="slide" time="250" end="1200,0">WindowClose</animation>
    </control>
    <control>
      <description>Item Count Label</description>
      <type>label</type>
      <label>#Trakt.Translation.Items.Label</label>
      <id>0</id>
      <width>202</width>
      <posX>1585</posX>
      <posY>25</posY>
      <align>left</align>
      <font>mediastream10tc</font>
      <textcolor>ff909090</textcolor>
      <animation effect="fade" time="250">WindowOpen</animation>
      <animation effect="fade" time="250">WindowClose</animation>
      <animation effect="slide" time="150" start="1200,0">WindowOpen</animation>
      <animation effect="slide" time="250" end="1200,0">WindowClose</animation>
    </control>
    <control>
      <description>Item Count</description>
      <type>label</type>
      <label>#itemcount</label>
      <id>0</id>
      <posX>1855</posX>
      <posY>22</posY>
      <font>mediastream11c</font>
      <textcolor>ff006698</textcolor>
      <align>right</align>
      <animation effect="fade" time="250">WindowOpen</animation>
      <animation effect="fade" time="250">WindowClose</animation>
      <animation effect="slide" time="150" start="1200,0">WindowOpen</animation>
      <animation effect="slide" time="250" end="1200,0">WindowClose</animation>
    </control>
    <control>
      <description>Page Count Background</description>
      <type>image</type>
      <id>0</id>
      <posX>1519</posX>
      <posY>1026</posY>
      <width>390</width>
      <height>45</height>
      <texture>mediacountbg_Spin.png</texture>
      <visible>!facadeview.filmstrip</visible>
      <animation effect="fade" time="150">WindowOpen</animation>
      <animation effect="fade" time="250">WindowClose</animation>
      <animation effect="slide" time="150" start="1200,0">WindowOpen</animation>
      <animation effect="slide" time="250" end="1200,0">WindowClose</animation>
    </control>
    <control>
      <description>Page Count Label</description>
      <type>label</type>
      <label>30009</label>
      <id>0</id>
      <posX>1534</posX>
      <posY>1032</posY>
      <font>mediastream12tc</font>
      <textcolor>ff909090</textcolor>
      <visible>!facadeview.filmstrip</visible>
      <animation effect="fade" time="250">WindowOpen</animation>
      <animation effect="fade" time="250">WindowClose</animation>
      <animation effect="slide" time="150" start="1200,0">WindowOpen</animation>
      <animation effect="slide" time="250" end="1200,0">WindowClose</animation>
    </control>
    <control>
      <description>Selected item Label</description>
      <type>fadelabel</type>
      <id>1</id>
      <posX>37</posX>
      <posY>1026</posY>
      <width>1425</width>
      <font>mediastream16tc</font>
      <label>#selecteditem</label>
      <visible>!facadeview.filmstrip</visible>
      <animation effect="fade" time="150">WindowOpen</animation>
      <animation effect="fade" time="250">WindowClose</animation>
    </control>
    <control>
      <description>group element</description>
      <type>group</type>
      <animation effect="fade" time="150">WindowOpen</animation>
      <animation effect="fade" time="250">WindowClose</animation>
      <animation effect="slide" time="150" start="1800,0">WindowOpen</animation>
      <animation effect="slide" time="250" end="1800,0">WindowClose</animation>
      <control>
        <type>facadeview</type>
        <id>50</id>
        <animation effect="fade" time="250" delay="0">WindowClose</animation>
        <control>
          <description>listcontrol</description>
          <type>listcontrol</type>
          <id>50</id>
          <posX>1050</posX>
          <posY>360</posY>
          <height>720</height>
          <width>870</width>
          <onleft>2</onleft>
          <onright>2</onright>
          <scrollOffset>5</scrollOffset>
          <itemWidth>48</itemWidth>
          <itemHeight>48</itemHeight>
          <IconXOff>37</IconXOff>
          <IconYOff>6</IconYOff>
          <textXOff>37</textXOff>
          <textYOff>7</textYOff>
          <textXOff2>0</textXOff2>
          <textYOff2>7</textYOff2>
          <textXOff3>112</textXOff3>
          <textYOff3>15</textYOff3>
          <font>mediastream12c</font>
          <font2>mediastream10c</font2>
          <font3>mediastream12tc</font3>
          <keepaspectratio>yes</keepaspectratio>
          <spinPosX>1762</spinPosX>
          <spinPosY>1021</spinPosY>
          <spinAlign>Right</spinAlign>
          <spinColor>ff006698</spinColor>
          <textureUp>arrow_round_up_nofocus.png</textureUp>
          <textureDown>arrow_round_down_nofocus.png</textureDown>
          <textureUpFocus>arrow_round_up_focus.png</textureUpFocus>
          <textureDownFocus>arrow_round_down_focus.png</textureDownFocus>
          <spinWidth>75</spinWidth>
          <spinHeight>55</spinHeight>
          <suffix>|</suffix>
        </control>
        <control>
          <visible>control.isvisible(50)</visible>
          <description>Filmstrip</description>
          <type>filmstrip</type>
          <id>50</id>
          <onup>2</onup>
          <posX>60</posX>
          <posY>382</posY>
          <width>1920</width>
          <height>330</height>
          <scrollOffset>4</scrollOffset>
          <thumbWidth>345</thumbWidth>
          <thumbHeight>510</thumbHeight>
          <thumbPosX>6</thumbPosX>
          <thumbPosY>6</thumbPosY>
          <itemWidth>367</itemWidth>
          <itemHeight>277</itemHeight>
          <textureWidth>375</textureWidth>
          <textureHeight>228</textureHeight>
          <thumbPosX>10</thumbPosX>
          <thumbPosY>10</thumbPosY>
          <thumbs flipY="true" diffuse="diffusemirrorwide.png" />
          <InfoImage>
          </InfoImage>
          <imageFolder>-</imageFolder>
          <imageFolderFocus>-</imageFolderFocus>
          <frame>-</frame>
          <frameFocus>-</frameFocus>
          <showFrame>no</showFrame>
          <showFolder>yes</showFolder>
          <showBackGround>no</showBackGround>
          <showInfoImage>no</showInfoImage>
          <thumbAnimation effect="zoom" start="100,100" end="120,120" tween="quadratic" time="0">focus</thumbAnimation>
          <!-- Spin Controls -->
          <spinWidth>75</spinWidth>
          <spinHeight>55</spinHeight>
          <spinPosX>877</spinPosX>
          <spinPosY>1027</spinPosY>
          <spinAlign>center</spinAlign>
          <spinColor>ff006698</spinColor>
          <textureUp>arrow_round_up_nofocus.png</textureUp>
          <textureDown>arrow_round_down_nofocus.png</textureDown>
          <textureUpFocus>arrow_round_up_focus.png</textureUpFocus>
          <textureDownFocus>arrow_round_down_focus.png</textureDownFocus>
        </control>
        <control>
          <description>Thumbnail Panel</description>
          <type>thumbnailpanel</type>
          <id>50</id>
          <onleft>2</onleft>
          <onright>2</onright>
          <posX>795</posX>
          <posY>345</posY>
          <width>1125</width>
          <height>720</height>
          <!-- Small Icons 0.66 aspect ratio -->
          <itemWidth>150</itemWidth>
          <itemHeight>217</itemHeight>
          <textureWidth>150</textureWidth>
          <textureHeight>216</textureHeight>
          <thumbWidth>135</thumbWidth>
          <thumbHeight>202</thumbHeight>
          <thumbPosX>7</thumbPosX>
          <thumbPosY>7</thumbPosY>
          <!-- Large Icons 0.66 aspect ratio -->
          <textureWidthBig>222</textureWidthBig>
          <textureHeightBig>325</textureHeightBig>
          <itemWidthBig>220</itemWidthBig>
          <itemHeightBig>322</itemHeightBig>
          <thumbWidthBig>198</thumbWidthBig>
          <thumbHeightBig>300</thumbHeightBig>
          <thumbPosXBig>12</thumbPosXBig>
          <thumbPosYBig>12</thumbPosYBig>
          <imageFolderFocus>thumbborder3.png</imageFolderFocus>
          <font>font12</font>
          <suffix>|</suffix>
          <thumbZoom>yes</thumbZoom>
          <enableFocusZoom>no</enableFocusZoom>
          <!-- Spin Controls -->
          <spinWidth>75</spinWidth>
          <spinHeight>55</spinHeight>
          <spinPosX>1762</spinPosX>
          <spinPosY>1021</spinPosY>
          <spinAlign>Right</spinAlign>
          <spinColor>ff006698</spinColor>
          <textureUp>arrow_round_up_nofocus.png</textureUp>
          <textureDown>arrow_round_down_nofocus.png</textureDown>
          <textureUpFocus>arrow_round_up_focus.png</textureUpFocus>
          <textureDownFocus>arrow_round_down_focus.png</textureDownFocus>
        </control>
      </control>
    </control>
    <!-- Hidden Menu -->
    <control>
      <description>Hidden Menu Indicator</description>
      <type>image</type>
      <posX>1848</posX>
      <posY>75</posY>
      <width>72</width>
      <height>216</height>
      <texture>#StreamedMP.ActionMenu.Image</texture>
      <visible>control.isvisible(50)</visible>
      <animation effect="fade" time="250" delay="0">WindowClose</animation>
    </control>
    <control>
      <type>actiongroup</type>
      <description>action menu</description>
      <defaultcontrol>2</defaultcontrol>
      <onexit>50</onexit>
      <dimColor>00ffffff</dimColor>
      <buttonX>1846</buttonX>
      <buttonY>82</buttonY>
      <buttonwidth>73</buttonwidth>
      <buttonheight>379</buttonheight>
      <control>
        <type>image</type>
        <posX>1503</posX>
        <posY>0</posY>
        <width>417</width>
        <height>1080</height>
        <texture>hiddenmenu_right.png</texture>
        <visible>!Control.HasFocus(50)</visible>
        <animation effect="slide" time="100" start="450,0">visible</animation>
        <animation effect="slide" time="0" end="450,0">hidden</animation>
      </control>
      <control>
        <id>0</id>
        <description>Dummy Button (for Mouse)</description>
        <label>-</label>
        <type>button</type>
        <posX>1503</posX>
        <posY>0</posY>
        <width>417</width>
        <height>1080</height>
        <visible>!Control.HasFocus(50)</visible>
        <animation effect="slide" time="100" start="450,0">visible</animation>
        <animation effect="slide" time="0" end="450,0">hidden</animation>
      </control>
      <control>
        <id>0</id>
        <description>MENU</description>
        <label>924</label>
        <type>label</type>
        <font>mediastream12tc</font>
        <posX>1560</posX>
        <posY>334</posY>
        <visible>!Control.HasFocus(50)</visible>
        <animation effect="slide" time="100" start="450,0">visible</animation>
        <animation effect="slide" time="0" end="450,0">hidden</animation>
      </control>
      <control>
        <id>0</id>
        <description>JUMP TO</description>
        <label>1065</label>
        <type>label</type>
        <font>mediastream12tc</font>
        <posX>1560</posX>
        <posY>420</posY>
        <visible>!Control.HasFocus(50)</visible>
        <animation effect="slide" time="100" start="450,0">visible</animation>
        <animation effect="slide" time="0" end="450,0">hidden</animation>
      </control>
      <control>
        <type>group</type>
        <description>group element</description>
        <visible>!Control.HasFocus(50)</visible>
        <animation effect="slide" time="100" start="450,0">visible</animation>
        <animation effect="slide" time="0" end="450,0">hidden</animation>
        <posX>1560</posX>
        <posY>367</posY>
        <width>330</width>
        <height>1080</height>
        <layout>StackLayout</layout>
        <control>
          <description>Change Layout</description>
          <type>button</type>
          <id>2</id>
          <label>-</label>
          <onup>21</onup>
          <!-- Top Bar -->
          <onleft>50</onleft>
        </control>
        <control>
          <description>Empty button</description>
          <type>button</type>
          <id>0</id>
          <label>-</label>
          <visible>false</visible>
        </control>
        <control>
          <description>MovingPictures</description>
          <id>66610</id>
          <type>button</type>
          <label>Moving Pictures</label>
          <hyperlink>96742</hyperlink>
          <onleft>50</onleft>
        </control>
        <control>
          <description>My Videos</description>
          <type>button</type>
          <id>66611</id>
          <label>100006</label>
          <onleft>50</onleft>
          <hyperlink>6</hyperlink>
          <ondown>66612</ondown>
        </control>
        <control>
          <description>MP-TVSeries</description>
          <type>button</type>
          <id>66612</id>
          <label>MP-TVSeries</label>
          <hyperlink>9811</hyperlink>
          <ondown>2</ondown>
          <onleft>50</onleft>
        </control>
      </control>
    </control>
    <!-- List Layout -->
    <control>
      <description>Cover Art</description>
      <type>image</type>
      <id>6403</id>
      <posX>46</posX>
      <posY>381</posY>
      <width>385</width>
      <height>570</height>
      <texture>#selectedthumb</texture>
      <visible>facadeview.list</visible>
      <animation effect="fade" time="250" delay="0">WindowClose</animation>
      <animation effect="fade" time="250" delay="0">WindowOpen</animation>
    </control>
    <control>
      <description>Cover Art Glass Overlay</description>
      <type>image</type>
      <id>0</id>
      <posX>46</posX>
      <posY>381</posY>
      <width>342</width>
      <height>265</height>
      <texture>glassoverlay2.png</texture>
      <visible>Control.HasThumb(6403)+facadeview.list</visible>
      <animation effect="fade" time="250" delay="0">WindowClose</animation>
      <animation effect="fade" time="250" delay="0">WindowOpen</animation>
    </control>
    <control>
      <description>Title</description>
      <type>label</type>
      <id>0</id>
      <posX>462</posX>
      <posY>376</posY>
      <width>585</width>
      <font>mediastream16tc</font>
      <label>#Trakt.Movie.Title</label>
      <textcolor>ffFFFFFF</textcolor>
      <shadowAngle>45</shadowAngle>
      <shadowDistance>6</shadowDistance>
      <shadowColor>#shadow.light</shadowColor>
      <visible>!string.equals(#Trakt.Movie.Title,)+string.equals(#Trakt.List.ItemType,movie)+facadeview.list</visible>
      <animation effect="fade" time="250" delay="0">WindowClose</animation>
      <animation effect="fade" time="250" delay="0">WindowOpen</animation>
    </control>
    <control>
      <description>Title</description>
      <type>label</type>
      <id>0</id>
      <posX>462</posX>
      <posY>376</posY>
      <width>585</width>
      <font>mediastream16tc</font>
      <label>#Trakt.Show.Title</label>
      <textcolor>ffFFFFFF</textcolor>
      <shadowAngle>45</shadowAngle>
      <shadowDistance>6</shadowDistance>
      <shadowColor>#shadow.light</shadowColor>
      <visible>!string.equals(#Trakt.Show.Title,)+!string.equals(#Trakt.List.ItemType,movie)+facadeview.list</visible>
      <animation effect="fade" time="250" delay="0">WindowClose</animation>
      <animation effect="fade" time="250" delay="0">WindowOpen</animation>
    </control>
    <control>
      <description>Genres</description>
      <type>label</type>
      <label>#Trakt.Movie.Genres</label>
      <id>0</id>
      <posX>463</posX>
      <posY>423</posY>
      <width>600</width>
      <font>mediastream11tc</font>
      <textcolor>ff909090</textcolor>
      <shadowAngle>45</shadowAngle>
      <shadowDistance>4</shadowDistance>
      <shadowColor>#shadow.dark</shadowColor>
      <visible>!string.equals(#Trakt.Movie.Genres,)+string.equals(#Trakt.List.ItemType,movie)+facadeview.list</visible>
      <animation effect="fade" time="250" delay="0">WindowClose</animation>
      <animation effect="fade" time="250" delay="0">WindowOpen</animation>
    </control>
    <control>
      <description>Genres</description>
      <type>label</type>
      <label>#Trakt.Show.Genres</label>
      <id>0</id>
      <posX>463</posX>
      <posY>423</posY>
      <width>600</width>
      <font>mediastream11tc</font>
      <textcolor>ff909090</textcolor>
      <shadowAngle>45</shadowAngle>
      <shadowDistance>4</shadowDistance>
      <shadowColor>#shadow.dark</shadowColor>
      <visible>!string.equals(#Trakt.Show.Genres,)+string.equals(#Trakt.List.ItemType,show)+facadeview.list</visible>
      <animation effect="fade" time="250" delay="0">WindowClose</animation>
      <animation effect="fade" time="250" delay="0">WindowOpen</animation>
    </control>
    <control>
      <description>Season</description>
      <type>label</type>
      <label>#Trakt.Translation.Season.Label #Trakt.Season.Number</label>
      <id>0</id>
      <posX>463</posX>
      <posY>423</posY>
      <width>1350</width>
      <font>mediastream11tc</font>
      <textcolor>ff909090</textcolor>
      <shadowAngle>45</shadowAngle>
      <shadowDistance>4</shadowDistance>
      <shadowColor>#shadow.dark</shadowColor>
      <visible>!string.equals(#Trakt.Season.Number,)+string.equals(#Trakt.List.ItemType,season)+facadeview.list</visible>
      <animation effect="fade" time="250" delay="0">WindowClose</animation>
      <animation effect="fade" time="250" delay="0">WindowOpen</animation>
    </control>
    <control>
      <description>Season/Episode</description>
      <type>label</type>
      <label>#Trakt.Translation.Season.Label #Trakt.Season.Number #Trakt.Translation.Episode.Label #Trakt.Episode.Number</label>
      <id>0</id>
      <posX>463</posX>
      <posY>423</posY>
      <width>1350</width>
      <font>mediastream11tc</font>
      <textcolor>ff909090</textcolor>
      <shadowAngle>45</shadowAngle>
      <shadowDistance>4</shadowDistance>
      <shadowColor>#shadow.dark</shadowColor>
      <visible>!string.equals(#Trakt.Episode.Number,)+string.equals(#Trakt.List.ItemType,episode)+facadeview.list</visible>
      <animation effect="fade" time="250" delay="0">WindowClose</animation>
      <animation effect="fade" time="250" delay="0">WindowOpen</animation>
    </control>
    <control>
      <description>Rating Percent</description>
      <type>label</type>
      <id>0</id>
      <posX>463</posX>
      <posY>460</posY>
      <width>90</width>
      <font>mediastream14tc</font>
      <label>#Trakt.Movie.Ratings.Percentage%</label>
      <textcolor>ffFFFFFF</textcolor>
      <shadowAngle>45</shadowAngle>
      <shadowDistance>6</shadowDistance>
      <shadowColor>#shadow.light</shadowColor>
      <visible>!string.equals(#Trakt.Movie.Ratings.Percentage,)+string.equals(#Trakt.List.ItemType,movie)+facadeview.list</visible>
      <animation effect="fade" time="250" delay="0">WindowClose</animation>
      <animation effect="fade" time="250" delay="0">WindowOpen</animation>
    </control>
    <control>
      <description>Rating Percent</description>
      <type>label</type>
      <id>0</id>
      <posX>463</posX>
      <posY>460</posY>
      <width>90</width>
      <font>mediastream14tc</font>
      <label>#Trakt.Show.Ratings.Percentage%</label>
      <textcolor>ffFFFFFF</textcolor>
      <shadowAngle>45</shadowAngle>
      <shadowDistance>6</shadowDistance>
      <shadowColor>#shadow.light</shadowColor>
      <visible>!string.equals(#Trakt.Show.Ratings.Percentage,)+[string.equals(#Trakt.List.ItemType,show)|string.equals(#Trakt.List.ItemType,season)]+facadeview.list</visible>
      <animation effect="fade" time="250" delay="0">WindowClose</animation>
      <animation effect="fade" time="250" delay="0">WindowOpen</animation>
    </control>
    <control>
      <description>Rating Percent</description>
      <type>label</type>
      <id>0</id>
      <posX>463</posX>
      <posY>460</posY>
      <width>90</width>
      <font>mediastream14tc</font>
      <label>#Trakt.Episode.Ratings.Percentage%</label>
      <textcolor>ffFFFFFF</textcolor>
      <shadowAngle>45</shadowAngle>
      <shadowDistance>6</shadowDistance>
      <shadowColor>#shadow.light</shadowColor>
      <visible>!string.equals(#Trakt.Episode.Ratings.Percentage,)+string.equals(#Trakt.List.ItemType,episode)+facadeview.list</visible>
      <animation effect="fade" time="250" delay="0">WindowClose</animation>
      <animation effect="fade" time="250" delay="0">WindowOpen</animation>
    </control>
    <control>
      <description>Rating Icon</description>
      <type>image</type>
      <id>1</id>
      <width>52</width>
      <height>48</height>
      <posX>555</posX>
      <posY>457</posY>
      <texture>#Trakt.Movie.Ratings.Icon.png</texture>
      <visible>!string.equals(#Trakt.Movie.Ratings.Icon,)+string.equals(#Trakt.List.ItemType,movie)+facadeview.list</visible>
      <animation effect="fade" time="250" delay="0">WindowClose</animation>
      <animation effect="fade" time="250" delay="0">WindowOpen</animation>
    </control>
    <control>
      <description>Rating Icon</description>
      <type>image</type>
      <id>1</id>
      <width>52</width>
      <height>48</height>
      <posX>555</posX>
      <posY>457</posY>
      <texture>#Trakt.Show.Ratings.Icon.png</texture>
      <visible>!string.equals(#Trakt.Show.Ratings.Icon,)+[string.equals(#Trakt.List.ItemType,show)|string.equals(#Trakt.List.ItemType,season)]+facadeview.list</visible>
      <animation effect="fade" time="250" delay="0">WindowClose</animation>
      <animation effect="fade" time="250" delay="0">WindowOpen</animation>
    </control>
    <control>
      <description>Rating Icon</description>
      <type>image</type>
      <id>1</id>
      <width>52</width>
      <height>48</height>
      <posX>555</posX>
      <posY>457</posY>
      <texture>#Trakt.Episode.Ratings.Icon.png</texture>
      <visible>!string.equals(#Trakt.Episode.Ratings.Icon,)+string.equals(#Trakt.List.ItemType,episode)+facadeview.list</visible>
      <animation effect="fade" time="250" delay="0">WindowClose</animation>
      <animation effect="fade" time="250" delay="0">WindowOpen</animation>
    </control>
    <control>
      <description>Rating Votes</description>
      <type>label</type>
      <id>0</id>
      <posX>622</posX>
      <posY>466</posY>
      <width>585</width>
      <font>mediastream10c</font>
      <label>#Trakt.Movie.Ratings.Votes #Trakt.Translation.Votes.Label</label>
      <textcolor>ffFFFFFF</textcolor>
      <shadowAngle>45</shadowAngle>
      <shadowDistance>3</shadowDistance>
      <shadowColor>#shadow.light</shadowColor>
      <visible>!string.equals(#Trakt.Movie.Ratings.Votes,)+string.equals(#Trakt.List.ItemType,movie)+facadeview.list</visible>
      <animation effect="fade" time="250" delay="0">WindowClose</animation>
      <animation effect="fade" time="250" delay="0">WindowOpen</animation>
    </control>
    <control>
      <description>Rating Votes</description>
      <type>label</type>
      <id>0</id>
      <posX>622</posX>
      <posY>466</posY>
      <width>585</width>
      <font>mediastream10c</font>
      <label>#Trakt.Show.Ratings.Votes #Trakt.Translation.Votes.Label</label>
      <textcolor>ffFFFFFF</textcolor>
      <shadowAngle>45</shadowAngle>
      <shadowDistance>3</shadowDistance>
      <shadowColor>#shadow.light</shadowColor>
      <visible>!string.equals(#Trakt.Show.Ratings.Votes,)+[string.equals(#Trakt.List.ItemType,show)|string.equals(#Trakt.List.ItemType,season)]+facadeview.list</visible>
      <animation effect="fade" time="250" delay="0">WindowClose</animation>
      <animation effect="fade" time="250" delay="0">WindowOpen</animation>
    </control>
    <control>
      <description>Rating Votes</description>
      <type>label</type>
      <id>0</id>
      <posX>622</posX>
      <posY>466</posY>
      <width>585</width>
      <font>mediastream10c</font>
      <label>#Trakt.Episode.Ratings.Votes #Trakt.Translation.Votes.Label</label>
      <textcolor>ffFFFFFF</textcolor>
      <shadowAngle>45</shadowAngle>
      <shadowDistance>3</shadowDistance>
      <shadowColor>#shadow.light</shadowColor>
      <visible>!string.equals(#Trakt.Episode.Ratings.Votes,)+string.equals(#Trakt.List.ItemType,episode)+facadeview.list</visible>
      <animation effect="fade" time="250" delay="0">WindowClose</animation>
      <animation effect="fade" time="250" delay="0">WindowOpen</animation>
    </control>
    <control>
      <description>Summary</description>
      <type>textboxscrollup</type>
      <id>0</id>
      <posX>462</posX>
      <posY>517</posY>
      <width>600</width>
      <height>330</height>
      <textcolor>ffFFFFFF</textcolor>
      <font>mediastream11</font>
      <label>#Trakt.Movie.Overview</label>
      <visible>!string.equals(#Trakt.Movie.Overview,)+string.equals(#Trakt.List.ItemType,movie)+facadeview.list</visible>
      <animation effect="fade" time="250" delay="0">WindowClose</animation>
      <animation effect="fade" time="250" delay="0">WindowOpen</animation>
    </control>
    <control>
      <description>Summary</description>
      <type>textboxscrollup</type>
      <id>0</id>
      <posX>462</posX>
      <posY>517</posY>
      <width>600</width>
      <height>330</height>
      <textcolor>ffFFFFFF</textcolor>
      <font>mediastream11</font>
      <label>#Trakt.Show.Overview</label>
      <visible>!string.equals(#Trakt.Show.Overview,)+[string.equals(#Trakt.List.ItemType,show)|string.equals(#Trakt.List.ItemType,season)]+facadeview.list</visible>
      <animation effect="fade" time="250" delay="0">WindowClose</animation>
      <animation effect="fade" time="250" delay="0">WindowOpen</animation>
    </control>
    <control>
      <description>Summary</description>
      <type>textboxscrollup</type>
      <id>0</id>
      <posX>462</posX>
      <posY>517</posY>
      <width>600</width>
      <height>330</height>
      <textcolor>ffFFFFFF</textcolor>
      <font>mediastream11</font>
      <label>#Trakt.Episode.Overview</label>
      <visible>!string.equals(#Trakt.Episode.Overview,)+string.equals(#Trakt.List.ItemType,episode)+facadeview.list</visible>
      <animation effect="fade" time="250" delay="0">WindowClose</animation>
      <animation effect="fade" time="250" delay="0">WindowOpen</animation>
    </control>
    <control Style="smallTitleB">
      <description>Certification Label</description>
      <id>0</id>
      <type>label</type>
      <label>#Trakt.Translation.Certification.Label</label>
      <posX>465</posX>
      <posY>858</posY>
      <width>285</width>
      <visible>!string.equals(#Trakt.Movie.Certification,)+string.equals(#Trakt.List.ItemType,movie)+facadeview.list</visible>
      <animation effect="fade" time="250" delay="0">WindowClose</animation>
      <animation effect="fade" time="250" delay="0">WindowOpen</animation>
    </control>
    <control Style="smallTitleB">
      <description>Certification Label</description>
      <id>0</id>
      <type>label</type>
      <label>#Trakt.Translation.Certification.Label</label>
      <posX>465</posX>
      <posY>858</posY>
      <width>285</width>
      <visible>!string.equals(#Trakt.Show.Certification,)+!string.equals(#Trakt.List.ItemType,movie)+facadeview.list</visible>
      <animation effect="fade" time="250" delay="0">WindowClose</animation>
      <animation effect="fade" time="250" delay="0">WindowOpen</animation>
    </control>
    <control Style="smallTitle">
      <description>Certification</description>
      <id>0</id>
      <type>label</type>
      <label>#Trakt.Movie.Certification</label>
      <posX>780</posX>
      <posY>859</posY>
      <width>300</width>
      <visible>!string.equals(#Trakt.Movie.Certification,)+string.equals(#Trakt.List.ItemType,movie)+facadeview.list</visible>
      <animation effect="fade" time="250" delay="0">WindowClose</animation>
      <animation effect="fade" time="250" delay="0">WindowOpen</animation>
    </control>
    <control Style="smallTitle">
      <description>Certification</description>
      <id>0</id>
      <type>label</type>
      <label>#Trakt.Show.Certification</label>
      <posX>780</posX>
      <posY>859</posY>
      <width>300</width>
      <visible>!string.equals(#Trakt.Show.Certification,)+!string.equals(#Trakt.List.ItemType,movie)+facadeview.list</visible>
      <animation effect="fade" time="250" delay="0">WindowClose</animation>
      <animation effect="fade" time="250" delay="0">WindowOpen</animation>
    </control>
    <control Style="smallTitleB">
      <description>Runtime Label</description>
      <id>0</id>
      <type>label</type>
      <label>#Trakt.Translation.Runtime.Label</label>
      <posX>465</posX>
      <posY>891</posY>
      <width>285</width>
      <visible>!string.equals(#Trakt.Movie.Runtime,)+string.equals(#Trakt.List.ItemType,movie)+facadeview.list</visible>
      <animation effect="fade" time="250" delay="0">WindowClose</animation>
      <animation effect="fade" time="250" delay="0">WindowOpen</animation>
    </control>
    <control Style="smallTitleB">
      <description>Runtime Label</description>
      <id>0</id>
      <type>label</type>
      <label>#Trakt.Translation.Runtime.Label</label>
      <posX>465</posX>
      <posY>891</posY>
      <width>285</width>
      <visible>!string.equals(#Trakt.Show.Runtime,)+!string.equals(#Trakt.List.ItemType,movie)+facadeview.list</visible>
      <animation effect="fade" time="250" delay="0">WindowClose</animation>
      <animation effect="fade" time="250" delay="0">WindowOpen</animation>
    </control>
    <control Style="smallTitle">
      <description>Runtime</description>
      <id>0</id>
      <type>label</type>
      <label>#Trakt.Movie.Runtime mins</label>
      <posX>780</posX>
      <posY>892</posY>
      <width>300</width>
      <visible>!string.equals(#Trakt.Movie.Runtime,)+string.equals(#Trakt.List.ItemType,movie)+facadeview.list</visible>
      <animation effect="fade" time="250" delay="0">WindowClose</animation>
      <animation effect="fade" time="250" delay="0">WindowOpen</animation>
    </control>
    <control Style="smallTitle">
      <description>Runtime</description>
      <id>0</id>
      <type>label</type>
      <label>#Trakt.Show.Runtime mins</label>
      <posX>780</posX>
      <posY>892</posY>
      <width>300</width>
      <visible>!string.equals(#Trakt.Show.Runtime,)+!string.equals(#Trakt.List.ItemType,movie)+facadeview.list</visible>
      <animation effect="fade" time="250" delay="0">WindowClose</animation>
      <animation effect="fade" time="250" delay="0">WindowOpen</animation>
    </control>
    <control Style="smallTitleB">
      <description>Released Label</description>
      <type>label</type>
      <label>#Trakt.Translation.Released.Label</label>
      <posX>465</posX>
      <posY>924</posY>
      <width>285</width>
      <visible>!string.equals(#Trakt.Movie.Released,)+string.equals(#Trakt.List.ItemType,movie)+facadeview.list</visible>
      <animation effect="fade" time="250" delay="0">WindowClose</animation>
      <animation effect="fade" time="250" delay="0">WindowOpen</animation>
    </control>
    <control Style="smallTitleB">
      <description>Released Label</description>
      <type>label</type>
      <label>#Trakt.Translation.FirstAired.Label</label>
      <posX>465</posX>
      <posY>924</posY>
      <width>285</width>
      <visible>!string.equals(#Trakt.Show.FirstAired,)+[string.equals(#Trakt.List.ItemType,show)|string.equals(#Trakt.List.ItemType,season)]+facadeview.list</visible>
      <animation effect="fade" time="250" delay="0">WindowClose</animation>
      <animation effect="fade" time="250" delay="0">WindowOpen</animation>
    </control>
    <control Style="smallTitleB">
      <description>Released Label</description>
      <type>label</type>
      <label>#Trakt.Translation.FirstAired.Label</label>
      <posX>465</posX>
      <posY>924</posY>
      <width>285</width>
      <visible>!string.equals(#Trakt.Episode.FirstAired,)+string.equals(#Trakt.List.ItemType,episode)+facadeview.list</visible>
      <animation effect="fade" time="250" delay="0">WindowClose</animation>
      <animation effect="fade" time="250" delay="0">WindowOpen</animation>
    </control>
    <control Style="smallTitle">
      <description>Released</description>
      <id>0</id>
      <type>label</type>
      <label>#Trakt.Movie.Released</label>
      <posX>780</posX>
      <posY>925</posY>
      <visible>!string.equals(#Trakt.Movie.Released,)+string.equals(#Trakt.List.ItemType,movie)+facadeview.list</visible>
      <animation effect="fade" time="250" delay="0">WindowClose</animation>
      <animation effect="fade" time="250" delay="0">WindowOpen</animation>
    </control>
    <control Style="smallTitle">
      <description>Released</description>
      <id>0</id>
      <type>label</type>
      <label>#Trakt.Show.FirstAired</label>
      <posX>780</posX>
      <posY>925</posY>
      <visible>!string.equals(#Trakt.Show.FirstAired,)+[string.equals(#Trakt.List.ItemType,show)|string.equals(#Trakt.List.ItemType,season)]+facadeview.list</visible>
      <animation effect="fade" time="250" delay="0">WindowClose</animation>
      <animation effect="fade" time="250" delay="0">WindowOpen</animation>
    </control>
    <control Style="smallTitle">
      <description>Released</description>
      <id>0</id>
      <type>label</type>
      <label>#Trakt.Episode.FirstAired</label>
      <posX>780</posX>
      <posY>925</posY>
      <visible>!string.equals(#Trakt.Episode.FirstAired,)+string.equals(#Trakt.List.ItemType,episode)+facadeview.list</visible>
      <animation effect="fade" time="250" delay="0">WindowClose</animation>
      <animation effect="fade" time="250" delay="0">WindowOpen</animation>
    </control>
    <!-- Thumbnails Layout -->
    <control>
      <description>Title</description>
      <type>label</type>
      <id>0</id>
      <posX>30</posX>
      <posY>360</posY>
      <width>750</width>
      <font>mediastream14tc</font>
      <label>#Trakt.Movie.Title</label>
      <textcolor>ffFFFFFF</textcolor>
      <shadowAngle>45</shadowAngle>
      <shadowDistance>6</shadowDistance>
      <shadowColor>#shadow.light</shadowColor>
      <visible>[facadeview.smallicons|facadeview.largeicons]+control.isvisible(50)+!string.equals(#Trakt.Movie.Title,)+string.equals(#Trakt.List.ItemType,movie)</visible>
      <animation effect="fade" time="250" delay="0">WindowClose</animation>
      <animation effect="fade" time="250" delay="0">WindowOpen</animation>
    </control>
    <control>
      <description>Title</description>
      <type>label</type>
      <id>0</id>
      <posX>30</posX>
      <posY>360</posY>
      <width>750</width>
      <font>mediastream14tc</font>
      <label>#Trakt.Show.Title</label>
      <textcolor>ffFFFFFF</textcolor>
      <shadowAngle>45</shadowAngle>
      <shadowDistance>6</shadowDistance>
      <shadowColor>#shadow.light</shadowColor>
      <visible>[facadeview.smallicons|facadeview.largeicons]+control.isvisible(50)+!string.equals(#Trakt.Show.Title,)+!string.equals(#Trakt.List.ItemType,movie)</visible>
      <animation effect="fade" time="250" delay="0">WindowClose</animation>
      <animation effect="fade" time="250" delay="0">WindowOpen</animation>
    </control>
    <control>
      <description>Genres</description>
      <type>label</type>
      <label>#Trakt.Movie.Genres</label>
      <id>0</id>
      <posX>30</posX>
      <posY>397</posY>
      <width>750</width>
      <font>mediastream12tc</font>
      <textcolor>ff909090</textcolor>
      <shadowAngle>45</shadowAngle>
      <shadowDistance>4</shadowDistance>
      <shadowColor>#shadow.dark</shadowColor>
      <visible>[facadeview.smallicons|facadeview.largeicons]+control.isvisible(50)+!string.equals(#Trakt.Movie.Genres,)+string.equals(#Trakt.List.ItemType,movie)</visible>
      <animation effect="fade" time="250" delay="0">WindowClose</animation>
      <animation effect="fade" time="250" delay="0">WindowOpen</animation>
    </control>
    <control>
      <description>Genres</description>
      <type>label</type>
      <label>#Trakt.Show.Genres</label>
      <id>0</id>
      <posX>30</posX>
      <posY>397</posY>
      <width>750</width>
      <font>mediastream12tc</font>
      <textcolor>ff909090</textcolor>
      <shadowAngle>45</shadowAngle>
      <shadowDistance>4</shadowDistance>
      <shadowColor>#shadow.dark</shadowColor>
      <visible>[facadeview.smallicons|facadeview.largeicons]+control.isvisible(50)+!string.equals(#Trakt.Show.Genres,)+string.equals(#Trakt.List.ItemType,show)</visible>
      <animation effect="fade" time="250" delay="0">WindowClose</animation>
      <animation effect="fade" time="250" delay="0">WindowOpen</animation>
    </control>
    <control>
      <description>Season</description>
      <type>label</type>
      <label>#Trakt.Translation.Season.Label #Trakt.Season.Number</label>
      <id>0</id>
      <posX>30</posX>
      <posY>397</posY>
      <width>750</width>
      <font>mediastream12tc</font>
      <textcolor>ff909090</textcolor>
      <shadowAngle>45</shadowAngle>
      <shadowDistance>4</shadowDistance>
      <shadowColor>#shadow.dark</shadowColor>
      <visible>[facadeview.smallicons|facadeview.largeicons]+control.isvisible(50)+!string.equals(#Trakt.Season.Number,)+string.equals(#Trakt.List.ItemType,season)</visible>
      <animation effect="fade" time="250" delay="0">WindowClose</animation>
      <animation effect="fade" time="250" delay="0">WindowOpen</animation>
    </control>
    <control>
      <description>Season/Episode</description>
      <type>label</type>
      <label>#Trakt.Translation.Season.Label #Trakt.Season.Number #Trakt.Translation.Episode.Label #Trakt.Episode.Number</label>
      <id>0</id>
      <posX>30</posX>
      <posY>397</posY>
      <width>750</width>
      <font>mediastream12tc</font>
      <textcolor>ff909090</textcolor>
      <shadowAngle>45</shadowAngle>
      <shadowDistance>4</shadowDistance>
      <shadowColor>#shadow.dark</shadowColor>
      <visible>[facadeview.smallicons|facadeview.largeicons]+control.isvisible(50)+!string.equals(#Trakt.Episode.Number,)+string.equals(#Trakt.List.ItemType,episode)</visible>
      <animation effect="fade" time="250" delay="0">WindowClose</animation>
      <animation effect="fade" time="250" delay="0">WindowOpen</animation>
    </control>
    <control>
      <description>Rating Percent</description>
      <type>label</type>
      <id>0</id>
      <posX>30</posX>
      <posY>435</posY>
      <width>90</width>
      <font>mediastream14tc</font>
      <label>#Trakt.Movie.Ratings.Percentage%</label>
      <textcolor>ffFFFFFF</textcolor>
      <shadowAngle>45</shadowAngle>
      <shadowDistance>6</shadowDistance>
      <shadowColor>#shadow.light</shadowColor>
      <visible>!string.equals(#Trakt.Movie.Ratings.Percentage,)+string.equals(#Trakt.List.ItemType,movie)+[facadeview.smallicons|facadeview.largeicons]</visible>
      <animation effect="fade" time="250" delay="0">WindowClose</animation>
      <animation effect="fade" time="250" delay="0">WindowOpen</animation>
    </control>
    <control>
      <description>Rating Percent</description>
      <type>label</type>
      <id>0</id>
      <posX>30</posX>
      <posY>435</posY>
      <width>90</width>
      <font>mediastream14tc</font>
      <label>#Trakt.Show.Ratings.Percentage%</label>
      <textcolor>ffFFFFFF</textcolor>
      <shadowAngle>45</shadowAngle>
      <shadowDistance>6</shadowDistance>
      <shadowColor>#shadow.light</shadowColor>
      <visible>!string.equals(#Trakt.Show.Ratings.Percentage,)+[string.equals(#Trakt.List.ItemType,show)|string.equals(#Trakt.List.ItemType,season)]+[facadeview.smallicons|facadeview.largeicons]</visible>
      <animation effect="fade" time="250" delay="0">WindowClose</animation>
      <animation effect="fade" time="250" delay="0">WindowOpen</animation>
    </control>
    <control>
      <description>Rating Percent</description>
      <type>label</type>
      <id>0</id>
      <posX>30</posX>
      <posY>435</posY>
      <width>90</width>
      <font>mediastream14tc</font>
      <label>#Trakt.Episode.Ratings.Percentage%</label>
      <textcolor>ffFFFFFF</textcolor>
      <shadowAngle>45</shadowAngle>
      <shadowDistance>6</shadowDistance>
      <shadowColor>#shadow.light</shadowColor>
      <visible>!string.equals(#Trakt.Episode.Ratings.Percentage,)+string.equals(#Trakt.List.ItemType,episode)+[facadeview.smallicons|facadeview.largeicons]</visible>
      <animation effect="fade" time="250" delay="0">WindowClose</animation>
      <animation effect="fade" time="250" delay="0">WindowOpen</animation>
    </control>
    <control>
      <description>Rating Icon</description>
      <type>image</type>
      <id>1</id>
      <width>52</width>
      <height>48</height>
      <posX>127</posX>
      <posY>432</posY>
      <texture>#Trakt.Movie.Ratings.Icon.png</texture>
      <visible>!string.equals(#Trakt.Movie.Ratings.Icon,)+string.equals(#Trakt.List.ItemType,movie)+[facadeview.smallicons|facadeview.largeicons]</visible>
      <animation effect="fade" time="250" delay="0">WindowClose</animation>
      <animation effect="fade" time="250" delay="0">WindowOpen</animation>
    </control>
    <control>
      <description>Rating Icon</description>
      <type>image</type>
      <id>1</id>
      <width>52</width>
      <height>48</height>
      <posX>127</posX>
      <posY>432</posY>
      <texture>#Trakt.Show.Ratings.Icon.png</texture>
      <visible>!string.equals(#Trakt.Show.Ratings.Icon,)+[string.equals(#Trakt.List.ItemType,show)|string.equals(#Trakt.List.ItemType,season)]+[facadeview.smallicons|facadeview.largeicons]</visible>
      <animation effect="fade" time="250" delay="0">WindowClose</animation>|
      <animation effect="fade" time="250" delay="0">WindowOpen</animation></control>
    <control>
      <description>Rating Icon</description>
      <type>image</type>
      <id>1</id>
      <width>52</width>
      <height>48</height>
      <posX>127</posX>
      <posY>432</posY>
      <texture>#Trakt.Episode.Ratings.Icon.png</texture>
      <visible>!string.equals(#Trakt.Episode.Ratings.Icon,)+string.equals(#Trakt.List.ItemType,episode)+[facadeview.smallicons|facadeview.largeicons]</visible>
      <animation effect="fade" time="250" delay="0">WindowClose</animation>
      <animation effect="fade" time="250" delay="0">WindowOpen</animation>
    </control>
    <control>
      <description>Rating Votes</description>
      <type>label</type>
      <id>0</id>
      <posX>195</posX>
      <posY>438</posY>
      <width>585</width>
      <font>mediastream10c</font>
      <label>#Trakt.Movie.Ratings.Votes #Trakt.Translation.Votes.Label</label>
      <textcolor>ffFFFFFF</textcolor>
      <shadowAngle>45</shadowAngle>
      <shadowDistance>3</shadowDistance>
      <shadowColor>#shadow.light</shadowColor>
      <visible>!string.equals(#Trakt.Movie.Ratings.Votes,)+string.equals(#Trakt.List.ItemType,movie)+[facadeview.smallicons|facadeview.largeicons]</visible>
      <animation effect="fade" time="250" delay="0">WindowClose</animation>
      <animation effect="fade" time="250" delay="0">WindowOpen</animation>
    </control>
    <control>
      <description>Rating Votes</description>
      <type>label</type>
      <id>0</id>
      <posX>195</posX>
      <posY>438</posY>
      <width>585</width>
      <font>mediastream10c</font>
      <label>#Trakt.Show.Ratings.Votes #Trakt.Translation.Votes.Label</label>
      <textcolor>ffFFFFFF</textcolor>
      <shadowAngle>45</shadowAngle>
      <shadowDistance>3</shadowDistance>
      <shadowColor>#shadow.light</shadowColor>
      <visible>!string.equals(#Trakt.Show.Ratings.Votes,)+[string.equals(#Trakt.List.ItemType,show)|string.equals(#Trakt.List.ItemType,season)]+[facadeview.smallicons|facadeview.largeicons]</visible>
      <animation effect="fade" time="250" delay="0">WindowClose</animation>
      <animation effect="fade" time="250" delay="0">WindowOpen</animation>
    </control>
    <control>
      <description>Rating Votes</description>
      <type>label</type>
      <id>0</id>
      <posX>195</posX>
      <posY>438</posY>
      <width>585</width>
      <font>mediastream10c</font>
      <label>#Trakt.Episode.Ratings.Votes #Trakt.Translation.Votes.Label</label>
      <textcolor>ffFFFFFF</textcolor>
      <shadowAngle>45</shadowAngle>
      <shadowDistance>3</shadowDistance>
      <shadowColor>#shadow.light</shadowColor>
      <visible>!string.equals(#Trakt.Episode.Ratings.Votes,)+string.equals(#Trakt.List.ItemType,episode)+[facadeview.smallicons|facadeview.largeicons]</visible>
      <animation effect="fade" time="250" delay="0">WindowClose</animation>
      <animation effect="fade" time="250" delay="0">WindowOpen</animation>
    </control>
    <control>
      <description>Overview</description>
      <type>textboxscrollup</type>
      <id>0</id>
      <posX>30</posX>
      <posY>495</posY>
      <width>750</width>
      <height>322</height>
      <textcolor>ffFFFFFF</textcolor>
      <font>mediastream11</font>
      <label>#Trakt.Movie.Overview</label>
      <visible>[facadeview.smallicons|facadeview.largeicons]+control.isvisible(50)+!string.equals(#Trakt.Movie.Overview,)+string.equals(#Trakt.List.ItemType,movie)</visible>
      <animation effect="fade" time="250" delay="0">WindowClose</animation>
      <animation effect="fade" time="250" delay="0">WindowOpen</animation>
    </control>
    <control>
      <description>Overview</description>
      <type>textboxscrollup</type>
      <id>0</id>
      <posX>30</posX>
      <posY>495</posY>
      <width>750</width>
      <height>322</height>
      <textcolor>ffFFFFFF</textcolor>
      <font>mediastream11</font>
      <label>#Trakt.Show.Overview</label>
      <visible>[facadeview.smallicons|facadeview.largeicons]+control.isvisible(50)+!string.equals(#Trakt.Show.Overview,)+[string.equals(#Trakt.List.ItemType,show)|string.equals(#Trakt.List.ItemType,season)]</visible>
      <animation effect="fade" time="250" delay="0">WindowClose</animation>
      <animation effect="fade" time="250" delay="0">WindowOpen</animation>
    </control>
    <control>
      <description>Overview</description>
      <type>textboxscrollup</type>
      <id>0</id>
      <posX>30</posX>
      <posY>495</posY>
      <width>750</width>
      <height>322</height>
      <textcolor>ffFFFFFF</textcolor>
      <font>mediastream11</font>
      <label>#Trakt.Episode.Overview</label>
      <visible>[facadeview.smallicons|facadeview.largeicons]+control.isvisible(50)+!string.equals(#Trakt.Episode.Overview,)+string.equals(#Trakt.List.ItemType,episode)</visible>
      <animation effect="fade" time="250" delay="0">WindowClose</animation>
      <animation effect="fade" time="250" delay="0">WindowOpen</animation>
    </control>
    <control Style="smallTitleB">
      <description>Certification Label</description>
      <id>0</id>
      <type>label</type>
      <label>#Trakt.Translation.Certification.Label</label>
      <posX>30</posX>
      <posY>826</posY>
      <width>210</width>
      <visible>[facadeview.smallicons|facadeview.largeicons]+control.isvisible(50)+!string.equals(#Trakt.Movie.Certification,)+string.equals(#Trakt.List.ItemType,movie)</visible>
      <animation effect="fade" time="250" delay="0">WindowClose</animation>
      <animation effect="fade" time="250" delay="0">WindowOpen</animation>
    </control>
    <control Style="smallTitleB">
      <description>Certification Label</description>
      <id>0</id>
      <type>label</type>
      <label>#Trakt.Translation.Certification.Label</label>
      <posX>30</posX>
      <posY>826</posY>
      <width>210</width>
      <visible>[facadeview.smallicons|facadeview.largeicons]+control.isvisible(50)+!string.equals(#Trakt.Show.Certification,)+!string.equals(#Trakt.List.ItemType,movie)</visible>
      <animation effect="fade" time="250" delay="0">WindowClose</animation>
      <animation effect="fade" time="250" delay="0">WindowOpen</animation>
    </control>
    <control Style="smallTitle">
      <description>Certification</description>
      <id>1004</id>
      <type>label</type>
      <label>#Trakt.Movie.Certification</label>
      <posX>270</posX>
      <posY>828</posY>
      <width>300</width>
      <visible>[facadeview.smallicons|facadeview.largeicons]+control.isvisible(50)+!string.equals(#Trakt.Movie.Certification,)+string.equals(#Trakt.List.ItemType,movie)</visible>
      <animation effect="fade" time="250" delay="0">WindowClose</animation>
      <animation effect="fade" time="250" delay="0">WindowOpen</animation>
    </control>
    <control Style="smallTitle">
      <description>Certification</description>
      <id>1004</id>
      <type>label</type>
      <label>#Trakt.Show.Certification</label>
      <posX>270</posX>
      <posY>828</posY>
      <width>300</width>
      <visible>[facadeview.smallicons|facadeview.largeicons]+control.isvisible(50)+!string.equals(#Trakt.Show.Certification,)+!string.equals(#Trakt.List.ItemType,movie)</visible>
      <animation effect="fade" time="250" delay="0">WindowClose</animation>
      <animation effect="fade" time="250" delay="0">WindowOpen</animation>
    </control>
    <control Style="smallTitleB">
      <description>Runtime Label</description>
      <id>0</id>
      <type>label</type>
      <label>#Trakt.Translation.Runtime.Label</label>
      <posX>30</posX>
      <posY>859</posY>
      <width>210</width>
      <visible>[facadeview.smallicons|facadeview.largeicons]+control.isvisible(50)+!string.equals(#Trakt.Movie.Runtime,)+string.equals(#Trakt.List.ItemType,movie)</visible>
      <animation effect="fade" time="250" delay="0">WindowClose</animation>
      <animation effect="fade" time="250" delay="0">WindowOpen</animation>
    </control>
    <control Style="smallTitleB">
      <description>Runtime Label</description>
      <id>0</id>
      <type>label</type>
      <label>#Trakt.Translation.Runtime.Label</label>
      <posX>30</posX>
      <posY>859</posY>
      <width>210</width>
      <visible>[facadeview.smallicons|facadeview.largeicons]+control.isvisible(50)+!string.equals(#Trakt.Show.Runtime,)+!string.equals(#Trakt.List.ItemType,movie)</visible>
      <animation effect="fade" time="250" delay="0">WindowClose</animation>
      <animation effect="fade" time="250" delay="0">WindowOpen</animation>
    </control>
    <control Style="smallTitle">
      <description>Runtime</description>
      <id>1005</id>
      <type>label</type>
      <label>#Trakt.Movie.Runtime mins</label>
      <posX>270</posX>
      <posY>861</posY>
      <width>300</width>
      <visible>[facadeview.smallicons|facadeview.largeicons]+control.isvisible(50)+!string.equals(#Trakt.Movie.Runtime,)+string.equals(#Trakt.List.ItemType,movie)</visible>
      <animation effect="fade" time="250" delay="0">WindowClose</animation>
      <animation effect="fade" time="250" delay="0">WindowOpen</animation>
    </control>
    <control Style="smallTitle">
      <description>Runtime</description>
      <id>1005</id>
      <type>label</type>
      <label>#Trakt.Show.Runtime mins</label>
      <posX>270</posX>
      <posY>861</posY>
      <width>300</width>
      <visible>[facadeview.smallicons|facadeview.largeicons]+control.isvisible(50)+!string.equals(#Trakt.Show.Runtime,)+!string.equals(#Trakt.List.ItemType,movie)</visible>
      <animation effect="fade" time="250" delay="0">WindowClose</animation>
      <animation effect="fade" time="250" delay="0">WindowOpen</animation>
    </control>
    <control Style="smallTitleB">
      <description>Released Label</description>
      <type>label</type>
      <label>#Trakt.Translation.Released.Label</label>
      <posX>30</posX>
      <posY>892</posY>
      <width>210</width>
      <visible>[facadeview.smallicons|facadeview.largeicons]+control.isvisible(50)+!string.equals(#Trakt.Movie.Released,)+string.equals(#Trakt.List.ItemType,movie)</visible>
      <animation effect="fade" time="250" delay="0">WindowClose</animation>
      <animation effect="fade" time="250" delay="0">WindowOpen</animation>
    </control>
    <control Style="smallTitleB">
      <description>Released Label</description>
      <type>label</type>
      <label>#Trakt.Translation.FirstAired.Label</label>
      <posX>30</posX>
      <posY>892</posY>
      <width>210</width>
      <visible>[facadeview.smallicons|facadeview.largeicons]+control.isvisible(50)+!string.equals(#Trakt.Show.FirstAired,)+[string.equals(#Trakt.List.ItemType,show)|string.equals(#Trakt.List.ItemType,season)]</visible>
      <animation effect="fade" time="250" delay="0">WindowClose</animation>
      <animation effect="fade" time="250" delay="0">WindowOpen</animation>
    </control>
    <control Style="smallTitleB">
      <description>Released Label</description>
      <type>label</type>
      <label>#Trakt.Translation.FirstAired.Label</label>
      <posX>30</posX>
      <posY>892</posY>
      <width>210</width>
      <visible>[facadeview.smallicons|facadeview.largeicons]+control.isvisible(50)+!string.equals(#Trakt.Episode.FirstAired,)+string.equals(#Trakt.List.ItemType,episode)</visible>
      <animation effect="fade" time="250" delay="0">WindowClose</animation>
      <animation effect="fade" time="250" delay="0">WindowOpen</animation>
    </control>
    <control Style="smallTitle">
      <description>Released</description>
      <id>1006</id>
      <type>label</type>
      <label>#Trakt.Movie.Released</label>
      <posX>270</posX>
      <posY>893</posY>
      <visible>[facadeview.smallicons|facadeview.largeicons]+control.isvisible(50)+!string.equals(#Trakt.Movie.Released,)+string.equals(#Trakt.List.ItemType,movie)</visible>
      <animation effect="fade" time="250" delay="0">WindowClose</animation>
      <animation effect="fade" time="250" delay="0">WindowOpen</animation>
    </control>
    <control Style="smallTitle">
      <description>Released</description>
      <id>1006</id>
      <type>label</type>
      <label>#Trakt.Show.FirstAired</label>
      <posX>270</posX>
      <posY>893</posY>
      <visible>[facadeview.smallicons|facadeview.largeicons]+control.isvisible(50)+!string.equals(#Trakt.Show.FirstAired,)+[string.equals(#Trakt.List.ItemType,show)|string.equals(#Trakt.List.ItemType,season)]</visible>
      <animation effect="fade" time="250" delay="0">WindowClose</animation>
      <animation effect="fade" time="250" delay="0">WindowOpen</animation>
    </control>
    <control Style="smallTitle">
      <description>Released</description>
      <id>1006</id>
      <type>label</type>
      <label>#Trakt.Episode.FirstAired</label>
      <posX>270</posX>
      <posY>893</posY>
      <visible>[facadeview.smallicons|facadeview.largeicons]+control.isvisible(50)+!string.equals(#Trakt.Episode.FirstAired,)+string.equals(#Trakt.List.ItemType,episode)</visible>
      <animation effect="fade" time="250" delay="0">WindowClose</animation>
      <animation effect="fade" time="250" delay="0">WindowOpen</animation>
    </control>
    <!-- Filmstrip -->
    <control>
      <description>Title</description>
      <type>label</type>
      <id>1</id>
      <posX>30</posX>
      <posY>990</posY>
      <width>1920</width>
      <align>center</align>
      <font>mediastream16tc</font>
      <label>#Trakt.Movie.Title</label>
      <visible>facadeview.filmstrip+control.isvisible(50)+!string.equals(#Trakt.Movie.Title,)+string.equals(#Trakt.List.ItemType,movie)</visible>
      <animation effect="fade" time="150">WindowOpen</animation>
      <animation effect="fade" time="250">WindowClose</animation>
    </control>
    <control>
      <description>Title</description>
      <type>label</type>
      <id>1</id>
      <posX>30</posX>
      <posY>990</posY>
      <width>1920</width>
      <align>center</align>
      <font>mediastream16tc</font>
      <label>#Trakt.Show.Title</label>
      <visible>facadeview.filmstrip+control.isvisible(50)+!string.equals(#Trakt.Show.Title,)+!string.equals(#Trakt.List.ItemType,movie)</visible>
      <animation effect="fade" time="150">WindowOpen</animation>
      <animation effect="fade" time="250">WindowClose</animation>
    </control>
    <control>
      <description>Genres</description>
      <type>label</type>
      <label>#Trakt.Movie.Genres</label>
      <id>0</id>
      <posX>30</posX>
      <posY>1020</posY>
      <width>1920</width>
      <align>center</align>
      <font>mediastream12tc</font>
      <textcolor>ff909090</textcolor>
      <shadowAngle>45</shadowAngle>
      <shadowDistance>4</shadowDistance>
      <shadowColor>#shadow.dark</shadowColor>
      <visible>facadeview.filmstrip+control.isvisible(50)+!string.equals(#Trakt.Movie.Genres,)+string.equals(#Trakt.List.ItemType,movie)</visible>
      <animation effect="fade" time="250" delay="0">WindowClose</animation>
      <animation effect="fade" time="250" delay="0">WindowOpen</animation>
    </control>
    <control>
      <description>Genres</description>
      <type>label</type>
      <label>#Trakt.Show.Genres</label>
      <id>0</id>
      <posX>30</posX>
      <posY>1020</posY>
      <width>1920</width>
      <align>center</align>
      <font>mediastream12tc</font>
      <textcolor>ff909090</textcolor>
      <shadowAngle>45</shadowAngle>
      <shadowDistance>4</shadowDistance>
      <shadowColor>#shadow.dark</shadowColor>
      <visible>facadeview.filmstrip+control.isvisible(50)+!string.equals(#Trakt.Show.Genres,)+string.equals(#Trakt.List.ItemType,show)</visible>
      <animation effect="fade" time="250" delay="0">WindowClose</animation>
      <animation effect="fade" time="250" delay="0">WindowOpen</animation>
    </control>
    <control>
      <description>Season</description>
      <type>label</type>
      <label>#Trakt.Translation.Season.Label #Trakt.Season.Number</label>
      <id>0</id>
      <posX>30</posX>
      <posY>1020</posY>
      <width>1920</width>
      <align>center</align>
      <font>mediastream12tc</font>
      <textcolor>ff909090</textcolor>
      <shadowAngle>45</shadowAngle>
      <shadowDistance>4</shadowDistance>
      <shadowColor>#shadow.dark</shadowColor>
      <visible>facadeview.filmstrip+control.isvisible(50)+!string.equals(#Trakt.Season.Number,)+string.equals(#Trakt.List.ItemType,season)</visible>
      <animation effect="fade" time="250" delay="0">WindowClose</animation>
      <animation effect="fade" time="250" delay="0">WindowOpen</animation>
    </control>
    <control>
      <description>Season/Episode</description>
      <type>label</type>
      <label>#Trakt.Translation.Season.Label #Trakt.Season.Number #Trakt.Translation.Episode.Label #Trakt.Episode.Number</label>
      <id>0</id>
      <posX>30</posX>
      <posY>1020</posY>
      <width>1920</width>
      <align>center</align>
      <font>mediastream12tc</font>
      <textcolor>ff909090</textcolor>
      <shadowAngle>45</shadowAngle>
      <shadowDistance>4</shadowDistance>
      <shadowColor>#shadow.dark</shadowColor>
      <visible>facadeview.filmstrip+control.isvisible(50)+!string.equals(#Trakt.Episode.Number,)+string.equals(#Trakt.List.ItemType,episode)</visible>
      <animation effect="fade" time="250" delay="0">WindowClose</animation>
      <animation effect="fade" time="250" delay="0">WindowOpen</animation>
    </control>
    <import>common.overlays.xml</import>
    <import>common.time.xml</import>
  </controls>
</window>
<!--Checksum:4f44bb233b58fafa4dbc9f079362c064-->