﻿<?xml version="1.0" encoding="utf-8" standalone="yes"?>
<window>
  <id>874001</id>
  <defaultcontrol>50</defaultcontrol>
  <allowoverlay>no</allowoverlay>
  <define>#header.hover:hover_trakt.png</define>
  <define>#header.BG.colordiffuse:ffffffff</define>
  <define>#header.BG.overlay:mainoverlay.png</define>
  <controls>
    <control>
      <id>1</id>
      <description>Background Image</description>
      <type>image</type>
      <posX>0</posX>
      <posY>0</posY>
      <width>1920</width>
      <height>1080</height>
      <texture>#header.hover</texture>
      <colordiffuse>#header.BG.colordiffuse</colordiffuse>
    </control>
    <control>
      <id>1</id>
      <description>Overlay Image</description>
      <type>image</type>
      <posX>0</posX>
      <posY>0</posY>
      <width>1921</width>
      <height>1080</height>
      <texture>#header.BG.overlay</texture>
    </control>
    <control>
      <description>Top Title Extension Background</description>
      <type>image</type>
      <id>0</id>
      <posX>621</posX>
      <posY>16</posY>
      <width>629</width>
      <height>52</height>
      <texture>tvtitlebgshort.png</texture>
      <animation effect="fade" time="100" delay="0">visiblechange</animation>
      <animation effect="fade" time="150">WindowOpen</animation>
      <animation effect="fade" time="250">WindowClose</animation>
    </control>
    <control>
      <description>Search Term</description>
      <type>label</type>
      <id>0</id>
      <posX>1208</posX>
      <posY>19</posY>
      <width>430</width>
      <font>mediastream12c</font>
      <label>#Trakt.Search.SearchTerm</label>
      <align>right</align>
      <animation effect="fade" time="100" delay="0">visiblechange</animation>
      <animation effect="fade" time="150">WindowOpen</animation>
      <animation effect="fade" time="250">WindowClose</animation>
    </control>
    <control>
      <description>Title Background</description>
      <type>image</type>
      <id>0</id>
      <posX>115</posX>
      <posY>16</posY>
      <width>655</width>
      <height>52</height>
      <texture>tvtitlebg.png</texture>
      <animation effect="fade" time="150">WindowOpen</animation>
      <animation effect="fade" time="250">WindowClose</animation>
    </control>
    <control>
      <description>Current Window</description>
      <type>fadelabel</type>
      <id>0</id>
      <posX>739</posX>
      <posY>19</posY>
      <width>525</width>
      <font>mediastream12c</font>
      <label>#Trakt.Translation.Search.Label</label>
      <align>right</align>
      <animation effect="fade" time="150">WindowOpen</animation>
      <animation effect="fade" time="250">WindowClose</animation>
    </control>
    <control>
      <type>image</type>
      <id>0</id>
      <posX>0</posX>
      <posY>1012</posY>
      <width>1920</width>
      <height>70</height>
      <texture>imagestreamtitle.png</texture>
      <visible>!facadeview.filmstrip</visible>
      <animation effect="fade" time="150">WindowOpen</animation>
      <animation effect="fade" time="250">WindowClose</animation>
    </control>
    <!-- Facade Item Counts -->
    <control>
      <description>Item Count Background</description>
      <type>image</type>
      <id>0</id>
      <posX>1567</posX>
      <posY>19</posY>
      <width>333</width>
      <height>42</height>
      <texture>mediacountbg.png</texture>
      <animation effect="fade" time="250">WindowOpen</animation>
      <animation effect="fade" time="250">WindowClose</animation>
      <animation effect="slide" time="150" start="1200,0">WindowOpen</animation>
      <animation effect="slide" time="250" end="1200,0">WindowClose</animation>
    </control>
    <control>
      <description>Item Count Label</description>
      <type>label</type>
      <label>507</label>
      <id>0</id>
      <width>202</width>
      <posX>1585</posX>
      <posY>25</posY>
      <align>left</align>
      <font>mediastream10tc</font>
      <textcolor>ff909090</textcolor>
      <animation effect="fade" time="250">WindowOpen</animation>
      <animation effect="fade" time="250">WindowClose</animation>
      <animation effect="slide" time="150" start="1200,0">WindowOpen</animation>
      <animation effect="slide" time="250" end="1200,0">WindowClose</animation>
    </control>
    <control>
      <description>Item Count</description>
      <type>label</type>
      <label>#itemcount</label>
      <id>0</id>
      <posX>1855</posX>
      <posY>22</posY>
      <font>mediastream11c</font>
      <textcolor>ff006698</textcolor>
      <align>right</align>
      <animation effect="fade" time="250">WindowOpen</animation>
      <animation effect="fade" time="250">WindowClose</animation>
      <animation effect="slide" time="150" start="1200,0">WindowOpen</animation>
      <animation effect="slide" time="250" end="1200,0">WindowClose</animation>
    </control>
    <control>
      <description>Page Count Background</description>
      <type>image</type>
      <id>0</id>
      <posX>1519</posX>
      <posY>1026</posY>
      <width>390</width>
      <height>45</height>
      <texture>mediacountbg_Spin.png</texture>
      <visible>!facadeview.filmstrip</visible>
      <animation effect="fade" time="150">WindowOpen</animation>
      <animation effect="fade" time="250">WindowClose</animation>
      <animation effect="slide" time="150" start="1200,0">WindowOpen</animation>
      <animation effect="slide" time="250" end="1200,0">WindowClose</animation>
    </control>
    <control>
      <description>Page Count Label</description>
      <type>label</type>
      <label>30009</label>
      <id>0</id>
      <posX>1534</posX>
      <posY>1032</posY>
      <font>mediastream12tc</font>
      <textcolor>ff909090</textcolor>
      <visible>!facadeview.filmstrip</visible>
      <animation effect="fade" time="250">WindowOpen</animation>
      <animation effect="fade" time="250">WindowClose</animation>
      <animation effect="slide" time="150" start="1200,0">WindowOpen</animation>
      <animation effect="slide" time="250" end="1200,0">WindowClose</animation>
    </control>
    <control>
      <description>Selected item Label</description>
      <type>fadelabel</type>
      <id>1</id>
      <posX>37</posX>
      <posY>1026</posY>
      <width>1425</width>
      <font>mediastream16tc</font>
      <label>#selecteditem</label>
      <visible>!facadeview.filmstrip</visible>
      <animation effect="fade" time="150">WindowOpen</animation>
      <animation effect="fade" time="250">WindowClose</animation>
    </control>
    <control>
      <description>group element</description>
      <type>group</type>
      <animation effect="fade" time="150">WindowOpen</animation>
      <animation effect="fade" time="250">WindowClose</animation>
      <animation effect="slide" time="150" start="1800,0">WindowOpen</animation>
      <animation effect="slide" time="250" end="1800,0">WindowClose</animation>
      <control>
        <type>facadeview</type>
        <id>50</id>
        <animation effect="fade" time="250" delay="0">WindowClose</animation>
        <control>
          <description>listcontrol</description>
          <type>listcontrol</type>
          <id>50</id>
          <posX>1050</posX>
          <posY>360</posY>
          <height>720</height>
          <width>870</width>
          <onleft>2</onleft>
          <onright>2</onright>
          <scrollOffset>5</scrollOffset>
          <itemWidth>48</itemWidth>
          <itemHeight>48</itemHeight>
          <IconXOff>37</IconXOff>
          <IconYOff>6</IconYOff>
          <textXOff>37</textXOff>
          <textYOff>7</textYOff>
          <textXOff2>0</textXOff2>
          <textYOff2>7</textYOff2>
          <textXOff3>112</textXOff3>
          <textYOff3>15</textYOff3>
          <font>mediastream12c</font>
          <font2>mediastream10c</font2>
          <font3>mediastream12tc</font3>
          <keepaspectratio>yes</keepaspectratio>
          <spinPosX>1762</spinPosX>
          <spinPosY>1021</spinPosY>
          <spinAlign>Right</spinAlign>
          <spinColor>ff006698</spinColor>
          <textureUp>arrow_round_up_nofocus.png</textureUp>
          <textureDown>arrow_round_down_nofocus.png</textureDown>
          <textureUpFocus>arrow_round_up_focus.png</textureUpFocus>
          <textureDownFocus>arrow_round_down_focus.png</textureDownFocus>
          <spinWidth>75</spinWidth>
          <spinHeight>55</spinHeight>
          <suffix>|</suffix>
        </control>
      </control>
    </control>
    <control>
      <type>group</type>
      <description>group element</description>
      <posX>120</posX>
      <posY>360</posY>
      <layout>StackLayout</layout>
      <animation effect="fade" time="250">WindowOpen</animation>
      <animation effect="fade" time="250">WindowClose</animation>
      <control Style="skinbutton">
        <description>Search...</description>
        <type>button</type>
        <id>2</id>
        <label>#Trakt.Translation.Search.Label...</label>
        <ondown>11</ondown>
        <onup>7</onup>
        <onright>50</onright>
        <onleft>2</onleft>
        <ondown>3</ondown>
        <width>450</width>
      </control>
      <control Style="skincheckbutton">
        <description>Movies</description>
        <type>checkbutton</type>
        <id>3</id>
        <label>#Trakt.Translation.Movies.Label</label>
        <width>450</width>
        <onleft>3</onleft>
        <onright>50</onright>
        <ondown>4</ondown>
      </control>
      <control Style="skincheckbutton">
        <description>Shows</description>
        <type>checkbutton</type>
        <id>4</id>
        <label>#Trakt.Translation.TVShows.Label</label>
        <width>450</width>
        <onleft>4</onleft>
        <onright>50</onright>
        <ondown>5</ondown>
      </control>
      <control Style="skincheckbutton">
        <description>Episodes</description>
        <type>checkbutton</type>
        <id>5</id>
        <label>#Trakt.Translation.Episodes.Label</label>
        <width>450</width>
        <onleft>5</onleft>
        <onright>50</onright>
        <ondown>6</ondown>
      </control>
      <control Style="skincheckbutton">
        <description>People</description>
        <type>checkbutton</type>
        <id>6</id>
        <label>#Trakt.Translation.People.Label</label>
        <width>450</width>
        <onleft>6</onleft>
        <onright>50</onright>
        <ondown>7</ondown>
      </control>
      <control Style="skincheckbutton">
        <description>Users</description>
        <type>checkbutton</type>
        <id>7</id>
        <label>#Trakt.Translation.Users.Label</label>
        <width>450</width>
        <onleft>7</onleft>
        <onright>50</onright>
        <ondown>2</ondown>
      </control>
    </control>
    <import>common.overlays.xml</import>
    <import>common.time.xml</import>
  </controls>
</window>