<?xml version="1.0" encoding="utf-8" standalone="yes"?>
<window>
  <id>87288</id>
  <defaultcontrol>50</defaultcontrol>
  <allowoverlay>no</allowoverlay>
  <define>#header.hover:hover_trakt.png</define>
  <define>#header.BG.colordiffuse:ffffffff</define>
  <define>#header.BG.overlay:mainoverlay.png</define>
  <define>#Fanart.1:#Trakt.RecentShouts.Fanart.1</define>
  <define>#Fanart.2:#Trakt.RecentShouts.Fanart.2</define>
  <controls>
    <control>
      <id>1</id>
      <description>Background Image</description>
      <type>image</type>
      <posX>0</posX>
      <posY>0</posY>
      <width>1920</width>
      <height>1080</height>
      <texture>#header.hover</texture>
      <colordiffuse>#header.BG.colordiffuse</colordiffuse>
      <animation effect="fade" time="300">WindowOpen</animation>
    </control>
    <import>Trakt.Common.Fanart.xml</import>
    <control>
      <id>1</id>
      <description>Overlay Image</description>
      <type>image</type>
      <posX>0</posX>
      <posY>0</posY>
      <width>1921</width>
      <height>1080</height>
      <texture>#header.BG.overlay</texture>
    </control>
    <control>
      <description>Top Title Extension Background</description>
      <type>image</type>
      <id>0</id>
      <posX>571</posX>
      <posY>16</posY>
      <width>579</width>
      <height>52</height>
      <texture>tvtitlebgshort.png</texture>
      <animation effect="fade" time="100" delay="0">visiblechange</animation>
      <animation effect="fade" time="150">WindowOpen</animation>
      <animation effect="fade" time="250">WindowClose</animation>
    </control>
    <control>
      <description>Current User</description>
      <type>label</type>
      <id>0</id>
      <posX>1108</posX>
      <posY>19</posY>
      <width>330</width>
      <font>mediastream12c</font>
      <label>#Trakt.RecentShouts.CurrentUser</label>
      <align>right</align>
      <animation effect="fade" time="100" delay="0">visiblechange</animation>
      <animation effect="fade" time="150">WindowOpen</animation>
      <animation effect="fade" time="250">WindowClose</animation>
    </control>
    <control>
      <description>Title Background</description>
      <type>image</type>
      <id>0</id>
      <posX>115</posX>
      <posY>16</posY>
      <width>655</width>
      <height>52</height>
      <texture>tvtitlebg.png</texture>
      <animation effect="fade" time="150">WindowOpen</animation>
      <animation effect="fade" time="250">WindowClose</animation>
    </control>
    <control>
      <description>Current View</description>
      <type>fadelabel</type>
      <id>0</id>
      <posX>739</posX>
      <posY>19</posY>
      <width>525</width>
      <font>mediastream12c</font>
      <label>#Trakt.Translation.RecentShouts.Label</label>
      <align>right</align>
      <animation effect="fade" time="150">WindowOpen</animation>
      <animation effect="fade" time="250">WindowClose</animation>
    </control>
    <control>
      <type>image</type>
      <id>0</id>
      <posX>0</posX>
      <posY>1012</posY>
      <width>1920</width>
      <height>70</height>
      <texture>imagestreamtitle.png</texture>
      <visible>!facadeview.filmstrip</visible>
      <animation effect="fade" time="150">WindowOpen</animation>
      <animation effect="fade" time="250">WindowClose</animation>
    </control>
    <!-- Facade Item Counts -->
    <control>
      <description>Item Count Background</description>
      <type>image</type>
      <id>0</id>
      <posX>1567</posX>
      <posY>19</posY>
      <width>333</width>
      <height>42</height>
      <texture>mediacountbg.png</texture>
      <animation effect="fade" time="250">WindowOpen</animation>
      <animation effect="fade" time="250">WindowClose</animation>
      <animation effect="slide" time="150" start="1200,0">WindowOpen</animation>
      <animation effect="slide" time="250" end="1200,0">WindowClose</animation>
    </control>
    <control>
      <description>Item Count Label</description>
      <type>label</type>
      <label>#Trakt.Translation.Shouts.Label</label>
      <id>0</id>
      <width>202</width>
      <posX>1585</posX>
      <posY>25</posY>
      <align>left</align>
      <font>mediastream10tc</font>
      <textcolor>ff909090</textcolor>
      <animation effect="fade" time="250">WindowOpen</animation>
      <animation effect="fade" time="250">WindowClose</animation>
      <animation effect="slide" time="150" start="1200,0">WindowOpen</animation>
      <animation effect="slide" time="250" end="1200,0">WindowClose</animation>
    </control>
    <control>
      <description>Item Count</description>
      <type>label</type>
      <label>#itemcount</label>
      <id>0</id>
      <posX>1855</posX>
      <posY>22</posY>
      <font>mediastream11c</font>
      <textcolor>ff006698</textcolor>
      <align>right</align>
      <animation effect="fade" time="250">WindowOpen</animation>
      <animation effect="fade" time="250">WindowClose</animation>
      <animation effect="slide" time="150" start="1200,0">WindowOpen</animation>
      <animation effect="slide" time="250" end="1200,0">WindowClose</animation>
    </control>
    <control>
      <description>Page Count Background</description>
      <type>image</type>
      <id>0</id>
      <posX>1519</posX>
      <posY>1026</posY>
      <width>390</width>
      <height>45</height>
      <texture>mediacountbg_Spin.png</texture>
      <visible>!facadeview.filmstrip</visible>
      <animation effect="fade" time="150">WindowOpen</animation>
      <animation effect="fade" time="250">WindowClose</animation>
      <animation effect="slide" time="150" start="1200,0">WindowOpen</animation>
      <animation effect="slide" time="250" end="1200,0">WindowClose</animation>
    </control>
    <control>
      <description>Page Count Label</description>
      <type>label</type>
      <label>30009</label>
      <id>0</id>
      <posX>1534</posX>
      <posY>1032</posY>
      <font>mediastream12tc</font>
      <textcolor>ff909090</textcolor>
      <visible>!facadeview.filmstrip</visible>
      <animation effect="fade" time="250">WindowOpen</animation>
      <animation effect="fade" time="250">WindowClose</animation>
      <animation effect="slide" time="150" start="1200,0">WindowOpen</animation>
      <animation effect="slide" time="250" end="1200,0">WindowClose</animation>
    </control>
    <control>
      <description>Selected item Label</description>
      <type>fadelabel</type>
      <id>1</id>
      <posX>37</posX>
      <posY>1026</posY>
      <width>1425</width>
      <font>mediastream16tc</font>
      <label>#selecteditem</label>
      <visible>!facadeview.filmstrip</visible>
      <animation effect="fade" time="150">WindowOpen</animation>
      <animation effect="fade" time="250">WindowClose</animation>
    </control>
	<control>
      <description>Cover Art</description>
      <type>image</type>
      <id>6101</id>
      <posX>46</posX>
      <posY>381</posY>
      <width>385</width>
      <height>570</height>
      <texture>#selectedthumb</texture>
      <visible>facadeview.list</visible>
      <animation effect="fade" time="250" delay="0">WindowClose</animation>
      <animation effect="fade" time="250" delay="0">WindowOpen</animation>
    </control>
    <control>
      <description>Cover Art Glass Overlay</description>
      <type>image</type>
      <id>0</id>
      <posX>46</posX>
      <posY>381</posY>
      <width>342</width>
      <height>265</height>
      <texture>glassoverlay2.png</texture>
      <visible>Control.HasThumb(6101)+facadeview.list</visible>
      <animation effect="fade" time="250" delay="0">WindowClose</animation>
      <animation effect="fade" time="250" delay="0">WindowOpen</animation>
    </control>
	<control>
      <description>Avatar</description>
      <type>image</type>
      <id>1</id>
      <posX>488</posX>
      <posY>825</posY>
      <height>130</height>
      <width>130</width>
      <keepaspectratio>yes</keepaspectratio>
      <zoom>yes</zoom>
      <texture>#Trakt.User.AvatarFileName</texture>
      <animation effect="fade" time="250" delay="0">WindowClose</animation>
    </control>
	<control>
      <description>Shout / Review Text</description>
      <type>textboxscrollup</type>
      <id>0</id>
      <posX>650</posX>
      <posY>820</posY>
      <width>1240</width>
      <height>130</height>
      <font>mediastream11</font>
	  <lineSpacing>0.9</lineSpacing>
      <label>#Trakt.Shout.Text</label>
      <scrollStartDelaySec>9</scrollStartDelaySec>
      <animation effect="fade" time="250" delay="0">WindowClose</animation>
      <animation effect="fade" time="250" delay="0">WindowOpen</animation>
      <visible>!string.equals(#Trakt.Shout.Text,)</visible>
	</control>
	<control>
		<description>Recent Shouts</description>
		<type>facadeview</type>
		<id>50</id>
		<animation effect="fade" time="150">WindowOpen</animation>
		<animation effect="fade" time="250">WindowClose</animation>
		<animation effect="slide" time="150" start="1800,0">WindowOpen</animation>
		<animation effect="slide" time="250" end="1800,0">WindowClose</animation>
		<control>
			<type>listcontrol</type>
			<id>50</id>
			<posX>450</posX>
			<posY>375</posY>
			<height>500</height>
			<width>1410</width>
			<onleft>2</onleft>
			<onright>2</onright>
			<scrollOffset>2</scrollOffset>
			<itemWidth>48</itemWidth>
			<itemHeight>48</itemHeight>
			<IconXOff>37</IconXOff>
			<IconYOff>6</IconYOff>
			<PinIconXOff>1380</PinIconXOff>
			<PinIconYOff>0</PinIconYOff>
			<PinIconWidth>48</PinIconWidth>
			<PinIconHeight>48</PinIconHeight>
			<textXOff>37</textXOff>
			<textYOff>7</textYOff>
			<textXOff2>1380</textXOff2>
			<textYOff2>7</textYOff2>
			<font>mediastream12c</font>
			<font2>mediastream10c</font2>
			<keepaspectratio>yes</keepaspectratio>
			<spinPosX>1762</spinPosX>
			<spinPosY>1021</spinPosY>
			<spinAlign>Right</spinAlign>
			<spinColor>ff006698</spinColor>
			<textureUp>arrow_round_up_nofocus.png</textureUp>
			<textureDown>arrow_round_down_nofocus.png</textureDown>
			<textureUpFocus>arrow_round_up_focus.png</textureUpFocus>
			<textureDownFocus>arrow_round_down_focus.png</textureDownFocus>
			<spinWidth>75</spinWidth>
			<spinHeight>55</spinHeight>
			<suffix>|</suffix>
		</control>
	</control>
    <!-- Hidden Menu -->
    <control>
      <description>Hidden Menu Indicator</description>
      <type>image</type>
      <posX>1848</posX>
      <posY>75</posY>
      <width>72</width>
      <height>216</height>
      <texture>#StreamedMP.ActionMenu.Image</texture>
      <visible>control.isvisible(50)</visible>
      <animation effect="fade" time="250" delay="0">WindowClose</animation>
    </control>
    <control>
      <type>actiongroup</type>
      <description>action menu</description>
      <defaultcontrol>2</defaultcontrol>
      <onexit>50</onexit>
      <dimColor>00ffffff</dimColor>
      <buttonX>1846</buttonX>
      <buttonY>82</buttonY>
      <buttonwidth>73</buttonwidth>
      <buttonheight>379</buttonheight>
      <control>
        <type>image</type>
        <posX>1503</posX>
        <posY>0</posY>
        <width>417</width>
        <height>1080</height>
        <texture>hiddenmenu_right.png</texture>
        <visible>!Control.HasFocus(50)</visible>
        <animation effect="slide" time="100" start="450,0">visible</animation>
        <animation effect="slide" time="0" end="450,0">hidden</animation>
      </control>
      <control>
        <id>0</id>
        <description>Dummy Button (for Mouse)</description>
        <label>-</label>
        <type>button</type>
        <posX>1503</posX>
        <posY>0</posY>
        <width>417</width>
        <height>1080</height>
        <visible>!Control.HasFocus(50)</visible>
        <animation effect="slide" time="100" start="450,0">visible</animation>
        <animation effect="slide" time="0" end="450,0">hidden</animation>
      </control>
      <control>
        <id>0</id>
        <description>MENU</description>
        <label>924</label>
        <type>label</type>
        <font>mediastream12tc</font>
        <posX>1560</posX>
        <posY>334</posY>
        <visible>!Control.HasFocus(50)</visible>
        <animation effect="slide" time="100" start="450,0">visible</animation>
        <animation effect="slide" time="0" end="450,0">hidden</animation>
      </control>
      <control>
        <type>group</type>
        <description>group element</description>
        <visible>!Control.HasFocus(50)</visible>
        <animation effect="slide" time="100" start="450,0">visible</animation>
        <animation effect="slide" time="0" end="450,0">hidden</animation>
        <posX>1560</posX>
        <posY>367</posY>
        <width>330</width>
        <height>1080</height>
        <layout>StackLayout</layout>
        <control>
          <description>Hide Spoilers</description>
          <type>checkbutton</type>
          <id>2</id>
          <label>-</label>
          <onup>21</onup>
          <!-- Top Bar -->
          <onleft>50</onleft>
        </control>
      </control>
    </control>
    <import>common.overlays.xml</import>
    <import>common.time.xml</import>
  </controls>
</window>
<!--Checksum:9215121d43887fa5664360039fcfa62f-->