﻿<?xml version="1.0" encoding="utf-8" standalone="yes"?>
<window>
  <id>87258</id>
  <defaultcontrol>9</defaultcontrol>
  <allowoverlay>no</allowoverlay>
  <rememberLastFocusedControl>yes</rememberLastFocusedControl>
  <define>#header.label:Trakt</define>
  <define>#header.hover:hover_trakt.png</define>
  <define>#selecteditem:#highlightedbutton</define>
  <define>#activityOnLeft:9</define>
  <controls>
    <control>
      <type>image</type>
      <description>BG</description>
      <id>0</id>
      <width>1920</width>
      <height>1080</height>
    </control>
    <control>
      <type>image</type>
      <id>0</id>
      <posX>0</posX>
      <posY>0</posY>
      <width>1920</width>
      <height>1080</height>
      <texture>#header.hover</texture>
    </control>
    <control>
      <type>image</type>
      <id>0</id>
      <posX>27</posX>
      <posY>0</posY>
      <width>450</width>
      <height>1080</height>
      <texture>homebladesub.png</texture>
      <animation effect="slide" time="200" start="-651,0">windowopen</animation>
      <animation effect="slide" time="200" end="-651,0">windowclose</animation>
    </control>
    <control>
      <type>image</type>
      <id>0</id>
      <posX>-1170</posX>
      <posY>0</posY>
      <width>1269</width>
      <height>1080</height>
      <texture>homebladeleft.png</texture>
      <animation effect="slide" time="100" start="-1269,0">windowopen</animation>
      <animation effect="slide" time="100" end="-1269,0">windowclose</animation>
    </control>
    <control>
      <type>image</type>
      <id>0</id>
      <posX>105</posX>
      <posY>150</posY>
      <width>150</width>
      <height>150</height>
      <keepaspectratio>yes</keepaspectratio>
      <texture>logos\trakt.png</texture>
      <animation effect="fade" time="200" delay="200">windowopen</animation>
      <animation effect="fade" time="200" delay="200">windowclose</animation>
      <animation effect="slide" time="100" start="-1269,0">windowopen</animation>
      <animation effect="slide" time="100" end="-1269,0">windowclose</animation>
    </control>
    <control>
      <type>group</type>
      <description>group element</description>
      <animation effect="fade" time="200" delay="200">windowopen</animation>
      <animation effect="fade" time="200" delay="200">windowclose</animation>
      <animation effect="slide" time="100" start="-1269,0">windowopen</animation>
      <animation effect="slide" time="100" end="-1269,0">windowclose</animation>
      <posX>84</posX>
      <posY>301</posY>
      <width>382</width>
      <height>568</height>
      <layout>StackLayout(0, Vertical, true)</layout>
	  <control Style="settingsbutton">
        <description>User Profile</description>
        <type>button</type>
        <width>382</width>
        <id>9</id>
        <label>#Trakt.Translation.Profile.Label</label>
        <hyperlink>87400</hyperlink>
        <onup>98</onup>
      </control>
      <control Style="settingsbutton">
        <description>Calendar</description>
        <type>button</type>
        <width>382</width>
        <id>10</id>
        <label>#Trakt.Translation.Calendar.Label</label>
        <hyperlink>87259</hyperlink>
        <onup>9</onup>
      </control>
      <control Style="settingsbutton">
        <description>Network</description>
        <type>button</type>
        <width>382</width>
        <id>11</id>
        <hyperlink>87283</hyperlink>
        <label>#Trakt.Translation.Network.Label</label>
      </control>
      <control Style="settingsbutton">
        <description>Recommendations</description>
        <type>button</type>
        <width>382</width>
        <id>12</id>
        <hyperlink>87261</hyperlink>
        <label>#Trakt.Translation.Recommendations.Label</label>
      </control>
      <control Style="settingsbutton">
        <description>Trending</description>
        <type>button</type>
        <width>382</width>
        <id>13</id>
        <hyperlink>87264</hyperlink>
        <label>#Trakt.Translation.Trending.Label</label>
      </control>
      <control Style="settingsbutton">
        <description>Watch List</description>
        <type>button</type>
        <width>382</width>
        <id>14</id>
        <hyperlink>87267</hyperlink>
        <label>#Trakt.Translation.WatchList.Label</label>
      </control>
      <control Style="settingsbutton">
        <description>Lists</description>
        <type>button</type>
        <width>382</width>
        <id>15</id>
        <hyperlink>87275</hyperlink>
        <label>#Trakt.Translation.Lists.Label</label>
      </control>
      <control Style="settingsbutton">
        <description>Settings</description>
        <type>button</type>
        <width>382</width>
        <id>16</id>
        <label>#Trakt.Translation.Settings.Label</label>
        <hyperlink>87271</hyperlink>
        <ondown>98</ondown>
      </control>
      <control Style="settingsbutton">
        <description>MPEIUPDATE:a9c3845a_8718_4712_85cc_26f56520bb9a</description>
        <type>button</type>
        <width>382</width>
        <id>98</id>
        <label>#MPEI.Translation.Update.Label</label>
        <ondown>9</ondown>
        <onup>16</onup>
        <visible>string.equals(#mpei.a9c3845a_8718_4712_85cc_26f56520bb9a.haveupdate, true)</visible>
      </control>
    </control>
    <control>
      <description>Update Indicator</description>
      <type>image</type>
      <id>0</id>
      <posX>390</posX>
      <posY>815</posY>
      <width>48</width>
      <height>48</height>
      <texture>isupdate.png</texture>
      <visible>string.equals(#mpei.a9c3845a_8718_4712_85cc_26f56520bb9a.haveupdate, true)</visible>
      <animation effect="fade" time="200" delay="200">windowopen</animation>
      <animation effect="fade" time="200" delay="200">windowclose</animation>
      <animation effect="slide" time="100" start="-1269,0">windowopen</animation>
      <animation effect="slide" time="100" end="-1269,0">windowclose</animation>
    </control>
    <import>Trakt.Dashboard.xml</import>
    <import>common.time.xml</import>
  </controls>
</window>
<!--Checksum:46a217ed1e1a57f90638b79a16960056-->