﻿<?xml version="1.0" encoding="utf-8" standalone="yes"?>
<window>
  <id>87259</id>
  <defaultcontrol>50</defaultcontrol>
  <allowoverlay>no</allowoverlay>
  <define>#header.label:</define>
  <define>#header.hover:hover_trakt.png</define>
  <define>#header.BG.colordiffuse:ffffffff</define>
  <define>#header.BG.overlay:mainoverlay.png</define>
  <define>#Fanart.1:#Trakt.Calendar.Fanart.1</define>
  <define>#Fanart.2:#Trakt.Calendar.Fanart.2</define>
  <controls>
    <control>
      <id>1</id>
      <description>Background Image</description>
      <type>image</type>
      <posX>0</posX>
      <posY>0</posY>
      <width>1920</width>
      <height>1080</height>
      <texture>#header.hover</texture>
      <colordiffuse>#header.BG.colordiffuse</colordiffuse>
      <animation effect="fade" time="300">WindowOpen</animation>
    </control>
    <import>Trakt.Common.Fanart.xml</import>
    <control>
      <id>1</id>
      <description>Overlay Image</description>
      <type>image</type>
      <posX>0</posX>
      <posY>0</posY>
      <width>1921</width>
      <height>1080</height>
      <texture>#header.BG.overlay</texture>
    </control>
    <control>
      <description>Top Title Extension Background</description>
      <type>image</type>
      <id>0</id>
      <posX>571</posX>
      <posY>16</posY>
      <width>579</width>
      <height>52</height>
      <texture>tvtitlebgshort.png</texture>
      <animation effect="fade" time="150">WindowOpen</animation>
      <animation effect="fade" time="250">WindowClose</animation>
    </control>
    <control>
      <description>Calendar Type</description>
      <type>label</type>
      <id>0</id>
      <posX>1108</posX>
      <posY>19</posY>
      <width>330</width>
      <font>mediastream12c</font>
      <label>#(switch(eq(#Trakt.Calendar.Type,'MyShows'),'#Trakt.Translation.CalendarMyShows.Label',eq(#Trakt.Calendar.Type,'Premieres'),'#Trakt.Translation.CalendarPremieres.Label',eq(#Trakt.Calendar.Type,'AllShows'),'#Trakt.Translation.CalendarAllShows.Label'))</label>
      <align>right</align>
      <animation effect="fade" time="150">WindowOpen</animation>
      <animation effect="fade" time="250">WindowClose</animation>
    </control>
    <control>
      <description>Title Background</description>
      <type>image</type>
      <id>0</id>
      <posX>115</posX>
      <posY>16</posY>
      <width>655</width>
      <height>52</height>
      <texture>tvtitlebg.png</texture>
      <animation effect="fade" time="150">WindowOpen</animation>
      <animation effect="fade" time="250">WindowClose</animation>
    </control>
    <control>
      <description>Current View</description>
      <type>fadelabel</type>
      <id>0</id>
      <posX>739</posX>
      <posY>19</posY>
      <width>525</width>
      <font>mediastream12c</font>
      <label>Trakt #Trakt.Translation.Calendar.Label</label>
      <align>right</align>
      <animation effect="fade" time="150">WindowOpen</animation>
      <animation effect="fade" time="250">WindowClose</animation>
    </control>
    <control>
      <type>image</type>
      <id>0</id>
      <posX>0</posX>
      <posY>1012</posY>
      <width>1920</width>
      <height>70</height>
      <texture>imagestreamtitle.png</texture>
      <animation effect="fade" time="150">WindowOpen</animation>
      <animation effect="fade" time="250">WindowClose</animation>
    </control>
    <!-- Facade Item Counts -->
    <control>
      <description>Item Count Background</description>
      <type>image</type>
      <id>0</id>
      <posX>1567</posX>
      <posY>19</posY>
      <width>333</width>
      <height>42</height>
      <texture>mediacountbg.png</texture>
      <animation effect="fade" time="250">WindowOpen</animation>
      <animation effect="fade" time="250">WindowClose</animation>
      <animation effect="slide" time="150" start="1200,0">WindowOpen</animation>
      <animation effect="slide" time="250" end="1200,0">WindowClose</animation>
      <visible>control.isvisible(50)</visible>
    </control>
    <control>
      <description>Item Count Label</description>
      <type>label</type>
      <label>#Trakt.Translation.Episodes.Label</label>
      <id>0</id>
      <width>202</width>
      <posX>1585</posX>
      <posY>25</posY>
      <align>left</align>
      <font>mediastream10tc</font>
      <textcolor>ff909090</textcolor>
      <animation effect="fade" time="250">WindowOpen</animation>
      <animation effect="fade" time="250">WindowClose</animation>
      <animation effect="slide" time="150" start="1200,0">WindowOpen</animation>
      <animation effect="slide" time="250" end="1200,0">WindowClose</animation>
      <visible>control.isvisible(50)</visible>
    </control>
    <control>
      <description>Item Count</description>
      <type>label</type>
      <label>#itemcount</label>
      <id>0</id>
      <posX>1855</posX>
      <posY>22</posY>
      <font>mediastream11c</font>
      <textcolor>ff006698</textcolor>
      <align>right</align>
      <animation effect="fade" time="250">WindowOpen</animation>
      <animation effect="fade" time="250">WindowClose</animation>
      <animation effect="slide" time="150" start="1200,0">WindowOpen</animation>
      <animation effect="slide" time="250" end="1200,0">WindowClose</animation>
      <visible>control.isvisible(50)</visible>
    </control>
    <control>
      <description>Page Count Background</description>
      <type>image</type>
      <id>0</id>
      <posX>1519</posX>
      <posY>1026</posY>
      <width>390</width>
      <height>45</height>
      <texture>mediacountbg_Spin.png</texture>
      <animation effect="fade" time="150">WindowOpen</animation>
      <animation effect="fade" time="250">WindowClose</animation>
      <animation effect="slide" time="150" start="1200,0">WindowOpen</animation>
      <animation effect="slide" time="250" end="1200,0">WindowClose</animation>
    </control>
    <control>
      <description>Page Count Label</description>
      <type>label</type>
      <label>30009</label>
      <id>0</id>
      <posX>1534</posX>
      <posY>1032</posY>
      <font>mediastream12tc</font>
      <textcolor>ff909090</textcolor>
      <animation effect="fade" time="250">WindowOpen</animation>
      <animation effect="fade" time="250">WindowClose</animation>
      <animation effect="slide" time="150" start="1200,0">WindowOpen</animation>
      <animation effect="slide" time="250" end="1200,0">WindowClose</animation>
    </control>
    <control>
      <description>Selected item Label</description>
      <type>fadelabel</type>
      <id>1</id>
      <posX>37</posX>
      <posY>1026</posY>
      <width>1425</width>
      <font>mediastream16tc</font>
      <label>#selecteditem</label>
      <animation effect="fade" time="150">WindowOpen</animation>
      <animation effect="fade" time="250">WindowClose</animation>
    </control>
    <control>
      <description>group element</description>
      <type>group</type>
      <animation effect="fade" time="150">WindowOpen</animation>
      <animation effect="fade" time="250">WindowClose</animation>
      <animation effect="slide" time="150" start="1800,0">WindowOpen</animation>
      <animation effect="slide" time="250" end="1800,0">WindowClose</animation>
      <control>
        <type>facadeview</type>
        <id>50</id>
        <control>
          <description>listcontrol</description>
          <type>listcontrol</type>
          <id>50</id>
          <posX>975</posX>
          <posY>360</posY>
          <height>720</height>
          <width>930</width>
          <onleft>2</onleft>
          <onright>2</onright>
          <scrollOffset>5</scrollOffset>
          <itemWidth>85</itemWidth>
          <itemHeight>48</itemHeight>
          <IconXOff>1800</IconXOff>
          <IconYOff>6</IconYOff>
          <textXOff>-15</textXOff>
          <textYOff>7</textYOff>
          <textXOff2>0</textXOff2>
          <textYOff2>7</textYOff2>
          <textXOff3>82</textXOff3>
          <textYOff3>15</textYOff3>
          <font>mediastream12c</font>
          <font2>mediastream10c</font2>
          <font3>mediastream12tc</font3>
          <keepaspectratio>yes</keepaspectratio>
          <spinPosX>1762</spinPosX>
          <spinPosY>1021</spinPosY>
          <spinAlign>Right</spinAlign>
          <spinColor>ff006698</spinColor>
          <textureUp>arrow_round_up_nofocus.png</textureUp>
          <textureDown>arrow_round_down_nofocus.png</textureDown>
          <textureUpFocus>arrow_round_up_focus.png</textureUpFocus>
          <textureDownFocus>arrow_round_down_focus.png</textureDownFocus>
          <spinWidth>75</spinWidth>
          <spinHeight>55</spinHeight>
          <suffix>|</suffix>
        </control>
      </control>
    </control>
    <!-- Hidden Menu -->
    <control>
      <description>Hidden Menu Indicator</description>
      <type>image</type>
      <posX>1848</posX>
      <posY>75</posY>
      <width>72</width>
      <height>216</height>
      <texture>#StreamedMP.ActionMenu.Image</texture>
      <visible>control.isvisible(50)</visible>
      <animation effect="fade" time="250" delay="0">WindowClose</animation>
    </control>
    <control>
      <type>actiongroup</type>
      <description>action menu</description>
      <defaultcontrol>2</defaultcontrol>
      <onexit>50</onexit>
      <dimColor>00ffffff</dimColor>
      <buttonX>1846</buttonX>
      <buttonY>82</buttonY>
      <buttonwidth>73</buttonwidth>
      <buttonheight>379</buttonheight>
      <control>
        <type>image</type>
        <posX>1503</posX>
        <posY>0</posY>
        <width>417</width>
        <height>1080</height>
        <texture>hiddenmenu_right.png</texture>
        <visible>!Control.HasFocus(50)</visible>
        <animation effect="slide" time="100" start="450,0">visible</animation>
        <animation effect="slide" time="0" end="450,0">hidden</animation>
      </control>
      <control>
        <id>0</id>
        <description>Dummy Button (for Mouse)</description>
        <label>-</label>
        <type>button</type>
        <posX>1503</posX>
        <posY>0</posY>
        <width>417</width>
        <height>1080</height>
        <visible>!Control.HasFocus(50)</visible>
        <animation effect="slide" time="100" start="450,0">visible</animation>
        <animation effect="slide" time="0" end="450,0">hidden</animation>
      </control>
      <control>
        <id>0</id>
        <description>MENU</description>
        <label>924</label>
        <type>label</type>
        <font>mediastream12tc</font>
        <posX>1560</posX>
        <posY>334</posY>
        <visible>!Control.HasFocus(50)</visible>
        <animation effect="slide" time="100" start="450,0">visible</animation>
        <animation effect="slide" time="0" end="450,0">hidden</animation>
      </control>
      <control>
        <id>0</id>
        <description>JUMP TO</description>
        <label>1065</label>
        <type>label</type>
        <font>mediastream12tc</font>
        <posX>1560</posX>
        <posY>495</posY>
        <visible>!Control.HasFocus(50)</visible>
        <animation effect="slide" time="100" start="450,0">visible</animation>
        <animation effect="slide" time="0" end="450,0">hidden</animation>
      </control>
      <control>
        <type>group</type>
        <description>group element</description>
        <visible>!Control.HasFocus(50)</visible>
        <animation effect="slide" time="100" start="450,0">visible</animation>
        <animation effect="slide" time="0" end="450,0">hidden</animation>
        <posX>1560</posX>
        <posY>367</posY>
        <width>330</width>
        <height>1080</height>
        <layout>StackLayout</layout>
        <control>
          <description>Switch View</description>
          <type>button</type>
          <id>2</id>
          <label>-</label>
          <onup>21</onup>
          <onleft>50</onleft>
        </control>
        <control>
          <description>Start Date</description>
          <type>button</type>
          <id>3</id>
          <label>-</label>
          <onleft>50</onleft>
        </control>
        <control>
          <description>Hide Watchlisted</description>
          <type>checkbutton</type>
          <id>4</id>
          <label>-</label>
          <onleft>50</onleft>
        </control>
        <control>
          <description>Empty button</description>
          <type>button</type>
          <id>0</id>
          <label>-</label>
          <visible>false</visible>
        </control>
        <control>
          <description>MovingPictures</description>
          <id>66610</id>
          <type>button</type>
          <label>Moving Pictures</label>
          <hyperlink>96742</hyperlink>
          <onleft>50</onleft>
        </control>
        <control>
          <description>My Videos</description>
          <type>button</type>
          <id>66611</id>
          <label>100006</label>
          <onleft>50</onleft>
          <hyperlink>6</hyperlink>
          <ondown>66612</ondown>
        </control>
        <control>
          <description>MP-TVSeries</description>
          <type>button</type>
          <id>66612</id>
          <label>MP-TVSeries</label>
          <hyperlink>9811</hyperlink>
          <ondown>2</ondown>
          <onleft>50</onleft>
        </control>
      </control>
    </control>
		<import>Trakt.Common.Episodes.xml</import>
    <import>common.overlays.xml</import>
    <import>common.time.xml</import>
  </controls>
</window>
<!--Checksum:e0e53cb44eb92cae42ab25d6889afca7-->