﻿<?xml version="1.0" encoding="utf-8"?>
<window>
  <controls>
    <control>
      <description>group element</description>
      <type>group</type>
      <dimColor>FFFFFFFF</dimColor>
      <animation effect="fade" time="200">WindowOpen</animation>
      <animation effect="fade" time="250">WindowClose</animation>
      <animation effect="slide" time="200" start="1800,0">WindowOpen</animation>
      <animation effect="slide" time="250" end="1800,0">WindowClose</animation>
      <control>
        <type>image</type>
        <id>0</id>
        <posX>465</posX>
        <posY>0</posY>
        <width>1455</width>
        <height>1080</height>
        <texture>weatherframe2b.png</texture>
      </control>
      <control>
        <type>label</type>
        <id>0</id>
        <posX>510</posX>
        <posY>45</posY>
        <width>1260</width>
        <font>mediastream14tc</font>
        <label>#Trakt.Activity.Description</label>
      </control>
      <control>
        <description>Activity Stream</description>
        <type>facadeview</type>
        <id>98300</id>
        <control>
          <type>listcontrol</type>
          <id>98300</id>
          <posX>480</posX>
          <posY>97</posY>
          <height>450</height>
          <width>1380</width>
          <onleft>#activityOnLeft</onleft>
          <onright>#activityOnLeft</onright>
          <scrollOffset>2</scrollOffset>
          <itemWidth>48</itemWidth>
          <itemHeight>48</itemHeight>
          <IconXOff>37</IconXOff>
          <IconYOff>6</IconYOff>
          <PinIconXOff>1350</PinIconXOff>
          <PinIconYOff>0</PinIconYOff>
          <PinIconWidth>48</PinIconWidth>
          <PinIconHeight>48</PinIconHeight>
          <textXOff>37</textXOff>
          <textYOff>7</textYOff>
          <textXOff2>1350</textXOff2>
          <textYOff2>7</textYOff2>
          <font>mediastream12c</font>
          <font2>mediastream10c</font2>
          <keepaspectratio>yes</keepaspectratio>
          <spinPosX>3000</spinPosX>
          <suffix>|</suffix>
        </control>
      </control>
      <control>
        <description>Trending Label</description>
        <type>label</type>
        <id>0</id>
        <posX>510</posX>
        <posY>487</posY>
        <width>1260</width>
        <font>mediastream14tc</font>
        <label>#Trakt.Translation.TrendingShowsAndMovies.Label</label>
      </control>
      <control>
        <description>Trending Shows</description>
        <type>facadeview</type>
        <id>98301</id>
        <control>
          <type>filmstrip</type>
          <dimColor>ffffffff</dimColor>
          <id>98301</id>
          <onup>98300</onup>
          <onleft>#activityOnLeft</onleft>
          <posX>510</posX>
          <posY>525</posY>
          <width>780</width>
          <height>330</height>
          <scrollOffset>0</scrollOffset>
          <itemWidth>192</itemWidth>
          <itemHeight>234</itemHeight>
          <textureWidth>180</textureWidth>
          <textureHeight>255</textureHeight>
          <thumbWidth>159</thumbWidth>
          <thumbHeight>234</thumbHeight>
          <thumbPosX>10</thumbPosX>
          <thumbPosY>10</thumbPosY>
          <InfoImage>
          </InfoImage>
          <imageFolder>imagebg.png</imageFolder>
          <imageFolderFocus>thumbborder5.png</imageFolderFocus>
          <frame>-</frame>
          <frameFocus>-</frameFocus>
          <keepaspectratio>no</keepaspectratio>
          <showFrame>no</showFrame>
          <showFolder>yes</showFolder>
          <showBackGround>no</showBackGround>
          <showInfoImage>no</showInfoImage>
          <spinPosX>3000</spinPosX>
          <spinCanFocus>no</spinCanFocus>
        </control>
      </control>
      <control>
        <description>Show #1 Title</description>
        <type>label</type>
        <id>0</id>
        <posX>1290</posX>
        <posY>547</posY>
        <width>315</width>
        <font>font12</font>
        <textcolor>ffffffff</textcolor>
        <label>#Trakt.Show.0.Title</label>
      </control>
      <control>
        <description>Show #2 Title</description>
        <type>label</type>
        <id>0</id>
        <posX>1290</posX>
        <posY>600</posY>
        <width>315</width>
        <font>font12</font>
        <textcolor>ffffffff</textcolor>
        <label>#Trakt.Show.1.Title</label>
      </control>
      <control>
        <description>Show #3 Title</description>
        <type>label</type>
        <id>0</id>
        <posX>1290</posX>
        <posY>652</posY>
        <width>315</width>
        <font>font12</font>
        <textcolor>ffffffff</textcolor>
        <label>#Trakt.Show.2.Title</label>
      </control>
      <control>
        <description>Show #4 Title</description>
        <type>label</type>
        <id>0</id>
        <posX>1290</posX>
        <posY>705</posY>
        <width>315</width>
        <font>font12</font>
        <textcolor>ffffffff</textcolor>
        <label>#Trakt.Show.3.Title</label>
      </control>
      <control>
        <description>Show #1 Rating Icon</description>
        <type>image</type>
        <id>0</id>
        <posX>1635</posX>
        <posY>547</posY>
        <width>36</width>
        <height>36</height>
        <texture>#Trakt.Show.0.Ratings.Icon.png</texture>
      </control>
      <control>
        <description>Show #2 Rating Icon</description>
        <type>image</type>
        <id>0</id>
        <posX>1635</posX>
        <posY>600</posY>
        <width>36</width>
        <height>36</height>
        <texture>#Trakt.Show.1.Ratings.Icon.png</texture>
      </control>
      <control>
        <description>Show #3 Rating Icon</description>
        <type>image</type>
        <id>0</id>
        <posX>1635</posX>
        <posY>652</posY>
        <width>36</width>
        <height>36</height>
        <texture>#Trakt.Show.2.Ratings.Icon.png</texture>
      </control>
      <control>
        <description>Show #4 Rating Icon</description>
        <type>image</type>
        <id>0</id>
        <posX>1635</posX>
        <posY>705</posY>
        <width>36</width>
        <height>36</height>
        <texture>#Trakt.Show.3.Ratings.Icon.png</texture>
      </control>
      <control>
        <description>Show #1 Rating</description>
        <type>label</type>
        <id>0</id>
        <posX>1687</posX>
        <posY>547</posY>
        <width>1260</width>
        <font>mediastream11c</font>
        <textcolor>ffffffff</textcolor>
        <label>#Trakt.Show.0.Ratings.Percentage%</label>
      </control>
      <control>
        <description>Show #2 Rating</description>
        <type>label</type>
        <id>0</id>
        <posX>1687</posX>
        <posY>600</posY>
        <width>1260</width>
        <font>mediastream11c</font>
        <textcolor>ffffffff</textcolor>
        <label>#Trakt.Show.1.Ratings.Percentage%</label>
      </control>
      <control>
        <description>Show #3 Rating</description>
        <type>label</type>
        <id>0</id>
        <posX>1687</posX>
        <posY>652</posY>
        <width>1260</width>
        <font>mediastream11c</font>
        <textcolor>ffffffff</textcolor>
        <label>#Trakt.Show.2.Ratings.Percentage%</label>
      </control>
      <control>
        <description>Show #4 Rating</description>
        <type>label</type>
        <id>0</id>
        <posX>1687</posX>
        <posY>705</posY>
        <width>1260</width>
        <font>mediastream11c</font>
        <textcolor>ffffffff</textcolor>
        <label>#Trakt.Show.3.Ratings.Percentage%</label>
      </control>
      <control>
        <description>Show #1 Watching Icon</description>
        <type>image</type>
        <id>0</id>
        <posX>1785</posX>
        <posY>540</posY>
        <width>48</width>
        <height>48</height>
        <texture>traktActivityWatching.png</texture>
      </control>
      <control>
        <description>Show #2 Watching Icon</description>
        <type>image</type>
        <id>0</id>
        <posX>1785</posX>
        <posY>592</posY>
        <width>48</width>
        <height>48</height>
        <texture>traktActivityWatching.png</texture>
      </control>
      <control>
        <description>Show #3 Watching Icon</description>
        <type>image</type>
        <id>0</id>
        <posX>1785</posX>
        <posY>645</posY>
        <width>48</width>
        <height>48</height>
        <texture>traktActivityWatching.png</texture>
      </control>
      <control>
        <description>Show #4 Watching Icon</description>
        <type>image</type>
        <id>0</id>
        <posX>1785</posX>
        <posY>697</posY>
        <width>48</width>
        <height>48</height>
        <texture>traktActivityWatching.png</texture>
      </control>
      <control>
        <description>Show #1 People Watching</description>
        <type>label</type>
        <id>0</id>
        <posX>1837</posX>
        <posY>547</posY>
        <width>1260</width>
        <font>mediastream11c</font>
        <textcolor>ffffffff</textcolor>
        <label>#Trakt.Show.0.Watchers</label>
      </control>
      <control>
        <description>Show #2 People Watching</description>
        <type>label</type>
        <id>0</id>
        <posX>1837</posX>
        <posY>600</posY>
        <width>1260</width>
        <font>mediastream11c</font>
        <textcolor>ffffffff</textcolor>
        <label>#Trakt.Show.1.Watchers</label>
      </control>
      <control>
        <description>Show #3 People Watching</description>
        <type>label</type>
        <id>0</id>
        <posX>1837</posX>
        <posY>652</posY>
        <width>1260</width>
        <font>mediastream11c</font>
        <textcolor>ffffffff</textcolor>
        <label>#Trakt.Show.2.Watchers</label>
      </control>
      <control>
        <description>Show #4 People Watching</description>
        <type>label</type>
        <id>0</id>
        <posX>1837</posX>
        <posY>705</posY>
        <width>1260</width>
        <font>mediastream11c</font>
        <textcolor>ffffffff</textcolor>
        <label>#Trakt.Show.3.Watchers</label>
      </control>
      <control>
        <description>Separator Line</description>
        <type>image</type>
        <id>1</id>
        <posX>1240</posX>
        <posY>787</posY>
        <width>692</width>
        <height>0</height>
        <texture>seperator.png</texture>
      </control>
      <control>
        <description>Trending Movies</description>
        <type>facadeview</type>
        <id>98302</id>
        <control>
          <type>filmstrip</type>
          <dimColor>ffffffff</dimColor>
          <id>98302</id>
          <onup>98301</onup>
          <onleft>#activityOnLeft</onleft>
          <ondown>98301</ondown>
          <posX>510</posX>
          <posY>780</posY>
          <width>780</width>
          <height>330</height>
          <scrollOffset>0</scrollOffset>
          <itemWidth>192</itemWidth>
          <itemHeight>234</itemHeight>
          <textureWidth>180</textureWidth>
          <textureHeight>255</textureHeight>
          <thumbWidth>159</thumbWidth>
          <thumbHeight>234</thumbHeight>
          <thumbPosX>10</thumbPosX>
          <thumbPosY>10</thumbPosY>
          <InfoImage>
          </InfoImage>
          <imageFolder>imagebg.png</imageFolder>
          <imageFolderFocus>thumbborder5.png</imageFolderFocus>
          <frame>-</frame>
          <frameFocus>-</frameFocus>
          <showFrame>no</showFrame>
          <showFolder>yes</showFolder>
          <showBackGround>no</showBackGround>
          <showInfoImage>no</showInfoImage>
          <spinPosX>3000</spinPosX>
          <spinCanFocus>no</spinCanFocus>
        </control>
      </control>
      <control>
        <description>Movie #1 Title</description>
        <type>label</type>
        <id>0</id>
        <posX>1290</posX>
        <posY>817</posY>
        <width>315</width>
        <font>font12</font>
        <textcolor>ffffffff</textcolor>
        <label>#Trakt.Movie.0.Title</label>
      </control>
      <control>
        <description>Movie #2 Title</description>
        <type>label</type>
        <id>0</id>
        <posX>1290</posX>
        <posY>870</posY>
        <width>315</width>
        <font>font12</font>
        <textcolor>ffffffff</textcolor>
        <label>#Trakt.Movie.1.Title</label>
      </control>
      <control>
        <description>Movie #3 Title</description>
        <type>label</type>
        <id>0</id>
        <posX>1290</posX>
        <posY>922</posY>
        <width>315</width>
        <font>font12</font>
        <textcolor>ffffffff</textcolor>
        <label>#Trakt.Movie.2.Title</label>
      </control>
      <control>
        <description>Movie #4 Title</description>
        <type>label</type>
        <id>0</id>
        <posX>1290</posX>
        <posY>975</posY>
        <width>315</width>
        <font>font12</font>
        <textcolor>ffffffff</textcolor>
        <label>#Trakt.Movie.3.Title</label>
      </control>
      <control>
        <description>Movie #1 Rating Icon</description>
        <type>image</type>
        <id>0</id>
        <posX>1635</posX>
        <posY>817</posY>
        <width>36</width>
        <height>36</height>
        <texture>#Trakt.Movie.0.Ratings.Icon.png</texture>
      </control>
      <control>
        <description>Movie #2 Rating Icon</description>
        <type>image</type>
        <id>0</id>
        <posX>1635</posX>
        <posY>870</posY>
        <width>36</width>
        <height>36</height>
        <texture>#Trakt.Movie.1.Ratings.Icon.png</texture>
      </control>
      <control>
        <description>Movie #3 Rating Icon</description>
        <type>image</type>
        <id>0</id>
        <posX>1635</posX>
        <posY>922</posY>
        <width>36</width>
        <height>36</height>
        <texture>#Trakt.Movie.2.Ratings.Icon.png</texture>
      </control>
      <control>
        <description>Movie #4 Rating Icon</description>
        <type>image</type>
        <id>0</id>
        <posX>1635</posX>
        <posY>975</posY>
        <width>36</width>
        <height>36</height>
        <texture>#Trakt.Movie.3.Ratings.Icon.png</texture>
      </control>
      <control>
        <description>Movie #1 Rating</description>
        <type>label</type>
        <id>0</id>
        <posX>1687</posX>
        <posY>817</posY>
        <width>1260</width>
        <font>mediastream11c</font>
        <textcolor>ffffffff</textcolor>
        <label>#Trakt.Movie.0.Ratings.Percentage%</label>
      </control>
      <control>
        <description>Movie #2 Rating</description>
        <type>label</type>
        <id>0</id>
        <posX>1687</posX>
        <posY>870</posY>
        <width>1260</width>
        <font>mediastream11c</font>
        <textcolor>ffffffff</textcolor>
        <label>#Trakt.Movie.1.Ratings.Percentage%</label>
      </control>
      <control>
        <description>Movie #3 Rating</description>
        <type>label</type>
        <id>0</id>
        <posX>1687</posX>
        <posY>922</posY>
        <width>1260</width>
        <font>mediastream11c</font>
        <textcolor>ffffffff</textcolor>
        <label>#Trakt.Movie.2.Ratings.Percentage%</label>
      </control>
      <control>
        <description>Movie #4 Rating</description>
        <type>label</type>
        <id>0</id>
        <posX>1687</posX>
        <posY>975</posY>
        <width>1260</width>
        <font>mediastream11c</font>
        <textcolor>ffffffff</textcolor>
        <label>#Trakt.Movie.3.Ratings.Percentage%</label>
      </control>
      <control>
        <description>Movie #1 Watching Icon</description>
        <type>image</type>
        <id>0</id>
        <posX>1785</posX>
        <posY>810</posY>
        <width>48</width>
        <height>48</height>
        <texture>traktActivityWatching.png</texture>
      </control>
      <control>
        <description>Movie #2 Watching Icon</description>
        <type>image</type>
        <id>0</id>
        <posX>1785</posX>
        <posY>862</posY>
        <width>48</width>
        <height>48</height>
        <texture>traktActivityWatching.png</texture>
      </control>
      <control>
        <description>Movie #3 Watching Icon</description>
        <type>image</type>
        <id>0</id>
        <posX>1785</posX>
        <posY>915</posY>
        <width>48</width>
        <height>48</height>
        <texture>traktActivityWatching.png</texture>
      </control>
      <control>
        <description>Movie #4 Watching Icon</description>
        <type>image</type>
        <id>0</id>
        <posX>1785</posX>
        <posY>967</posY>
        <width>48</width>
        <height>48</height>
        <texture>traktActivityWatching.png</texture>
      </control>
      <control>
        <description>Movie #1 People Watching</description>
        <type>label</type>
        <id>0</id>
        <posX>1837</posX>
        <posY>817</posY>
        <width>1260</width>
        <font>mediastream11c</font>
        <textcolor>ffffffff</textcolor>
        <label>#Trakt.Movie.0.Watchers</label>
      </control>
      <control>
        <description>Movie #2 People Watching</description>
        <type>label</type>
        <id>0</id>
        <posX>1837</posX>
        <posY>870</posY>
        <width>1260</width>
        <font>mediastream11c</font>
        <textcolor>ffffffff</textcolor>
        <label>#Trakt.Movie.1.Watchers</label>
      </control>
      <control>
        <description>Movie #3 People Watching</description>
        <type>label</type>
        <id>0</id>
        <posX>1837</posX>
        <posY>922</posY>
        <width>1260</width>
        <font>mediastream11c</font>
        <textcolor>ffffffff</textcolor>
        <label>#Trakt.Movie.2.Watchers</label>
      </control>
      <control>
        <description>Movie #4 People Watching</description>
        <type>label</type>
        <id>0</id>
        <posX>1837</posX>
        <posY>975</posY>
        <width>1260</width>
        <font>mediastream11c</font>
        <textcolor>ffffffff</textcolor>
        <label>#Trakt.Movie.3.Watchers</label>
      </control>
      <control>
        <description>Update Animation</description>
        <type>animation</type>
        <id>98299</id>
        <posX>1830</posX>
        <posY>37</posY>
        <width>54</width>
        <height>54</height>
        <textures>common.waiting2.1.png;common.waiting2.2.png;common.waiting2.3.png;common.waiting2.4.png;common.waiting2.5.png;common.waiting2.6.png;common.waiting2.7.png;common.waiting2.8.png</textures>
        <Duration>0:0:01.5</Duration>
        <keepaspectratio>yes</keepaspectratio>
      </control>
    </control>
  </controls>
</window>
<!--Checksum:efe958cbb3d25c78666a60eb553d1727-->