﻿<?xml version="1.0" encoding="utf-8" standalone="yes"?>
<window>
  <id>87260</id>
  <defaultcontrol>50</defaultcontrol>
  <allowoverlay>no</allowoverlay>
  <define>#header.hover:hover_trakt.png</define>
  <define>#header.BG.colordiffuse:ffffffff</define>
  <define>#header.BG.overlay:mainoverlay.png</define>
  <define>#Fanart.1:#Trakt.Friends.Fanart.1</define>
  <define>#Fanart.2:#Trakt.Friends.Fanart.2</define>
  <controls>
    <control>
      <id>1</id>
      <description>Background Image</description>
      <type>image</type>
      <posX>0</posX>
      <posY>0</posY>
      <width>1920</width>
      <height>1080</height>
      <texture>#header.hover</texture>
      <colordiffuse>#header.BG.colordiffuse</colordiffuse>
      <animation effect="fade" time="300">WindowOpen</animation>
    </control>
    <import>Trakt.Common.Fanart.xml</import>
    <control>
      <id>1</id>
      <description>Overlay Image</description>
      <type>image</type>
      <posX>0</posX>
      <posY>0</posY>
      <width>1921</width>
      <height>1080</height>
      <texture>#header.BG.overlay</texture>
    </control>
    <control>
      <description>Top Title Extension Background</description>
      <type>image</type>
      <id>0</id>
      <posX>571</posX>
      <posY>16</posY>
      <width>579</width>
      <height>52</height>
      <texture>tvtitlebgshort.png</texture>
      <visible>!string.equals(#Trakt.View.Level,Friends)</visible>
      <animation effect="fade" time="100" delay="0">visiblechange</animation>
      <animation effect="fade" time="150">WindowOpen</animation>
      <animation effect="fade" time="250">WindowClose</animation>
    </control>
    <control>
      <description>Current Friend</description>
      <type>label</type>
      <id>0</id>
      <posX>1108</posX>
      <posY>19</posY>
      <width>330</width>
      <font>mediastream12c</font>
      <label>#(iif(eq(#Trakt.View.Level,'Friends'),'Trakt #Trakt.Translation.Friends.Label','#Trakt.User.Username'))</label>
      <align>right</align>
      <visible>!string.equals(#Trakt.View.Level,Friends)</visible>
      <animation effect="fade" time="100" delay="0">visiblechange</animation>
      <animation effect="fade" time="150">WindowOpen</animation>
      <animation effect="fade" time="250">WindowClose</animation>
    </control>
    <control>
      <description>Title Background</description>
      <type>image</type>
      <id>0</id>
      <posX>115</posX>
      <posY>16</posY>
      <width>655</width>
      <height>52</height>
      <texture>tvtitlebg.png</texture>
      <animation effect="fade" time="150">WindowOpen</animation>
      <animation effect="fade" time="250">WindowClose</animation>
    </control>
    <control>
      <description>Current View</description>
      <type>fadelabel</type>
      <id>0</id>
      <posX>739</posX>
      <posY>19</posY>
      <width>525</width>
      <font>mediastream12c</font>
      <label>#(iif(eq(#Trakt.View.Level,'WatchedHistory'),iif(eq(#Trakt.Selected.Type,'episode'),'#Trakt.Translation.WatchedEpisodes.Label','#Trakt.Translation.WatchedMovies.Label'),'Trakt #Trakt.Translation.Friends.Label'))</label>
      <align>right</align>
      <animation effect="fade" time="150">WindowOpen</animation>
      <animation effect="fade" time="250">WindowClose</animation>
    </control>
    <control>
      <type>image</type>
      <id>0</id>
      <posX>0</posX>
      <posY>1012</posY>
      <width>1920</width>
      <height>70</height>
      <texture>imagestreamtitle.png</texture>
      <animation effect="fade" time="150">WindowOpen</animation>
      <animation effect="fade" time="250">WindowClose</animation>
    </control>
    <!-- Facade Item Counts -->
    <control>
      <description>Item Count Background</description>
      <type>image</type>
      <id>0</id>
      <posX>1567</posX>
      <posY>19</posY>
      <width>333</width>
      <height>42</height>
      <texture>mediacountbg.png</texture>
      <animation effect="fade" time="250">WindowOpen</animation>
      <animation effect="fade" time="250">WindowClose</animation>
      <animation effect="slide" time="150" start="1200,0">WindowOpen</animation>
      <animation effect="slide" time="250" end="1200,0">WindowClose</animation>
    </control>
    <control>
      <description>Item Count Label</description>
      <type>label</type>
      <label>#(switch(eq(#Trakt.View.Level,'Friends'),'#Trakt.Translation.Friends.Label',eq(#Trakt.View.Level,'WatchedTypes'),L(507),and(eq(#Trakt.View.Level,'WatchedHistory'),eq(#Trakt.Selected.Type,'episode')),'#Trakt.Translation.Episodes.Label',and(eq(#Trakt.View.Level,'WatchedHistory'),eq(#Trakt.Selected.Type,'movie')),'#Trakt.Translation.Movies.Label'))</label>
      <id>0</id>
      <width>202</width>
      <posX>1585</posX>
      <posY>25</posY>
      <align>left</align>
      <font>mediastream10tc</font>
      <textcolor>ff909090</textcolor>
      <animation effect="fade" time="250">WindowOpen</animation>
      <animation effect="fade" time="250">WindowClose</animation>
      <animation effect="slide" time="150" start="1200,0">WindowOpen</animation>
      <animation effect="slide" time="250" end="1200,0">WindowClose</animation>
    </control>
    <control>
      <description>Item Count</description>
      <type>label</type>
      <label>#itemcount</label>
      <id>0</id>
      <posX>1855</posX>
      <posY>22</posY>
      <font>mediastream11c</font>
      <textcolor>ff006698</textcolor>
      <align>right</align>
      <animation effect="fade" time="250">WindowOpen</animation>
      <animation effect="fade" time="250">WindowClose</animation>
      <animation effect="slide" time="150" start="1200,0">WindowOpen</animation>
      <animation effect="slide" time="250" end="1200,0">WindowClose</animation>
    </control>
    <control>
      <description>Page Count Background</description>
      <type>image</type>
      <id>0</id>
      <posX>1519</posX>
      <posY>1026</posY>
      <width>390</width>
      <height>45</height>
      <texture>mediacountbg_Spin.png</texture>
      <animation effect="fade" time="150">WindowOpen</animation>
      <animation effect="fade" time="250">WindowClose</animation>
      <animation effect="slide" time="150" start="1200,0">WindowOpen</animation>
      <animation effect="slide" time="250" end="1200,0">WindowClose</animation>
      <visible>!string.equals(#Trakt.View.Level,WatchedTypes)</visible>
    </control>
    <control>
      <description>Page Count Label</description>
      <type>label</type>
      <label>30009</label>
      <id>0</id>
      <posX>1534</posX>
      <posY>1032</posY>
      <font>mediastream12tc</font>
      <textcolor>ff909090</textcolor>
      <animation effect="fade" time="250">WindowOpen</animation>
      <animation effect="fade" time="250">WindowClose</animation>
      <animation effect="slide" time="150" start="1200,0">WindowOpen</animation>
      <animation effect="slide" time="250" end="1200,0">WindowClose</animation>
      <visible>!string.equals(#Trakt.View.Level,WatchedTypes)</visible>
    </control>
    <control>
      <description>Selected item Label</description>
      <type>fadelabel</type>
      <id>1</id>
      <posX>37</posX>
      <posY>1026</posY>
      <width>1425</width>
      <font>mediastream16tc</font>
      <label>#selecteditem</label>
      <animation effect="fade" time="150">WindowOpen</animation>
      <animation effect="fade" time="250">WindowClose</animation>
    </control>
    <control>
      <description>group element</description>
      <type>group</type>
      <animation effect="fade" time="150">WindowOpen</animation>
      <animation effect="fade" time="250">WindowClose</animation>
      <animation effect="slide" time="150" start="1800,0">WindowOpen</animation>
      <animation effect="slide" time="250" end="1800,0">WindowClose</animation>
      <control>
        <type>facadeview</type>
        <id>50</id>
        <control>
          <description>listcontrol</description>
          <type>listcontrol</type>
          <id>50</id>
          <posX>990</posX>
          <posY>360</posY>
          <height>720</height>
          <width>930</width>
          <onleft>50</onleft>
          <onright>50</onright>
          <scrollOffset>3</scrollOffset>
          <itemWidth>133</itemWidth>
          <itemHeight>75</itemHeight>
          <textureHeight>90</textureHeight>
          <IconXOff>37</IconXOff>
          <IconYOff>6</IconYOff>
          <textXOff>37</textXOff>
          <textYOff>7</textYOff>
          <textXOff2>0</textXOff2>
          <textYOff2>7</textYOff2>
          <textXOff3>112</textXOff3>
          <textYOff3>15</textYOff3>
          <font>mediastream12c</font>
          <font2>mediastream10c</font2>
          <font3>mediastream12tc</font3>
          <keepaspectratio>yes</keepaspectratio>
          <spinPosX>1762</spinPosX>
          <spinPosY>1021</spinPosY>
          <spinAlign>Right</spinAlign>
          <spinColor>ff006698</spinColor>
          <textureUp>arrow_round_up_nofocus.png</textureUp>
          <textureDown>arrow_round_down_nofocus.png</textureDown>
          <textureUpFocus>arrow_round_up_focus.png</textureUpFocus>
          <textureDownFocus>arrow_round_down_focus.png</textureDownFocus>
          <spinWidth>75</spinWidth>
          <spinHeight>55</spinHeight>
          <suffix>|</suffix>
        </control>
      </control>
    </control>
    <control>
      <description>Avatar</description>
      <type>image</type>
      <id>1</id>
      <posX>27</posX>
      <posY>360</posY>
      <height>207</height>
      <width>207</width>
      <keepaspectratio>yes</keepaspectratio>
      <zoom>yes</zoom>
      <texture flipY="true" diffuse="diffusemirrorwide.png">#selectedthumb</texture>
      <animation effect="fade" time="250" delay="0">WindowClose</animation>
      <visible>!string.equals(#Trakt.View.Level,WatchedHistory)</visible>
    </control>
    <control>
      <type>label</type>
      <label>#Trakt.User.Username</label>
      <id>0</id>
      <posX>247</posX>
      <posY>360</posY>
      <font>mediastream12tc</font>
      <textcolor>ff909090</textcolor>
      <shadowAngle>45</shadowAngle>
      <shadowDistance>4</shadowDistance>
      <shadowColor>#shadow.dark</shadowColor>
      <animation effect="fade" time="250" delay="0">WindowClose</animation>
      <visible>!string.equals(#Trakt.View.Level,WatchedHistory)</visible>
    </control>
    <control>
      <type>textboxscrollup</type>
      <label>#Trakt.User.FullName</label>
      <id>0</id>
      <posX>247</posX>
      <posY>387</posY>
      <width>690</width>
      <height>90</height>
      <font>mediastream14tc</font>
      <textcolor>ffffffff</textcolor>
      <shadowAngle>45</shadowAngle>
      <shadowDistance>6</shadowDistance>
      <shadowColor>#shadow.light</shadowColor>
      <animation effect="fade" time="250" delay="0">WindowClose</animation>
      <visible>!string.equals(#Trakt.View.Level,WatchedHistory)+!string.equals(#Trakt.User.FullName,N/A)</visible>
    </control>
    <control Style="smallTitleB">
      <description>Join Date</description>
      <id>0</id>
      <label>#Trakt.Translation.JoinDate.Label</label>
      <type>label</type>
      <posX>27</posX>
      <posY>657</posY>
      <width>225</width>
      <animation effect="fade" time="250" delay="0">WindowClose</animation>
      <visible>!string.equals(#Trakt.User.JoinDate,)+!string.equals(#Trakt.View.Level,WatchedHistory)</visible>
    </control>
    <control Style="smallTitle">
      <description>Join Date Value</description>
      <id>12001</id>
      <label>#Trakt.User.JoinDate</label>
      <type>label</type>
      <posX>259</posX>
      <posY>658</posY>
      <width>345</width>
      <animation effect="fade" time="250" delay="0">WindowClose</animation>
      <visible>!string.equals(#Trakt.View.Level,WatchedHistory)</visible>
    </control>
    <control Style="smallTitleB">
      <description>Gender</description>
      <id>0</id>
      <label>#Trakt.Translation.Gender.Label</label>
      <type>label</type>
      <posX>27</posX>
      <posY>694</posY>
      <width>225</width>
      <animation effect="fade" time="250" delay="0">WindowClose</animation>
      <visible>!string.equals(#Trakt.User.Gender,)+!string.equals(#Trakt.View.Level,WatchedHistory)</visible>
    </control>
    <control Style="smallTitle">
      <description>Gender Value</description>
      <id>12001</id>
      <label>#Trakt.User.Gender</label>
      <type>label</type>
      <posX>259</posX>
      <posY>696</posY>
      <width>345</width>
      <animation effect="fade" time="250" delay="0">WindowClose</animation>
      <visible>!string.equals(#Trakt.View.Level,WatchedHistory)</visible>
    </control>
    <control Style="smallTitleB">
      <description>Location</description>
      <id>0</id>
      <label>#Trakt.Translation.Location.Label</label>
      <type>label</type>
      <posX>27</posX>
      <posY>732</posY>
      <width>225</width>
      <animation effect="fade" time="250" delay="0">WindowClose</animation>
      <visible>!string.equals(#Trakt.User.Location,)+!string.equals(#Trakt.View.Level,WatchedHistory)</visible>
    </control>
    <control Style="smallTitle">
      <description>Location Value</description>
      <id>12001</id>
      <label>#Trakt.User.Location</label>
      <type>label</type>
      <posX>259</posX>
      <posY>733</posY>
      <width>345</width>
      <animation effect="fade" time="250" delay="0">WindowClose</animation>
      <visible>!string.equals(#Trakt.View.Level,WatchedHistory)</visible>
    </control>
    <control Style="smallTitleB">
      <description>Protected</description>
      <id>0</id>
      <label>#Trakt.Translation.Protected.Label</label>
      <type>label</type>
      <posX>27</posX>
      <posY>769</posY>
      <width>225</width>
      <animation effect="fade" time="250" delay="0">WindowClose</animation>
      <visible>!string.equals(#Trakt.User.Protected,)+!string.equals(#Trakt.View.Level,WatchedHistory)</visible>
    </control>
    <control Style="smallTitle">
      <description>Protected Value</description>
      <id>12001</id>
      <label>#Trakt.User.Protected</label>
      <type>label</type>
      <posX>259</posX>
      <posY>771</posY>
      <width>345</width>
      <animation effect="fade" time="250" delay="0">WindowClose</animation>
      <visible>!string.equals(#Trakt.View.Level,WatchedHistory)</visible>
    </control>
    <control>
      <description>User About</description>
      <type>textboxscrollup</type>
      <id>0</id>
      <posX>27</posX>
      <posY>810</posY>
      <width>930</width>
      <height>187</height>
      <font>mediastream11</font>
      <label>#Trakt.User.About</label>
      <scrollStartDelaySec>12</scrollStartDelaySec>
      <animation effect="fade" time="250" delay="0">WindowClose</animation>
      <animation effect="fade" time="250" delay="0">WindowOpen</animation>
      <visible>!string.equals(#Trakt.User.About,)+!string.equals(#Trakt.User.About,N/A)+!string.equals(#Trakt.View.Level,WatchedHistory)</visible>
    </control>
    <!-- Trakt Episodes -->
    <control>
      <description>Big Episode Thumb</description>
      <type>image</type>
      <id>1</id>
      <posX>42</posX>
      <posY>381</posY>
      <height>300</height>
      <width>531</width>
      <keepaspectratio>yes</keepaspectratio>
      <zoom>yes</zoom>
      <texture flipY="true" diffuse="diffusemirrorwide.png">#selectedthumb</texture>
      <animation effect="fade" time="250" delay="0">WindowClose</animation>
      <animation effect="fade" time="250" delay="0">WindowOpen</animation>
      <visible>string.equals(#Trakt.View.Level,WatchedHistory)+string.equals(#Trakt.Selected.Type,episode)</visible>
    </control>
    <control>
      <description>Rating Percent</description>
      <type>label</type>
      <id>0</id>
      <posX>238</posX>
      <posY>690</posY>
      <width>120</width>
      <align>right</align>
      <font>mediastream14tc</font>
      <label>#Trakt.Episode.Ratings.Percentage%</label>
      <textcolor>ffFFFFFF</textcolor>
      <shadowAngle>45</shadowAngle>
      <shadowDistance>6</shadowDistance>
      <shadowColor>#shadow.light</shadowColor>
      <visible>!string.equals(#Trakt.Episode.Ratings.Percentage,)+string.equals(#Trakt.View.Level,WatchedHistory)+string.equals(#Trakt.Selected.Type,episode)</visible>
      <animation effect="fade" time="250" delay="0">WindowClose</animation>
      <animation effect="fade" time="250" delay="0">WindowOpen</animation>
    </control>
    <control>
      <description>Rating Icon</description>
      <type>image</type>
      <id>1</id>
      <width>52</width>
      <height>48</height>
      <posX>256</posX>
      <posY>687</posY>
      <texture>#Trakt.Episode.Ratings.Icon.png</texture>
      <visible>!string.equals(#Trakt.Episode.Ratings.Icon,)+string.equals(#Trakt.View.Level,WatchedHistory)+string.equals(#Trakt.Selected.Type,episode)</visible>
      <animation effect="fade" time="250" delay="0">WindowClose</animation>
      <animation effect="fade" time="250" delay="0">WindowOpen</animation>
    </control>
    <control>
      <description>Rating Votes</description>
      <type>label</type>
      <id>0</id>
      <posX>324</posX>
      <posY>696</posY>
      <width>585</width>
      <font>mediastream10c</font>
      <label>#Trakt.Episode.Ratings.Votes #Trakt.Translation.Votes.Label</label>
      <textcolor>ffFFFFFF</textcolor>
      <shadowAngle>45</shadowAngle>
      <shadowDistance>3</shadowDistance>
      <shadowColor>#shadow.light</shadowColor>
      <visible>!string.equals(#Trakt.Episode.Ratings.Votes,)+string.equals(#Trakt.View.Level,WatchedHistory)+string.equals(#Trakt.Selected.Type,episode)</visible>
      <animation effect="fade" time="250" delay="0">WindowClose</animation>
      <animation effect="fade" time="250" delay="0">WindowOpen</animation>
    </control>
    <control>
      <description>Episode Plot</description>
      <type>textboxscrollup</type>
      <id>631</id>
      <posX>45</posX>
      <posY>750</posY>
      <width>930</width>
      <height>225</height>
      <font>mediastream11</font>
      <label>#Trakt.Episode.Overview</label>
      <scrollStartDelaySec>12</scrollStartDelaySec>
      <animation effect="fade" time="250" delay="0">WindowClose</animation>
      <animation effect="fade" time="250" delay="0">WindowOpen</animation>
      <visible>!string.equals(#Trakt.Episode.Overview,)+string.equals(#Trakt.View.Level,WatchedHistory)+string.equals(#Trakt.Selected.Type,episode)</visible>
    </control>
    <control>
      <type>label</type>
      <label>#Trakt.Translation.Season.Label #Trakt.Episode.Season</label>
      <id>0</id>
      <posX>600</posX>
      <posY>376</posY>
      <width>442</width>
      <font>mediastream12tc</font>
      <textcolor>ff909090</textcolor>
      <shadowAngle>45</shadowAngle>
      <shadowDistance>4</shadowDistance>
      <shadowColor>#shadow.dark</shadowColor>
      <animation effect="fade" time="250" delay="0">WindowClose</animation>
      <animation effect="fade" time="250" delay="0">WindowOpen</animation>
      <visible>!string.equals(#Trakt.Episode.Season,)+string.equals(#Trakt.View.Level,WatchedHistory)+string.equals(#Trakt.Selected.Type,episode)</visible>
    </control>
    <control>
      <type>textbox</type>
      <label>#Trakt.Episode.Title</label>
      <id>0</id>
      <posX>600</posX>
      <posY>405</posY>
      <width>405</width>
      <height>150</height>
      <font>mediastream14tc</font>
      <textcolor>ffffffff</textcolor>
      <shadowAngle>45</shadowAngle>
      <shadowDistance>6</shadowDistance>
      <shadowColor>#shadow.light</shadowColor>
      <animation effect="fade" time="250" delay="0">WindowClose</animation>
      <animation effect="fade" time="250" delay="0">WindowOpen</animation>
      <visible>!string.equals(#Trakt.Episode.Title,)+string.equals(#Trakt.View.Level,WatchedHistory)+string.equals(#Trakt.Selected.Type,episode)</visible>
    </control>
    <control Style="smallTitleB">
      <id>0</id>
      <label>#Trakt.Translation.Network.Label</label>
      <type>label</type>
      <posX>601</posX>
      <posY>553</posY>
      <width>225</width>
      <animation effect="fade" time="250" delay="0">WindowClose</animation>
      <animation effect="fade" time="250" delay="0">WindowOpen</animation>
      <visible>!string.equals(#Trakt.Show.Network,)+string.equals(#Trakt.View.Level,WatchedHistory)+string.equals(#Trakt.Selected.Type,episode)</visible>
    </control>
    <control Style="smallTitle">
      <id>0</id>
      <label>#Trakt.Show.Network</label>
      <type>label</type>
      <posX>840</posX>
      <posY>555</posY>
      <width>150</width>
      <animation effect="fade" time="250" delay="0">WindowClose</animation>
      <animation effect="fade" time="250" delay="0">WindowOpen</animation>
      <visible>!string.equals(#Trakt.Show.Network,)+string.equals(#Trakt.View.Level,WatchedHistory)+string.equals(#Trakt.Selected.Type,episode)</visible>
    </control>
    <control Style="smallTitleB">
      <label>#Trakt.Translation.AirDay.Label</label>
      <type>label</type>
      <posX>600</posX>
      <posY>588</posY>
      <width>225</width>
      <animation effect="fade" time="250" delay="0">WindowClose</animation>
      <animation effect="fade" time="250" delay="0">WindowOpen</animation>
      <visible>!string.equals(#Trakt.Show.AirDay,)+string.equals(#Trakt.View.Level,WatchedHistory)+string.equals(#Trakt.Selected.Type,episode)</visible>
    </control>
    <control Style="smallTitle">
      <id>0</id>
      <label>#Trakt.Show.AirDay</label>
      <type>label</type>
      <posX>840</posX>
      <posY>589</posY>
      <width>150</width>
      <animation effect="fade" time="250" delay="0">WindowClose</animation>
      <animation effect="fade" time="250" delay="0">WindowOpen</animation>
      <visible>!string.equals(#Trakt.Show.AirDay,)+string.equals(#Trakt.View.Level,WatchedHistory)+string.equals(#Trakt.Selected.Type,episode)</visible>
    </control>
    <control Style="smallTitleB">
      <id>0</id>
      <label>#Trakt.Translation.AirTime.Label</label>
      <type>label</type>
      <posX>600</posX>
      <posY>622</posY>
      <width>225</width>
      <animation effect="fade" time="250" delay="0">WindowClose</animation>
      <animation effect="fade" time="250" delay="0">WindowOpen</animation>
      <visible>!string.equals(#Trakt.Show.AirTime,)+string.equals(#Trakt.View.Level,WatchedHistory)+string.equals(#Trakt.Selected.Type,episode)</visible>
    </control>
    <control Style="smallTitle">
      <id>0</id>
      <label>#Trakt.Show.AirTime</label>
      <type>label</type>
      <posX>840</posX>
      <posY>623</posY>
      <width>270</width>
      <width>150</width>
      <animation effect="fade" time="250" delay="0">WindowClose</animation>
      <animation effect="fade" time="250" delay="0">WindowOpen</animation>
      <visible>!string.equals(#Trakt.Show.AirTime,)+string.equals(#Trakt.View.Level,WatchedHistory)+string.equals(#Trakt.Selected.Type,episode)</visible>
    </control>
    <control Style="smallTitleB">
      <label>#Trakt.Translation.Certification.Label</label>
      <type>label</type>
      <posX>600</posX>
      <posY>657</posY>
      <width>225</width>
      <animation effect="fade" time="250" delay="0">WindowClose</animation>
      <animation effect="fade" time="250" delay="0">WindowOpen</animation>
      <visible>!string.equals(#Trakt.Show.Certification,)+string.equals(#Trakt.View.Level,WatchedHistory)+string.equals(#Trakt.Selected.Type,episode)</visible>
    </control>
    <control Style="smallTitle">
      <id>10005</id>
      <label>#Trakt.Show.Certification</label>
      <type>label</type>
      <posX>840</posX>
      <posY>658</posY>
      <width>270</width>
      <width>150</width>
      <animation effect="fade" time="250" delay="0">WindowClose</animation>
      <visible>!string.equals(#Trakt.Show.Certification,)+string.equals(#Trakt.View.Level,WatchedHistory)+string.equals(#Trakt.Selected.Type,episode)</visible>
    </control>
    <!-- Movies -->
    <control>
      <description>Cover Art</description>
      <type>image</type>
      <id>6007</id>
      <posX>46</posX>
      <posY>381</posY>
      <width>385</width>
      <height>570</height>
      <texture>#selectedthumb</texture>
      <visible>string.equals(#Trakt.View.Level,WatchedHistory)+string.equals(#Trakt.Selected.Type,movie)</visible>
      <animation effect="fade" time="250" delay="0">WindowClose</animation>
      <animation effect="fade" time="250" delay="0">WindowOpen</animation>
    </control>
    <control>
      <description>Cover Art Glass Overlay</description>
      <type>image</type>
      <id>0</id>
      <posX>46</posX>
      <posY>381</posY>
      <width>342</width>
      <height>265</height>
      <texture>glassoverlay2.png</texture>
      <visible>string.equals(#Trakt.View.Level,WatchedHistory)+string.equals(#Trakt.Selected.Type,movie)+Control.HasThumb(6007)</visible>
      <animation effect="fade" time="250" delay="0">WindowClose</animation>
      <animation effect="fade" time="250" delay="0">WindowOpen</animation>
    </control>
    <control>
      <description>Movie Title</description>
      <type>label</type>
      <id>0</id>
      <posX>462</posX>
      <posY>376</posY>
      <width>525</width>
      <font>mediastream16tc</font>
      <label>#Trakt.Movie.Title</label>
      <textcolor>ffFFFFFF</textcolor>
      <shadowAngle>45</shadowAngle>
      <shadowDistance>6</shadowDistance>
      <shadowColor>#shadow.light</shadowColor>
      <visible>!string.equals(#Trakt.Movie.Title,)+string.equals(#Trakt.View.Level,WatchedHistory)+string.equals(#Trakt.Selected.Type,movie)</visible>
      <animation effect="fade" time="250" delay="0">WindowClose</animation>
      <animation effect="fade" time="250" delay="0">WindowOpen</animation>
    </control>
    <control>
      <description>Genres</description>
      <type>label</type>
      <label>#Trakt.Movie.Genres</label>
      <id>0</id>
      <posX>463</posX>
      <posY>423</posY>
      <width>525</width>
      <font>mediastream11tc</font>
      <textcolor>ff909090</textcolor>
      <shadowAngle>45</shadowAngle>
      <shadowDistance>4</shadowDistance>
      <shadowColor>#shadow.dark</shadowColor>
      <visible>!string.equals(#Trakt.Movie.Genres,)+string.equals(#Trakt.View.Level,WatchedHistory)+string.equals(#Trakt.Selected.Type,movie)</visible>
      <animation effect="fade" time="250" delay="0">WindowClose</animation>
      <animation effect="fade" time="250" delay="0">WindowOpen</animation>
    </control>
    <control>
      <description>Rating Percent</description>
      <type>label</type>
      <id>0</id>
      <posX>463</posX>
      <posY>460</posY>
      <width>90</width>
      <font>mediastream14tc</font>
      <label>#Trakt.Movie.Ratings.Percentage%</label>
      <textcolor>ffFFFFFF</textcolor>
      <shadowAngle>45</shadowAngle>
      <shadowDistance>6</shadowDistance>
      <shadowColor>#shadow.light</shadowColor>
      <visible>!string.equals(#Trakt.Movie.Ratings.Percentage.Icon,)+string.equals(#Trakt.View.Level,WatchedHistory)+string.equals(#Trakt.Selected.Type,movie)</visible>
      <animation effect="fade" time="250" delay="0">WindowClose</animation>
      <animation effect="fade" time="250" delay="0">WindowOpen</animation>
    </control>
    <control>
      <description>Rating Icon</description>
      <type>image</type>
      <id>1</id>
      <width>52</width>
      <height>48</height>
      <posX>555</posX>
      <posY>457</posY>
      <texture>#Trakt.Movie.Ratings.Icon.png</texture>
      <visible>!string.equals(#Trakt.Movie.Ratings.Icon,)+string.equals(#Trakt.View.Level,WatchedHistory)+string.equals(#Trakt.Selected.Type,movie)</visible>
      <animation effect="fade" time="250" delay="0">WindowClose</animation>
      <animation effect="fade" time="250" delay="0">WindowOpen</animation>
    </control>
    <control>
      <description>Rating Votes</description>
      <type>label</type>
      <id>0</id>
      <posX>622</posX>
      <posY>466</posY>
      <width>585</width>
      <font>mediastream10c</font>
      <label>#Trakt.Movie.Ratings.Votes #Trakt.Translation.Votes.Label</label>
      <textcolor>ffFFFFFF</textcolor>
      <shadowAngle>45</shadowAngle>
      <shadowDistance>3</shadowDistance>
      <shadowColor>#shadow.light</shadowColor>
      <visible>!string.equals(#Trakt.Movie.Ratings.Votes,)+string.equals(#Trakt.View.Level,WatchedHistory)+string.equals(#Trakt.Selected.Type,movie)</visible>
      <animation effect="fade" time="250" delay="0">WindowClose</animation>
      <animation effect="fade" time="250" delay="0">WindowOpen</animation>
    </control>
    <control>
      <description>Summary</description>
      <type>textboxscrollup</type>
      <id>0</id>
      <posX>462</posX>
      <posY>517</posY>
      <width>555</width>
      <height>330</height>
      <textcolor>ffFFFFFF</textcolor>
      <font>mediastream11</font>
      <label>#Trakt.Movie.Overview</label>
      <visible>!string.equals(#Trakt.Movie.Overview,)+string.equals(#Trakt.View.Level,WatchedHistory)+string.equals(#Trakt.Selected.Type,movie)</visible>
      <animation effect="fade" time="250" delay="0">WindowClose</animation>
      <animation effect="fade" time="250" delay="0">WindowOpen</animation>
    </control>
    <control Style="smallTitleB">
      <description>Certification Label</description>
      <id>0</id>
      <type>label</type>
      <label>#Trakt.Translation.Certification.Label</label>
      <posX>465</posX>
      <posY>858</posY>
      <width>285</width>
      <visible>!string.equals(#Trakt.Movie.Certification,)+string.equals(#Trakt.View.Level,WatchedHistory)+string.equals(#Trakt.Selected.Type,movie)</visible>
      <animation effect="fade" time="250" delay="0">WindowClose</animation>
      <animation effect="fade" time="250" delay="0">WindowOpen</animation>
    </control>
    <control Style="smallTitle">
      <description>Certification</description>
      <id>0</id>
      <type>label</type>
      <label>#Trakt.Movie.Certification</label>
      <posX>780</posX>
      <posY>859</posY>
      <width>300</width>
      <visible>!string.equals(#Trakt.Movie.Certification,)+string.equals(#Trakt.View.Level,WatchedHistory)+string.equals(#Trakt.Selected.Type,movie)</visible>
      <animation effect="fade" time="250" delay="0">WindowClose</animation>
      <animation effect="fade" time="250" delay="0">WindowOpen</animation>
    </control>
    <control Style="smallTitleB">
      <description>Runtime Label</description>
      <id>0</id>
      <type>label</type>
      <label>#Trakt.Translation.Runtime.Label</label>
      <posX>465</posX>
      <posY>891</posY>
      <width>285</width>
      <visible>!string.equals(#Trakt.Movie.Runtime,)+string.equals(#Trakt.View.Level,WatchedHistory)+string.equals(#Trakt.Selected.Type,movie)</visible>
      <animation effect="fade" time="250" delay="0">WindowClose</animation>
      <animation effect="fade" time="250" delay="0">WindowOpen</animation>
    </control>
    <control Style="smallTitle">
      <description>Runtime</description>
      <id>0</id>
      <type>label</type>
      <label>#Trakt.Movie.Runtime mins</label>
      <posX>780</posX>
      <posY>892</posY>
      <width>300</width>
      <visible>!string.equals(#Trakt.Movie.Runtime,)+string.equals(#Trakt.View.Level,WatchedHistory)+string.equals(#Trakt.Selected.Type,movie)</visible>
      <animation effect="fade" time="250" delay="0">WindowClose</animation>
      <animation effect="fade" time="250" delay="0">WindowOpen</animation>
    </control>
    <control Style="smallTitleB">
      <description>Released Label</description>
      <type>label</type>
      <label>#Trakt.Translation.Released.Label</label>
      <posX>465</posX>
      <posY>924</posY>
      <width>285</width>
      <visible>!string.equals(#Trakt.Movie.Released,)+string.equals(#Trakt.View.Level,WatchedHistory)+string.equals(#Trakt.Selected.Type,movie)</visible>
      <animation effect="fade" time="250" delay="0">WindowClose</animation>
      <animation effect="fade" time="250" delay="0">WindowOpen</animation>
    </control>
    <control Style="smallTitle">
      <description>Released</description>
      <id>0</id>
      <type>label</type>
      <label>#Trakt.Movie.Released</label>
      <posX>780</posX>
      <posY>925</posY>
      <visible>!string.equals(#Trakt.Movie.Released,)+string.equals(#Trakt.View.Level,WatchedHistory)+string.equals(#Trakt.Selected.Type,movie)</visible>
      <animation effect="fade" time="250" delay="0">WindowClose</animation>
      <animation effect="fade" time="250" delay="0">WindowOpen</animation>
    </control>
    <import>common.overlays.xml</import>
    <import>common.time.xml</import>
  </controls>
</window>
<!--Checksum:3bf3398552064ff2e59a6c9621ffbd07-->