﻿<?xml version="1.0" encoding="utf-8" standalone="yes"?>
<window>
  <!-- #Trakt.Settings.Account.Dialog.Visible is true when account controls are visible -->
  <controls>
    <control>
      <type>image</type>
      <description>BG</description>
      <id>0</id>
      <width>1920</width>
      <height>1080</height>
    </control>
    <control>
      <type>image</type>
      <id>0</id>
      <posX>0</posX>
      <posY>0</posY>
      <width>1920</width>
      <height>1080</height>
      <texture>#header.hover</texture>
    </control>
    <control>
      <type>image</type>
      <id>0</id>
      <posX>1197</posX>
      <posY>0</posY>
      <width>457</width>
      <height>1080</height>
      <texture>homebladesub.png</texture>
      <animation effect="slide" time="300" start="-1581,0">windowopen</animation>
    </control>
    <control>
      <type>image</type>
      <id>0</id>
      <posX>313</posX>
      <posY>0</posY>
      <width>946</width>
      <height>1080</height>
      <texture>settingsbg.png</texture>
      <animation effect="slide" time="200" start="-1260,0">windowopen</animation>
    </control>
    <control>
      <type>image</type>
      <id>0</id>
      <posX>-930</posX>
      <posY>0</posY>
      <width>1269</width>
      <height>1080</height>
      <texture>homebladeleft.png</texture>
      <animation effect="slide" time="100" start="-1269,0">windowopen</animation>
    </control>
    <control>
      <description>right overlay</description>
      <type>image</type>
      <id>0</id>
      <posX>1567</posX>
      <posY>0</posY>
      <width>352</width>
      <height>1080</height>
      <texture>homerightoverlay.png</texture>
      <visible>!window.istopmost(14)+!window.istopmost(31)+!window.istopmost(12)</visible>
    </control>
    <control>
      <type>image</type>
      <id>0</id>
      <posX>1275</posX>
      <posY>150</posY>
      <width>150</width>
      <height>150</height>
      <keepaspectratio>yes</keepaspectratio>
      <texture>Logos\Trakt.png</texture>
      <animation effect="fade" time="200" delay="300">windowopen</animation>
      <visible>!string.equals(#Trakt.Settings.Account.Dialog.Visible,true)</visible>
    </control>
    <control>
      <type>group</type>
      <description>group element</description>
      <animation effect="fade" time="200" delay="300">windowopen</animation>
      <posX>1251</posX>
      <posY>301</posY>
      <width>382</width>
      <height>568</height>
      <layout>StackLayout(0, Vertical, true)</layout>
      <visible>!string.equals(#Trakt.Settings.Account.Dialog.Visible,true)</visible>
      <control Style="settingsbutton">
        <description>User Profile</description>
        <type>button</type>
        <id>9990</id>
        <width>382</width>
        <label>#Trakt.Translation.Profile.Label</label>
        <hyperlink>87400</hyperlink>
        <onup>9998</onup>
        <onleft>#defaultcontrol</onleft>
      </control>
      <control Style="settingsbutton">
        <description>Calendar</description>
        <type>button</type>
        <id>9991</id>
        <width>382</width>
        <label>#Trakt.Translation.Calendar.Label</label>
        <hyperlink>87259</hyperlink>
        <onup>9990</onup>
        <onleft>#defaultcontrol</onleft>
      </control>
      <control Style="settingsbutton">
        <description>Network</description>
        <type>button</type>
        <id>9992</id>
        <width>382</width>
        <label>#Trakt.Translation.Network.Label</label>
        <hyperlink>87283</hyperlink>
        <onleft>#defaultcontrol</onleft>
      </control>
      <control Style="settingsbutton">
        <description>Recommendations</description>
        <type>button</type>
        <id>9993</id>
        <width>382</width>
        <label>#Trakt.Translation.Recommendations.Label</label>
        <hyperlink>87261</hyperlink>
        <onleft>#defaultcontrol</onleft>
      </control>
      <control Style="settingsbutton">
        <description>Trending</description>
        <type>button</type>
        <id>9994</id>
        <width>382</width>
        <label>#Trakt.Translation.Trending.Label</label>
        <hyperlink>87264</hyperlink>
        <onleft>#defaultcontrol</onleft>
      </control>
      <control Style="settingsbutton">
        <description>Watch List</description>
        <type>button</type>
        <id>9995</id>
        <width>382</width>
        <label>#Trakt.Translation.WatchList.Label</label>
        <hyperlink>87267</hyperlink>
        <onleft>#defaultcontrol</onleft>
      </control>
      <control Style="settingsbutton">
        <description>Lists</description>
        <type>button</type>
        <id>9996</id>
        <width>382</width>
        <label>#Trakt.Translation.Lists.Label</label>
        <hyperlink>87275</hyperlink>
        <onleft>#defaultcontrol</onleft>
      </control>
      <control Style="settingsbutton">
        <description>Settings</description>
        <type>button</type>
        <id>9997</id>
        <width>382</width>
        <label>#Trakt.Translation.Settings.Label</label>
        <hyperlink>87271</hyperlink>
        <onleft>#defaultcontrol</onleft>
      </control>
      <control Style="settingsbutton">
        <description>Search</description>
        <type>button</type>
        <id>9998</id>
        <width>382</width>
        <label>#Trakt.Translation.Search.Label</label>
        <hyperlink>874001</hyperlink>
        <onleft>#defaultcontrol</onleft>
      </control>
    </control>
    <control>
      <description>Title Label</description>
      <type>label</type>
      <id>0</id>
      <posX>375</posX>
      <posY>37</posY>
      <label>#header.label</label>
      <font>mediastream16c</font>
      <textcolor>FFFFFFFF</textcolor>
      <animation effect="fade" time="200" delay="200">windowopen</animation>
    </control>
  </controls>
</window>
<!--Checksum:ba391ebe68d3d445ef2de4164f4859b8-->