<?xml version="1.0" encoding="utf-8" standalone="yes"?>
<window>
	<controls>
    <!-- Shows List Layout -->
    <control>
      <description>Cover Art</description>
      <type>image</type>
      <id>6002</id>
      <posX>46</posX>
      <posY>381</posY>
      <width>385</width>
      <height>570</height>
      <texture>#selectedthumb</texture>
      <visible>facadeview.list</visible>
      <animation effect="fade" time="250" delay="0">WindowClose</animation>
      <animation effect="fade" time="250" delay="0">WindowOpen</animation>
    </control>
    <control>
      <description>Cover Art Glass Overlay</description>
      <type>image</type>
      <id>0</id>
      <posX>46</posX>
      <posY>381</posY>
      <width>342</width>
      <height>265</height>
      <texture>glassoverlay2.png</texture>
      <visible>Control.HasThumb(6002)+facadeview.list</visible>
      <animation effect="fade" time="250" delay="0">WindowClose</animation>
      <animation effect="fade" time="250" delay="0">WindowOpen</animation>
    </control>
    <control>
      <description>Show Title</description>
      <type>label</type>
      <id>0</id>
      <posX>462</posX>
      <posY>376</posY>
      <width>585</width>
      <font>mediastream16tc</font>
      <label>#Trakt.Show.Title</label>
      <textcolor>ffFFFFFF</textcolor>
      <shadowAngle>45</shadowAngle>
      <shadowDistance>6</shadowDistance>
      <shadowColor>#shadow.light</shadowColor>
      <visible>!string.equals(#Trakt.Show.Title,)+facadeview.list</visible>
      <animation effect="fade" time="250" delay="0">WindowClose</animation>
      <animation effect="fade" time="250" delay="0">WindowOpen</animation>
    </control>
    <control>
      <description>Genres / Number of People Watching</description>
      <type>label</type>
      <label>#Trakt.Show.Genres</label>
      <id>0</id>
      <posX>463</posX>
      <posY>423</posY>
      <width>585</width>
      <font>mediastream11tc</font>
      <textcolor>ff909090</textcolor>
      <shadowAngle>45</shadowAngle>
      <shadowDistance>4</shadowDistance>
      <shadowColor>#shadow.dark</shadowColor>
      <visible>!string.equals(#Trakt.Show.Genres,)+facadeview.list</visible>
      <animation effect="fade" time="250" delay="0">WindowClose</animation>
      <animation effect="fade" time="250" delay="0">WindowOpen</animation>
    </control>
    <control>
      <description>Rating Percent</description>
      <type>label</type>
      <id>0</id>
      <posX>463</posX>
      <posY>460</posY>
      <width>90</width>
      <font>mediastream14tc</font>
      <label>#Trakt.Show.Ratings.Percentage%</label>
      <textcolor>ffFFFFFF</textcolor>
      <shadowAngle>45</shadowAngle>
      <shadowDistance>6</shadowDistance>
      <shadowColor>#shadow.light</shadowColor>
      <visible>!string.equals(#Trakt.Show.Ratings.Percentage,)+facadeview.list</visible>
      <animation effect="fade" time="250" delay="0">WindowClose</animation>
      <animation effect="fade" time="250" delay="0">WindowOpen</animation>
    </control>
    <control>
      <description>Rating Icon</description>
      <type>image</type>
      <id>1</id>
      <width>52</width>
      <height>48</height>
      <posX>555</posX>
      <posY>457</posY>
      <texture>#Trakt.Show.Ratings.Icon.png</texture>
      <visible>!string.equals(#Trakt.Show.Ratings.Icon,)+facadeview.list</visible>
      <animation effect="fade" time="250" delay="0">WindowClose</animation>
      <animation effect="fade" time="250" delay="0">WindowOpen</animation>
    </control>
    <control>
      <description>Rating Votes</description>
      <type>label</type>
      <id>0</id>
      <posX>622</posX>
      <posY>466</posY>
      <width>585</width>
      <font>mediastream10c</font>
      <label>#Trakt.Show.Ratings.Votes #Trakt.Translation.Votes.Label</label>
      <textcolor>ffFFFFFF</textcolor>
      <shadowAngle>45</shadowAngle>
      <shadowDistance>3</shadowDistance>
      <shadowColor>#shadow.light</shadowColor>
      <visible>!string.equals(#Trakt.Show.Ratings.Votes,)+facadeview.list</visible>
      <animation effect="fade" time="250" delay="0">WindowClose</animation>
      <animation effect="fade" time="250" delay="0">WindowOpen</animation>
    </control>
    <control>
      <description>Summary</description>
      <type>textboxscrollup</type>
      <id>0</id>
      <posX>462</posX>
      <posY>517</posY>
      <width>600</width>
      <height>330</height>
      <textcolor>ffFFFFFF</textcolor>
      <seperator>-----------------------------------------------------------------------------------</seperator>
      <font>mediastream11</font>
      <label>#Trakt.Show.Overview</label>
      <visible>!string.equals(#Trakt.Show.Overview,)+facadeview.list</visible>
      <animation effect="fade" time="250" delay="0">WindowClose</animation>
      <animation effect="fade" time="250" delay="0">WindowOpen</animation>
    </control>
    <control Style="smallTitleB">
      <description>Certification Label</description>
      <id>0</id>
      <type>label</type>
      <label>#Trakt.Translation.Certification.Label</label>
      <posX>465</posX>
      <posY>858</posY>
      <width>285</width>
      <visible>!string.equals(#Trakt.Show.Certification,)+facadeview.list</visible>
      <animation effect="fade" time="250" delay="0">WindowClose</animation>
      <animation effect="fade" time="250" delay="0">WindowOpen</animation>
    </control>
    <control Style="smallTitle">
      <description>Certification</description>
      <id>0</id>
      <type>label</type>
      <label>#Trakt.Show.Certification</label>
      <posX>780</posX>
      <posY>859</posY>
      <width>300</width>
      <visible>!string.equals(#Trakt.Show.Certification,)+facadeview.list</visible>
      <animation effect="fade" time="250" delay="0">WindowClose</animation>
      <animation effect="fade" time="250" delay="0">WindowOpen</animation>
    </control>
    <control Style="smallTitleB">
      <description>Runtime Label</description>
      <id>0</id>
      <type>label</type>
      <label>#Trakt.Translation.Runtime.Label</label>
      <posX>465</posX>
      <posY>891</posY>
      <width>285</width>
      <visible>!string.equals(#Trakt.Show.Runtime,)+facadeview.list</visible>
      <animation effect="fade" time="250" delay="0">WindowClose</animation>
      <animation effect="fade" time="250" delay="0">WindowOpen</animation>
    </control>
    <control Style="smallTitle">
      <description>Runtime</description>
      <id>0</id>
      <type>label</type>
      <label>#Trakt.Show.Runtime mins</label>
      <posX>780</posX>
      <posY>892</posY>
      <width>300</width>
      <visible>!string.equals(#Trakt.Show.Runtime,)+facadeview.list</visible>
      <animation effect="fade" time="250" delay="0">WindowClose</animation>
      <animation effect="fade" time="250" delay="0">WindowOpen</animation>
    </control>
    <control Style="smallTitleB">
      <description>First Aired Label</description>
      <type>label</type>
      <label>#Trakt.Translation.FirstAired.Label</label>
      <posX>465</posX>
      <posY>924</posY>
      <width>285</width>
      <visible>!string.equals(#Trakt.Show.FirstAired,)+facadeview.list</visible>
      <animation effect="fade" time="250" delay="0">WindowClose</animation>
      <animation effect="fade" time="250" delay="0">WindowOpen</animation>
    </control>
    <control Style="smallTitle">
      <description>FirstAired</description>
      <id>0</id>
      <type>label</type>
      <label>#Trakt.Show.FirstAired</label>
      <posX>780</posX>
      <posY>925</posY>
      <visible>!string.equals(#Trakt.Show.FirstAired,)+facadeview.list</visible>
      <animation effect="fade" time="250" delay="0">WindowClose</animation>
      <animation effect="fade" time="250" delay="0">WindowOpen</animation>
    </control>
    <!-- Shows Thumbnails Layout -->
    <control>
      <description>Show Title</description>
      <type>label</type>
      <id>0</id>
      <posX>30</posX>
      <posY>360</posY>
      <width>750</width>
      <font>mediastream14tc</font>
      <label>#Trakt.Show.Title</label>
      <textcolor>ffFFFFFF</textcolor>
      <shadowAngle>45</shadowAngle>
      <shadowDistance>6</shadowDistance>
      <shadowColor>#shadow.light</shadowColor>
      <visible>[facadeview.smallicons|facadeview.largeicons]+control.isvisible(50)+!string.equals(#Trakt.Show.Title,)</visible>
      <animation effect="fade" time="250" delay="0">WindowClose</animation>
      <animation effect="fade" time="250" delay="0">WindowOpen</animation>
    </control>
    <control>
      <description>Genres / Number of Watchers</description>
      <type>label</type>
      <label>#Trakt.Show.Genres</label>
      <id>0</id>
      <posX>30</posX>
      <posY>397</posY>
      <width>750</width>
      <font>mediastream12tc</font>
      <textcolor>ff909090</textcolor>
      <shadowAngle>45</shadowAngle>
      <shadowDistance>4</shadowDistance>
      <shadowColor>#shadow.dark</shadowColor>
      <visible>[facadeview.smallicons|facadeview.largeicons]+control.isvisible(50)+!string.equals(#Trakt.Show.Genres,)</visible>
      <animation effect="fade" time="250" delay="0">WindowClose</animation>
      <animation effect="fade" time="250" delay="0">WindowOpen</animation>
    </control>
    <control>
      <description>Rating Percent</description>
      <type>label</type>
      <id>0</id>
      <posX>30</posX>
      <posY>435</posY>
      <width>90</width>
      <font>mediastream14tc</font>
      <label>#Trakt.Show.Ratings.Percentage%</label>
      <textcolor>ffFFFFFF</textcolor>
      <shadowAngle>45</shadowAngle>
      <shadowDistance>6</shadowDistance>
      <shadowColor>#shadow.light</shadowColor>
      <visible>!string.equals(#Trakt.Show.Ratings.Percentage,)+[facadeview.smallicons|facadeview.largeicons]</visible>
      <animation effect="fade" time="250" delay="0">WindowClose</animation>
      <animation effect="fade" time="250" delay="0">WindowOpen</animation>
    </control>
    <control>
      <description>Rating Icon</description>
      <type>image</type>
      <id>1</id>
      <width>52</width>
      <height>48</height>
      <posX>127</posX>
      <posY>432</posY>
      <texture>#Trakt.Show.Ratings.Icon.png</texture>
      <visible>!string.equals(#Trakt.Show.Ratings.Icon,)+[facadeview.smallicons|facadeview.largeicons]</visible>
      <animation effect="fade" time="250" delay="0">WindowClose</animation>
      <animation effect="fade" time="250" delay="0">WindowOpen</animation>
    </control>
    <control>
      <description>Rating Votes</description>
      <type>label</type>
      <id>0</id>
      <posX>195</posX>
      <posY>438</posY>
      <width>585</width>
      <font>mediastream10c</font>
      <label>#Trakt.Show.Ratings.Votes #Trakt.Translation.Votes.Label</label>
      <textcolor>ffFFFFFF</textcolor>
      <shadowAngle>45</shadowAngle>
      <shadowDistance>3</shadowDistance>
      <shadowColor>#shadow.light</shadowColor>
      <visible>!string.equals(#Trakt.Show.Ratings.Votes,)+[facadeview.smallicons|facadeview.largeicons]</visible>
      <animation effect="fade" time="250" delay="0">WindowClose</animation>
      <animation effect="fade" time="250" delay="0">WindowOpen</animation>
    </control>
    <control>
      <description>Overview</description>
      <type>textboxscrollup</type>
      <id>0</id>
      <posX>30</posX>
      <posY>495</posY>
      <width>750</width>
      <height>322</height>
      <textcolor>ffFFFFFF</textcolor>
      <seperator>-----------------------------------------------------------------------------------</seperator>
      <font>mediastream11</font>
      <label>#Trakt.Show.Overview</label>
      <visible>[facadeview.smallicons|facadeview.largeicons]+control.isvisible(50)+!string.equals(#Trakt.Show.Overview,)</visible>
      <animation effect="fade" time="250" delay="0">WindowClose</animation>
      <animation effect="fade" time="250" delay="0">WindowOpen</animation>
    </control>
    <control Style="smallTitleB">
      <description>Certification Label</description>
      <id>0</id>
      <type>label</type>
      <label>#Trakt.Translation.Certification.Label</label>
      <posX>30</posX>
      <posY>826</posY>
      <width>210</width>
      <visible>[facadeview.smallicons|facadeview.largeicons]+control.isvisible(50)+!string.equals(#Trakt.Show.Certification,)</visible>
      <animation effect="fade" time="250" delay="0">WindowClose</animation>
      <animation effect="fade" time="250" delay="0">WindowOpen</animation>
    </control>
    <control Style="smallTitle">
      <description>Certification</description>
      <id>1004</id>
      <type>label</type>
      <label>#Trakt.Show.Certification</label>
      <posX>270</posX>
      <posY>828</posY>
      <width>300</width>
      <visible>[facadeview.smallicons|facadeview.largeicons]+control.isvisible(50)+!string.equals(#Trakt.Show.Certification,)</visible>
      <animation effect="fade" time="250" delay="0">WindowClose</animation>
      <animation effect="fade" time="250" delay="0">WindowOpen</animation>
    </control>
    <control Style="smallTitleB">
      <description>Runtime Label</description>
      <id>0</id>
      <type>label</type>
      <label>#Trakt.Translation.Runtime.Label</label>
      <posX>30</posX>
      <posY>859</posY>
      <width>210</width>
      <visible>[facadeview.smallicons|facadeview.largeicons]+control.isvisible(50)+!string.equals(#Trakt.Show.Runtime,)</visible>
      <animation effect="fade" time="250" delay="0">WindowClose</animation>
      <animation effect="fade" time="250" delay="0">WindowOpen</animation>
    </control>
    <control Style="smallTitle">
      <description>Runtime</description>
      <id>1005</id>
      <type>label</type>
      <label>#Trakt.Show.Runtime mins</label>
      <posX>270</posX>
      <posY>861</posY>
      <width>300</width>
      <visible>[facadeview.smallicons|facadeview.largeicons]+control.isvisible(50)+!string.equals(#Trakt.Show.Runtime,)</visible>
      <animation effect="fade" time="250" delay="0">WindowClose</animation>
      <animation effect="fade" time="250" delay="0">WindowOpen</animation>
    </control>
    <control Style="smallTitleB">
      <description>First Aired Label</description>
      <type>label</type>
      <label>#Trakt.Translation.FirstAired.Label</label>
      <posX>30</posX>
      <posY>892</posY>
      <width>210</width>
      <visible>[facadeview.smallicons|facadeview.largeicons]+control.isvisible(50)+!string.equals(#Trakt.Show.FirstAired,)</visible>
      <animation effect="fade" time="250" delay="0">WindowClose</animation>
      <animation effect="fade" time="250" delay="0">WindowOpen</animation>
    </control>
    <control Style="smallTitle">
      <description>First Aired</description>
      <id>1006</id>
      <type>label</type>
      <label>#Trakt.Show.FirstAired</label>
      <posX>270</posX>
      <posY>893</posY>
      <visible>[facadeview.smallicons|facadeview.largeicons]+control.isvisible(50)+!string.equals(#Trakt.Show.FirstAired,)</visible>
      <animation effect="fade" time="250" delay="0">WindowClose</animation>
      <animation effect="fade" time="250" delay="0">WindowOpen</animation>
    </control>
    <!-- Filmstrip -->
    <control>
      <description>Show Title</description>
      <type>label</type>
      <id>1</id>
      <posX>30</posX>
      <posY>990</posY>
      <width>1920</width>
      <align>center</align>
      <font>mediastream16tc</font>
      <label>#Trakt.Show.Title</label>
      <visible>facadeview.filmstrip+control.isvisible(50)+!string.equals(#Trakt.Show.Title,)</visible>
      <animation effect="fade" time="150">WindowOpen</animation>
      <animation effect="fade" time="250">WindowClose</animation>
    </control>
    <control>
      <description>Genres / Number of Watchers</description>
      <type>label</type>
      <label>#Trakt.Show.Genres</label>
      <id>0</id>
      <posX>30</posX>
      <posY>1020</posY>
      <width>1920</width>
      <align>center</align>
      <font>mediastream12tc</font>
      <textcolor>ff909090</textcolor>
      <shadowAngle>45</shadowAngle>
      <shadowDistance>4</shadowDistance>
      <shadowColor>#shadow.dark</shadowColor>
      <visible>facadeview.filmstrip+control.isvisible(50)+!string.equals(#Trakt.Show.Genres,)</visible>
      <animation effect="fade" time="250" delay="0">WindowClose</animation>
      <animation effect="fade" time="250" delay="0">WindowOpen</animation>
    </control>
	</controls>
</window>