﻿<?xml version="1.0" encoding="utf-8"?>
<window>
  <id>3003</id>
  <defaultcontrol>213</defaultcontrol>
  <allowoverlay>no</allowoverlay>
  <define>#percentage:#TV.View.Percentage</define>
  <define>#currentplaytime:#TV.View.start</define>
  <define>#currentremaining:#TV.View.stop</define>
  <controls>
    <import>common.time.xml</import>
    <control>
      <description>background</description>
      <type>image</type>
      <id>0</id>
      <posX>0</posX>
      <posY>473</posY>
      <width>1280</width>
      <height>247</height>
      <texture>osdbackground1.png</texture>
    </control>
    <control>
      <description>TV Logo border</description>
      <type>image</type>
      <posX>6</posX>
      <posY>440</posY>
      <width>170</width>
      <height>170</height>
      <texture>imagebg.png</texture>
      <centered>yes</centered>
      <keepaspectratio>yes</keepaspectratio>
    </control>
    <control>
      <description>TV background</description>
      <type>image</type>
      <id>1</id>
      <posX>16</posX>
      <posY>450</posY>
      <width>150</width>
      <height>150</height>
      <texture>logo_BG.png</texture>
      <keepaspectratio>yes</keepaspectratio>
      <centered>yes</centered>
    </control>
    <control>
      <description>TV Logo</description>
      <type>image</type>
      <id>1</id>
      <posX>16</posX>
      <posY>450</posY>
      <width>150</width>
      <height>150</height>
      <texture>#TV.View.thumb</texture>
      <keepaspectratio>yes</keepaspectratio>
      <centered>yes</centered>
    </control>
    <control>
      <description>Program Button Up</description>
      <type>button</type>
      <id>33</id>
      <posX>755</posX>
      <posY>600</posY>
      <width>37</width>
      <height>37</height>
      <textureFocus>-</textureFocus>
      <textureNoFocus>-</textureNoFocus>
      <label>-</label>
      <onleft>31</onleft>
      <onright>210</onright>
      <onup>31</onup>
      <ondown>34</ondown>
      <visible>no</visible>
    </control>
    <control>
      <description>Program Button Down</description>
      <type>button</type>
      <id>34</id>
      <posX>755</posX>
      <posY>645</posY>
      <width>37</width>
      <height>37</height>
      <textureFocus>-</textureFocus>
      <textureNoFocus>-</textureNoFocus>
      <label>-</label>
      <onleft>31</onleft>
      <onright>210</onright>
      <onup>33</onup>
      <ondown>210</ondown>
      <visible>no</visible>
    </control>
    <control>
      <description>Date</description>
      <type>label</type>
      <id>1</id>
      <posX>1255</posX>
      <posY>483</posY>
      <label>#date</label>
      <align>right</align>
      <font>mediastream10</font>
      <textcolor>ff888888</textcolor>
    </control>
    <control>
      <description>Channel Name</description>
      <id>35</id>
      <type>label</type>
      <width>900</width>
      <height>25</height>
      <posX>195</posX>
      <posY>485</posY>
      <font>mediastream16tc</font>
      <label>#TV.View.channel</label>
    </control>
    <control>
      <description>On tv NOW</description>
      <id>36</id>
      <type>textbox</type>
      <width>900</width>
      <height>25</height>
      <posX>195</posX>
      <posY>513</posY>
      <font>mediastream14tc</font>
      <label>#TV.View.compositetitle</label>
      <textcolor>ff888888</textcolor>
    </control>
    <control>
      <description>Plot</description>
      <type>textboxscrollup</type>
      <id>38</id>
      <posX>230</posX>
      <posY>540</posY>
      <width>820</width>
      <height>109</height>
      <seperator>__________________________________________________________________________________________________________________________________________________________________________________________</seperator>
      <label>#TV.View.description</label>
      <font>mediastream12</font>
    </control>
    <control>
      <description>On tv NEXT</description>
      <id>37</id>
      <type>textbox</type>
      <width>900</width>
      <height>24</height>
      <posX>195</posX>
      <posY>650</posY>
      <font>mediastream12tc</font>
      <textcolor>ff888888</textcolor>
    </control>
    <control>
      <description>Progress Bar Background</description>
      <type>image</type>
      <id>1</id>
      <posX>190</posX>
      <posY>676</posY>
      <width>912</width>
      <height>20</height>
      <texture>osdprogressback.png</texture>
      <keepaspectratio>no</keepaspectratio>
    </control>
    <control>
      <description>Progress Bar</description>
      <type>progress</type>
      <id>1</id>
      <posX>183</posX>
      <posY>676</posY>
      <width>928</width>
      <height>20</height>
      <lefttexture>osdprogressleft_e.png</lefttexture>
      <midtexture>osdprogressmid_e.png</midtexture>
      <righttexture>-</righttexture>
      <label>#TV.Record.percent1</label>
      <visible>yes</visible>
    </control>
    <control>
      <description>TV Progress Bar</description>
      <type>tvprogress</type>
      <id>101</id>
      <posX>183</posX>
      <posY>676</posY>
      <width>926</width>
      <height>20</height>
      <toptexture>osd_progress_indicatorTV.png</toptexture>
      <TextureOffsetY>21</TextureOffsetY>
      <bottomtexture>-</bottomtexture>
      <texturetick>-</texturetick>
      <lefttexture>-</lefttexture>
      <midtexture>-</midtexture>
      <righttexture>-</righttexture>
      <logotexture>-</logotexture>
      <fillbackgroundtexture>-</fillbackgroundtexture>
      <fillbgxoff>12</fillbgxoff>
      <fillbgyoff>9</fillbgyoff>
      <filltexture1>-</filltexture1>
      <filltexture2>osdprogressmid_blue.png</filltexture2>
      <filltexture3>osdprogressmid_blue.png</filltexture3>
      <fillheight>8</fillheight>
      <label>#TV.Record.percent1</label>
      <label1>#TV.Record.percent2</label1>
      <label2>#TV.Record.percent3</label2>
      <font>mediastream10c</font>
      <textcolor>ff888888</textcolor>
    </control>
    <control>
      <description>Start Time Info</description>
      <type>label</type>
      <!--<id>101</id>-->
      <posX>195</posX>
      <posY>695</posY>
      <label>#currentplaytime</label>
      <align>left</align>
      <font>mediastream12tc</font>
      <textcolor>ff888888</textcolor>
    </control>
    <control>
      <description>End Time Info</description>
      <type>label</type>
      <!--<id>102</id>-->
      <posX>1093</posX>
      <posY>695</posY>
      <label>#currentremaining</label>
      <align>right</align>
      <font>mediastream12tc</font>
      <textcolor>ff888888</textcolor>
    </control>
    <!-- :::::::::: MENU  :::::::::: -->
    <control>
      <type>group</type>
      <description>group element</description>
      <posX>1027</posX>
      <posY>560</posY>
      <width>200</width>
      <height>52</height>
      <control>
        <description>Play</description>
        <type>togglebutton</type>
        <id>213</id>
        <posX>58</posX>
        <posY>650</posY>
        <width>60</width>
        <height>60</height>
        <AltTextureFocus>osdpausefo.png</AltTextureFocus>
        <AltTextureNoFocus>osdpausenf.png</AltTextureNoFocus>
        <textureFocus>osdplayfo.png</textureFocus>
        <textureNoFocus>osdplaynf.png</textureNoFocus>
        <label>-</label>
        <font>-</font>
        <onleft>218</onleft>
        <onright>218</onright>
        <onup>218</onup>
        <ondown>218</ondown>
        <visible>yes</visible>
        <animation effect="fade" time="250">Visible</animation>
        <animation effect="fade" time="250">windowopen</animation>
      </control>
      <control>
        <description>Subtitles</description>
        <type>togglebutton</type>
        <id>218</id>
        <posX>1115</posX>
        <posY>510</posY>
        <width>40</width>
        <height>40</height>
        <AltTextureFocus>osdvizfo.png</AltTextureFocus>
        <AltTextureNoFocus>osdviznf.png</AltTextureNoFocus>
        <textureFocus>osdvizfo.png</textureFocus>
        <textureNoFocus>osdviznf.png</textureNoFocus>
        <label>-</label>
        <font>-</font>
        <onleft>213</onleft>
        <onright>220</onright>
        <onup>213</onup>
        <ondown>213</ondown>
        <visible>yes</visible>
        <animation effect="fade" time="250">Visible</animation>
        <animation effect="fade" time="250">windowopen</animation>
      </control>
      <control>
        <description>Video Menu</description>
        <type>togglebutton</type>
        <id>220</id>
        <posX>1165</posX>
        <posY>510</posY>
        <width>40</width>
        <height>40</height>
        <AltTextureFocus>osdvideofo.png</AltTextureFocus>
        <AltTextureNoFocus>osdvideonf.png</AltTextureNoFocus>
        <textureFocus>osdvideofo.png</textureFocus>
        <textureNoFocus>osdvideonf.png</textureNoFocus>
        <label>-</label>
        <font>-</font>
        <onleft>218</onleft>
        <onright>221</onright>
        <onup>213</onup>
        <ondown>213</ondown>
        <visible>yes</visible>
        <animation effect="fade" time="250">Visible</animation>
        <animation effect="fade" time="250">windowopen</animation>
      </control>
      <control>
        <description>Audio Menu</description>
        <type>togglebutton</type>
        <id>221</id>
        <posX>1215</posX>
        <posY>510</posY>
        <width>40</width>
        <height>40</height>
        <AltTextureFocus>osdaudiofo.png</AltTextureFocus>
        <AltTextureNoFocus>osdaudionf.png</AltTextureNoFocus>
        <textureFocus>osdaudiofo.png</textureFocus>
        <textureNoFocus>osdaudionf.png</textureNoFocus>
        <label>-</label>
        <font>-</font>
        <onleft>220</onleft>
        <onright>218</onright>
        <onup>213</onup>
        <ondown>213</ondown>
        <visible>yes</visible>
        <animation effect="fade" time="250">Visible</animation>
        <animation effect="fade" time="250">windowopen</animation>
      </control>
    </control>
    <!-- :::::::::: SUBTITLES MENU :::::::::: -->
    <control>
      <description>Sub Menu Background (subtitles)</description>
      <type>image</type>
      <id>302</id>
      <posX>909</posX>
      <posY>0</posY>
      <width>371</width>
      <height>473</height>
      <texture>osdmenubg.png</texture>
      <visible>control.isvisible(800)</visible>
      <animation effect="slide" start="1300,0" end="0,0" tween="quadratic" time="300" delay="0">visible</animation>
    </control>
    <control>
      <description>Menu Title Label</description>
      <type>label</type>
      <id>0</id>
      <posX>948</posX>
      <posY>18</posY>
      <label>SUBTITLES MENU</label>
      <font>mediastream16c</font>
      <textcolor>FFFFFFFF</textcolor>
      <visible>control.isvisible(800)</visible>
      <animation effect="slide" start="1300,0" end="0,0" tween="quadratic" time="300" delay="0">visible</animation>
    </control>
    <control>
      <description>SubTitle Delay label</description>
      <type>label</type>
      <id>850</id>
      <posX>948</posX>
      <posY>64</posY>
      <label>303</label>
      <visible>no</visible>
      <animation effect="slide" start="1300,0" end="0,0" tween="quadratic" time="300" delay="0">visible</animation>
    </control>
    <control>
      <description>SubTitle Delay Slider</description>
      <type>slider</type>
      <id>800</id>
      <posX>948</posX>
      <posY>89</posY>
      <spintype>float</spintype>
      <textureSliderBar>sliderbackground.png</textureSliderBar>
      <textureSliderNib>slidernibnf.png</textureSliderNib>
      <textureSliderNibFocus>slidernibfo.png</textureSliderNibFocus>
      <onup>800</onup>
      <ondown>801</ondown>
      <onleft>800</onleft>
      <onright>800</onright>
      <visible>no</visible>
      <animation effect="slide" start="1300,0" end="0,0" tween="quadratic" time="300" delay="0">visible</animation>
    </control>
    <control>
      <description>SubTitles On/Off Checkbox</description>
      <type>checkmark</type>
      <id>801</id>
      <posX>948</posX>
      <posY>139</posY>
      <MarkWidth>20</MarkWidth>
      <MarkHeight>20</MarkHeight>
      <label>305</label>
      <onup>800</onup>
      <ondown>802</ondown>
      <onleft>801</onleft>
      <onright>801</onright>
      <visible>no</visible>
      <animation effect="slide" start="1300,0" end="0,0" tween="quadratic" time="300" delay="0">visible</animation>
    </control>
    <control>
      <description>Sub Titles List Control</description>
      <type>listcontrol</type>
      <id>802</id>
      <posX>910</posX>
      <posY>174</posY>
      <width>370</width>
      <textXOff>25</textXOff>
      <height>299</height>
      <onleft>802</onleft>
      <onright>802</onright>
      <onup>801</onup>
      <ondown>802</ondown>
      <visible>no</visible>
      <animation effect="slide" start="1300,0" end="0,0" tween="quadratic" time="300" delay="0">visible</animation>
    </control>
    <control>
      <description>Channel Button Down</description>
      <type>button</type>
      <id>32</id>
      <posX>30</posX>
      <posY>700</posY>
      <width>37</width>
      <height>37</height>
      <textureFocus>-</textureFocus>
      <textureNoFocus>-</textureNoFocus>
      <label>-</label>
      <onleft>221</onleft>
      <onright>31</onright>
      <onup>33</onup>
      <ondown>210</ondown>
      <visible>no</visible>
    </control>
    <control>
      <description>Channel Button Up</description>
      <type>button</type>
      <id>31</id>
      <posX>67</posX>
      <posY>700</posY>
      <width>37</width>
      <height>37</height>
      <textureFocus>-</textureFocus>
      <textureNoFocus>-</textureNoFocus>
      <label>-</label>
      <onleft>32</onleft>
      <onright>210</onright>
      <onup>33</onup>
      <ondown>210</ondown>
      <visible>no</visible>
    </control>
    <!-- :::::::::: AUDIO MENU :::::::::: -->
    <control>
      <description>Sub Menu Background (volume)</description>
      <type>image</type>
      <id>300</id>
      <posX>48</posX>
      <posY>49</posY>
      <width>285</width>
      <height>473</height>
      <texture>osdmenubg.png</texture>
      <visible>no</visible>
      <animation effect="slide" start="1300,0" end="0,0" tween="quadratic" time="300" delay="0">visible</animation>
    </control>
    <control>
      <description>Sub Menu Background (bookmarks)</description>
      <type>image</type>
      <id>303</id>
      <posX>48</posX>
      <posY>49</posY>
      <width>285</width>
      <height>473</height>
      <texture>osdmenubg.png</texture>
      <visible>no</visible>
    </control>
    <!-- :::::::::: VIDEO MENU :::::::::: -->
    <control>
      <description>Sub Menu Background (video)</description>
      <type>image</type>
      <id>304</id>
      <posX>909</posX>
      <posY>0</posY>
      <width>371</width>
      <height>473</height>
      <texture>osdmenubg.png</texture>
      <animation effect="slide" start="1300,0" end="0,0" tween="quadratic" time="300" delay="0">visible</animation>
      <visible>control.isvisible(700)</visible>
    </control>
    <control>
      <description>Menu Title Label</description>
      <type>label</type>
      <id>0</id>
      <posX>948</posX>
      <posY>18</posY>
      <label>VIDEO MENU</label>
      <font>mediastream16c</font>
      <textcolor>FFFFFFFF</textcolor>
      <visible>control.isvisible(700)</visible>
      <animation effect="slide" start="1300,0" end="0,0" tween="quadratic" time="300" delay="0">visible</animation>
    </control>
    <control>
      <description>Video Position label</description>
      <type>label</type>
      <id>750</id>
      <posX>948</posX>
      <posY>64</posY>
      <label>298</label>
      <font>mediastream10tc</font>
      <animation effect="slide" start="1300,0" end="0,0" tween="quadratic" time="300" delay="0">visible</animation>
      <visible>no</visible>
    </control>
    <control>
      <description>Video Position Slider</description>
      <type>slider</type>
      <id>700</id>
      <posX>948</posX>
      <posY>89</posY>
      <spintype>int</spintype>
      <textureSliderBar>sliderbackground.png</textureSliderBar>
      <textureSliderNib>slidernibnf.png</textureSliderNib>
      <textureSliderNibFocus>slidernibfo.png</textureSliderNibFocus>
      <onup>700</onup>
      <ondown>701</ondown>
      <onleft>700</onleft>
      <onright>702</onright>
      <animation effect="slide" start="1300,0" end="0,0" tween="quadratic" time="300" delay="0">visible</animation>
      <visible>no</visible>
    </control>
    <control>
      <description>Non-Interleaved Checkbox</description>
      <type>checkmark</type>
      <id>701</id>
      <posX>948</posX>
      <posY>124</posY>
      <label>306</label>
      <MarkWidth>20</MarkWidth>
      <MarkHeight>20</MarkHeight>
      <onup>700</onup>
      <ondown>702</ondown>
      <onleft>701</onleft>
      <onright>701</onright>
      <animation effect="slide" start="1300,0" end="0,0" tween="quadratic" time="300" delay="0">visible</animation>
      <visible>no</visible>
    </control>
    <control>
      <description>No Cache Checkbox</description>
      <type>checkmark</type>
      <id>702</id>
      <posX>948</posX>
      <posY>154</posY>
      <label>431</label>
      <MarkWidth>20</MarkWidth>
      <MarkHeight>20</MarkHeight>
      <onup>701</onup>
      <ondown>703</ondown>
      <onleft>702</onleft>
      <onright>702</onright>
      <animation effect="slide" start="1300,0" end="0,0" tween="quadratic" time="300" delay="0">visible</animation>
      <visible>no</visible>
    </control>
    <control>
      <description>Adjust Framerate Checkbox</description>
      <type>checkmark</type>
      <id>703</id>
      <posX>73</posX>
      <posY>948</posY>
      <label>343</label>
      <MarkWidth>20</MarkWidth>
      <MarkHeight>20</MarkHeight>
      <onup>702</onup>
      <ondown>750</ondown>
      <onleft>703</onleft>
      <onright>703</onright>
      <animation effect="slide" start="1300,0" end="0,0" tween="quadratic" time="300" delay="0">visible</animation>
      <visible>no</visible>
    </control>
    <control>
      <description>brightness label</description>
      <type>label</type>
      <id>752</id>
      <posX>1281</posX>
      <posY>214</posY>
      <label>464</label>
      <animation effect="slide" start="1300,0" end="0,0" tween="quadratic" time="300" delay="0">visible</animation>
      <visible>no</visible>
    </control>
    <control>
      <description>brightness</description>
      <type>slider</type>
      <id>704</id>
      <posX>1281</posX>
      <posY>239</posY>
      <spintype>int</spintype>
      <textureSliderBar>sliderbackground.png</textureSliderBar>
      <textureSliderNib>slidernibnf.png</textureSliderNib>
      <textureSliderNibFocus>slidernibfo.png</textureSliderNibFocus>
      <onup>703</onup>
      <ondown>705</ondown>
      <onleft>704</onleft>
      <onright>704</onright>
      <animation effect="slide" start="1300,0" end="0,0" tween="quadratic" time="300" delay="0">visible</animation>
      <visible>no</visible>
    </control>
    <control>
      <description>contrast label</description>
      <type>label</type>
      <id>753</id>
      <posX>1281</posX>
      <posY>274</posY>
      <label>465</label>
      <animation effect="slide" start="1300,0" end="0,0" tween="quadratic" time="300" delay="0">visible</animation>
      <visible>no</visible>
    </control>
    <control>
      <description>contrast</description>
      <type>slider</type>
      <id>705</id>
      <posX>1281</posX>
      <posY>299</posY>
      <spintype>int</spintype>
      <textureSliderBar>sliderbackground.png</textureSliderBar>
      <textureSliderNib>slidernibnf.png</textureSliderNib>
      <textureSliderNibFocus>slidernibfo.png</textureSliderNibFocus>
      <onup>704</onup>
      <ondown>706</ondown>
      <onleft>705</onleft>
      <onright>705</onright>
      <animation effect="slide" start="1300,0" end="0,0" tween="quadratic" time="300" delay="0">visible</animation>
      <visible>no</visible>
    </control>
    <control>
      <description>gamma label</description>
      <type>label</type>
      <id>754</id>
      <posX>1281</posX>
      <posY>334</posY>
      <label>466</label>
      <animation effect="slide" start="1300,0" end="0,0" tween="quadratic" time="300" delay="0">visible</animation>
    </control>
    <control>
      <description>gamma</description>
      <type>slider</type>
      <id>706</id>
      <posX>1281</posX>
      <posY>359</posY>
      <spintype>int</spintype>
      <textureSliderBar>sliderbackground.png</textureSliderBar>
      <textureSliderNib>slidernibnf.png</textureSliderNib>
      <textureSliderNibFocus>slidernibfo.png</textureSliderNibFocus>
      <onup>705</onup>
      <ondown>750</ondown>
      <onleft>706</onleft>
      <onright>706</onright>
      <animation effect="slide" start="1300,0" end="0,0" tween="quadratic" time="300" delay="0">visible</animation>
    </control>
    <!-- :::::::::: AUDIO MENU :::::::::: -->
    <control>
      <description>Sub Menu Background (audio)</description>
      <type>image</type>
      <id>305</id>
      <posX>909</posX>
      <posY>0</posY>
      <width>371</width>
      <height>473</height>
      <texture>osdmenubg.png</texture>
      <visible>control.isvisible(500)</visible>
      <animation effect="slide" start="1300,0" end="0,0" tween="quadratic" time="300" delay="0">visible</animation>
    </control>
    <control>
      <description>Menu Title Label</description>
      <type>label</type>
      <id>0</id>
      <posX>948</posX>
      <posY>18</posY>
      <label>AUDIO MENU</label>
      <!-- no string available for this one? -->
      <font>mediastream16c</font>
      <textcolor>FFFFFFFF</textcolor>
      <visible>control.isvisible(500)</visible>
      <animation effect="slide" start="1300,0" end="0,0" tween="quadratic" time="300" delay="0">visible</animation>
    </control>
    <control>
      <description>A/v Delay label</description>
      <type>label</type>
      <id>550</id>
      <posX>948</posX>
      <posY>64</posY>
      <label>297</label>
      <font>mediastream10tc</font>
      <visible>no</visible>
      <animation effect="slide" start="1300,0" end="0,0" tween="quadratic" time="300" delay="0">visible</animation>
    </control>
    <control>
      <description>A/V Delay Slider</description>
      <type>slider</type>
      <id>500</id>
      <posX>948</posX>
      <posY>89</posY>
      <spintype>float</spintype>
      <textureSliderBar>sliderbackground.png</textureSliderBar>
      <textureSliderNib>slidernibnf.png</textureSliderNib>
      <textureSliderNibFocus>slidernibfo.png</textureSliderNibFocus>
      <onup>500</onup>
      <ondown>501</ondown>
      <onleft>501</onleft>
      <onright>501</onright>
      <visible>no</visible>
      <animation effect="slide" start="1300,0" end="0,0" tween="quadratic" time="300" delay="0">visible</animation>
    </control>
    <control>
      <description>Audio Stream List Control</description>
      <type>listcontrol</type>
      <id>501</id>
      <posX>749</posX>
      <posY>154</posY>
      <width>531</width>
      <height>500</height>
      <textXOff>25</textXOff>
      <onleft>500</onleft>
      <onright>500</onright>
      <onup>501</onup>
      <ondown>501</ondown>
      <visible>no</visible>
      <spinPosX>1300</spinPosX>
      <spinPosY>515</spinPosY>
    </control>
    <control>
      <description>Sub Menu Nib</description>
      <type>image</type>
      <id>350</id>
      <texture>-</texture>
      <visible>no</visible>
      <animation effect="slide" start="1300,0" end="0,0" tween="quadratic" time="300" delay="0">visible</animation>
    </control>
    <control>
      <description>Volume Slider</description>
      <type>slider</type>
      <id>400</id>
      <posX>948</posX>
      <posY>89</posY>
      <textureSliderBar>sliderbackground.png</textureSliderBar>
      <textureSliderNib>slidernibnf.png</textureSliderNib>
      <textureSliderNibFocus>slidernibfo.png</textureSliderNibFocus>
      <onup>216</onup>
      <ondown>216</ondown>
      <onleft>400</onleft>
      <onright>400</onright>
      <visible>yes</visible>
    </control>
    <control>
      <description>subtitles label</description>
      <type>label</type>
      <id>0</id>
      <posX>1115</posX>
      <posY>630</posY>
      <width>140</width>
      <label>Subtitles</label>
      <font>mediastream10tc</font>
      <align>center</align>
      <textcolor>ff808080</textcolor>
      <visible>Control.HasFocus(218)+!player.rewinding+!player.forwarding</visible>
    </control>
    <control>
      <description>video menu label</description>
      <type>label</type>
      <id>0</id>
      <posX>1115</posX>
      <posY>630</posY>
      <width>140</width>
      <label>Video Menu</label>
      <font>mediastream10tc</font>
      <align>center</align>
      <textcolor>ff808080</textcolor>
      <visible>Control.HasFocus(220)+!player.rewinding+!player.forwarding</visible>
    </control>
    <control>
      <description>audio menu label</description>
      <type>label</type>
      <id>0</id>
      <posX>1115</posX>
      <posY>630</posY>
      <width>140</width>
      <label>Audio Menu</label>
      <font>mediastream10tc</font>
      <align>center</align>
      <textcolor>ff808080</textcolor>
      <visible>Control.HasFocus(221)+!player.rewinding+!player.forwarding</visible>
    </control>
    <control>
      <description>rec logo</description>
      <type>image</type>
      <id>39</id>
      <posX>14</posX>
      <posY>16</posY>
      <width>18</width>
      <height>18</height>
      <texture>tvguide_record_button.png</texture>
      <animation effect="fade" start="20" time="2000" condition="true" pulse="true">Conditional</animation>
      <animation effect="fade" time="250">WindowClose</animation>
      <animation effect="fade" time="250">WindowOpen</animation>
      <keepaspectratio>yes</keepaspectratio>
    </control>
    <import>common.player.xml</import>
  </controls>
</window>
<!--Checksum:fc99ca48875f24d90e6083e4c4eea7af-->