﻿<?xml version="1.0" encoding="utf-8"?>
<window>
  <controls>
    <!-- ClearArt -->
    <control>
      <description>ClearArt</description>
      <type>image</type>
      <id>0</id>
      <posX>1000</posX>
      <posY>89</posY>
      <width>250</width>
      <height>126</height>
      <texture>#TVSeries.Play.ClearArt</texture>
      <visible>!facadeview.filmstrip+!facadeview.coverflow</visible>
    </control>
    <!--
		::::::::::::::
		:: OVERLAYS ::
		::::::::::::::
		-->
    <control>
      <description>FanArt Overlay</description>
      <type>image</type>
      <id>0</id>
      <posX>-2</posX>
      <posY>0</posY>
      <width>1284</width>
      <height>722</height>
      <texture>mainoverlay.png</texture>
      <visible>!facadeview.filmstrip+!facadeview.coverflow</visible>
    </control>
    <control>
      <description>Filmstrip Black Background</description>
      <type>image</type>
      <id>0</id>
      <posX>0</posX>
      <posY>504</posY>
      <width>1280</width>
      <height>221</height>
      <colordiffuse>ffFFFFFF</colordiffuse>
      <texture>black.png</texture>
      <visible>facadeview.filmstrip+control.isvisible(50)</visible>
    </control>
    <control>
      <description>FanArt Overlay (Graphical View)</description>
      <type>image</type>
      <id>0</id>
      <posX>-2</posX>
      <posY>-2</posY>
      <width>1284</width>
      <height>726</height>
      <colordiffuse>ffffffff</colordiffuse>
      <texture>movieviewbg.png</texture>
      <visible>facadeview.filmstrip</visible>
    </control>
		<control>
      <description>TopBar Overlay</description>
      <type>image</type>
      <id>0</id>
      <posX>0</posX>
      <posY>0</posY>
      <width>1280</width>
      <height>51</height>      
      <texture>overlay_topbar.png</texture>
      <visible>facadeview.coverflow</visible>
    </control>
    <control>
      <type>image</type>
      <id>0</id>
      <posX>0</posX>
      <posY>675</posY>
      <width>1280</width>
      <height>47</height>
      <texture>imagestreamtitle.png</texture>
      <visible>control.isvisible(1240)|control.isvisible(1239)</visible>
      <animation effect="fade" time="250" delay="0">WindowClose</animation>
    </control>
    <!--
		::::::::::::::::::
		:: MEDIA COUNTS ::
		::::::::::::::::::
		-->
    <control>
      <description>Media Count Background</description>
      <type>image</type>
      <id>0</id>
      <posX>1065</posX>
      <posY>13</posY>
      <width>202</width>
      <height>28</height>
      <texture>mediacountbackground.png</texture>
      <animation effect="fade" time="250" delay="0">WindowClose</animation>
    </control>
    <control>
      <description>Episode Count Label</description>
      <type>label</type>
      <label>#TVSeries.Translation.Episodes.Label</label>
      <id>0</id>
      <width>135</width>
      <posX>1078</posX>
      <posY>16</posY>
      <align>left</align>
      <font>mediastream10tc</font>
      <textcolor>ff909090</textcolor>
      <visible>[control.isvisible(1239)|control.isvisible(1238)]</visible>
      <animation effect="fade" time="250" delay="0">WindowClose</animation>
    </control>
    <control>
      <description>Series Episode Count</description>
      <type>label</type>
      <label>#TVSeries.Series.EpisodeCount</label>
      <id>0</id>
      <posX>1238</posX>
      <posY>14</posY>
      <font>mediastream11c</font>
      <align>right</align>
      <textcolor>ff006698</textcolor>
      <visible>control.isvisible(1238)</visible>
      <animation effect="fade" time="250" delay="0">WindowClose</animation>
    </control>
    <control>
      <description>Filtered Episode Count</description>
      <type>label</type>
      <id>0</id>
      <label>#TVSeries.FilteredEpisodeCount</label>
      <posX>1238</posX>
      <posY>14</posY>
      <font>mediastream11c</font>
      <align>right</align>
      <textcolor>ff006698</textcolor>
      <visible>control.isvisible(1239)</visible>
      <animation effect="fade" time="250" delay="0">WindowClose</animation>
    </control>
    <control>
      <description>Series Count Label</description>
      <type>label</type>
      <label>#TVSeries.Translation.Series_Plural.Label</label>
      <id>0</id>
      <width>135</width>
      <posX>1078</posX>
      <posY>16</posY>
      <align>left</align>
      <font>mediastream10tc</font>
      <textcolor>ff909090</textcolor>
      <visible>control.isvisible(1237)</visible>
      <animation effect="fade" time="250" delay="0">WindowClose</animation>
    </control>
    <control>
      <description>Series Count</description>
      <type>label</type>
      <label>#TVSeries.SeriesCount</label>
      <id>0</id>
      <posX>1238</posX>
      <posY>14</posY>
      <font>mediastream11c</font>
      <align>right</align>
      <textcolor>ff006698</textcolor>
      <visible>control.isvisible(1237)</visible>
      <animation effect="fade" time="250" delay="0">WindowClose</animation>
    </control>
    <control>
      <description>Group Count Label</description>
      <type>label</type>
      <label>#TVSeries.Translation.Groups.Label</label>
      <id>0</id>
      <width>135</width>
      <posX>1078</posX>
      <posY>16</posY>
      <align>left</align>
      <font>mediastream10tc</font>
      <textcolor>ff909090</textcolor>
      <visible>control.isvisible(1240)</visible>
      <animation effect="fade" time="250" delay="0">WindowClose</animation>
    </control>
    <control>
      <description>Group Count</description>
      <type>label</type>
      <label>#TVSeries.GroupCount</label>
      <id>0</id>
      <posX>1238</posX>
      <posY>14</posY>
      <font>mediastream11c</font>
      <align>right</align>
      <textcolor>ff006698</textcolor>
      <visible>control.isvisible(1240)</visible>
      <animation effect="fade" time="250" delay="0">WindowClose</animation>
    </control>
    <!--
		:::::::::::::::::
		:: PAGE COUNTS ::
		:::::::::::::::::
		-->
    <control>
      <description>Page Count Background</description>
      <type>image</type>
      <id>0</id>
      <posX>1013</posX>
      <posY>684</posY>
      <width>260</width>
      <height>30</height>
      <texture>mediacountbg_Spin.png</texture>
			<visible>!facadeview.coverflow</visible>
      <animation effect="fade" time="250" delay="0">WindowClose</animation>
    </control>
    <control>
      <description>Page Label</description>
      <type>label</type>
      <label>30009</label>
      <id>0</id>
      <posX>1023</posX>
      <posY>688</posY>
      <font>mediastream12tc</font>
      <textcolor>ff909090</textcolor>
			<visible>!facadeview.coverflow</visible>
      <animation effect="fade" time="250" delay="0">WindowClose</animation>
    </control>
    <control>
      <type>group</type>
      <id>28</id>
      <layout>StackLayout</layout>
      <animation effect="fade" time="250" delay="0">WindowClose</animation>
			<animation effect="slide" time="250" end="1000,0">WindowClose</animation>
      <control>
        <type>facadeview</type>
        <id>50</id>
        <control>
          <type>listcontrol</type>
          <subtype>album</subtype>
          <id>50</id>
        </control>
        <control>
          <description>Series Wide Banner Thumbnails</description>
          <type>thumbnailpanel</type>
          <id>50</id>
          <onleft>2</onleft>
          <onright>2</onright>
          <posX>790</posX>
          <posY>240</posY>
          <width>500</width>
          <height>500</height>
          <imageFolder>-</imageFolder>
          <imageFolderFocus>widebannerborder.png</imageFolderFocus>
          <keepaspectratio>no</keepaspectratio>
          <enableFocusZoom>no</enableFocusZoom>
          <scrollOffset>2</scrollOffset>
          <dimColor>30ffffff</dimColor>
          <!-- margin -->
          <itemWidthBig>420</itemWidthBig>
          <itemHeightBig>85</itemHeightBig>
          <!-- frame texture -->
          <textureWidthBig>414</textureWidthBig>
          <textureHeightBig>88</textureHeightBig>
          <!-- wide banners -->
          <thumbWidthBig>400</thumbWidthBig>
          <thumbHeightBig>74</thumbHeightBig>
          <thumbPosXBig>7</thumbPosXBig>
          <thumbPosYBig>7</thumbPosYBig>
          <thumbZoom>no</thumbZoom>
          <!-- text (when there is no banner) -->
          <textXOff>60</textXOff>
          <textYOff>25</textYOff>
          <!-- Spin Controls -->
          <spinWidth>50</spinWidth>
          <spinHeight>37</spinHeight>
          <spinPosX>1175</spinPosX>
          <spinPosY>681</spinPosY>
          <spinAlign>Right</spinAlign>
          <spinColor>ff006698</spinColor>
          <textureUp>arrow_round_up_nofocus.png</textureUp>
          <textureDown>arrow_round_down_nofocus.png</textureDown>
          <textureUpFocus>arrow_round_up_focus.png</textureUpFocus>
          <textureDownFocus>arrow_round_down_focus.png</textureDownFocus>
        </control>
        <control>
          <description>Series/Season Filmstrip view</description>
          <type>filmstrip</type>
          <id>50</id>
          <onup>2</onup>
          <onleft>50</onleft>
          <posX>12</posX>
          <posY>512</posY>
          <width>1280</width>
          <height>220</height>
          <scrollOffset>4</scrollOffset>
          <itemWidth>142</itemWidth>
          <itemHeight>156</itemHeight>
          <textureWidth>120</textureWidth>
          <textureHeight>170</textureHeight>
          <thumbWidth>106</thumbWidth>
          <thumbHeight>156</thumbHeight>
          <thumbPosX>7</thumbPosX>
          <thumbPosY>7</thumbPosY>
          <thumbs flipY="true" diffuse="diffusemirrorwide.png" />
          <thumbAnimation effect="zoom" start="100,100" end="120,120" tween="quadratic" time="0">focus</thumbAnimation>
          <InfoImage>
          </InfoImage>
          <imageFolder>-</imageFolder>
          <imageFolderFocus>thumbborder.png</imageFolderFocus>
          <frame>-</frame>
          <frameFocus>thumbborder.png</frameFocus>
          <showFrame>no</showFrame>
          <showFolder>yes</showFolder>
          <showBackGround>no</showBackGround>
          <showInfoImage>no</showInfoImage>
          <!-- Spin Controls -->
          <spinWidth>50</spinWidth>
          <spinHeight>37</spinHeight>
          <spinPosX>1175</spinPosX>
          <spinPosY>681</spinPosY>
          <spinAlign>Right</spinAlign>
          <spinColor>ff006698</spinColor>
          <textureUp>arrow_round_up_nofocus.png</textureUp>
          <textureDown>arrow_round_down_nofocus.png</textureDown>
          <textureUpFocus>arrow_round_up_focus.png</textureUpFocus>
          <textureDownFocus>arrow_round_down_focus.png</textureDownFocus>
        </control>
        <control>
          <description>Textlist (series and/or seasons if set and Episodes)</description>
          <type>listcontrol</type>
          <id>50</id>
          <onleft>2</onleft>
          <onright>2</onright>
          <posX>760</posX>
          <posY>310</posY>
          <height>410</height>
          <dimColor>50ffffff</dimColor>
          <!-- List Control Popup -->
          <explicitlyEnableScrollLabel>yes</explicitlyEnableScrollLabel>
          <!-- Watched/Unwatched icons -->
          <IconXOff>389</IconXOff>
          <IconYOff>12</IconYOff>
          <itemWidth>72</itemWidth>
          <itemHeight>18</itemHeight>
          <textXOff>-75</textXOff>
          <textYOff>10</textYOff>
          <textXOff2>380</textXOff2>
          <textYOff2>10</textYOff2>
          <textXOff3>415</textXOff3>
          <textYOff3>12</textYOff3>
          <font2>mediastream9c</font2>
          <font3>mediastream9c</font3>
          <selectedColor>ffff3333</selectedColor>
          <textureFocus>listbg_detail_fo.png</textureFocus>
          <!-- Spin Controls -->
          <spinWidth>50</spinWidth>
          <spinHeight>37</spinHeight>
          <spinPosX>1175</spinPosX>
          <spinPosY>681</spinPosY>
          <spinAlign>Right</spinAlign>
          <spinColor>ff006698</spinColor>
          <textureUp>arrow_round_up_nofocus.png</textureUp>
          <textureDown>arrow_round_down_nofocus.png</textureDown>
          <textureUpFocus>arrow_round_up_focus.png</textureUpFocus>
          <textureDownFocus>arrow_round_down_focus.png</textureDownFocus>
        </control>
        <control>
          <description>Cover Flow view</description>
          <type>coverflow</type>
          <colordiffuse>90ffffff</colordiffuse>
          <dimColor>90ffffff</dimColor>
          <id>50</id>
          <posX>0</posX>
          <posY>240</posY>
          <width>1280</width>
          <height>720</height>
          <onup>2</onup>
          <onright>50</onright>
          <selectedCard>0</selectedCard>
          <cardWidth>255</cardWidth>
          <cardHeight>375</cardHeight>
          <angle>45</angle>
          <sideShift>220</sideShift>
          <sideGap>100</sideGap>
          <sideDepth>250</sideDepth>
          <offsetY>0</offsetY>
          <selectedOffsetY>0</selectedOffsetY>
          <speed>4</speed>
          <backgroundHeight>250</backgroundHeight>
          <backgroundWidth>1280</backgroundWidth>
          <backgroundX>0</backgroundX>
          <backgroundY>470</backgroundY>
          <backgroundDiffuse>FF000000</backgroundDiffuse>
          <background>filmstrip_overlay.png</background>
          <showBackground>yes</showBackground>
          <foregroundHeight>724</foregroundHeight>
          <foregroundWidth>1284</foregroundWidth>
          <foregroundX>-2</foregroundX>
          <foregroundY>-2</foregroundY>
          <foregroundDiffuse>FF000000</foregroundDiffuse>
          <foreground>-</foreground>
          <showForeground>no</showForeground>
          <showFrame>yes</showFrame>
          <frame>coverflow.poster.square.glass.png</frame>
          <frameFocus>coverflow.poster.square.glass.png</frameFocus>
          <frameWidth>255</frameWidth>
          <frameHeight>375</frameHeight>
          <spinSpeed>8</spinSpeed>
          <unfocusedAlpha>FF</unfocusedAlpha>
          <folderPrefix>[</folderPrefix>
          <folderSuffix>]</folderSuffix>
          <font1>mediastream14tc</font1>
          <font2>mediastream12tc</font2>
          <label1>#TVSeries.Title</label1>
          <label2>#TVSeries.Series.Genre</label2>
          <textColor>FFFFFFFF</textColor>
          <remoteColor>FFFFFFFF</remoteColor>
          <playedColor>FFFFFFFF</playedColor>
          <downloadColor>FFFFFFFF</downloadColor>
          <selectedColor>FFFFFFFF</selectedColor>
          <shadowAngle>45</shadowAngle>
          <shadowDistance>2</shadowDistance>
          <shadowColor>FF222222</shadowColor>
          <label1YOff>395</label1YOff>
          <label2YOff>420</label2YOff>
          <pageSize>5</pageSize>
          <scrollbarBackground>bar_hor.png</scrollbarBackground>
          <scrollbarLeft>mouse_left_horizontal.png</scrollbarLeft>
          <scrollbarRight>mouse_right_horizontal.png</scrollbarRight>
          <scrollbarYOff>462</scrollbarYOff>
          <showScrollbar>no</showScrollbar>
          <cards flipY="yes" diffuse="Thumb_Mask.png" mask="video_poster_square_mask.png" />
          <subitems>
            <subitem><![CDATA[
              <controls>
                <control>
                  <description>background</description>
                  <type>image</type>
                  <posX>0</posX>
                  <posY>0</posY>
                  <width>250</width>
                  <height>360</height>
                  <texture flipY="yes" diffuse="Thumb_Mask.png" mask="video_poster_square_mask.png">black.png</texture>
                </control>
                <control>
                  <description>Movie Details</description>
                  <type>label</type>
                  <posX>20</posX>
                  <posY>10</posY>
                  <width>210</width>
                  <label>Movie Details</label>
                  <font>mediastream10tc</font>
                  <textcolor>FFFFFFFF</textcolor>
                </control>
                <control>
                  <description>genre</description>
                  <type>label</type>
                  <posX>20</posX>
                  <posY>30</posY>
                  <width>210</width>
                  <label>#TVSeries.Series.Genre</label>
                  <font>mediastream10</font>
                  <textcolor>FFFFFFFF</textcolor>
                </control>
                <control>
                  <description>year</description>
                  <type>label</type>
                  <posX>20</posX>
                  <posY>50</posY>
                  <width>210</width>
                  <label>#TVSeries.Series.FirstAired</label>
                  <font>mediastream10</font>
                  <textcolor>FFFFFFFF</textcolor>
                </control>
                <control>
                  <description>runtime</description>
                  <type>label</type>
                  <posX>20</posX>
                  <posY>70</posY>
                  <width>210</width>
                  <label>#TVSeries.Series.DataPanelLine3Value</label>
                  <font>mediastream10</font>
                  <textcolor>FFFFFFFF</textcolor>
                </control>
                <control>
                  <description>rating</description>
                  <type>label</type>
                  <posX>20</posX>
                  <posY>90</posY>
                  <width>210</width>
                  <label>#TVSeries.Series.DataPanelLine41Value #TVSeries.Series.DataPanelLine44Value</label>
                  <font>mediastream10</font>
                  <textcolor>FFFFFFFF</textcolor>
                  <visible>!string.equals(#rating,0)</visible>
                </control>                 
                <control>
                  <description>Series Network Label</description>
                  <type>label</type>
                  <posX>20</posX>
                  <posY>115</posY>
                  <width>210</width>
                  <label>#TVSeries.Series.DataPanelLine5Key</label>
                  <font>mediastream10tc</font>
                  <textcolor>FFFFFFFF</textcolor>
                </control>
                <control>
                  <description>Series Network</description>
                  <type>label</type>
                  <posX>20</posX>
                  <posY>132</posY>
                  <width>210</width>
                  <label>#TVSeries.Series.DataPanelLine5Value</label>
                  <font>mediastream10</font>
                  <textcolor>FFFFFFFF</textcolor>
                </control>
                <control>
                  <description>Plot Label</description>
                  <type>label</type>
                  <posX>20</posX>
                  <posY>155</posY>
                  <width>210</width>
                  <label>#(string.rtrim(L(203),':'))</label>
                  <font>mediastream10tc</font>
                  <textcolor>FFFFFFFF</textcolor>
                </control>
                <control>
                  <description>plot</description>
                  <type>textboxscrollup</type>
                  <posX>20</posX>
                  <posY>173</posY>
                  <width>220</width>
                  <height>80</height>
                  <label>#TVSeries.Series.Summary</label>
                  <font>mediastream10</font>
                  <lineSpacing>2</lineSpacing>
                  <textcolor>FFFFFFFF</textcolor>
                  <scrollStartDelaySec>15</scrollStartDelaySec>
                </control>
              </controls>]]>
            </subitem>
          </subitems>
        </control>
      </control>
    </control>
  </controls>
</window>
<!--Checksum:223f3f2e6fd47aa361bb8e765d712f05-->