﻿<?xml version="1.0" encoding="utf-8"?>
<window>
  <controls>
    <control>
      <description>Hidden Menu Indicator</description>
      <type>image</type>
      <posX>1848</posX>
      <posY>75</posY>
      <width>72</width>
      <height>216</height>
      <texture>#StreamedMP.ActionMenu.Image</texture>
      <visible>control.isvisible(50)</visible>
      <animation effect="fade" time="250" delay="0">WindowClose</animation>
    </control>
    <control>
      <type>actiongroup</type>
      <description>action menu</description>
      <defaultcontrol>2</defaultcontrol>
      <onexit>50</onexit>
      <dimColor>00ffffff</dimColor>
      <buttonX>1846</buttonX>
      <buttonY>82</buttonY>
      <buttonwidth>73</buttonwidth>
      <buttonheight>379</buttonheight>
      <control>
        <type>image</type>
        <posX>1503</posX>
        <posY>0</posY>
        <width>417</width>
        <height>1080</height>
        <texture>hiddenmenu_right.png</texture>
        <visible>!Control.HasFocus(50)</visible>
        <animation effect="slide" time="100" start="450,0">visible</animation>
        <animation effect="slide" time="0" end="450,0">hidden</animation>
      </control>
      <control>
        <id>0</id>
        <description>Dummy Button (for Mouse)</description>
        <label>-</label>
        <type>button</type>
        <posX>1503</posX>
        <posY>0</posY>
        <width>417</width>
        <height>1080</height>
        <visible>!Control.HasFocus(50)</visible>
        <animation effect="slide" time="100" start="450,0">visible</animation>
        <animation effect="slide" time="0" end="450,0">hidden</animation>
      </control>
      <control>
        <id>0</id>
        <description>MENU</description>
        <label>924</label>
        <type>label</type>
        <font>mediastream12tc</font>
        <posX>1560</posX>
        <posY>292</posY>
        <visible>!Control.HasFocus(50)</visible>
        <animation effect="slide" time="100" start="450,0">visible</animation>
        <animation effect="slide" time="0" end="450,0">hidden</animation>
      </control>
      <control>
        <id>0</id>
        <description>PLAYLIST</description>
        <label>136</label>
        <type>label</type>
        <font>mediastream12tc</font>
        <posX>1560</posX>
        <posY>545</posY>
        <visible>!Control.HasFocus(50)</visible>
        <animation effect="slide" time="100" start="450,0">visible</animation>
        <animation effect="slide" time="0" end="450,0">hidden</animation>
      </control>
      <control>
        <id>0</id>
        <description>SETTINGS</description>
        <label>1048</label>
        <type>label</type>
        <font>mediastream12tc</font>
        <posX>1560</posX>
        <posY>672</posY>
        <visible>!Control.HasFocus(50)</visible>
        <animation effect="slide" time="100" start="450,0">visible</animation>
        <animation effect="slide" time="0" end="450,0">hidden</animation>
      </control>
      <control>
        <id>0</id>
        <description>JUMP TO</description>
        <label>1065</label>
        <type>label</type>
        <font>mediastream12tc</font>
        <posX>1560</posX>
        <posY>798</posY>
        <visible>!Control.HasFocus(50)</visible>
        <animation effect="slide" time="100" start="450,0">visible</animation>
        <animation effect="slide" time="0" end="450,0">hidden</animation>
      </control>
      <control>
        <type>group</type>
        <description>group element</description>
        <visible>!Control.HasFocus(50)</visible>
        <animation effect="slide" time="100" start="450,0">visible</animation>
        <animation effect="slide" time="0" end="450,0">hidden</animation>
        <posX>1560</posX>
        <posY>327</posY>
        <width>330</width>
        <height>1080</height>
        <layout>StackLayout(0, Vertical, true)</layout>
        <control>
          <description>Switch View</description>
          <type>button</type>
          <id>2</id>
          <label>457</label>
          <onup>21</onup>
          <onleft>50</onleft>
        </control>
        <control>
          <description>Filters</description>
          <type>button</type>
          <id>10</id>
          <label>#TVSeries.Translation.Filters.Label...</label>
          <onleft>50</onleft>
        </control>
        <control>
          <description>Run Import</description>
          <type>button</type>
          <id>5</id>
          <label>Run Import</label>
          <onleft>50</onleft>
        </control>
        <control>
          <description>Change Layout</description>
          <type>button</type>
          <id>3</id>
          <label>Change Layout</label>
          <onleft>50</onleft>
        </control>
        <control>
          <description>Options</description>
          <type>button</type>
          <id>4</id>
          <label>496</label>
          <onleft>50</onleft>
          <ondown>20</ondown>
        </control>
        <control>
          <description>Empty button</description>
          <type>button</type>
          <id>0</id>
          <label>-</label>
          <visible>true</visible>
        </control>
        <control>
          <description>Current Playlist</description>
          <type>button</type>
          <id>20</id>
          <label>4555</label>
          <action>33</action>
          <onup>4</onup>
          <onleft>50</onleft>
        </control>
        <control>
          <description>My Playlists</description>
          <type>button</type>
          <id>9</id>
          <label>983</label>
          <onleft>50</onleft>
          <ondown>66608</ondown>
        </control>
        <control>
          <description>Empty button</description>
          <type>button</type>
          <id>0</id>
          <label>-</label>
          <visible>true</visible>
        </control>
        <control>
          <description>Video Settings</description>
          <type>button</type>
          <id>66608</id>
          <label>100006</label>
          <hyperlink>703</hyperlink>
          <onup>9</onup>
          <onleft>50</onleft>
        </control>
        <control>
          <description>Skin Settings</description>
          <type>button</type>
          <id>66609</id>
          <label>#StreamedMP.SkinSettings</label>
          <hyperlink>196205</hyperlink>
          <onleft>50</onleft>
          <ondown>66612</ondown>
        </control>
        <control>
          <description>Empty button</description>
          <type>button</type>
          <id>0</id>
          <label>-</label>
          <visible>true</visible>
        </control>
        <control>
          <description>SubCentral</description>
          <type>button</type>
          <id>66612</id>
          <label>287</label>
          <hyperlink>84623</hyperlink>
          <onup>66609</onup>
          <ondown>97270</ondown>
          <onleft>50</onleft>
          <visible>plugin.isenabled(SubCentral)+control.isvisible(1239)</visible>
        </control>
        <control>
          <description>Trakt</description>
          <type>button</type>
          <id>97270</id>
          <label>Trakt...</label>
          <onup>66612</onup>
          <ondown>99000</ondown>
          <onleft>50</onleft>
          <visible>plugin.isenabled(Trakt)+[control.isvisible(1239)|control.isvisible(1237)]+![facadeview.smallicons|facadeview.largeicons]</visible>
        </control>
        <control>
          <description>MPEIUPDATE:5e2777c3_966c_407f_b5a9_e51205b70b3e</description>
          <type>button</type>
          <id>99000</id>
          <label>#MPEI.Translation.UpdateAvailable.Label</label>
          <onup>97270</onup>
          <ondown>2</ondown>
          <onleft>50</onleft>
          <visible>string.equals(#mpei.5e2777c3_966c_407f_b5a9_e51205b70b3e.haveupdate, true)+control.isvisible(1237)</visible>
        </control>
      </control>
    </control>
  </controls>
</window>
<!--Checksum:0110f6e434a14b263adfd6954c6e9ce3-->