﻿<?xml version="1.0" encoding="utf-8"?>
<window>
  <id>3007</id>
  <defaultcontrol>213</defaultcontrol>
  <allowoverlay>no</allowoverlay>
  <controls>
    <import>common.time.xml</import>
    <control>
      <description>background</description>
      <type>image</type>
      <id>0</id>
      <posX>0</posX>
      <posY>786</posY>
      <width>1922</width>
      <height>295</height>
      <texture>osdbackground1.png</texture>
    </control>
    <control>
      <description>Date</description>
      <type>label</type>
      <id>1</id>
      <posX>1882</posX>
      <posY>799</posY>
      <label>#date</label>
      <align>right</align>
      <font>mediastream10</font>
      <textcolor>ff888888</textcolor>
    </control>
    <control>
      <description>TV Logo border</description>
      <type>image</type>
      <posX>9</posX>
      <posY>705</posY>
      <width>255</width>
      <height>255</height>
      <texture>imagebg.png</texture>
      <keepaspectratio>yes</keepaspectratio>
      <centered>yes</centered>
    </control>
    <control>
      <description>TV background</description>
      <type>image</type>
      <id>1</id>
      <posX>24</posX>
      <posY>720</posY>
      <width>225</width>
      <height>225</height>
      <texture>logo_BG.png</texture>
      <keepaspectratio>yes</keepaspectratio>
      <centered>yes</centered>
    </control>
    <control>
      <description>TV Logo</description>
      <type>image</type>
      <id>10</id>
      <posX>24</posX>
      <posY>720</posY>
      <width>225</width>
      <height>225</height>
      <texture>#TV.View.thumb</texture>
      <keepaspectratio>yes</keepaspectratio>
      <centered>yes</centered>
    </control>
    <control>
      <description>Progress Bar Background</description>
      <type>image</type>
      <id>1</id>
      <posX>285</posX>
      <posY>1014</posY>
      <width>1368</width>
      <height>30</height>
      <texture>osdprogressback.png</texture>
      <keepaspectratio>no</keepaspectratio>
    </control>
    <control>
      <description>Progress Bar</description>
      <type>progress</type>
      <id>1</id>
      <posX>274</posX>
      <posY>1014</posY>
      <width>1392</width>
      <visible>yes</visible>
      <label>#TV.View.Percentage</label>
    </control>
    <control>
      <description>Start Time Info</description>
      <type>label</type>
      <id>101</id>
      <posX>292</posX>
      <posY>1042</posY>
      <label>#TV.View.start</label>
      <align>left</align>
      <font>mediastream12tc</font>
      <textcolor>ff888888</textcolor>
    </control>
    <control>
      <description>End Time Info</description>
      <type>label</type>
      <id>102</id>
      <posX>1639</posX>
      <posY>1042</posY>
      <label>#TV.View.stop</label>
      <align>right</align>
      <font>mediastream12tc</font>
      <textcolor>ff888888</textcolor>
    </control>
    <control>
      <description>Channel Name</description>
      <id>35</id>
      <type>label</type>
      <width>1350</width>
      <height>37</height>
      <posX>292</posX>
      <posY>802</posY>
      <font>mediastream16tc</font>
      <label>#TV.View.channel</label>
    </control>
    <control>
      <description>On tv NOW</description>
      <id>36</id>
      <type>textbox</type>
      <width>1350</width>
      <height>37</height>
      <posX>292</posX>
      <posY>844</posY>
      <font>mediastream14tc</font>
      <textcolor>ff888888</textcolor>
    </control>
    <control>
      <description>Zap to channel no</description>
      <type>label</type>
      <id>38</id>
      <posX>0</posX>
      <posY>1042</posY>
      <width>1920</width>
      <height>37</height>
      <align>center</align>
      <font>mediastream12tc</font>
      <label>-</label>
      <textcolor>white</textcolor>
    </control>
    <control>
      <description>On tv NEXT</description>
      <id>37</id>
      <type>textbox</type>
      <width>1350</width>
      <height>36</height>
      <posX>292</posX>
      <posY>975</posY>
      <font>mediastream12tc</font>
      <textcolor>ff888888</textcolor>
      <!-- <visible>plugin.isenabled(For The Record TV)</visible> -->
    </control>
    <!--
    <control>
      <description>On TV NEXT</description>
      <id>0</id>
      <type>label</type>
      <width>1350</width>
      <height>36</height>
      <posX>292</posX>
      <posY>982</posY>
      <font>mediastream12tc</font>
      <textcolor>ff888888</textcolor>
      <label>#StreamedMP.Next #TV.Next.title ( #TV.Next.start - #TV.Next.stop )</label>
      <visible>!plugin.isenabled(For The Record TV)</visible>
    </control>
    -->
    <control>
      <description>rec logo</description>
      <type>image</type>
      <id>39</id>
      <posX>21</posX>
      <posY>24</posY>
      <width>27</width>
      <height>27</height>
      <texture>tvguide_record_button.png</texture>
      <keepaspectratio>yes</keepaspectratio>
    </control>
  </controls>
</window>
<!--Checksum:b7a94bb7a72f55752c14e53ba150f38f-->