﻿<?xml version="1.0" encoding="utf-8" standalone="yes"?>
<window>
  <id>2005</id>
  <defaultcontrol>13</defaultcontrol>
  <allowoverlay>no</allowoverlay>
  <controls>
    <control>
      <description>dummy to fix images disappearing on more than 2x seeking (MP BUG)</description>
      <type>image</type>
      <id>0</id>
      <posX>2000</posX>
      <posY>2000</posY>
      <width>10</width>
      <height>10</height>
      <texture>-</texture>
      <visible>player.forwarding|player.rewinding</visible>
    </control>
    <control>
      <description>TVSeries ClearArt (Full VideoOSD)</description>
      <type>image</type>
      <id>0</id>
      <posX>1000</posX>
      <posY>420</posY>
      <width>250</width>
      <height>126</height>
      <texture>#TVSeries.Play.ClearArt</texture>
      <visible>[window.ispauseosdvisible|player.forwarding|player.rewinding]+!window.isosdvisible+string.equals(#StreamedMP.fullVideoOSD,true)</visible>
    </control>
    <control>
      <description>background (default)</description>
      <type>image</type>
      <id>0</id>
      <posX>0</posX>
      <posY>523</posY>
      <width>1280</width>
      <height>197</height>
      <texture>osdbackground.png</texture>
      <visible>[window.ispauseosdvisible|player.forwarding|player.rewinding]+!window.isosdvisible+string.equals(#StreamedMP.fullVideoOSD,true)</visible>
    </control>
    <control>
      <description>TVSeries ClearArt (Small VideoOSD)</description>
      <type>image</type>
      <id>0</id>
      <posX>1000</posX>
      <posY>547</posY>
      <width>250</width>
      <height>126</height>
      <texture>#TVSeries.Play.ClearArt</texture>
      <visible>[window.ispauseosdvisible|player.forwarding|player.rewinding]+!window.isosdvisible+!string.equals(#StreamedMP.fullVideoOSD,true)</visible>
    </control>
    <control>
      <description>background (small)</description>
      <type>image</type>
      <id>0</id>
      <posX>0</posX>
      <posY>650</posY>
      <width>1280</width>
      <height>197</height>
      <texture>osdbackground.png</texture>
      <visible>[window.ispauseosdvisible|player.forwarding|player.rewinding]+!window.isosdvisible+!string.equals(#StreamedMP.fullVideoOSD,true)</visible>
    </control>
    <control>
      <description>background (small)</description>
      <type>image</type>
      <id>0</id>
      <posX>0</posX>
      <posY>613</posY>
      <width>1280</width>
      <height>197</height>
      <texture>osdbackground.png</texture>
      <visible>[control.isvisible(10)|control.isvisible(11)|control.isvisible(12)]+string.equals(#StreamedMP.fullVideoOSD,true)</visible>
    </control>
    <control>
      <description>background (small)</description>
      <type>image</type>
      <id>0</id>
      <posX>0</posX>
      <posY>650</posY>
      <width>1280</width>
      <height>197</height>
      <texture>osdbackground.png</texture>
      <visible>[control.isvisible(10)|control.isvisible(11)|control.isvisible(12)]+!string.equals(#StreamedMP.fullVideoOSD,true)</visible>
    </control>
    <control>
      <type>image</type>
      <id>502</id>
      <posX>1100</posX>
      <posY>12</posY>
      <width>81</width>
      <height>30</height>
      <texture>video.action.forbidden.png</texture>
      <colordiffuse>White</colordiffuse>
      <visible>no</visible>
    </control>
    <control>
      <description>DVD Cover</description>
      <type>image</type>
      <id>0</id>
      <texture>#Play.Current.Thumb</texture>
      <posX>16</posX>
      <posY>554</posY>
      <width>160</width>
      <height>160</height>
      <align>left</align>
      <centered>yes</centered>
      <keepaspectratio>yes</keepaspectratio>
      <visible>[window.ispauseosdvisible|player.rewinding|player.forwarding]+string.equals(#StreamedMP.fullVideoOSD,true)</visible>
    </control>

    <control>
      <description>mvCentral Artist Name</description>
      <id>0</id>
      <type>fadelabel</type>
      <width>700</width>
      <posX>195</posX>
      <posY>555</posY>
      <font>mediastream14tc</font>
      <label>#Play.Current.mvArtist</label>
      <textcolor>ffFFFFFF</textcolor>
      <visible>[player.rewinding|player.forwarding]+string.equals(#StreamedMP.fullVideoOSD,true)+string.equals(#mvCentral.isPlaying,true)</visible>
    </control>
    <control>
      <description>mvCentral Artist Name</description>
      <type>fadelabel</type>
      <id>0</id>
      <posX>195</posX>
      <posY>555</posY>
      <width>480</width>
      <font>mediastream14tc</font>
      <label>#Play.Current.mvArtist </label>
      <textcolor>ffFFFFFF</textcolor>
      <visible>window.ispauseosdvisible+string.equals(#StreamedMP.fullVideoOSD,true)+string.equals(#mvCentral.isPlaying,true)</visible>
    </control>
    
    
    <control>
      <description>Movie Name</description>
      <id>0</id>
      <type>fadelabel</type>
      <width>700</width>
      <posX>195</posX>
      <posY>585</posY>
      <font>mediastream12tc</font>
      <label>#Play.Current.Title</label>
      <textcolor>ffFFFFFF</textcolor>
      <visible>[player.rewinding|player.forwarding]+string.equals(#StreamedMP.fullVideoOSD,true)</visible>
    </control>
    <control>
      <description>Movie Name</description>
      <type>fadelabel</type>
      <id>0</id>
      <posX>195</posX>
      <posY>585</posY>
      <width>480</width>
      <font>mediastream12tc</font>
      <label>#Play.Current.Title </label>
      <textcolor>ffFFFFFF</textcolor>
      <visible>window.ispauseosdvisible+string.equals(#StreamedMP.fullVideoOSD,true)</visible>
    </control>
    <control>
      <description>Movie Year</description>
      <id>0</id>
      <type>fadelabel</type>
      <width>700</width>
      <posX>195</posX>
      <posY>608</posY>
      <font>mediastream11tc</font>
      <label>#Play.Current.Year </label>
      <textcolor>ff909090</textcolor>
      <visible>[window.ispauseosdvisible|player.rewinding|player.forwarding]+string.equals(#StreamedMP.fullVideoOSD,true)</visible>
    </control>

    <control>
      <description>Album Star Rating Image</description>
      <type>image</type>
      <id>0</id>
      <posX>195</posX>
      <posY>615</posY>
      <width>300</width>
      <width>94</width>
      <height>18</height>
      <texture>star#Play.Current.Rating.png</texture>
      <visible>[player.rewinding|player.forwarding]+string.equals(#StreamedMP.fullVideoOSD,true)+string.equals(#mvCentral.isPlaying,true)</visible>
    </control>     
    <control>
      <description>Album Star Rating Image</description>
      <type>image</type>
      <id>0</id>
      <posX>195</posX>
      <posY>615</posY>
      <width>300</width>
      <width>94</width>
      <height>18</height>
      <texture>star#Play.Current.Rating.png</texture>
      <visible>window.ispauseosdvisible+string.equals(#StreamedMP.fullVideoOSD,true)+string.equals(#mvCentral.isPlaying,true)</visible>
    </control>     
    
    <control>
      <description>Plot</description>
      <type>textboxscrollup</type>
      <id>0</id>
      <posX>690</posX>
      <posY>557</posY>
      <width>550</width>
      <height>96</height>
      <seperator>------------------------------------</seperator>
      <label>#Play.Current.Plot</label>
      <font>mediastream11</font>
      <visible>[window.ispauseosdvisible+!window.isosdvisible]+string.equals(#StreamedMP.fullVideoOSD,true)</visible>
    </control>
    <import>mvCentral.PlayStart.xml</import> 
    <import>common.player.xml</import>
    <import>common.play.fullscreen.xml</import>
    <import>common.progressbar.xml</import>
  </controls>
</window>
<!--Checksum:c975cd4b10d4515d2980b6b9c41a26b5-->