<?xml version="1.0" encoding="utf-8" standalone="yes"?>
<window>
	<id>4711</id>
	<defaultcontrol>10</defaultcontrol>
	<allowoverlay>yes</allowoverlay>
	<define>#header.label:2516</define>
	<define>#header.hover:hover_my programs.png</define>	
	<define>#header.BG.overlay:mainoverlay.png</define>
	<define>#header.BG.colordiffuse:ffffffff</define> 
	<controls>
		<import>common.window.default.xml</import>
		<import>common.time.xml</import>		
		<control>
			<type>group</type>
			<description>group element</description>
			<posX>950</posX>
			<posY>250</posY>
			<width>300</width>
			<height>40</height>
			<layout>StackLayout</layout>
			<control>
				<description>Search Button</description>
				<type>button</type>
				<id>10</id>
				<label>137</label>
				<onup>17</onup>
				<ondown>11</ondown>
				<onright>10</onright>
				<onleft>20</onleft>
				<textcolor>ffffffff</textcolor>
				<textcolorNoFocus>bfffffff</textcolorNoFocus>
				<font>mediastream12tc</font>
				<height>40</height>
				<width>300</width>
				<textYOff>8</textYOff>
				<textXOff>20</textXOff>
				<textureFocus>tv_button_focus.png</textureFocus>
				<textureNoFocus>tv_button_ no_focus.png</textureNoFocus>       
				<animation effect="fade" time="250">WindowOpen</animation>
				<animation effect="fade" time="250">WindowClose</animation>				
			</control>
			<control>
				<description>Select local Wikipedia Button</description>
				<type>button</type>
				<id>11</id>
				<label>200025</label>
				<onup>10</onup>
				<ondown>12</ondown>
				<onright>11</onright>
				<onleft>20</onleft>
				<textcolor>ffffffff</textcolor>
				<textcolorNoFocus>bfffffff</textcolorNoFocus>
				<font>mediastream12tc</font>
				<height>40</height>
				<textYOff>8</textYOff>
				<textXOff>20</textXOff>				
				<textureFocus>tv_button_focus.png</textureFocus>
				<textureNoFocus>tv_button_ no_focus.png</textureNoFocus>
				<animation effect="fade" time="250">WindowOpen</animation>
				<animation effect="fade" time="250">WindowClose</animation>				
			</control>
			<control>
				<description>Links Button</description>
				<type>button</type>
				<id>12</id>
				<label>2511</label>
				<onup>11</onup>
				<ondown>13</ondown>
				<onright>12</onright>
				<onleft>20</onleft>
				<textcolor>ffffffff</textcolor>
				<textcolorNoFocus>bfffffff</textcolorNoFocus>
				<font>mediastream12tc</font>
				<height>40</height>
				<textYOff>8</textYOff>
				<textXOff>20</textXOff>				
				<textureFocus>tv_button_focus.png</textureFocus>
				<textureNoFocus>tv_button_ no_focus.png</textureNoFocus>
				<animation effect="fade" time="250">WindowOpen</animation>
				<animation effect="fade" time="250">WindowClose</animation>				
			</control>
			<control>
				<description>Images Button</description>
				<type>button</type>
				<id>13</id>
				<label>2515</label>
				<onup>12</onup>
				<ondown>14</ondown>
				<onright>13</onright>
				<onleft>20</onleft>
				<textcolor>ffffffff</textcolor>
				<textcolorNoFocus>bfffffff</textcolorNoFocus>
				<font>mediastream12tc</font>
				<height>40</height>
				<textYOff>8</textYOff>
				<textXOff>20</textXOff>				
				<textureFocus>tv_button_focus.png</textureFocus>
				<textureNoFocus>tv_button_ no_focus.png</textureNoFocus>
				<animation effect="fade" time="250">WindowOpen</animation>
				<animation effect="fade" time="250">WindowClose</animation>				
			</control>
			<control>
				<description>Back to the text (when viewing an image)</description>
				<type>button</type>
				<id>14</id>
				<label>2514</label>
				<onup>13</onup>
				<ondown>10</ondown>
				<onright>14</onright>
				<onleft>20</onleft>
				<textcolor>ffffffff</textcolor>
				<textcolorNoFocus>bfffffff</textcolorNoFocus>
				<font>mediastream12tc</font>
				<height>40</height>
				<textYOff>8</textYOff>
				<textXOff>20</textXOff>				
				<textureFocus>tv_button_focus.png</textureFocus>
				<textureNoFocus>tv_button_ no_focus.png</textureNoFocus>
				<visible>no</visible>
				<animation effect="fade" time="250">WindowOpen</animation>
				<animation effect="fade" time="250">WindowClose</animation>
			</control>
		</control>
	   
	   <control>
			<type>image</type>
			<id>0</id>
			<posX>0</posX>
			<posY>675</posY>
			<width>1280</width>
			<height>47</height>
			<texture>imagestreamtitle.png</texture>			
			<animation effect="fade" time="250">WindowOpen</animation>
			<animation effect="fade" time="250">WindowClose</animation>
		</control>		
		<control>
			<description>Article title/searchterm</description>
			<type>label</type>
			<id>4</id>
			<posX>40</posX>
			<posY>684</posY>
			<width>900</width>
			<font>mediastream16tc</font>			
			<label />
			<animation effect="fade" time="250">VisibleChange</animation>
			<animation effect="fade" time="250">WindowOpen</animation>
			<animation effect="fade" time="250">WindowClose</animation>
		</control>
		<control>
			<description>Here is the article text displayed</description>
			<type>textbox</type>
			<id>20</id>
			<posX>40</posX>
			<posY>250</posY>			
			<width>880</width>
			<height>450</height>
			<font>mediastream13</font>
			<textcolor>White</textcolor>
			<text />
			<onup>10</onup>
			<ondown>10</ondown>
			<onleft>10</onleft>
			<onright>10</onright>			
			<spinColor>ff006698</spinColor>
			<spinWidth>50</spinWidth>
			<spinHeight>37</spinHeight>
			<spinPosX>1100</spinPosX>
			<spinPosY>681</spinPosY>
			<spinAlign>Right</spinAlign>
			<textureUp>arrow_round_up_nofocus.png</textureUp>
			<textureDown>arrow_round_down_nofocus.png</textureDown>
			<textureUpFocus>arrow_round_up_focus.png</textureUpFocus>
			<textureDownFocus>arrow_round_down_focus.png</textureDownFocus>			
			<animation effect="fade" time="250">VisibleChange</animation>
			<animation effect="fade" time="250">WindowOpen</animation>
			<animation effect="fade" time="250">WindowClose</animation>
		</control>
    
		<control>
			<description>Image description</description>
			<type>label</type>
			<id>5</id>
			<posX>40</posX>
			<posY>684</posY>
			<width>900</width>
			<label />
			<font>mediastream16tc</font>
			<align>left</align>
			<animation effect="fade" time="250">VisibleChange</animation>
			<animation effect="fade" time="250">WindowOpen</animation>
			<animation effect="fade" time="250">WindowClose</animation>
		</control>    
		<control>
			<description>Article Image</description>
			<type>image</type>
			<id>25</id>
			<posX>25</posX>
			<posY>250</posY>
			<width>900</width>
			<height>400</height>
			<texture />			
			<centered>yes</centered>
			<keepaspectratio>yes</keepaspectratio>
			<animation effect="fade" time="250">VisibleChange</animation>
			<animation effect="fade" time="250">WindowOpen</animation>
			<animation effect="fade" time="250">WindowClose</animation>
		</control>
  
  </controls>
</window>