﻿<?xml version="1.0" encoding="utf-8" standalone="yes"?>
<window>
  <id>7977</id>
  <defaultcontrol>2</defaultcontrol>
  <allowoverlay>no</allowoverlay>
  <define>#header.hover:hover_my weather.png</define>
  <controls>
    <control>
      <description>Weather Background</description>
      <type>image</type>
      <id>0</id>
      <posX>0</posX>
      <posY>0</posY>
      <width>1920</width>
      <height>1080</height>
      <texture>#header.hover</texture>
    </control>
    <control>
      <description>Linked Weather Background</description>
      <type>image</type>
      <id>0</id>
      <posx>0</posx>
      <posy>0</posy>
      <width>1920</width>
      <height>1080</height>
      <texture>SMPbackgrounds\linkedweather\#WorldWeather.TodayIconNumber.jpg</texture>
    </control>
    <control>
      <description>Weather Background Overlay</description>
      <type>image</type>
      <id>0</id>
      <posX>120</posX>
      <posY>105</posY>
      <width>780</width>
      <height>870</height>
      <texture>weatherframe2b.png</texture>
      <visible>string.equals(#WorldWeather.View,Condition)|string.equals(#WorldWeather.View,Calendar)</visible>
      <animation effect="fade" time="300">WindowOpen</animation>
      <animation effect="fade" time="250">WindowClose</animation>
    </control>
    <control>
      <description>Weather Background Glass</description>
      <type>image</type>
      <id>0</id>
      <posX>120</posX>
      <posY>120</posY>
      <width>780</width>
      <height>165</height>
      <texture>GlassTitleBar.png</texture>
      <visible>string.equals(#WorldWeather.View,Condition)|string.equals(#WorldWeather.View,Calendar)</visible>
      <animation effect="fade" time="300">WindowOpen</animation>
      <animation effect="fade" time="250">WindowClose</animation>
    </control>
    <control>
      <description>Current Label</description>
      <type>label</type>
      <id>0</id>
      <posX>120</posX>
      <posY>162</posY>
      <width>780</width>
      <align>center</align>
      <label>#WorldWeather.TranslationCurrentCondition</label>
      <font>mediastream16tc</font>
      <shadowAngle>45</shadowAngle>
      <shadowDistance>3</shadowDistance>
      <shadowColor>ff222222</shadowColor>
      <visible>string.equals(#WorldWeather.View,Condition)|string.equals(#WorldWeather.View,Calendar)</visible>
      <animation effect="fade" time="250">WindowClose</animation>
      <animation effect="zoom" delay="20" tween="back" easing="out" start="55,55" end="100,100" center="640,310" time="550">WindowOpen</animation>
    </control>
    <control>
      <description>Weather/Calendar Background</description>
      <type>image</type>
      <id>0</id>
      <posX>990</posX>
      <posY>105</posY>
      <width>780</width>
      <height>870</height>
      <texture>weatherframe2b.png</texture>
      <visible>string.equals(#WorldWeather.View,Condition)|string.equals(#WorldWeather.View,Calendar)</visible>
      <animation effect="fade" time="300">WindowOpen</animation>
      <animation effect="fade" time="250">WindowClose</animation>
    </control>
    <control>
      <description>Weather/Calendar Background Glass</description>
      <type>image</type>
      <id>0</id>
      <posX>990</posX>
      <posY>120</posY>
      <width>780</width>
      <height>165</height>
      <texture>GlassTitleBar.png</texture>
      <visible>string.equals(#WorldWeather.View,Condition)|string.equals(#WorldWeather.View,Calendar)</visible>
      <animation effect="fade" time="300">WindowOpen</animation>
      <animation effect="fade" time="250">WindowClose</animation>
    </control>
    <control>
      <description>Forecast Label</description>
      <type>label</type>
      <id>0</id>
      <posX>990</posX>
      <posY>162</posY>
      <width>780</width>
      <align>center</align>
      <label>#WorldWeather.TranslationForecastCondition</label>
      <font>mediastream16tc</font>
      <shadowAngle>45</shadowAngle>
      <shadowDistance>3</shadowDistance>
      <shadowColor>ff222222</shadowColor>
      <visible>string.equals(#WorldWeather.View,Condition)</visible>
      <animation effect="fade" time="250">WindowClose</animation>
      <animation effect="zoom" delay="20" tween="back" easing="out" start="55,55" end="100,100" center="640,310" time="550">WindowOpen</animation>
    </control>
    <control>
      <description>Location Label</description>
      <type>label</type>
      <id>0</id>
      <posX>120</posX>
      <posY>240</posY>
      <width>780</width>
      <font>mediastream12tc</font>
      <label>#WorldWeather.Location</label>
      <textcolor>White</textcolor>
      <align>center</align>
      <shadowAngle>45</shadowAngle>
      <shadowDistance>3</shadowDistance>
      <shadowColor>ff222222</shadowColor>
      <visible>string.equals(#WorldWeather.View,Condition)|string.equals(#WorldWeather.View,Calendar)</visible>
      <animation effect="fade" time="250">WindowClose</animation>
      <animation effect="zoom" delay="20" tween="back" easing="out" start="55,55" end="100,100" center="640,310" time="550">WindowOpen</animation>
    </control>
    <control>
      <description>Update Time</description>
      <type>label</type>
      <id>0</id>
      <posX>120</posX>
      <posY>270</posY>
      <width>780</width>
      <label>#(string.rtrim(L(397),':')) - #WorldWeather.RefreshDate #WorldWeather.RefreshTime</label>
      <font>mediastream11c</font>
      <textcolor>ff909090</textcolor>
      <align>center</align>
      <visible>[string.equals(#WorldWeather.View,Condition)|string.equals(#WorldWeather.View,Calendar)]+!string.equals(#WorldWeather.RefreshDate,)</visible>
      <animation effect="fade" time="250">WindowClose</animation>
      <animation effect="zoom" delay="20" tween="back" easing="out" start="55,55" end="100,100" center="640,310" time="550">WindowOpen</animation>
    </control>
    <!-- ******************** Current Weather Information ***************************** -->
    <control>
      <description>Current Weather icon</description>
      <type>image</type>
      <id>0</id>
      <posX>465</posX>
      <posY>270</posY>
      <width>300</width>
      <height>285</height>
      <texture>#WorldWeather.TodayIconImage</texture>
      <visible>string.equals(#WorldWeather.View,Condition)|string.equals(#WorldWeather.View,Calendar)</visible>
      <animation effect="fade" time="250">WindowClose</animation>
      <animation effect="zoom" delay="20" tween="back" easing="out" start="55,55" end="100,100" center="640,310" time="550">WindowOpen</animation>
    </control>
    <control>
      <description>Current Condition</description>
      <type>label</type>
      <id>0</id>
      <posX>120</posX>
      <posY>570</posY>
      <width>780</width>
      <label>#WorldWeather.TodayCondition</label>
      <align>center</align>
      <font>mediastream14tc</font>
      <textcolor>ffFFFFFF</textcolor>
      <visible>string.equals(#WorldWeather.View,Condition)|string.equals(#WorldWeather.View,Calendar)</visible>
      <animation effect="fade" time="250">WindowClose</animation>
      <animation effect="zoom" delay="20" tween="back" easing="out" start="55,55" end="100,100" center="640,310" time="550">WindowOpen</animation>
    </control>
    <control>
      <description>Weather Logo</description>
      <type>image</type>
      <id>0</id>
      <posX>120</posX>
      <posY>600</posY>
      <width>780</width>
      <height>37</height>
      <align>center</align>
      <keepaspectratio>yes</keepaspectratio>
      <texture>#WorldWeather.ProviderImage</texture>
      <visible>string.equals(#WorldWeather.View,Condition)|string.equals(#WorldWeather.View,Calendar)</visible>
      <animation effect="fade" time="250">WindowClose</animation>
      <animation effect="zoom" delay="20" tween="back" easing="out" start="55,55" end="100,100" center="640,310" time="550">WindowOpen</animation>
    </control>
    <control>
      <description>Current Temp</description>
      <type>label</type>
      <id>0</id>
      <posX>225</posX>
      <posY>375</posY>
      <height>108</height>
      <align>left</align>
      <label>#WorldWeather.TodayTemperature</label>
      <font>mediastream28tc</font>
      <textcolor>White</textcolor>
      <visible>string.equals(#WorldWeather.View,Condition)|string.equals(#WorldWeather.View,Calendar)</visible>
      <animation effect="fade" time="250">WindowClose</animation>
      <animation effect="zoom" delay="20" tween="back" easing="out" start="55,55" end="100,100" center="640,310" time="550">WindowOpen</animation>
    </control>
    <control>
      <description>Horizontal Separator</description>
      <type>image</type>
      <id>0</id>
      <posX>120</posX>
      <posY>645</posY>
      <width>780</width>
      <height>0</height>
      <texture>seperator.png</texture>
      <visible>string.equals(#WorldWeather.View,Condition)|string.equals(#WorldWeather.View,Calendar)</visible>
      <animation effect="fade" time="250">WindowOpen</animation>
      <animation effect="fade" time="250">WindowClose</animation>
    </control>
    <control>
      <description>Current Weather Label Group</description>
      <type>group</type>
      <posX>225</posX>
      <posY>667</posY>
      <width>330</width>
      <dimColor>ffFFFFFF</dimColor>
      <layout>StackLayout(0, Vertical, true)</layout>
      <animation effect="fade" time="250">WindowClose</animation>
      <animation effect="zoom" delay="20" tween="back" easing="out" start="55,55" end="100,100" center="640,310" time="550">WindowOpen</animation>
      <control>
        <description>Current Humidity Label</description>
        <type>fadelabel</type>
        <id>0</id>
        <label>#WorldWeather.TranslationHumidity</label>
        <width>270</width>
        <height>37</height>
        <font>mediastream11c</font>
        <textcolor>ff909090</textcolor>
        <visible>[string.equals(#WorldWeather.View,Condition)|string.equals(#WorldWeather.View,Calendar)]+!string.equals(#WorldWeather.TodayHumidity,)</visible>
      </control>
      <control>
        <description>Current Wind Label</description>
        <type>label</type>
        <id>0</id>
        <label>#WorldWeather.TranslationWind</label>
        <width>270</width>
        <height>37</height>
        <font>mediastream11c</font>
        <textcolor>ff909090</textcolor>
        <visible>[string.equals(#WorldWeather.View,Condition)|string.equals(#WorldWeather.View,Calendar)]+!string.equals(#WorldWeather.TodayWind,)</visible>
      </control>
      <control>
        <description>Sun Rise Label</description>
        <type>label</type>
        <id>0</id>
        <label>#WorldWeather.TranslationSunrise</label>
        <width>270</width>
        <height>37</height>
        <font>mediastream11c</font>
        <textcolor>ff909090</textcolor>
        <visible>[string.equals(#WorldWeather.View,Condition)|string.equals(#WorldWeather.View,Calendar)]+!string.equals(#WorldWeather.LocationSunriseTime,)</visible>
      </control>
      <control>
        <description>Sun Set Label</description>
        <type>label</type>
        <id>0</id>
        <label>#WorldWeather.TranslationSunset</label>
        <width>270</width>
        <height>37</height>
        <font>mediastream11c</font>
        <textcolor>ff909090</textcolor>
        <visible>[string.equals(#WorldWeather.View,Condition)|string.equals(#WorldWeather.View,Calendar)]+!string.equals(#WorldWeather.LocationSunsetTime,)</visible>
      </control>
      <control>
        <description>Moonphase Label</description>
        <type>label</type>
        <id>0</id>
        <posX>225</posX>
        <posY>870</posY>
        <label>#WorldWeather.TranslationMoonPhase</label>
        <width>270</width>
        <height>37</height>
        <font>mediastream11c</font>
        <textcolor>ff909090</textcolor>
        <visible>[string.equals(#WorldWeather.View,Condition)|string.equals(#WorldWeather.View,Calendar)]+!string.equals(#WorldWeather.LocationMoonPhase,)</visible>
      </control>
      <control>
        <description>Daylight Saving Starts</description>
        <type>label</type>
        <id>0</id>
        <label>#StreamedMP.DSTStart</label>
        <width>270</width>
        <height>37</height>
        <font>mediastream11c</font>
        <textcolor>ff909090</textcolor>
        <visible>[string.equals(#WorldWeather.View,Condition)|string.equals(#WorldWeather.View,Calendar)]+!string.equals(#WorldWeather.LocationDaylightStart,)</visible>
      </control>
      <control>
        <description>Daylight Saving Ends</description>
        <type>label</type>
        <id>0</id>
        <label>#StreamedMP.DSTEnd</label>
        <width>270</width>
        <height>37</height>
        <font>mediastream11c</font>
        <textcolor>ff909090</textcolor>
        <visible>[string.equals(#WorldWeather.View,Condition)|string.equals(#WorldWeather.View,Calendar)]+!string.equals(#WorldWeather.LocationDaylightEnd,)</visible>
      </control>
    </control>
    <control>
      <description>Current Weather Group</description>
      <type>group</type>
      <posX>525</posX>
      <posY>667</posY>
      <dimColor>ffFFFFFF</dimColor>
      <layout>StackLayout(0, Vertical, true)</layout>
      <animation effect="fade" time="250">WindowClose</animation>
      <animation effect="zoom" delay="20" tween="back" easing="out" start="55,55" end="100,100" center="640,310" time="550">WindowOpen</animation>
      <control>
        <description>Current Humidity</description>
        <type>fadelabel</type>
        <id>0</id>
        <label>#WorldWeather.TodayHumidity</label>
        <width>270</width>
        <height>37</height>
        <font>mediastream11c</font>
        <textcolor>white</textcolor>
        <visible>[string.equals(#WorldWeather.View,Condition)|string.equals(#WorldWeather.View,Calendar)]+!string.equals(#WorldWeather.TodayHumidity,)</visible>
      </control>
      <control>
        <description>Current Wind</description>
        <type>fadelabel</type>
        <id>0</id>
        <label>#WorldWeather.TodayWindSpeed - #WorldWeather.TodayWindDirection</label>
        <width>270</width>
        <height>37</height>
        <font>mediastream11c</font>
        <textcolor>white</textcolor>
        <scrollStartDelaySec>10</scrollStartDelaySec>
        <visible>[string.equals(#WorldWeather.View,Condition)|string.equals(#WorldWeather.View,Calendar)]+!string.equals(#WorldWeather.TodayWind,)</visible>
      </control>
      <control>
        <description>Sun Rise</description>
        <type>label</type>
        <id>0</id>
        <label>#WorldWeather.LocationSunriseTime</label>
        <width>270</width>
        <height>37</height>
        <font>mediastream11c</font>
        <textcolor>white</textcolor>
        <visible>[string.equals(#WorldWeather.View,Condition)|string.equals(#WorldWeather.View,Calendar)]+!string.equals(#WorldWeather.LocationSunriseTime,)</visible>
      </control>
      <control>
        <description>Sun Set</description>
        <type>label</type>
        <id>0</id>
        <label>#WorldWeather.LocationSunsetTime</label>
        <width>270</width>
        <height>37</height>
        <font>mediastream11c</font>
        <textcolor>white</textcolor>
        <visible>[string.equals(#WorldWeather.View,Condition)|string.equals(#WorldWeather.View,Calendar)]+!string.equals(#WorldWeather.LocationSunsetTime,)</visible>
      </control>
      <control>
        <description>Moonphase</description>
        <type>fadelabel</type>
        <id>0</id>
        <posX>225</posX>
        <posY>870</posY>
        <label>#WorldWeather.LocationMoonPhase</label>
        <width>270</width>
        <height>37</height>
        <font>mediastream11c</font>
        <textcolor>white</textcolor>
        <scrollStartDelaySec>10</scrollStartDelaySec>
        <visible>[string.equals(#WorldWeather.View,Condition)|string.equals(#WorldWeather.View,Calendar)]+!string.equals(#WorldWeather.LocationMoonPhase,)</visible>
      </control>
      <control>
        <description>Day Light Start</description>
        <type>fadelabel</type>
        <id>0</id>
        <label>#WorldWeather.LocationDaylightStart</label>
        <width>270</width>
        <height>37</height>
        <font>mediastream11c</font>
        <textcolor>white</textcolor>
        <visible>[string.equals(#WorldWeather.View,Condition)|string.equals(#WorldWeather.View,Calendar)]+!string.equals(#WorldWeather.LocationDaylightStart,)</visible>
      </control>
      <control>
        <description>Day Light End</description>
        <type>fadelabel</type>
        <id>0</id>
        <label>#WorldWeather.LocationDaylightEnd</label>
        <width>270</width>
        <height>37</height>
        <font>mediastream11c</font>
        <textcolor>white</textcolor>
        <visible>[string.equals(#WorldWeather.View,Condition)|string.equals(#WorldWeather.View,Calendar)]+!string.equals(#WorldWeather.LocationDaylightEnd,)</visible>
      </control>
    </control>
    <!-- ************************************************* Day 1 Weather ************************************************* -->
    <control>
      <description>Today LABEL</description>
      <type>label</type>
      <id>41</id>
      <posX>990</posX>
      <posY>234</posY>
      <width>780</width>
      <align>center</align>
      <label>6030 </label>
      <font>mediastream12tc</font>
      <textalign>center</textalign>
      <textcolor>white</textcolor>
      <visible>string.equals(#WorldWeather.View,Condition)</visible>
      <animation effect="fade" time="250">WindowClose</animation>
      <animation effect="zoom" delay="20" tween="back" easing="out" start="55,55" end="100,100" center="640,310" time="550">WindowOpen</animation>
    </control>
    <control>
      <description>Today ICON</description>
      <type>image</type>
      <id>45</id>
      <posX>1515</posX>
      <posY>225</posY>
      <width>142</width>
      <height>165</height>
      <texture>#WorldWeather.ForecastDay0IconImage</texture>
      <keepaspectratio>yes</keepaspectratio>
      <visible>string.equals(#WorldWeather.View,Condition)</visible>
      <animation effect="fade" time="250">WindowClose</animation>
      <animation effect="zoom" delay="20" tween="back" easing="out" start="55,55" end="100,100" center="640,310" time="550">WindowOpen</animation>
    </control>
    <control>
      <description>Today MAX LABEL</description>
      <type>label</type>
      <id>0</id>
      <posX>1065</posX>
      <posY>277</posY>
      <label>MAX</label>
      <font>mediastream11c</font>
      <textcolor>ff909090</textcolor>
      <visible>string.equals(#WorldWeather.View,Condition)+!string.equals(#WorldWeather.ForecastDay0High,)</visible>
      <animation effect="fade" time="250">WindowClose</animation>
      <animation effect="zoom" delay="20" tween="back" easing="out" start="55,55" end="100,100" center="640,310" time="550">WindowOpen</animation>
    </control>
    <control>
      <description>Today MAX VALUE</description>
      <type>label</type>
      <id>42</id>
      <posX>1215</posX>
      <posY>277</posY>
      <align>right</align>
      <label>#WorldWeather.ForecastDay0High</label>
      <font>mediastream11c</font>
      <textcolor>ffFFFFFF</textcolor>
      <visible>string.equals(#WorldWeather.View,Condition)</visible>
      <animation effect="fade" time="250">WindowClose</animation>
      <animation effect="zoom" delay="20" tween="back" easing="out" start="55,55" end="100,100" center="640,310" time="550">WindowOpen</animation>
    </control>
    <control>
      <description>Today MIN LABEL</description>
      <type>label</type>
      <id>0</id>
      <posX>1275</posX>
      <posY>277</posY>
      <label>MIN</label>
      <font>mediastream11c</font>
      <textcolor>ff909090</textcolor>
      <visible>string.equals(#WorldWeather.View,Condition)+!string.equals(#WorldWeather.ForecastDay0Low,)</visible>
      <animation effect="fade" time="250">WindowClose</animation>
      <animation effect="zoom" delay="20" tween="back" easing="out" start="55,55" end="100,100" center="640,310" time="550">WindowOpen</animation>
    </control>
    <control>
      <description>Today MIN VALUE</description>
      <type>label</type>
      <id>43</id>
      <posX>1425</posX>
      <posY>277</posY>
      <align>right</align>
      <label>#WorldWeather.ForecastDay0Low</label>
      <font>mediastream11c</font>
      <textcolor>White</textcolor>
      <visible>string.equals(#WorldWeather.View,Condition)</visible>
      <animation effect="fade" time="250">WindowClose</animation>
      <animation effect="zoom" delay="20" tween="back" easing="out" start="55,55" end="100,100" center="640,310" time="550">WindowOpen</animation>
    </control>
    <control>
      <description>Today GENERAL WEATHER</description>
      <type>label</type>
      <id>44</id>
      <posX>1065</posX>
      <posY>315</posY>
      <label>#WorldWeather.ForecastDay0Condition</label>
      <font>mediastream10tc</font>
      <textcolor>White</textcolor>
      <visible>string.equals(#WorldWeather.View,Condition)</visible>
      <animation effect="fade" time="250">WindowClose</animation>
      <animation effect="zoom" delay="20" tween="back" easing="out" start="55,55" end="100,100" center="640,310" time="550">WindowOpen</animation>
    </control>
    <control>
      <description>horizontal separator</description>
      <type>image</type>
      <id>0</id>
      <posX>990</posX>
      <posY>382</posY>
      <width>780</width>
      <height>0</height>
      <texture>seperator.png</texture>
      <visible>string.equals(#WorldWeather.View,Condition)</visible>
      <animation effect="fade" time="250">WindowOpen</animation>
      <animation effect="fade" time="250">WindowClose</animation>
    </control>
    <!-- ************************************************* Day 2 Weather ************************************************* -->
    <control>
      <description>DAY 2 LABEL</description>
      <type>label</type>
      <id>0</id>
      <posX>990</posX>
      <posY>420</posY>
      <width>780</width>
      <align>center</align>
      <label>#WorldWeather.ForecastDay1Day</label>
      <font>mediastream12tc</font>
      <textalign>left</textalign>
      <textcolor>white</textcolor>
      <visible>string.equals(#WorldWeather.View,Condition)</visible>
      <animation effect="fade" time="250">WindowClose</animation>
      <animation effect="zoom" delay="20" tween="back" easing="out" start="55,55" end="100,100" center="640,310" time="550">WindowOpen</animation>
    </control>
    <control>
      <description>DAY 2 ICON</description>
      <type>image</type>
      <id>0</id>
      <posX>1515</posX>
      <posY>405</posY>
      <width>142</width>
      <height>165</height>
      <texture>#WorldWeather.ForecastDay1IconImage</texture>
      <keepaspectratio>yes</keepaspectratio>
      <visible>string.equals(#WorldWeather.View,Condition)</visible>
      <animation effect="fade" time="250">WindowClose</animation>
      <animation effect="zoom" delay="20" tween="back" easing="out" start="55,55" end="100,100" center="640,310" time="550">WindowOpen</animation>
    </control>
    <control>
      <description>DAY 2 MAX LABEL</description>
      <type>label</type>
      <id>0</id>
      <posX>1065</posX>
      <posY>460</posY>
      <label>MAX</label>
      <font>mediastream11c</font>
      <textcolor>ff909090</textcolor>
      <visible>string.equals(#WorldWeather.View,Condition)+!string.equals(#WorldWeather.ForecastDay1High,)</visible>
      <animation effect="fade" time="250">WindowClose</animation>
      <animation effect="zoom" delay="20" tween="back" easing="out" start="55,55" end="100,100" center="640,310" time="550">WindowOpen</animation>
    </control>
    <control>
      <description>DAY 2 MAX VALUE</description>
      <type>label</type>
      <id>0</id>
      <posX>1215</posX>
      <posY>460</posY>
      <align>right</align>
      <label>#WorldWeather.ForecastDay1High</label>
      <font>mediastream11c</font>
      <textcolor>ffFFFFFF</textcolor>
      <visible>string.equals(#WorldWeather.View,Condition)</visible>
      <animation effect="fade" time="250">WindowClose</animation>
      <animation effect="zoom" delay="20" tween="back" easing="out" start="55,55" end="100,100" center="640,310" time="550">WindowOpen</animation>
    </control>
    <control>
      <description>DAY 2 MIN LABEL</description>
      <type>label</type>
      <id>0</id>
      <posX>1275</posX>
      <posY>460</posY>
      <label>MIN</label>
      <font>mediastream11c</font>
      <textcolor>ff909090</textcolor>
      <visible>string.equals(#WorldWeather.View,Condition)+!string.equals(#WorldWeather.ForecastDay1Low,)</visible>
      <animation effect="fade" time="250">WindowClose</animation>
      <animation effect="zoom" delay="20" tween="back" easing="out" start="55,55" end="100,100" center="640,310" time="550">WindowOpen</animation>
    </control>
    <control>
      <description>DAY 2 LOW VALUE</description>
      <type>label</type>
      <id>0</id>
      <posX>1425</posX>
      <posY>460</posY>
      <align>right</align>
      <label>#WorldWeather.ForecastDay1Low</label>
      <font>mediastream11c</font>
      <textcolor>White</textcolor>
      <visible>string.equals(#WorldWeather.View,Condition)</visible>
      <animation effect="fade" time="250">WindowClose</animation>
      <animation effect="zoom" delay="20" tween="back" easing="out" start="55,55" end="100,100" center="640,310" time="550">WindowOpen</animation>
    </control>
    <control>
      <description>DAY 2 GENERAL WEATHER</description>
      <type>label</type>
      <id>0</id>
      <posX>1065</posX>
      <posY>498</posY>
      <label>#WorldWeather.ForecastDay1Condition</label>
      <font>mediastream10tc</font>
      <textcolor>White</textcolor>
      <visible>string.equals(#WorldWeather.View,Condition)</visible>
      <animation effect="fade" time="250">WindowClose</animation>
      <animation effect="zoom" delay="20" tween="back" easing="out" start="55,55" end="100,100" center="640,310" time="550">WindowOpen</animation>
    </control>
    <control>
      <description>horizontal separator</description>
      <type>image</type>
      <id>0</id>
      <posX>990</posX>
      <posY>565</posY>
      <width>780</width>
      <height>0</height>
      <texture>seperator.png</texture>
      <visible>string.equals(#WorldWeather.View,Condition)</visible>
      <animation effect="fade" time="250">WindowOpen</animation>
      <animation effect="fade" time="250">WindowClose</animation>
    </control>
    <!-- ************************************************* Day 3 Weather ************************************************* -->
    <control>
      <description>DAY 3 LABEL</description>
      <type>label</type>
      <id>0</id>
      <posX>990</posX>
      <posY>603</posY>
      <width>780</width>
      <align>center</align>
      <label>#WorldWeather.ForecastDay2Day</label>
      <font>mediastream12tc</font>
      <textalign>left</textalign>
      <textcolor>white</textcolor>
      <visible>string.equals(#WorldWeather.View,Condition)</visible>
      <animation effect="fade" time="250">WindowClose</animation>
      <animation effect="zoom" delay="20" tween="back" easing="out" start="55,55" end="100,100" center="640,310" time="550">WindowOpen</animation>
    </control>
    <control>
      <description>DAY 3 ICON</description>
      <type>image</type>
      <id>0</id>
      <posX>1515</posX>
      <posY>592</posY>
      <width>142</width>
      <height>165</height>
      <texture>#WorldWeather.ForecastDay2IconImage</texture>
      <keepaspectratio>yes</keepaspectratio>
      <visible>string.equals(#WorldWeather.View,Condition)</visible>
      <animation effect="fade" time="250">WindowClose</animation>
      <animation effect="zoom" delay="20" tween="back" easing="out" start="55,55" end="100,100" center="640,310" time="550">WindowOpen</animation>
    </control>
    <control>
      <description>DAY 3 MAX LABEL</description>
      <type>label</type>
      <id>0</id>
      <posX>1065</posX>
      <posY>648</posY>
      <label>MAX</label>
      <font>mediastream11c</font>
      <textcolor>ff909090</textcolor>
      <visible>string.equals(#WorldWeather.View,Condition)+!string.equals(#WorldWeather.ForecastDay2High,)</visible>
      <animation effect="fade" time="250">WindowClose</animation>
      <animation effect="zoom" delay="20" tween="back" easing="out" start="55,55" end="100,100" center="640,310" time="550">WindowOpen</animation>
    </control>
    <control>
      <description>DAY 3 MAX VALUE</description>
      <type>label</type>
      <id>0</id>
      <posX>1215</posX>
      <posY>648</posY>
      <align>right</align>
      <label>#WorldWeather.ForecastDay2High</label>
      <font>mediastream11c</font>
      <textcolor>ffFFFFFF</textcolor>
      <visible>string.equals(#WorldWeather.View,Condition)</visible>
      <animation effect="fade" time="250">WindowClose</animation>
      <animation effect="zoom" delay="20" tween="back" easing="out" start="55,55" end="100,100" center="640,310" time="550">WindowOpen</animation>
    </control>
    <control>
      <description>DAY 3 MIN LABEL</description>
      <type>label</type>
      <id>0</id>
      <posX>1275</posX>
      <posY>648</posY>
      <label>MIN</label>
      <font>mediastream11c</font>
      <textcolor>ff909090</textcolor>
      <visible>string.equals(#WorldWeather.View,Condition)+!string.equals(#WorldWeather.ForecastDay2Low,)</visible>
      <animation effect="fade" time="250">WindowClose</animation>
      <animation effect="zoom" delay="20" tween="back" easing="out" start="55,55" end="100,100" center="640,310" time="550">WindowOpen</animation>
    </control>
    <control>
      <description>DAY 3 MIN VALUE</description>
      <type>label</type>
      <id>0</id>
      <posX>1425</posX>
      <posY>648</posY>
      <align>right</align>
      <label>#WorldWeather.ForecastDay2Low</label>
      <font>mediastream11c</font>
      <textcolor>White</textcolor>
      <visible>string.equals(#WorldWeather.View,Condition)</visible>
      <animation effect="fade" time="250">WindowClose</animation>
      <animation effect="zoom" delay="20" tween="back" easing="out" start="55,55" end="100,100" center="640,310" time="550">WindowOpen</animation>
    </control>
    <control>
      <description>DAY 3 GENERAL WEATHER</description>
      <type>label</type>
      <id>0</id>
      <posX>1065</posX>
      <posY>685</posY>
      <label>#WorldWeather.ForecastDay2Condition</label>
      <font>mediastream10tc</font>
      <textcolor>White</textcolor>
      <visible>string.equals(#WorldWeather.View,Condition)</visible>
      <animation effect="fade" time="250">WindowClose</animation>
      <animation effect="zoom" delay="20" tween="back" easing="out" start="55,55" end="100,100" center="640,310" time="550">WindowOpen</animation>
    </control>
    <control>
      <description>horizontal separator</description>
      <type>image</type>
      <id>0</id>
      <posX>990</posX>
      <posY>753</posY>
      <width>780</width>
      <height>0</height>
      <texture>seperator.png</texture>
      <visible>string.equals(#WorldWeather.View,Condition)</visible>
      <animation effect="fade" time="250">WindowOpen</animation>
      <animation effect="fade" time="250">WindowClose</animation>
    </control>
    <!-- ************************************************* Day 4 Weather ************************************************* -->
    <control>
      <description>DAY 4 LABEL</description>
      <type>label</type>
      <id>0</id>
      <posX>990</posX>
      <posY>790</posY>
      <width>780</width>
      <align>center</align>
      <label>#WorldWeather.ForecastDay3Day</label>
      <font>mediastream12tc</font>
      <textalign>left</textalign>
      <textcolor>white</textcolor>
      <visible>string.equals(#WorldWeather.View,Condition)</visible>
      <animation effect="fade" time="250">WindowClose</animation>
      <animation effect="zoom" delay="20" tween="back" easing="out" start="55,55" end="100,100" center="640,310" time="550">WindowOpen</animation>
    </control>
    <control>
      <description>DAY 4 ICON</description>
      <type>image</type>
      <id>0</id>
      <posX>1515</posX>
      <posY>780</posY>
      <width>142</width>
      <height>165</height>
      <texture>#WorldWeather.ForecastDay3IconImage</texture>
      <keepaspectratio>yes</keepaspectratio>
      <visible>string.equals(#WorldWeather.View,Condition)</visible>
      <animation effect="fade" time="250">WindowClose</animation>
      <animation effect="zoom" delay="20" tween="back" easing="out" start="55,55" end="100,100" center="640,310" time="550">WindowOpen</animation>
    </control>
    <control>
      <description>DAY 4 MAX LABEL</description>
      <type>label</type>
      <id>0</id>
      <posX>1065</posX>
      <posY>840</posY>
      <label>MAX</label>
      <font>mediastream11c</font>
      <textcolor>ff909090</textcolor>
      <visible>string.equals(#WorldWeather.View,Condition)+!string.equals(#WorldWeather.ForecastDay3High,)</visible>
      <animation effect="fade" time="250">WindowClose</animation>
      <animation effect="zoom" delay="20" tween="back" easing="out" start="55,55" end="100,100" center="640,310" time="550">WindowOpen</animation>
    </control>
    <control>
      <description>DAY 4 MAX VALUE</description>
      <type>label</type>
      <id>0</id>
      <posX>1215</posX>
      <posY>840</posY>
      <align>right</align>
      <label>#WorldWeather.ForecastDay3High</label>
      <font>mediastream11c</font>
      <textcolor>ffFFFFFF</textcolor>
      <visible>string.equals(#WorldWeather.View,Condition)</visible>
      <animation effect="fade" time="250">WindowClose</animation>
      <animation effect="zoom" delay="20" tween="back" easing="out" start="55,55" end="100,100" center="640,310" time="550">WindowOpen</animation>
    </control>
    <control>
      <description>DAY 4 MIN LABEL</description>
      <type>label</type>
      <id>0</id>
      <posX>1275</posX>
      <posY>840</posY>
      <label>MIN</label>
      <font>mediastream11c</font>
      <textcolor>ff909090</textcolor>
      <visible>string.equals(#WorldWeather.View,Condition)+!string.equals(#WorldWeather.ForecastDay3Low,)</visible>
      <animation effect="fade" time="250">WindowClose</animation>
      <animation effect="zoom" delay="20" tween="back" easing="out" start="55,55" end="100,100" center="640,310" time="550">WindowOpen</animation>
    </control>
    <control>
      <description>DAY 4 MIN VALUE</description>
      <type>label</type>
      <id>0</id>
      <posX>1425</posX>
      <posY>840</posY>
      <align>right</align>
      <label>#WorldWeather.ForecastDay3Low</label>
      <font>mediastream11c</font>
      <textcolor>White</textcolor>
      <visible>string.equals(#WorldWeather.View,Condition)</visible>
      <animation effect="fade" time="250">WindowClose</animation>
      <animation effect="zoom" delay="20" tween="back" easing="out" start="55,55" end="100,100" center="640,310" time="550">WindowOpen</animation>
    </control>
    <control>
      <description>DAY 4</description>
      <type>label</type>
      <id>0</id>
      <posX>1065</posX>
      <posY>877</posY>
      <label>#WorldWeather.ForecastDay3Condition</label>
      <font>mediastream10tc</font>
      <textcolor>White</textcolor>
      <visible>string.equals(#WorldWeather.View,Condition)</visible>
      <animation effect="fade" time="250">WindowClose</animation>
      <animation effect="zoom" delay="20" tween="back" easing="out" start="55,55" end="100,100" center="640,310" time="550">WindowOpen</animation>
    </control>
    <control>
      <description>Button Group</description>
      <type>group</type>
      <posX>120</posX>
      <posY>990</posY>
      <layout>StackLayout(0,Horizontal,true)</layout>
      <animation effect="fade" time="250">WindowOpen</animation>
      <animation effect="fade" time="250">WindowClose</animation>
      <control Style="skinbutton">
        <description>Display</description>
        <type>button</type>
        <id>2</id>
        <onup>19629001</onup>
        <onleft>2</onleft>
        <onright>3</onright>
        <ondown>2</ondown>
        <width>412</width>
        <label>-</label>
        <scrollStartDelaySec>1</scrollStartDelaySec>
        <scrollWrapString> | </scrollWrapString>
        <font>mediastream10tc</font>
      </control>
      <control Style="skinbutton">
        <description>Location</description>
        <type>button</type>
        <id>3</id>
        <onleft>2</onleft>
        <onup>19629001</onup>
        <onright>4</onright>
        <ondown>3</ondown>
        <width>412</width>
        <font>mediastream10tc</font>
        <label>-</label>
        <scrollStartDelaySec>1</scrollStartDelaySec>
        <scrollWrapString> | </scrollWrapString>
        <visible>!string.equals(#WorldWeather.View,Image)</visible>
      </control>
      <control Style="skinbutton">
        <description>Browser Map</description>
        <type>button</type>
        <id>4</id>
        <onleft>3</onleft>
        <ondown>4</ondown>
        <onright>5</onright>
        <onup>19629001</onup>
        <width>412</width>
        <font>mediastream10tc</font>
        <label>-</label>
        <scrollStartDelaySec>1</scrollStartDelaySec>
        <scrollWrapString> | </scrollWrapString>
      </control>
      <control Style="skinbutton">
        <description>View</description>
        <type>button</type>
        <id>5</id>
        <onleft>4</onleft>
        <onright>9</onright>
        <ondown>5</ondown>
        <onup>19629001</onup>
        <width>412</width>
        <font>mediastream10tc</font>
        <label>-</label>
        <scrollStartDelaySec>1</scrollStartDelaySec>
        <scrollWrapString> | </scrollWrapString>
        <visible>string.equals(#WorldWeather.View,Image)</visible>
      </control>
      <control Style="skinbutton">
        <description>Refresh</description>
        <type>button</type>
        <id>9</id>
        <onleft>5</onleft>
        <onright>9</onright>
        <ondown>9</ondown>
        <onup>19629001</onup>
        <width>412</width>
        <font>mediastream10tc</font>
        <label>-</label>
        <scrollStartDelaySec>1</scrollStartDelaySec>
        <scrollWrapString> | </scrollWrapString>
      </control>
    </control>
    <import>common.time.xml</import>
    <import>WorldWeatherImage.xml</import>
    <import>WorldWeatherGeoClock.xml</import>
    <import>WorldWeatherStarrySky.xml</import>
    <import>WorldWeatherHolidays.xml</import>
  </controls>
</window>
<!--Checksum:00087fcb21e37145c48e15a075cbbed4-->