﻿<?xml version="1.0" encoding="utf-8" standalone="yes"?>
<window>
  <allowoverlay>yes</allowoverlay>
  <controls>
    <control>
      <description>Thumbnail Frame</description>
      <type>image</type>
      <id>0</id>
      <posX>1395</posX>
      <posY>90</posY>
      <width>370</width>
      <height>832</height>
      <texture>weatherimagemenu.png</texture>
      <animation effect="fade" time="250">WindowOpen</animation>
      <animation effect="fade" time="250">WindowClose</animation>
      <visible>string.equals(#WorldWeather.View,Image)+string.equals(#WorldWeather.ImageView,Flat)</visible>
    </control>
    <control>
      <type>group</type>
      <description>group element</description>
      <posX>1447</posX>
      <posY>159</posY>
      <layout>StackLayout(5,Vertical,true)</layout>
      <animation effect="fade" time="250">WindowOpen</animation>
      <animation effect="fade" time="250">WindowClose</animation>
      <visible>string.equals(#WorldWeather.View,Image)+string.equals(#WorldWeather.ImageView,Flat)</visible>
      <control>
        <description>#WorldWeather.ImageWeather1</description>
        <type>button</type>
        <id>19629001</id>
        <onleft>2</onleft>
        <onup>50</onup>
        <ondown>19629002</ondown>
        <width>195</width>
        <height>132</height>
        <textureFocus>#WorldWeather.ImageWeather1</textureFocus>
        <textureNoFocus mask="thumbborder2.png">#WorldWeather.ImageWeather1</textureNoFocus>
        <disabledcolor>30ffffff</disabledcolor>
        <visible>!string.equals(#WorldWeather.ImageWeather1,)+string.equals(#WorldWeather.ImageView,Flat)</visible>
      </control>
      <control>
        <description>#WorldWeather.ImageWeather2</description>
        <type>button</type>
        <id>19629002</id>
        <onleft>2</onleft>
        <onup>19629001</onup>
        <ondown>19629003</ondown>
        <width>195</width>
        <height>132</height>
        <textureFocus>#WorldWeather.ImageWeather2</textureFocus>
        <textureNoFocus mask="thumbborder2.png">#WorldWeather.ImageWeather2</textureNoFocus>
        <disabledcolor>30ffffff</disabledcolor>
        <visible>!string.equals(#WorldWeather.ImageWeather2,)+string.equals(#WorldWeather.ImageView,Flat)</visible>
      </control>
      <control>
        <description>#WorldWeather.ImageWeather3</description>
        <type>button</type>
        <id>19629003</id>
        <onleft>2</onleft>
        <onup>19629002</onup>
        <ondown>19629004</ondown>
        <width>195</width>
        <height>132</height>
        <textureFocus>#WorldWeather.ImageWeather3</textureFocus>
        <textureNoFocus mask="thumbborder2.png">#WorldWeather.ImageWeather3</textureNoFocus>
        <disabledcolor>30ffffff</disabledcolor>
        <visible>!string.equals(#WorldWeather.ImageWeather3,)+string.equals(#WorldWeather.ImageView,Flat)</visible>
      </control>
      <control>
        <description>#WorldWeather.ImageWeather4</description>
        <type>button</type>
        <id>19629004</id>
        <onleft>2</onleft>
        <onup>19629003</onup>
        <ondown>19629005</ondown>
        <width>195</width>
        <height>132</height>
        <textureFocus>#WorldWeather.ImageWeather4</textureFocus>
        <textureNoFocus mask="thumbborder2.png">#WorldWeather.ImageWeather4</textureNoFocus>
        <disabledcolor>30ffffff</disabledcolor>
        <visible>!string.equals(#WorldWeather.ImageWeather4,)+string.equals(#WorldWeather.ImageView,Flat)</visible>
      </control>
      <control>
        <description>#WorldWeather.ImageWeather5</description>
        <type>button</type>
        <id>19629005</id>
        <onup>19629004</onup>
        <ondown>2</ondown>
        <width>195</width>
        <height>132</height>
        <textureFocus>#WorldWeather.ImageWeather5</textureFocus>
        <textureNoFocus mask="thumbborder2.png">#WorldWeather.ImageWeather5</textureNoFocus>
        <disabledcolor>30ffffff</disabledcolor>
        <onleft>2</onleft>
        <visible>!string.equals(#WorldWeather.ImageWeather5,)+string.equals(#WorldWeather.ImageView,Flat)</visible>
      </control>
    </control>
    <!-- *** Location *** -->
    <control>
      <description>Image Frame</description>
      <type>image</type>
      <id>0</id>
      <posX>210</posX>
      <posY>90</posY>
      <width>1147</width>
      <height>832</height>
      <texture>LCD.png</texture>
      <animation effect="fade" time="250">WindowOpen</animation>
      <animation effect="fade" time="250">WindowClose</animation>
      <visible>string.equals(#WorldWeather.View,Image)+string.equals(#WorldWeather.ImageView,Flat)</visible>
    </control>
    <control>
      <description>Images</description>
      <type>label</type>
      <id>0</id>
      <posX>780</posX>
      <posY>127</posY>
      <label>750</label>
      <font>mediastream14tc</font>
      <align>center</align>
      <textcolor>white</textcolor>
      <animation effect="fade" time="250">WindowOpen</animation>
      <animation effect="fade" time="250">WindowClose</animation>
      <visible>string.equals(#WorldWeather.View,Image)+string.equals(#WorldWeather.ImageView,Flat)</visible>
    </control>
    <!-- *** Satellite Image *** -->
    <control>
      <description>#WorldWeather.ImageWeather1 image</description>
      <type>image</type>
      <id>0</id>
      <posX>263</posX>
      <posY>156</posY>
      <width>1038</width>
      <height>698</height>
      <keepaspectratio>no</keepaspectratio>
      <texture>#WorldWeather.ImageWeather1</texture>
      <visible>string.equals(#WorldWeather.View,Image)+string.equals(#WorldWeather.ImageView,Flat)</visible>
      <animation effect="fade" time="250">WindowOpen</animation>
      <animation effect="fade" time="250">WindowClose</animation>
    </control>
    <control>
      <description>#WorldWeather.ImageWeather1 label</description>
      <type>label</type>
      <id>0</id>
      <posX>780</posX>
      <posY>888</posY>
      <label>#WorldWeather.ImageWeather1Description</label>
      <font>mediastream14c</font>
      <align>center</align>
      <textcolor>white</textcolor>
      <animation effect="fade" time="250">WindowOpen</animation>
      <animation effect="fade" time="250">WindowClose</animation>
      <visible>string.equals(#WorldWeather.View,Image)+control.hasfocus(19629001)+string.equals(#WorldWeather.ImageView,Flat)</visible>
    </control>
    <!-- *** Temperature Image *** -->
    <control>
      <description>#WorldWeather.ImageWeather2 image</description>
      <type>image</type>
      <id>0</id>
      <posX>263</posX>
      <posY>156</posY>
      <width>1038</width>
      <height>698</height>
      <keepaspectratio>no</keepaspectratio>
      <texture>#WorldWeather.ImageWeather2</texture>
      <visible>string.equals(#WorldWeather.View,Image)+control.hasfocus(19629002)+string.equals(#WorldWeather.ImageView,Flat)</visible>
      <animation effect="fade" time="250">WindowOpen</animation>
      <animation effect="fade" time="250">WindowClose</animation>
    </control>
    <control>
      <description>#WorldWeather.ImageWeather2 Image label</description>
      <type>label</type>
      <id>0</id>
      <posX>780</posX>
      <posY>888</posY>
      <label>#WorldWeather.ImageWeather2Description</label>
      <font>mediastream14c</font>
      <align>center</align>
      <textcolor>white</textcolor>
      <animation effect="fade" time="250">WindowOpen</animation>
      <animation effect="fade" time="250">WindowClose</animation>
      <visible>string.equals(#WorldWeather.View,Image)+control.hasfocus(19629002)+string.equals(#WorldWeather.ImageView,Flat)</visible>
    </control>
    <!-- *** UV Image *** -->
    <control>
      <description>#WorldWeather.ImageWeather3 image</description>
      <type>image</type>
      <id>0</id>
      <posX>263</posX>
      <posY>156</posY>
      <width>1038</width>
      <height>698</height>
      <keepaspectratio>no</keepaspectratio>
      <texture>#WorldWeather.ImageWeather3</texture>
      <visible>string.equals(#WorldWeather.View,Image)+control.hasfocus(19629003)+string.equals(#WorldWeather.ImageView,Flat)</visible>
      <animation effect="fade" time="250">WindowOpen</animation>
      <animation effect="fade" time="250">WindowClose</animation>
    </control>
    <control>
      <description>#WorldWeather.ImageWeather3 Image label</description>
      <type>label</type>
      <id>0</id>
      <posX>780</posX>
      <posY>888</posY>
      <label>#WorldWeather.ImageWeather3Description</label>
      <font>mediastream14c</font>
      <align>center</align>
      <textcolor>white</textcolor>
      <animation effect="fade" time="250">WindowOpen</animation>
      <animation effect="fade" time="250">WindowClose</animation>
      <visible>string.equals(#WorldWeather.View,Image)+control.hasfocus(19629003)+string.equals(#WorldWeather.ImageView,Flat)</visible>
    </control>
    <!-- *** Wind Image *** -->
    <control>
      <description>#WorldWeather.ImageWeather4 Image</description>
      <type>image</type>
      <id>0</id>
      <posX>263</posX>
      <posY>156</posY>
      <width>1038</width>
      <height>698</height>
      <keepaspectratio>no</keepaspectratio>
      <texture>#WorldWeather.ImageWeather4</texture>
      <visible>string.equals(#WorldWeather.View,Image)+control.hasfocus(19629004)+string.equals(#WorldWeather.ImageView,Flat)</visible>
      <animation effect="fade" time="250">WindowOpen</animation>
      <animation effect="fade" time="250">WindowClose</animation>
    </control>
    <control>
      <description>#WorldWeather.ImageWeather4 Image label</description>
      <type>label</type>
      <id>0</id>
      <posX>780</posX>
      <posY>888</posY>
      <label>#WorldWeather.ImageWeather4Description</label>
      <font>mediastream14c</font>
      <align>center</align>
      <textcolor>white</textcolor>
      <animation effect="fade" time="250">WindowOpen</animation>
      <animation effect="fade" time="250">WindowClose</animation>
      <visible>string.equals(#WorldWeather.View,Image)+control.hasfocus(19629004)+string.equals(#WorldWeather.ImageView,Flat)</visible>
    </control>
    <!-- *** Precipitation Image *** -->
    <control>
      <description>#WorldWeather.ImageWeather5 Image</description>
      <type>image</type>
      <id>0</id>
      <posX>263</posX>
      <posY>156</posY>
      <width>1038</width>
      <height>698</height>
      <keepaspectratio>no</keepaspectratio>
      <texture>#WorldWeather.ImageWeather5</texture>
      <visible>string.equals(#WorldWeather.View,Image)+control.hasfocus(19629005)+string.equals(#WorldWeather.ImageView,Flat)</visible>
      <animation effect="fade" time="250">WindowOpen</animation>
      <animation effect="fade" time="250">WindowClose</animation>
    </control>
    <control>
      <description>#WorldWeather.ImageWeather5 Image label</description>
      <type>label</type>
      <id>0</id>
      <posX>780</posX>
      <posY>888</posY>
      <label>#WorldWeather.ImageWeather5Description</label>
      <font>mediastream14c</font>
      <align>center</align>
      <textcolor>white</textcolor>
      <animation effect="fade" time="250">WindowOpen</animation>
      <animation effect="fade" time="250">WindowClose</animation>
      <visible>string.equals(#WorldWeather.View,Image)+control.hasfocus(19629005)+string.equals(#WorldWeather.ImageView,Flat)</visible>
    </control>
    <control>
      <description>group element</description>
      <animation effect="fade" time="250">WindowOpen</animation>
      <animation effect="fade" time="250">WindowClose</animation>
      <animation effect="slide" time="150" start="1800,0">WindowOpen</animation>
      <animation effect="slide" time="250" end="1800,0">WindowClose</animation>
      <type>group</type>
      <control>
        <type>facadeview</type>
        <id>50</id>
        <control>
          <description>Filmstrip view</description>
          <type>filmstrip</type>
          <id>50</id>
          <onup>2</onup>
          <ondown>2</ondown>
          <posX>150</posX>
          <posY>600</posY>
          <width>1800</width>
          <height>325</height>
          <thumbWidth>300</thumbWidth>
          <thumbHeight>210</thumbHeight>
          <thumbPosX>10</thumbPosX>
          <thumbPosY>10</thumbPosY>
          <itemWidth>315</itemWidth>
          <itemHeight>231</itemHeight>
          <textureWidth>325</textureWidth>
          <textureHeight>231</textureHeight>
          <imageFolderFocus>imagebg.png</imageFolderFocus>
          <imageFolder>imagebg.png</imageFolder>
          <frame>imagebg.png</frame>
          <frameFocus>imagebg.png</frameFocus>
          <background>imagebg.png</background>
          <thumbs />
          <InfoImage />
          <showFrame>no</showFrame>
          <showFolder>yes</showFolder>
          <showBackGround>no</showBackGround>
          <showInfoImage>no</showInfoImage>
          <thumbAnimation effect="zoom" start="100,100" end="200,200" time="0">focus</thumbAnimation>
          <thumbAnimation effect="zoom" start="200,200" end="100,100" time="0">unfocus</thumbAnimation>
          <thumbAnimation effect="slide" end="0,-27" time="0">focus</thumbAnimation>
          <thumbAnimation effect="slide" end="0,0" time="0">unfocus</thumbAnimation>
          <spinPosX>2347</spinPosX>
          <spinPosY>2527</spinPosY>
          <spinCanFocus>no</spinCanFocus>
          <scrollOffset>3</scrollOffset>
          <visible>string.equals(#WorldWeather.View,Image)+string.equals(#WorldWeather.ImageView,Filmstrip)</visible>
        </control>
        <control>
          <description>Cover Flow view</description>
          <type>coverflow</type>
          <colordiffuse>90ffffff</colordiffuse>
          <dimColor>90ffffff</dimColor>
          <id>50</id>
          <posX>0</posX>
          <posY>345</posY>
          <width>1920</width>
          <height>1080</height>
          <onup>2</onup>
          <ondown>2</ondown>
          <onright>50</onright>
          <selectedCard>0</selectedCard>
          <cardWidth>738</cardWidth>
          <cardHeight>555</cardHeight>
          <angle>45</angle>
          <sideShift>600</sideShift>
          <sideGap>525</sideGap>
          <sideDepth>525</sideDepth>
          <offsetY>0</offsetY>
          <selectedOffsetY>0</selectedOffsetY>
          <speed>4</speed>
          <backgroundColor>000000FF</backgroundColor>
          <backgroundHeight>375</backgroundHeight>
          <backgroundWidth>1920</backgroundWidth>
          <backgroundX>0</backgroundX>
          <backgroundY>555</backgroundY>
          <backgroundDiffuse>FF000000</backgroundDiffuse>
          <background>black.png</background>
          <showBackground>no</showBackground>
          <foregroundHeight>757</foregroundHeight>
          <foregroundWidth>1920</foregroundWidth>
          <foregroundX>0</foregroundX>
          <foregroundY>322</foregroundY>
          <foregroundDiffuse>FF000000</foregroundDiffuse>
          <foreground>coverflow_overlay.png</foreground>
          <showForeground>no</showForeground>
          <showFrame>no</showFrame>
          <frame>-</frame>
          <frameFocus>-</frameFocus>
          <frameWidth>682</frameWidth>
          <frameHeight>525</frameHeight>
          <spinSpeed>8</spinSpeed>
          <unfocusedAlpha>ff</unfocusedAlpha>
          <folderPrefix>[</folderPrefix>
          <folderSuffix>]</folderSuffix>
          <font1>mediastream14tc</font1>
          <font2>mediastream12tc</font2>
          <label1>#selecteditem</label1>
          <label2>#selecteditem2</label2>
          <textColor>FFFFFFFF</textColor>
          <remoteColor>FFFF0000</remoteColor>
          <playedColor>FFA0D0FF</playedColor>
          <downloadColor>FF00FF00</downloadColor>
          <selectedColor>FFFFFFFF</selectedColor>
          <shadowAngle>45</shadowAngle>
          <shadowDistance>1</shadowDistance>
          <shadowColor>FF000000</shadowColor>
          <label1YOff>600</label1YOff>
          <label2YOff>637</label2YOff>
          <pageSize>5</pageSize>
          <scrollbarBackground>bar_hor.png</scrollbarBackground>
          <scrollbarLeft>mouse_left_horizontal.png</scrollbarLeft>
          <scrollbarRight>mouse_right_horizontal.png</scrollbarRight>
          <scrollbarYOff>607</scrollbarYOff>
          <showScrollbar>no</showScrollbar>
          <cards flipY="yes" diffuse="Thumb_Mask.png" mask="video_poster_square_mask.png" />
          <visible>string.equals(#WorldWeather.View,Image)+string.equals(#WorldWeather.ImageView,Coverflow)</visible>
        </control>
      </control>
    </control>
  </controls>
</window>
<!--Checksum:d88d477a13ea71e76813d588f9ff1a6f-->