<?xml version="1.0" encoding="utf-8" standalone="yes"?>
<window>
  <id>29055</id>
  <defaultcontrol>213</defaultcontrol>
  <allowoverlay>no</allowoverlay>
  <controls>
		<import>common.time.xml</import>
    <control>
      <description>background</description>
      <type>image</type>
      <id>0</id>
      <posX>0</posX>
      <posY>473</posY>
      <width>1280</width>
      <height>247</height>
      <texture>osdbackground1.png</texture>
    </control>
    <control>
      <description>Logo border</description>
      <type>image</type>
      <posX>6</posX>
      <posY>440</posY>
      <width>170</width>
      <height>170</height>
      <texture>imagebg.png</texture>
      <centered>yes</centered>
      <keepaspectratio>yes</keepaspectratio>
    </control>
    <control>
      <description>Background</description>
      <type>image</type>
      <id>1</id>
      <posX>16</posX>
      <posY>450</posY>
      <width>150</width>
      <height>150</height>
      <texture>logo_BG.png</texture>
      <keepaspectratio>yes</keepaspectratio>
      <centered>yes</centered>
    </control>
    <control>
      <description>Artist Image</description>
      <type>image</type>
      <id>1</id>
      <posX>16</posX>
      <posY>450</posY>
      <width>150</width>
      <height>150</height>
      <texture>#Youtube.fm.NowPlaying.Artist.Image</texture>
      <keepaspectratio>no</keepaspectratio>
      <centered>yes</centered>
    </control>
    <control>
      <description>Date</description>
      <type>label</type>
      <id>1</id>
      <posX>1255</posX>
      <posY>483</posY>
      <label>#date</label>
      <align>right</align>
      <font>mediastream10</font>
      <textcolor>ff888888</textcolor>
    </control>
    <control>
      <description>Current Artist</description>
      <id>35</id>
      <type>label</type>
      <width>900</width>
      <height>25</height>
      <posX>195</posX>
      <posY>485</posY>
      <font>mediastream16tc</font>
      <label>#Youtube.fm.NowPlaying.Artist.Name</label>
    </control>
    <control>
      <description>Current Title Playing</description>
      <id>36</id>
      <type>textbox</type>
      <width>900</width>
      <height>25</height>
      <posX>195</posX>
      <posY>513</posY>
      <font>mediastream14tc</font>
      <label>#Youtube.fm.NowPlaying.Video.Title</label>
      <textcolor>ff888888</textcolor>
    </control>
    <control>
      <description>Plot</description>
      <type>textboxscrollup</type>
      <id>38</id>
      <posX>230</posX>
      <posY>540</posY>
      <width>820</width>
      <height>90</height>
      <seperator>--------------------------------------------------------------------------------------------</seperator>
      <label>#Play.Current.Plot</label>
      <font>mediastream12</font>
    </control>
    <control>
      <description>Playing Next</description>
      <id>0</id>
      <type>label</type>
      <width>900</width>
      <height>24</height>
      <posX>195</posX>
      <posY>655</posY>
      <font>mediastream12tc</font>
      <textcolor>ff888888</textcolor>
      <label>#StreamedMP.Next #Youtube.fm.Next.Artist.Name - #Youtube.fm.Next.Video.Title</label>
      <visible>!string.equals(#Youtube.fm.Next.Artist.Name,)</visible>
    </control>
    <control>
      <description>Progress Bar Background</description>
      <type>image</type>
      <id>1</id>
      <posX>190</posX>
      <posY>676</posY>
      <width>912</width>
      <height>20</height>
      <texture>osdprogressback.png</texture>
      <keepaspectratio>no</keepaspectratio>
    </control>
    <control>
      <description>Progress Bar</description>
      <type>progress</type>
      <id>1</id>
      <posX>183</posX>
      <posY>676</posY>
      <width>928</width>
      <height>20</height>
      <lefttexture>osdprogressleft_e.png</lefttexture>
      <midtexture>osdprogressmid_e.png</midtexture>
      <righttexture>-</righttexture>
      <label>#percentage</label>
      <visible>yes</visible>
    </control>
    <control>
      <description>Start Time Info</description>
      <type>label</type>
      <posX>195</posX>
      <posY>695</posY>
      <label>#currentplaytime</label>
      <align>left</align>
      <font>mediastream12tc</font>
      <textcolor>ff888888</textcolor>
    </control>
    <control>
      <description>End Time Info</description>
      <type>label</type>
      <posX>1093</posX>
      <posY>695</posY>
      <label>#currentremaining</label>
      <align>right</align>
      <font>mediastream12tc</font>
      <textcolor>ff888888</textcolor>
    </control>	
    <control>
      <type>group</type>
      <description>group element</description>
      <posX>1027</posX>
      <posY>560</posY>
      <width>200</width>
      <height>52</height>
      <control>
        <description>Play/Pause</description>
        <type>togglebutton</type>
        <id>213</id>
        <posX>58</posX>
        <posY>650</posY>
        <width>60</width>
        <height>60</height>
        <AltTextureFocus>osdpausefo.png</AltTextureFocus>
        <AltTextureNoFocus>osdpausenf.png</AltTextureNoFocus>
        <textureFocus>osdplayfo.png</textureFocus>
        <textureNoFocus>osdplaynf.png</textureNoFocus>
        <label>-</label>
        <font>-</font>
        <onleft>218</onleft>
        <onright>218</onright>
        <onup>218</onup>
        <ondown>218</ondown>
        <visible>yes</visible>
        <animation effect="fade" time="250">Visible</animation>
        <animation effect="fade" time="250">windowopen</animation>
      </control>
    </control>
    <import>common.player.xml</import>
  </controls>
</window>