<?xml version="1.0" encoding="utf-8" standalone="yes"?>
<window>
    <id>29053</id>
    <defaultcontrol>35</defaultcontrol>    
    <allowoverlay>no</allowoverlay>        
    <controls>
    <control>
      <description>BG</description>
      <type>image</type>
      <id>1</id>
      <texture>youtubelastfm.jpg</texture>
      <width>1280</width>
      <height>720</height>
    </control>
    <control>
      <id>95</id>
      <description>Fan Art</description>
      <type>image</type>
      <posx>0</posx>
      <posy>0</posy>
      <width>1280</width>
      <height>720</height>
      <texture>#Youtube.fm.NowPlaying.Video.FanArt</texture>
      <colordiffuse>ffffffff</colordiffuse>
      <animation effect="fade" time="300">visible</animation>
      <animation effect="fade" time="300" delay="300">hidden</animation>
    </control>
    <control>
      <id>0</id>
      <description>music overlay image</description>
      <type>image</type>
      <posX>0</posX>
      <posY>-300</posY>
      <width>1281</width>
      <height>1020</height>
      <texture>mainoverlay.png</texture>
    </control>
    <import>common.time.xml</import>
    <import>common.window.xml</import>

        <control>
            <id>0</id>
            <description>Video Info Label</description>
            <type>label</type>
            <posX>55</posX>
            <posY>100</posY>
            <width>180</width>         
            <font>mediastream12c</font>
            <textcolor>ffa9d0f7</textcolor>             
            <label>#Youtube.fm.Translation.VideoInfo.Label</label>
        </control>
        <control>
            <id>1</id>
            <description>Video Image</description>
            <type>image</type>
            <posX>50</posX>
            <posY>130</posY>
            <width>300</width>
            <height>200</height>
            <texture mask="video_poster_mask.png">missing_Coverart.png</texture>            
            <animation effect="fade" time="70" reversible="false">visible</animation>
        </control>
        <control>
            <id>1</id>
            <type>image</type>
            <posX>50</posX>
            <posY>130</posY>
            <width>300</width>
            <height>200</height>
            <keepaspectratio>yes</keepaspectratio>
            <centered>yes</centered>
            <texture mask="video_poster_mask.png">#Youtube.fm.Info.Video.Image</texture>            
            <animation effect="fade" time="70" reversible="false">visible</animation>
        </control>
        <control>
            <type>image</type>
            <id>1</id>
            <posX>50</posX>
            <posY>130</posY>
            <width>300</width>
            <height>200</height>
            <texture mask="video_poster_mask.png">Picturethumbframe.png</texture>            
            <animation effect="fade" time="70" reversible="false">visible</animation>
        </control>
        <control>
	    <description>Play Button/Hiden</description>
	    <type>button</type>
	    <id>35</id>
	    <posX>2255</posX>
	    <posY>335</posY>
	    <width>70</width>
	    <height>50</height>
	    <textureFocus>play_enabled.png</textureFocus>
	    <textureNoFocus>play_disabled.png</textureNoFocus>
	    <label>-</label>	    
	    <onup>17</onup>	    
	</control>
        <control>
            <description>UnWatched BG Logo</description>
            <type>image</type>
            <id>0</id>
            <posX>65</posX>
            <posY>338</posY>
            <width>30</width>
            <height>30</height>
            <keepaspectratio>yes</keepaspectratio>                       
            <texture>overlayunwatched.png</texture>            
            <animation effect="fade" time="70" reversible="false">visible</animation>	        
        </control>                 
        <control>
            <description>Watched Logo</description>
            <type>image</type>
            <id>0</id>
            <posX>65</posX>
            <posY>338</posY>
            <width>30</width>
            <height>30</height> 
            <keepaspectratio>yes</keepaspectratio>         
            <texture>overlaywatched.png</texture>	  
            <visible>string.equals(#Youtube.fm.Info.Video.IsWatched, true)</visible>
            <animation effect="fade" time="70" reversible="false">visible</animation>	        
        </control>         
        <control>
            <description>HD Logo</description>
            <type>image</type>
            <id>0</id>
            <posX>104</posX>
            <posY>335</posY>
            <width>70</width>
            <height>33</height>
            <keepaspectratio>yes</keepaspectratio>            
            <texture>Logos\hd.png</texture>	  
            <visible>string.equals(#Youtube.fm.Info.Video.IsHD, true)</visible>
            <animation effect="fade" time="70" reversible="false">visible</animation>	        
        </control>
        <control>
            <description>SD Logo</description>
            <type>image</type>
            <id>0</id>
            <posX>104</posX>
            <posY>335</posY>
            <width>70</width>
            <height>33</height>
            <keepaspectratio>yes</keepaspectratio>            
            <texture>Logos\sd.png</texture>	  
            <visible>!string.equals(#Youtube.fm.Info.Video.IsHD, true)</visible>
            <animation effect="fade" time="70" reversible="false">visible</animation>	        
        </control>
        <control>
            <description>IsDownloaded Logo</description>
            <type>image</type>
            <id>0</id>
            <posX>169</posX>
            <posY>337</posY>
            <width>40</width>
            <height>31</height>
            <keepaspectratio>yes</keepaspectratio>                            
            <texture>youtube.fm_isdownloaded.png</texture>
            <visible>string.equals(#Youtube.fm.Info.Video.IsDownloaded, True)</visible>                                 
            <animation effect="fade" time="70" reversible="false">visible</animation>	        
        </control>           			                          
        <control>
            <id>0</id>
            <description>Video Title Value</description>
            <type>fadelabel</type>
            <posX>390</posX>
            <posY>100</posY>
            <width>600</width>
            <font>mediastream12tc</font>
            <textcolor>ffffffff</textcolor>            
            <label>#Youtube.fm.Info.Video.Title</label>
        </control>        
        <control>
            <id>1</id>
            <description>Star Rating Value</description>
            <type>imagelist</type>
            <posX>390</posX>
            <posY>142</posY>
            <width>142</width>
            <height>40</height>
            <textureHeight>25</textureHeight>
            <textureWidth>25</textureWidth>
            <percentage>#Youtube.fm.Info.Video.Rating</percentage>
            <imagesToDraw>5</imagesToDraw>
            <orientation>HORIZONTAL</orientation>
            <align>left</align>
            <subitems>
              <subitem>starwhitehollow.png</subitem>
              <subitem>starwhite.png</subitem>
            </subitems>
            <animation effect="fade" time="70" reversible="false">visible</animation>
        </control>        
        <control>
            <description>Progress Bar Like/Dislike Percent</description>
            <type>progress</type>
            <id>20</id>
            <posX>849</posX>
            <posY>142</posY>
            <width>366</width>
            <height>21</height>
            <texturebg>osdprogressbackv.png</texturebg>
            <label>#Youtube.fm.Info.Video.PercentLike</label>            
            <onlymidtexture>yes</onlymidtexture>
            <midwidth>366</midwidth>
            <midheight>21</midheight>
            <midoffsetX>-</midoffsetX>
            <midoffsetY>-</midoffsetY>            
            <midtexture>osdprogressmid.png</midtexture>
            <visible>yes</visible>            
        </control>        
        <control>
            <id>0</id>
            <description>Like /Dislike Value</description>
            <type>fadelabel</type>
            <posX>849</posX>
            <posY>166</posY>
            <width>366</width>         
            <font>mediastream12tc</font>
            <textcolor>90ffffff</textcolor>            
            <label>#Youtube.fm.Info.Video.NumLike/#Youtube.fm.Translation.Like.Label . #Youtube.fm.Info.Video.NumDisLike/#Youtube.fm.Translation.Dislike.Label</label>
        </control>
        <control>
            <id>0</id>
            <description>Autor Label</description>
            <type>label</type>
            <posX>390</posX>
            <posY>172</posY>
            <width>250</width>         
            <font>mediastream12</font>
            <textcolor>ffa9d0f7</textcolor>            
            <label>#Youtube.fm.Translation.Autor.Label</label>
        </control>        
        <control>
            <id>0</id>
            <description>Autor Value</description>
            <type>fadelabel</type>
            <posX>390</posX>
            <posY>200</posY>
            <width>280</width>         
            <font>mediastream12</font>
            <textcolor>ffffffff</textcolor>            
            <label>#Youtube.fm.Info.Video.Autor</label>
        </control>                
        <control>
            <id>0</id>
            <description>ViewCount Label</description>
            <type>label</type>
            <posX>390</posX>
            <posY>240</posY>
            <width>250</width>         
            <font>mediastream12</font>
            <textcolor>ffa9d0f7</textcolor>            
            <label>#Youtube.fm.Translation.ViewCount.Label</label>
        </control>
        <control>
            <id>0</id>
            <description>ViewCount Value</description>
            <type>label</type>
            <posX>390</posX>
            <posY>268</posY>
            <width>250</width>         
            <font>mediastream12</font>
            <textcolor>ffffffff</textcolor>            
            <label>#Youtube.fm.Info.Video.ViewCount</label>
        </control>            
        <control>
            <id>0</id>
            <description>FavoriteCount Label</description>
            <type>label</type>
            <posX>390</posX>
            <posY>304</posY>
            <width>250</width>         
            <font>mediastream12</font>
            <textcolor>ffa9d0f7</textcolor>            
            <label>#Youtube.fm.Translation.FavoriteCount.Label</label>
        </control>        
        <control>
            <id>0</id>
            <description>FavoriteCount Value</description>
            <type>label</type>
            <posX>390</posX>
            <posY>332</posY>
            <width>250</width>         
            <font>mediastream12</font>
            <textcolor>ffffffff</textcolor>            
            <label>#Youtube.fm.Info.Video.FavoriteCount</label>
        </control>
        <control>
            <id>0</id>
            <description>PublishDate Label</description>
            <type>label</type>
            <posX>620</posX>
            <posY>240</posY>
            <width>250</width>         
            <font>mediastream12</font>
            <textcolor>ffa9d0f7</textcolor>            
            <label>#Youtube.fm.Translation.PublishDate.Label</label>
        </control>        
        <control>
            <id>0</id>
            <description>PublishDate Value</description>
            <type>label</type>
            <posX>620</posX>
            <posY>268</posY>
            <width>250</width>         
            <font>mediastream12</font>
            <textcolor>ffffffff</textcolor>            
            <label>#Youtube.fm.Info.Video.PublishDate</label>
        </control>
        <control>
            <id>0</id>
            <description>Duration Label</description>
            <type>label</type>
            <posX>620</posX>
            <posY>304</posY>
            <width>250</width>         
            <font>mediastream12</font>
            <textcolor>ffa9d0f7</textcolor>            
            <label>#Youtube.fm.Translation.Duration.Label</label>
        </control>
        <control>
            <id>0</id>
            <description>Duration Value</description>
            <type>label</type>
            <posX>620</posX>
            <posY>332</posY>
            <width>250</width>         
            <font>mediastream12</font>
            <textcolor>ffffffff</textcolor>            
            <label>#Youtube.fm.Info.Video.Duration</label>
        </control>        
        <control>
	    <id>0</id>
	    <description>Video Summary</description>
	    <type>textboxscrollup</type>
	    <posX>849</posX>
	    <posY>235</posY>
	    <width>450</width>
	    <height>150</height>
	    <label>#Youtube.fm.Info.Video.Summary</label>
	    <seperator>-----------------------------------------------------------------------------------</seperator>
	    <font>mediastream12</font>
	    <scrollStartDelaySec>10</scrollStartDelaySec>
	</control>
        <control>
            <id>0</id>
            <description>Artist Info Label</description>
            <type>label</type>
            <posX>55</posX>
            <posY>420</posY>
            <width>180</width>         
            <font>mediastream12c</font>
            <textcolor>ffa9d0f7</textcolor>             
            <label>#Youtube.fm.Translation.ArtistInfo.Label</label>
        </control>        
        <control>
            <id>1</id>
            <description>Artist Image</description>
            <type>image</type>
            <posX>50</posX>
            <posY>450</posY>
            <width>300</width>
            <height>200</height>
            <keepaspectratio>yes</keepaspectratio>
            <centered>yes</centered>
            <texture mask="video_poster_mask.png">#Youtube.fm.Info.Artist.Image</texture>            
            <animation effect="fade" time="70" reversible="false">visible</animation>
        </control>
        <control>
            <type>image</type>
            <id>1</id>
            <posX>50</posX>
            <posY>450</posY>
            <width>300</width>
            <height>200</height>
            <texture mask="video_poster_mask.png">Picturethumbframe.png</texture>            
            <animation effect="fade" time="70" reversible="false">visible</animation>
        </control>        
        <control>
            <id>0</id>
            <description>Artist Name Value</description>
            <type>fadelabel</type>
            <posX>390</posX>
            <posY>423</posY>
            <width>600</width>         
            <font>mediastream14c</font>
            <textcolor>ffffffff</textcolor>            
            <label>#Youtube.fm.Info.Artist.Name</label>
        </control>               
        <control>
            <id>0</id>
            <description>Artist Tags</description>
            <type>label</type>
            <posX>383</posX>
            <posY>457</posY>
            <width>700</width>         
            <font>mediastream12</font>
            <textcolor>ffa9d0f7</textcolor>            
            <label>#Youtube.fm.Info.Artist.Tags</label>
        </control>           
	<control>
	    <id>0</id>
	    <description>Artist Bio</description>
	    <type>textboxscrollup</type>
	    <posX>390</posX>
	    <posY>500</posY>
	    <width>800</width>
	    <height>160</height>
	    <label>#Youtube.fm.Info.Artist.Bio</label>
	    <seperator>-----------------------------------------------------------------------------------</seperator>
	    <font>mediastream12</font>
	    <scrollStartDelaySec>10</scrollStartDelaySec>
	</control>
        <!-- Downloading Section [View Only if Downloading Now is In Process ] -->
        <control>
            <description>Downloading Notfication Logo</description>
            <type>image</type>
            <id>0</id>
            <posX>75</posX>
            <posY>679</posY>
            <width>31</width>
            <height>31</height>
            <keepaspectratio>yes</keepaspectratio>            
            <texture>isupdate.png</texture>	  
            <visible>string.equals(#Youtube.fm.IsDownloading, true )</visible>
            <animation effect="fade" time="70" reversible="false">visible</animation>	        
        </control>
        <control>
            <description>Downloading Progress Bar</description>
            <type>progress</type>
            <id>118</id>
            <posX>115</posX>
            <posY>683</posY>
            <width>226</width>
            <height>20</height>            
            <texturebg>osdprogressbackv.png</texturebg>
            <onlymidtexture>yes</onlymidtexture>
            <midwidth>224</midwidth>
            <midheight>16</midheight>
            <midoffsetX>1</midoffsetX>
            <midoffsetY>2</midoffsetY>
            <midtexture>osdprogressmid.png</midtexture>
            <label>#Youtube.fm.Download.Progress</label>
            <visible>string.equals(#Youtube.fm.IsDownloading, true)</visible>
            <animation effect="fade" time="70" reversible="false">visible</animation>
        </control>
        <control>
            <description>Downloading Video Title</description>
            <type>fadelabel</type>
            <id>0</id>
            <posX>390</posX>
            <posY>680</posY>
            <width>600</width>
            <font>mediastream10c</font>
            <textcolor>ffa9d0f7</textcolor>           
            <label>#Youtube.fm.Download.Item</label>	  
            <visible>string.equals(#Youtube.fm.IsDownloading, true )</visible>
            <animation effect="fade" time="70" reversible="false">visible</animation>	        
        </control>         		                     
    </controls>
</window>
