﻿<?xml version="1.0" encoding="utf-8" standalone="yes"?>
<window>
  <id>29054</id>
  <defaultcontrol>13</defaultcontrol>
  <allowoverlay>no</allowoverlay>
  <disabletopbar>false</disabletopbar>
  <controls>
    <control>
      <description>Movie/File Status group</description>
      <type>group</type>
      <dimColor>ffffffff</dimColor>
      <visible>string.equals(#Youtube.fm.FullScreen.ShowTitle,true)</visible>
      <animation effect="fade" time="300" delay="300">VisibleChange</animation>
      <animation effect="slide" start="600,0" end="0,0" tween="quadratic" time="500" delay="100">VisibleChange</animation>
      <control>
        <description>background</description>
        <type>image</type>
        <id>0</id>
        <posX>765</posX>
				<posY>540</posY>
				<width>519</width>
				<height>152</height>
				<texture>dialogprogressbg.png</texture>
      </control>
			<control>
				<description>music logo</description>
				<type>image</type>
				<id>0</id>
				<posX>783</posX>
				<posY>558</posY>
				<width>114</width>
				<height>114</height>
				<keepaspectratio>yes</keepaspectratio>
				<centered>yes</centered>
				<zoom>no</zoom>
				<texture>defaultAudioBig.png</texture>
			</control>
      <control>
        <description>Artist Thumb</description>
        <type>image</type>
        <id>0</id>
        <posX>783</posX>
				<posY>558</posY>
				<width>114</width>
				<height>114</height>
				<keepaspectratio>no</keepaspectratio>
				<centered>yes</centered>
				<zoom>yes</zoom>
        <texture>#Youtube.fm.NowPlaying.Artist.Image</texture>
      </control>
      <control>
        <description>Artist Name</description>
        <id>0</id>
        <type>fadelabel</type>
        <width>340</width>
				<height>40</height>
				<posX>908</posX>
				<posY>563</posY>
        <textcolor>FFFFFFFF</textcolor>
				<font>mediastream12tc</font>
				<scrollStartDelaySec>2</scrollStartDelaySec>
				<wrapString> | </wrapString>
        <label>#Youtube.fm.NowPlaying.Artist.Name</label>
      </control>
      <control>
        <description>Track Name</description>
        <id>0</id>
        <type>fadelabel</type>
        <width>340</width>
				<height>40</height>
				<posX>908</posX>
				<posY>584</posY>
        <textcolor>FFFFFFFF</textcolor>
				<font>mediastream10tc</font>
				<scrollStartDelaySec>2</scrollStartDelaySec>
				<wrapString> | </wrapString>
        <label>#Youtube.fm.NowPlaying.Video.Title</label>
      </control>
      <control>
				<description>play time / duration label</description>
				<type>fadelabel</type>
				<id>0</id>
				<width>340</width>
				<height>40</height>
				<posX>908</posX>
				<posY>621</posY>
				<align>left</align>
				<label>#currentplaytime / #duration</label>
				<textcolor>FFFFFFFF</textcolor>
				<font>mediastream10c</font>
			</control>
			<control>
				<description>next song label</description>
				<type>fadelabel</type>
				<id>0</id>
				<width>42</width>
				<height>40</height>
				<posX>908</posX>
				<posY>647</posY>
				<label>Next</label>
				<textcolor>FF025984</textcolor>
				<font>mediastream10</font>
				<align>left</align>
				<visible>!string.equals(#Youtube.fm.Next.Video.Title,)</visible>
			</control>
			<control>
				<description>next song info label</description>
				<type>fadelabel</type>
				<id>0</id>
				<posX>945</posX>
				<posY>647</posY>
				<width>300</width>
				<height>40</height>
				<label>: #Youtube.fm.Next.Video.Title by #Youtube.fm.Next.Artist.Name</label>
				<textcolor>white</textcolor>
				<align>left</align>
				<font>mediastream10</font>
				<scrollStartDelaySec>2</scrollStartDelaySec>
				<wrapString> | </wrapString>
				<visible>!string.equals(#Youtube.fm.Next.Video.Title,)</visible>
			</control>
    </control>
		
		<control>
      <description>dummy to fix images disappearing on more than 2x seeking (MP BUG)</description>
      <type>image</type>
      <id>0</id>
      <posX>2000</posX>
      <posY>2000</posY>
      <width>10</width>
      <height>10</height>
      <texture>-</texture>
      <visible>player.forwarding|player.rewinding</visible>
    </control>
    <control>
      <description>background (default)</description>
      <type>image</type>
      <id>0</id>
      <posX>0</posX>
      <posY>523</posY>
      <width>1280</width>
      <height>197</height>
      <texture>osdbackground.png</texture>
      <visible>[window.ispauseosdvisible|player.forwarding|player.rewinding]+!window.isosdvisible+string.equals(#StreamedMP.fullVideoOSD,true)</visible>
    </control>
    <control>
      <description>background (small)</description>
      <type>image</type>
      <id>0</id>
      <posX>0</posX>
      <posY>650</posY>
      <width>1280</width>
      <height>197</height>
      <texture>osdbackground.png</texture>
      <visible>[window.ispauseosdvisible|player.forwarding|player.rewinding]+!window.isosdvisible+!string.equals(#StreamedMP.fullVideoOSD,true)</visible>
    </control>
    <control>
      <description>background (small)</description>
      <type>image</type>
      <id>0</id>
      <posX>0</posX>
      <posY>613</posY>
      <width>1280</width>
      <height>197</height>
      <texture>osdbackground.png</texture>
      <visible>[control.isvisible(10)|control.isvisible(11)|control.isvisible(12)]+string.equals(#StreamedMP.fullVideoOSD,true)</visible>
    </control>
    <control>
      <description>background (small)</description>
      <type>image</type>
      <id>0</id>
      <posX>0</posX>
      <posY>650</posY>
      <width>1280</width>
      <height>197</height>
      <texture>osdbackground.png</texture>
      <visible>[control.isvisible(10)|control.isvisible(11)|control.isvisible(12)]+!string.equals(#StreamedMP.fullVideoOSD,true)</visible>
    </control>
    <control>
      <type>image</type>
      <id>502</id>
      <posX>1100</posX>
      <posY>12</posY>
      <width>81</width>
      <height>30</height>
      <texture>video.action.forbidden.png</texture>
      <colordiffuse>White</colordiffuse>
      <visible>no</visible>
    </control>
    <control>
      <description>Image</description>
      <type>image</type>
      <id>0</id>
      <texture>#Youtube.fm.NowPlaying.Artist.Image</texture>
      <posX>16</posX>
      <posY>554</posY>
      <width>160</width>
      <height>160</height>
      <align>left</align>
      <centered>yes</centered>
			<zoom>no</zoom>
      <keepaspectratio>no</keepaspectratio>
      <visible>[window.ispauseosdvisible|player.rewinding|player.forwarding]+string.equals(#StreamedMP.fullVideoOSD,true)</visible>
    </control>
    <control>
      <description>Title</description>
      <id>0</id>
      <type>fadelabel</type>
      <width>700</width>
      <posX>195</posX>
      <posY>585</posY>
      <font>mediastream12tc</font>
      <label>#Play.Current.Title</label>
      <textcolor>ffFFFFFF</textcolor>
      <visible>[player.rewinding|player.forwarding]+string.equals(#StreamedMP.fullVideoOSD,true)</visible>
    </control>
    <control>
      <description>Title</description>
      <type>fadelabel</type>
      <id>0</id>
      <posX>195</posX>
      <posY>585</posY>
      <width>480</width>
      <font>mediastream12tc</font>
      <label>#Play.Current.Title</label>
      <textcolor>ffFFFFFF</textcolor>
      <visible>window.ispauseosdvisible+string.equals(#StreamedMP.fullVideoOSD,true)</visible>
    </control>
    <control>
      <description>Plot</description>
      <type>textboxscrollup</type>
      <id>0</id>
      <posX>690</posX>
      <posY>557</posY>
      <width>550</width>
      <height>96</height>
      <seperator>------------------------------------</seperator>
      <label>#Play.Current.Plot</label>
      <font>mediastream11</font>
      <visible>[window.ispauseosdvisible+!window.isosdvisible]+string.equals(#StreamedMP.fullVideoOSD,true)</visible>
    </control>    
    <import>common.player.xml</import>
    <import>common.play.fullscreen.xml</import>
    <import>common.progressbar.xml</import>
  </controls>
</window>