﻿<?xml version="1.0" encoding="utf-8"?>
<!-- 
This file should contain the thumbs view
-->
<window>
	<controls>
	
		<control>
		  <description>Cover Art</description>
		  <type>image</type>
		  <id>60</id>
		  <posX>70</posX>
		  <posY>73</posY>
		  <width>288</width>
		  <height>422</height>
		  <texture>#MovingPictures.Coverart</texture>
		  <visible>facadeview.filmstrip+control.isvisible(50)</visible>
		</control>		
		<control>
		  <description>Cover Art Glass Overlay</description>
		  <type>image</type>
		  <id>0</id>
		  <posX>70</posX>
		  <posY>73</posY>
		  <width>228</width>
		  <height>177</height>
		  <texture>glassoverlay2.png</texture>
		  <visible>facadeview.filmstrip+control.isvisible(50)+Control.HasThumb(60)</visible>
		</control>
		
		<control>
		  <description>Watched Icon Background</description>
		  <type>image</type>
		  <id>0</id>
		  <posX>326</posX>
		  <posY>130</posY>
		  <width>32</width>
		  <height>39</height>
		  <texture>overlaywubg.png</texture>
		  <visible>facadeview.filmstrip+control.isvisible(50)+Control.HasThumb(60)</visible>
		</control>		
		<control>
		  <description>Watched Icon</description>
		  <type>image</type>
		  <id>0</id>
		  <posX>333</posX>
		  <posY>134</posY>
		  <width>23</width>
		  <height>23</height>
		  <texture>overlaywatched.png</texture>
		  <visible>facadeview.filmstrip+control.isvisible(50)+control.isvisible(9)+Control.HasThumb(60)</visible>
		</control>		
		<control>
		  <description>Un-Watched Icon</description>
		  <type>image</type>
		  <id>0</id>
		  <posX>333</posX>
		  <posY>134</posY>
		  <width>23</width>
		  <height>23</height>
		  <texture>overlayunwatched.png</texture>
		  <visible>facadeview.filmstrip+control.isvisible(50)+!control.isvisible(9)+Control.HasThumb(60)</visible>
		</control>
		
		<control>
		  <description>Movie Title</description>
		  <type>label</type>
		  <id>0</id>
		  <posX>410</posX>
		  <posY>70</posY>
		  <width>820</width>
		  <font>mediastream16tc</font>
		  <label>#MovingPictures.SelectedMovie.title</label>
		  <textcolor>ffFFFFFF</textcolor>
		  <visible>facadeview.filmstrip+control.isvisible(50)</visible>
		</control>
		
		<control>
		  <description>Summary</description>
		  <type>textboxscrollup</type>
		  <id>0</id>
		  <posX>410</posX>
		  <posY>110</posY>
		  <width>700</width>
		  <height>150</height>
		  <textcolor>ffFFFFFF</textcolor>
		  <seperator>-----------------------------------------------------------------------------------</seperator>
		  <font>mediastream11</font>
		  <scrollStartDelaySec>10</scrollStartDelaySec>
		  <label>#MovingPictures.SelectedMovie.summary</label>
		  <visible>facadeview.filmstrip+control.isvisible(50)</visible>
		</control>
		
		<control>		  
		  <description>Movie Details Label</description>
		  <type>label</type>
		  <id>0</id>
		  <posX>410</posX>
		  <posY>280</posY>
		  <width>300</width>
		  <font>mediastream12tc</font>
		  <label>#MovingPictures.Translation.MovieDetails.Label</label>
		  <textcolor>ffFFFFFF</textcolor>
		  <shadowAngle>45</shadowAngle>
		  <shadowDistance>2</shadowDistance>
		  <shadowColor>ff222222</shadowColor>
		  <visible>facadeview.filmstrip+control.isvisible(50)</visible>
		</control>
		
		<control>
		  <type>label</type>
		  <label>#MovingPictures.SelectedMovie.genres</label>
		  <posX>410</posX>
		  <posY>305</posY>
		  <width>360</width>
		  <font>mediastream10</font>
		  <shadowAngle>45</shadowAngle>
		  <shadowDistance>2</shadowDistance>
		  <shadowColor>ff222222</shadowColor>
		  <visible>facadeview.filmstrip+control.isvisible(50)</visible>
		</control>
		
		<control>
		  <type>label</type>
		  <label>#MovingPictures.SelectedMovie.year</label>
		  <posX>410</posX>
		  <posY>325</posY>
		  <width>360</width>
		  <font>mediastream10</font>
		  <shadowAngle>45</shadowAngle>
		  <shadowDistance>2</shadowDistance>
		  <shadowColor>ff222222</shadowColor>
		  <visible>facadeview.filmstrip+control.isvisible(50)</visible>
		</control>
		
		<control>
		  <type>label</type>
		  <label>#MovingPictures.SelectedMovie.runtime.localized.long</label>
		  <posX>410</posX>
		  <posY>345</posY>
		  <width>360</width>
		  <font>mediastream10</font>
		  <shadowAngle>45</shadowAngle>
		  <shadowDistance>2</shadowDistance>
		  <shadowColor>ff222222</shadowColor>
		  <visible>facadeview.filmstrip+control.isvisible(50)</visible>
		</control>
		
		<control>
		  <type>label</type>
		  <label>#MovingPictures.Translation.Rated.Label #MovingPictures.SelectedMovie.certification</label>
		  <posX>410</posX>
		  <posY>365</posY>
		  <width>360</width>
		  <font>mediastream10</font>
		  <shadowAngle>45</shadowAngle>
		  <shadowDistance>2</shadowDistance>
		  <shadowColor>ff222222</shadowColor>
		  <visible>facadeview.filmstrip+control.isvisible(50)+!string.equals(#MovingPictures.SelectedMovie.certification,)</visible>
		</control>
		
		<control>		  
		  <description>Star Rating Label</description>
		  <type>label</type>
		  <id>0</id>
		  <posX>410</posX>
		  <posY>410</posY>
		  <width>300</width>
		  <font>mediastream12tc</font>
		  <label>#MovingPictures.Translation.StarRating.Label</label>
		  <textcolor>ffFFFFFF</textcolor>
		  <shadowAngle>45</shadowAngle>
		  <shadowDistance>2</shadowDistance>
		  <shadowColor>ff222222</shadowColor>
		  <visible>facadeview.filmstrip+control.isvisible(50)</visible>
		</control>	
		<control>
		  <type>image</type>
		  <id>1001</id>
		  <posX>410</posX>
		  <posY>432</posY>
		  <width>115</width>
		  <height>23</height>		  
		  <align>left</align>		  
		  <texture>star#MovingPictures.SelectedMovie.score.rounded.png</texture>
		  <visible>facadeview.filmstrip+control.isvisible(50)+!string.equals(#MovingPictures.SelectedMovie.score.rounded,)</visible>
		</control>		
		<control>
		  <type>label</type>
		  <label>#MovingPictures.SelectedMovie.score.localized / 10</label>
		  <posX>410</posX>
		  <posY>457</posY>
		  <width>360</width>
		  <font>mediastream10</font>
		  <shadowAngle>45</shadowAngle>
		  <shadowDistance>2</shadowDistance>
		  <shadowColor>ff222222</shadowColor>
		  <visible>facadeview.filmstrip+control.isvisible(50)+!string.equals(#MovingPictures.SelectedMovie.score.rounded,)</visible>
		</control>
		
		<control>
		  <description>Director Label</description>
		  <type>label</type>
		  <id>0</id>
		  <posX>875</posX>
		  <posY>280</posY>
		  <width>300</width>
		  <font>mediastream12tc</font>
		  <label>#MovingPictures.Translation.Director.Label</label>
		  <textcolor>ffFFFFFF</textcolor>
		  <shadowAngle>45</shadowAngle>
		  <shadowDistance>2</shadowDistance>
		  <shadowColor>ff222222</shadowColor>
		  <visible>facadeview.filmstrip+control.isvisible(50)</visible>
		</control>		
		<control>
		  <id>0</id>	
		  <type>label</type>
		  <label>#MovingPictures.SelectedMovie.extra.directors.1</label>
		  <posX>875</posX>
		  <posY>305</posY>
		  <width>360</width>
		  <font>mediastream10</font>
		  <shadowAngle>45</shadowAngle>
		  <shadowDistance>2</shadowDistance>
		  <shadowColor>ff222222</shadowColor>
		  <visible>facadeview.filmstrip+control.isvisible(50)</visible>
		</control>
		
		<control>
		  <description>Writer Label</description>
		  <type>label</type>
		  <id>0</id>
		  <posX>875</posX>
		  <posY>335</posY>
		  <width>300</width>
		  <font>mediastream12tc</font>
		  <label>#MovingPictures.Translation.Writer.Label</label>
		  <textcolor>ffFFFFFF</textcolor>
		  <shadowAngle>45</shadowAngle>
		  <shadowDistance>2</shadowDistance>
		  <shadowColor>ff222222</shadowColor>
		  <visible>facadeview.filmstrip+control.isvisible(50)</visible>
		</control>		
		<control>
		  <id>0</id>	
		  <type>label</type>
		  <label>#MovingPictures.SelectedMovie.extra.writers.1</label>
		  <posX>875</posX>
		  <posY>360</posY>
		  <width>360</width>
		  <font>mediastream10</font>
		  <shadowAngle>45</shadowAngle>
		  <shadowDistance>2</shadowDistance>
		  <shadowColor>ff222222</shadowColor>
		  <visible>facadeview.filmstrip+control.isvisible(50)</visible>
		</control>
		
		<control>
		  <description>Actors Label</description>
		  <type>label</type>
		  <id>0</id>
		  <posX>875</posX>
		  <posY>410</posY>
		  <width>300</width>
		  <font>mediastream12tc</font>
		  <label>#MovingPictures.Translation.Actors.Label</label>
		  <textcolor>ffFFFFFF</textcolor>
		  <shadowAngle>45</shadowAngle>
		  <shadowDistance>2</shadowDistance>
		  <shadowColor>ff222222</shadowColor>
		  <visible>facadeview.filmstrip+control.isvisible(50)</visible>
		</control>		
		<control>
		  <id>0</id>	
		  <type>textboxscrollup</type>
		  <label>#MovingPictures.SelectedMovie.actors</label>
		  <posX>875</posX>
		  <posY>435</posY>
		  <width>380</width>
		  <height>50</height>
		  <font>mediastream10</font>
		  <shadowAngle>45</shadowAngle>
		  <shadowDistance>2</shadowDistance>
		  <shadowColor>ff222222</shadowColor>
		  <visible>facadeview.filmstrip+control.isvisible(50)</visible>
		</control>
		
	</controls>
</window>