﻿<?xml version="1.0" encoding="utf-8"?>
<!-- 
This file should contain the list view
-->
<window>
	<controls>
	
		<control>
		  <description>Cover Art</description>
		  <type>image</type>
		  <id>60</id>
		  <posX>31</posX>
		  <posY>254</posY>
		  <width>257</width>
		  <height>380</height>
		  <texture>#MovingPictures.Coverart</texture>
		  <visible>facadeview.list+control.isvisible(50)</visible>		  
		</control>    
		<control>
		  <description>Cover Art Glass Overlay</description>
		  <type>image</type>
		  <id>0</id>
		  <posX>31</posX>
		  <posY>254</posY>
		  <width>228</width>
		  <height>177</height>
		  <texture>glassoverlay2.png</texture>
		  <visible>facadeview.list+control.isvisible(50)+Control.HasThumb(60)</visible>
		</control>
		
		<control>
		  <description>Watched Icon Background</description>
		  <type>image</type>
		  <id>0</id>
		  <posX>256</posX>
		  <posY>284</posY>
		  <width>32</width>
		  <height>39</height>
		  <texture>overlaywubg.png</texture>
		  <visible>facadeview.list+control.isvisible(50)+Control.HasThumb(60)</visible>
		</control>  
		<control>
		  <description>Watched Icon</description>
		  <type>image</type>
		  <id>0</id>
		  <posX>263</posX>
		  <posY>288</posY>
		  <width>23</width>
		  <height>23</height>
		  <texture>overlaywatched.png</texture>
		  <visible>facadeview.list+control.isvisible(50)+control.isvisible(9)+Control.HasThumb(60)</visible>
		</control>    
		<control>
		  <description>Un-Watched Icon</description>
		  <type>image</type>
		  <id>0</id>
		  <posX>263</posX>
		  <posY>288</posY>
		  <width>23</width>
		  <height>23</height>
		  <texture>overlayunwatched.png</texture>
		  <visible>facadeview.list+control.isvisible(50)+!control.isvisible(9)+Control.HasThumb(60)</visible>
		</control>
		
		<control>
		  <description>Movie Title Shadow</description>
		  <type>label</type>
		  <id>0</id>
		  <posX>309</posX>
		  <posY>252</posY>
		  <width>900</width>
		  <font>mediastream16tc</font>
		  <label>#MovingPictures.SelectedMovie.title</label>
		  <textcolor>ff222222</textcolor>		 
		  <visible>facadeview.list+control.isvisible(50)</visible>
		</control>
		<control>
		  <description>Movie Title</description>
		  <type>label</type>
		  <id>0</id>
		  <posX>308</posX>
		  <posY>251</posY>
		  <width>900</width>
		  <font>mediastream16tc</font>
		  <label>#MovingPictures.SelectedMovie.title</label>
		  <textcolor>ffFFFFFF</textcolor>		 
		  <visible>facadeview.list+control.isvisible(50)</visible>
		</control>

		<control>
		  <description>Genres</description>
		  <type>label</type>
		  <label>#MovingPictures.SelectedMovie.genres</label>
		  <id>0</id>
		  <posX>309</posX>
		  <posY>282</posY>
		  <width>900</width>
		  <font>mediastream11tc</font>
		  <textcolor>ff909090</textcolor>
		  <shadowAngle>45</shadowAngle>
		  <shadowDistance>2</shadowDistance>
		  <shadowColor>ff222222</shadowColor>
		  <visible>facadeview.list+control.isvisible(50)</visible>
		</control>
		   
		<control>
		  <id>0</id>
		  <type>label</type>
		  <label>#MovingPictures.SelectedMovie.score.localized / 10</label>
		  <posX>430</posX>
		  <posY>305</posY>	
		  <width>200</width>
		  <align>left</align>
		  <font>mediastream11c</font>
		  <shadowAngle>45</shadowAngle>
		  <shadowDistance>2</shadowDistance>
		  <shadowColor>ff222222</shadowColor>
		  <visible>facadeview.list+control.isvisible(50)+!string.equals(#MovingPictures.SelectedMovie.score.rounded,)</visible>
		</control>
		<control>
		  <type>image</type>
		  <id>101</id>
		  <width>115</width>
		  <height>22</height>
		  <posX>309</posX>
		  <posY>305</posY>	  
		  <align>right</align>		  
		  <texture>star#MovingPictures.SelectedMovie.score.rounded.png</texture>		  
		  <visible>facadeview.list+control.isvisible(50)+!string.equals(#MovingPictures.SelectedMovie.score.rounded,)</visible>
		</control>
		
		<control>
		  <description>Summary</description>
		  <type>textboxscrollup</type>
		  <id>0</id>
		  <posX>308</posX>
		  <posY>338</posY>
		  <width>475</width>
		  <height>223</height>
		  <textcolor>ffFFFFFF</textcolor>
		  <seperator>-----------------------------------------------------------------------------------</seperator>
		  <font>mediastream11</font>
		  <label>#MovingPictures.SelectedMovie.summary</label>
		  <visible>facadeview.list+control.isvisible(50)</visible>
		</control>

		<!-- Use Custom shadows to avoid width bug in MP 1.1.0 -->
		<control Style="smallTitleB">
		  <description>Certification Label Shadow</description>		  
		  <type>label</type>
		  <label>#MovingPictures.Translation.Certification.Label</label>
		  <posX>311</posX>
		  <posY>573</posY>
		  <textcolor>ff111111</textcolor>
		  <visible>facadeview.list+control.isvisible(50)</visible>
		</control>		
		<control Style="smallTitleB">	  
		  <description>Certification Label</description>
		  <id>0</id>
		  <type>label</type>
		  <label>#MovingPictures.Translation.Certification.Label</label>
		  <posX>310</posX>
		  <posY>572</posY>
		  <width>140</width>
		  <visible>facadeview.list+control.isvisible(50)</visible>
		</control>
		<control Style="smallTitle">
		  <description>Certification</description>
		  <id>1001</id>
		  <type>label</type>
		  <label>#MovingPictures.SelectedMovie.certification</label>
		  <posX>470</posX>
		  <posY>573</posY>
		  <width>200</width>		  
		  <shadowAngle>45</shadowAngle>
		  <shadowDistance>2</shadowDistance>
		  <shadowColor>ff222222</shadowColor>
		  <visible>facadeview.list+control.isvisible(50)</visible>
		</control>
		<control Style="smallTitle">
		  <description>Certification N/A</description>
		  <id>0</id>
		  <type>label</type>
		  <label>N/A</label>
		  <posX>470</posX>
		  <posY>573</posY>
		  <width>200</width>		  
		  <shadowAngle>45</shadowAngle>
		  <shadowDistance>2</shadowDistance>
		  <shadowColor>ff222222</shadowColor>
		  <visible>facadeview.list+control.isvisible(50)+!Control.HasText(1001)</visible>
		</control>
		
		<control Style="smallTitleB">
		  <description>Runtime Label Shadow</description>		  
		  <type>label</type>
		  <label>#MovingPictures.Translation.Runtime.Label</label>
		  <posX>311</posX>
		  <posY>595</posY>
		  <textcolor>ff111111</textcolor>
		  <visible>facadeview.list+control.isvisible(50)</visible>
		</control>
		<control Style="smallTitleB">	  
		  <description>Runtime Label</description>
		  <id>0</id>
		  <type>label</type>
		  <label>#MovingPictures.Translation.Runtime.Label</label>
		  <posX>310</posX>
		  <posY>594</posY>
		  <width>140</width>
		  <visible>facadeview.list+control.isvisible(50)</visible>
		</control>
		<control Style="smallTitle">
		  <description>Runtime</description>
		  <id>1002</id>
		  <type>label</type>
		  <label>#MovingPictures.SelectedMovie.extra.runtime.en.pretty</label>
		  <posX>470</posX>
		  <posY>595</posY>
		  <width>200</width>		  
		  <shadowAngle>45</shadowAngle>
		  <shadowDistance>2</shadowDistance>
		  <shadowColor>ff222222</shadowColor>
		  <visible>facadeview.list+control.isvisible(50)</visible>
		</control>
		<control Style="smallTitle">
		  <description>Runtime N/A</description>
		  <id>0</id>
		  <type>label</type>
		  <label>N/A</label>
		  <posX>470</posX>
		  <posY>595</posY>
		  <width>200</width>		  
		  <shadowAngle>45</shadowAngle>
		  <shadowDistance>2</shadowDistance>
		  <shadowColor>ff222222</shadowColor>
		  <visible>facadeview.list+control.isvisible(50)+!Control.HasText(1002)</visible>
		</control>
		
		<control Style="smallTitleB">
		  <description>Year Label Shadow</description>		  
		  <type>label</type>
		  <label>#MovingPictures.Translation.Year.Label</label>
		  <posX>311</posX>
		  <posY>617</posY>
		  <textcolor>ff111111</textcolor>
		  <visible>facadeview.list+control.isvisible(50)</visible>
		</control>
		<control Style="smallTitleB">
		  <description>Year Label</description>		  
		  <type>label</type>
		  <label>#MovingPictures.Translation.Year.Label</label>
		  <posX>310</posX>
		  <posY>616</posY>
		  <width>140</width>
		  <visible>facadeview.list+control.isvisible(50)</visible>
		</control>
		<control Style="smallTitle">
		  <description>Year</description>
		  <id>1003</id>
		  <type>label</type>
		  <label>#MovingPictures.SelectedMovie.year</label>
		  <posX>470</posX>
		  <posY>617</posY>
		  <shadowAngle>45</shadowAngle>
		  <shadowDistance>2</shadowDistance>
		  <shadowColor>ff222222</shadowColor>
		  <visible>facadeview.list+control.isvisible(50)</visible>
		</control>
		<control Style="smallTitle">
		  <description>Year N/A</description>
		  <id>0</id>
		  <type>label</type>
		  <label>N/A</label>
		  <posX>470</posX>
		  <posY>617</posY>
		  <shadowAngle>45</shadowAngle>
		  <shadowDistance>2</shadowDistance>
		  <shadowColor>ff222222</shadowColor>
		  <visible>facadeview.list+control.isvisible(50)+!Control.HasText(1003)</visible>
		</control>		
		
	</controls>
</window>