<window>
	<controls>
		<!-- used for determining if in details view -->
		<control>
			<description>Movie Border</description>
			<type>image</type>
			<id>23</id>
			<posX>-100</posX>
			<posY>-100</posY>
		</control>
		<!-- used for determining if in details view -->
		<control>
			<description>Movie Poster</description>
			<type>image</type>
			<id>24</id>
			<posX>-100</posX>
			<posY>-100</posY>
		</control>
		<!-- used for determining if theater was selected -->
		<control>
			<description>Showtimes</description>
			<type>fadelabel</type>
			<id>46</id>
			<posX>-100</posX>
			<posY>-100</posY>
		</control>
		<!-- used for determining if currently in theater/date list view -->
		<control>
			<description>TheaterList</description>
			<type>fadelabel</type>
			<id>47</id>
			<posX>-100</posX>
			<posY>-100</posY>
		</control>
	</controls>
</window>