﻿<?xml version="1.0" encoding="utf-8" standalone="yes"?>
<window>
  <controls>
    <control>
      <type>label</type>
      <posX>505</posX>
      <posY>305</posY>
      <width>340</width>
      <align>center</align>
      <label>StreamedMP v1.2.1.1570</label>
      <textcolor>ffffff</textcolor>
      <colordiffuse>40ffffff</colordiffuse>
      <font>mediastream12tc</font>
      <visible>Control.HasFocus(7888)|Control.HasFocus(7999)|Control.HasFocus(7777)</visible>
    </control>
  </controls>
</window>