﻿<?xml version="1.0" encoding="utf-8"?>
<window>
  <id>30</id>
  <defaultcontrol>2</defaultcontrol>
  <allowoverlay>no</allowoverlay>
  <define>#header.label:For The Record</define>
  <define>#header.hover:hover_my radio.png</define>
  <define>#header.image:-</define>
  <define>#header.BG.colordiffuse:ffffffff</define>
  <!--Default ffffffff-->
  <define>#header.BG.overlay:tvviewbg.png</define>
  <!--Default tvviewbg.png filmstrip_overlay.png mainoverlay.png movieviewbg.png -->
  <controls>
    <import>common.window.default.xml</import>
    <import>common.time.xml</import>
    <control>
      <type>group</type>
      <description>group element</description>
      <posX>80</posX>
      <posY>100</posY>
      <width>300</width>
      <height>80</height>
      <layout>StackLayout</layout>
      <control>
        <description>TVGuide</description>
        <type>button</type>
        <id>2</id>
        <label>TV Guide</label>
        <onup>8</onup>
        <ondown>3</ondown>
        <onright>99</onright>
        <textcolor>ffffffff</textcolor>
        <textcolorNoFocus>bfffffff</textcolorNoFocus>
        <font>mediastream12tc</font>
        <height>40</height>
        <width>300</width>
        <textYOff>8</textYOff>
        <textXOff>20</textXOff>
        <textureFocus>tv_button_focus.png</textureFocus>
        <textureNoFocus>tv_button_ no_focus.png</textureNoFocus>
        <animation effect="fade" time="250">WindowOpen</animation>
        <animation effect="fade" time="250">WindowClose</animation>
        <animation effect="zoom" start="100,100" end="110,100" center="433,81" time="300">focus</animation>
        <animation effect="zoom" start="110,100" end="100,100" center="433,81" time="500">unfocus</animation>
      </control>
      <control>
        <description>Search TVGuide</description>
        <type>button</type>
        <id>3</id>
        <label>Search</label>
        <onup>2</onup>
        <ondown>4</ondown>
        <onright>99</onright>
        <textcolor>ffffffff</textcolor>
        <textcolorNoFocus>bfffffff</textcolorNoFocus>
        <font>mediastream12tc</font>
        <height>40</height>
        <width>300</width>
        <textYOff>8</textYOff>
        <textXOff>20</textXOff>
        <textureFocus>tv_button_focus.png</textureFocus>
        <textureNoFocus>tv_button_ no_focus.png</textureNoFocus>
        <animation effect="fade" time="250">WindowOpen</animation>
        <animation effect="fade" time="250">WindowClose</animation>
        <animation effect="zoom" start="100,100" end="110,100" center="433,81" time="300">focus</animation>
        <animation effect="zoom" start="110,100" end="100,100" center="433,81" time="500">unfocus</animation>
%      </control>
      <control>
        <description>Recordings</description>
        <type>button</type>
        <id>4</id>
        <label>Recorded TV</label>
        <onup>3</onup>
        <ondown>5</ondown>
        <onright>99</onright>
        <textcolor>ffffffff</textcolor>
        <textcolorNoFocus>bfffffff</textcolorNoFocus>
        <font>mediastream12tc</font>
        <height>40</height>
        <width>300</width>
        <textYOff>8</textYOff>
        <textXOff>20</textXOff>
        <textureFocus>tv_button_focus.png</textureFocus>
        <textureNoFocus>tv_button_ no_focus.png</textureNoFocus>
        <animation effect="fade" time="250">WindowOpen</animation>
        <animation effect="fade" time="250">WindowClose</animation>
        <animation effect="zoom" start="100,100" end="110,100" center="433,81" time="300">focus</animation>
        <animation effect="zoom" start="110,100" end="100,100" center="433,81" time="500">unfocus</animation>
      </control>
      <control>
        <description>Channel button</description>
        <type>button</type>
        <id>5</id>
        <label>602</label>
        <onup>4</onup>
        <ondown>6</ondown>
        <onright>99</onright>
        <onright>99</onright>
        <textcolor>ffffffff</textcolor>
        <textcolorNoFocus>bfffffff</textcolorNoFocus>
        <font>mediastream12tc</font>
        <height>40</height>
        <width>300</width>
        <textYOff>8</textYOff>
        <textXOff>20</textXOff>
        <textureFocus>tv_button_focus.png</textureFocus>
        <textureNoFocus>tv_button_ no_focus.png</textureNoFocus>
        <animation effect="fade" time="250">WindowOpen</animation>
        <animation effect="fade" time="250">WindowClose</animation>
        <animation effect="zoom" start="100,100" end="110,100" center="433,81" time="300">focus</animation>
        <animation effect="zoom" start="110,100" end="100,100" center="433,81" time="500">unfocus</animation>
      </control>
      <control>
        <description>TV On/Off button</description>
        <type>togglebutton</type>
        <id>6</id>
        <label>707</label>
        <onup>5</onup>
        <ondown>7</ondown>
        <onright>99</onright>
        <textcolor>ffffffff</textcolor>
        <textcolorNoFocus>bfffffff</textcolorNoFocus>
        <font>mediastream12tc</font>
        <height>40</height>
        <textYOff>8</textYOff>
        <textXOff>20</textXOff>
        <textureNoFocus>tv_button_no_focus_ledon.png</textureNoFocus>
        <AltTextureFocus>tv_button_focus_ledoff.png</AltTextureFocus>
        <AltTextureNoFocus>tv_button_no_focus_ledoff.png</AltTextureNoFocus>
        <animation effect="fade" time="250">WindowOpen</animation>
        <animation effect="fade" time="250">WindowClose</animation>
        <animation effect="zoom" start="100,100" end="110,100" center="433,81" time="300">focus</animation>
        <animation effect="zoom" start="110,100" end="100,100" center="433,81" time="500">unfocus</animation>
      </control>
      <control>
        <description>UpcomingPrograms</description>
        <type>button</type>
        <id>7</id>
        <label>Upcoming Programs</label>
        <onup>6</onup>
        <ondown>8</ondown>
        <onright>99</onright>
        <textcolor>ffffffff</textcolor>
        <textcolorNoFocus>bfffffff</textcolorNoFocus>
        <font>mediastream12tc</font>
        <height>40</height>
        <width>300</width>
        <textYOff>8</textYOff>
        <textXOff>20</textXOff>
        <textureFocus>tv_button_focus.png</textureFocus>
        <textureNoFocus>tv_button_ no_focus.png</textureNoFocus>
        <animation effect="fade" time="250">WindowOpen</animation>
        <animation effect="fade" time="250">WindowClose</animation>
        <animation effect="zoom" start="100,100" end="110,100" center="433,81" time="300">focus</animation>
        <animation effect="zoom" start="110,100" end="100,100" center="433,81" time="500">unfocus</animation>
      </control>
      <control>
        <description>ActiveRecordings</description>
        <type>button</type>
        <id>8</id>
        <label>Active Recordings</label>
        <onup>7</onup>
        <onright>99</onright>
        <textcolor>ffffffff</textcolor>
        <textcolorNoFocus>bfffffff</textcolorNoFocus>
        <font>mediastream12tc</font>
        <height>40</height>
        <width>300</width>
        <textYOff>8</textYOff>
        <textXOff>20</textXOff>
        <textureFocus>tv_button_focus.png</textureFocus>
        <textureNoFocus>tv_button_ no_focus.png</textureNoFocus>
        <animation effect="fade" time="250">WindowOpen</animation>
        <animation effect="fade" time="250">WindowClose</animation>
        <animation effect="zoom" start="100,100" end="110,100" center="433,81" time="300">focus</animation>
        <animation effect="zoom" start="110,100" end="100,100" center="433,81" time="500">unfocus</animation>
        <ondown>2</ondown>
      </control>
    </control>
    <control>
      <description>TV background</description>
      <type>image</type>
      <id>1</id>
      <posX>476</posX>
      <posY>100</posY>
      <width>682</width>
      <height>379</height>
      <texture>tv_frame.png</texture>
      <animation effect="fade" time="250">WindowOpen</animation>
      <animation effect="fade" time="250">WindowClose</animation>
    </control>
    <control>
      <description>video window</description>
      <type>image</type>
      <id>0</id>
      <posX>509</posX>
      <posY>119</posY>
      <width>616</width>
      <height>319</height>
      <texture>tv_black.png</texture>
      <animation effect="fade" time="250">WindowOpen</animation>
      <animation effect="fade" time="250">WindowClose</animation>
    </control>
    <control>
      <description>video window</description>
      <type>videowindow</type>
      <id>99</id>
      <posX>506</posX>
      <posY>116</posY>
      <width>622</width>
      <height>325</height>
      <onup>8</onup>
      <ondown>10</ondown>
      <action>18</action>
      <textureFocus>tv_blue_border.png</textureFocus>
    </control>
    <control>
      <type>image</type>
      <id>0</id>
      <posX>516</posX>
      <posY>470</posY>
      <width>602</width>
      <height>20</height>
      <texture>osdprogressback.png</texture>
      <keepaspectratio>no</keepaspectratio>
      <animation effect="fade" time="250">WindowOpen</animation>
      <animation effect="fade" time="250">WindowClose</animation>
    </control>
    <control>
      <description>progress bar</description>
      <type>progress</type>
      <id>20</id>
      <posX>506</posX>
      <posY>470</posY>
      <width>622</width>
      <label>#TV.View.Percentage</label>
      <visible>yes</visible>
      <animation effect="fade" time="250">WindowOpen</animation>
      <animation effect="fade" time="250">WindowClose</animation>
    </control>
    <control>
      <description>Channel label</description>
      <type>label</type>
      <id>13</id>
      <posX>1280</posX>
      <posY>590</posY>
      <label>#Radio.View.title</label>
      <font>mediastream12tc</font>
      <align>right</align>
      <visible>false</visible>
      <animation effect="fade" time="250">WindowOpen</animation>
      <animation effect="fade" time="250">WindowClose</animation>
    </control>
    <control>
      <description>Current program time Shadow</description>
      <type>label</type>
      <id>13</id>
      <posX>1142</posX>
      <posY>70</posY>
      <label>#Radio.View.start-#Radio.View.stop</label>
      <textcolor>ff111111</textcolor>
      <font>mediastream16tc</font>
      <align>right</align>
      <animation effect="fade" time="250">WindowOpen</animation>
      <animation effect="fade" time="250">WindowClose</animation>
    </control>
    <control>
      <description>Current program time</description>
      <type>label</type>
      <id>13</id>
      <posX>1140</posX>
      <posY>72</posY>
      <label>#Radio.View.start - #Radio.View.stop</label>
      <font>mediastream16tc</font>
      <textcolor>ffffffff</textcolor>
      <align>right</align>
      <animation effect="fade" time="250">WindowOpen</animation>
      <animation effect="fade" time="250">WindowClose</animation>
    </control>
    <control>
      <description>Current Channelname Shadow</description>
      <type>fadelabel</type>
      <id>13</id>
      <posX>222</posX>
      <posY>509</posY>
      <width>730</width>
      <label>#Radio.View.channel</label>
      <font>mediastream16tc</font>
      <align>left</align>
      <textcolor>ff222222</textcolor>
      <animation effect="fade" time="250">WindowOpen</animation>
      <animation effect="fade" time="250">WindowClose</animation>
    </control>
    <control>
      <description>Current Channelname</description>
      <type>fadelabel</type>
      <id>13</id>
      <posX>220</posX>
      <posY>507</posY>
      <width>730</width>
      <label>#Radio.View.channel</label>
      <font>mediastream16tc</font>
      <align>left</align>
      <textcolor>ffffffff</textcolor>
      <animation effect="fade" time="250">WindowOpen</animation>
      <animation effect="fade" time="250">WindowClose</animation>
    </control>
    <control>
      <description>Description1</description>
      <type>textboxscrollup</type>
      <id>15</id>
      <posX>250</posX>
      <posY>570</posY>
      <width>970</width>
      <height>135</height>
      <seperator>__________________________________________________________________________________________________________</seperator>
      <label>#Radio.View.description</label>
      <font>font14</font>
      <animation effect="fade" time="250">WindowOpen</animation>
      <animation effect="slide" time="150" end="1300,0">WindowClose</animation>
    </control>
    <!--     <control>
      <description>rectangle</description>
      <type>image</type>
      <id>21</id>
      <posX>970</posX>
      <posY>109</posY>
      <width>130</width>
      <height>135</height>
      <texture>tv_background.png</texture>
      <colordiffuse>White</colordiffuse>
    </control> -->
    <control>
      <description>Recording Channel</description>
      <type>image</type>
      <id>22</id>
      <posX>25</posX>
      <posY>540</posY>
      <width>150</width>
      <height>150</height>
      <texture flipY="true" diffuse="diffusemirrorwide.png">#TV.View.thumb</texture>
      <keepaspectratio>yes</keepaspectratio>
      <animation effect="slide" start="0,-50" tween="bounce" time="700" delay="100">WindowOpen</animation>
      <animation effect="rotatey" start="0" end="-131" center="15,0" time="500" reversible="false">WindowClose</animation>
    </control>
    <control>
      <description>record info label</description>
      <type>fadelabel</type>
      <id>23</id>
      <width>346</width>
      <posX>1000</posX>
      <posY>245</posY>
      <label>#Radio.Record.channel\r#Radio.Record.title\r#Radio.Record.start-#Radio.Record.stop</label>
      <font>font12</font>
      <font>mediastream12tc</font>
      <align>right</align>
      <textcolor>ff111111</textcolor>
      <animation effect="fade" time="250">WindowOpen</animation>
      <animation effect="fade" time="250">WindowClose</animation>
    </control>
    <control>
      <description>record pin</description>
      <type>image</type>
      <id>24</id>
      <posX>14</posX>
      <posY>16</posY>
      <width>18</width>
      <height>18</height>
      <visible>no</visible>
      <texture>tvguide_record_button.png</texture>
      <animation effect="fade" time="250">WindowClose</animation>
      <animation effect="fade" time="250">WindowOpen</animation>
    </control>
  </controls>
</window>