﻿<?xml version="1.0" encoding="utf-8" standalone="yes"?>
<window>
  <id>49849</id>
  <defaultcontrol>10</defaultcontrol>
  <allowoverlay>no</allowoverlay>
  <define>#currentmodule:TV/Active Recordings</define>
  <define>#useRandomTVSeriesFanart:Yes</define>
  <controls>
    <import>common.window.tv.xml</import>
    <import>common.time.xml</import>
    <control>
      <description>group element</description>
      <type>group</type>
      <id>0</id>
      <animation effect="fade" time="250">WindowOpen</animation>
      <animation effect="fade" time="250">WindowClose</animation>
      <animation effect="slide" time="150" start="800,0">WindowOpen</animation>
      <animation effect="slide" time="250" end="800,0">WindowClose</animation>
      <control>
        <type>listcontrol</type>
        <description>active recordings listcontrol</description>
        <id>10</id>
        <posX>620</posX>
        <posY>240</posY>
        <height>450</height>
        <width>660</width>
        <selectedColor>80000000</selectedColor>
        <textcolor>ffffffff</textcolor>
        <selectedColor2>ffffffff</selectedColor2>
        <textcolor2>ffffffff</textcolor2>
        <textXOff>50</textXOff>
        <textXOff2>650</textXOff2>
        <textXOff3>158</textXOff3>
        <textYOff2>45</textYOff2>
        <textYOff3>47</textYOff3>
        <font>font14</font>
        <font2>mediastream10c</font2>
        <font3>mediastream10c</font3>
        <itemWidth>80</itemWidth>
        <itemHeight>80</itemHeight>
        <IconXOff>3</IconXOff>
        <IconYOff>2</IconYOff>
        <PinIconWidth>20</PinIconWidth>
        <PinIconHeight>20</PinIconHeight>
        <PinIconXOff>97</PinIconXOff>
        <PinIconYOff>32</PinIconYOff>
        <spaceBetweenItems>0</spaceBetweenItems>
        <textureHeight>84</textureHeight>
        <scrollOffset>1</scrollOffset>
        <spinPosX>1249</spinPosX>
        <spinPosY>691</spinPosY>
        <spinAlign>Right</spinAlign>
        <onleft>99</onleft>
        <onright>99</onright>
        <unfocusedAlpha>0xFF</unfocusedAlpha>
        <keepaspectratio>yes</keepaspectratio>
      </control>
      <control>
        <type>fadelabel</type>
        <description>Current program title</description>
        <id>13</id>
        <posX>28</posX>
        <posY>460</posY>
        <width>600</width>
        <font>mediastream12tc</font>
        <textcolor>ff909090</textcolor>
        <label>#TV.Active.Title</label>
        <animation effect="fade" time="250">WindowOpen</animation>
        <animation effect="fade" time="250">WindowClose</animation>
        <animation effect="slide" time="150" start="-800,0">WindowOpen</animation>
        <animation effect="slide" time="250" end="-800,0">WindowClose</animation>
      </control>
      <control>
        <type>label</type>
        <description>Current program time</description>
        <id>14</id>
        <posX>28</posX>
        <posY>517</posY>
        <label>#TV.Active.Time</label>
        <animation effect="fade" time="250">WindowOpen</animation>
        <animation effect="fade" time="250">WindowClose</animation>
        <animation effect="slide" time="150" start="-800,0">WindowOpen</animation>
        <animation effect="slide" time="250" end="-800,0">WindowClose</animation>
      </control>
      <control>
        <type>textboxscrollup</type>
        <description>Description1</description>
        <id>15</id>
        <posX>28</posX>
        <posY>540</posY>
        <width>600</width>
        <height>120</height>
        <seperator>----------------------------------------------------------------------------------------</seperator>
        <font>mediastream11</font>
        <label>#TV.Active.Description</label>
        <animation effect="fade" time="250">WindowOpen</animation>
        <animation effect="fade" time="250">WindowClose</animation>
        <animation effect="slide" time="150" start="-800,0">WindowOpen</animation>
        <animation effect="slide" time="250" end="-800,0">WindowClose</animation>
      </control>
    </control>
    <import>common.overlays.xml</import>
  </controls>
</window>