<?xml version="1.0" encoding="UTF-8"?>
<window>
  <controls>
    <control>
      <description>OSD Seek Frame Image</description>
      <type>image</type>
      <id>0</id>
      <posX>1095</posX>
      <posY>607</posY>
      <width>111</width>
      <height>53</height>
      <visible>player.forwarding|player.rewinding</visible>
      <texture>osdseekframe.png</texture>
    </control>
    <control>
      <description>FastForward Image</description>
      <type>image</type>
      <id>0</id>
      <posX>1200</posX>
      <posY>609</posY>
      <width>16</width>
      <height>50</height>
      <visible>player.forwarding</visible>
      <animation effect="fade" start="20" time="100" condition="true" pulse="true">Conditional</animation>
      <texture>osdseekforward.png</texture>
    </control>
    <control>
      <description>Rewind Image</description>
      <type>image</type>
      <id>0</id>
      <posX>1085</posX>
      <posY>609</posY>
      <width>16</width>
      <height>50</height>
      <visible>player.rewinding</visible>
      <animation effect="fade" start="20" time="100" condition="true" pulse="true">Conditional</animation>
      <texture>osdseekrewind.png</texture>
    </control>
    <control>
      <description>2x image</description>
      <type>image</type>
      <id>0</id>
      <posX>1138</posX>
      <posY>613</posY>
      <width>42</width>
      <height>42</height>
      <visible>player.forwarding2x</visible>
      <texture>osd2x.png</texture>
      <colordiffuse>ff888888</colordiffuse>
    </control>
    <control>
      <description>4x image</description>
      <type>image</type>
      <id>0</id>
      <posX>1143</posX>
      <posY>613</posY>
      <width>42</width>
      <height>42</height>
      <visible>player.forwarding4x</visible>
      <texture>osd4x.png</texture>
      <colordiffuse>ff888888</colordiffuse>
    </control>
    <control>
      <description>8x image</description>
      <type>image</type>
      <id>0</id>
      <posX>1148</posX>
      <posY>613</posY>
      <width>42</width>
      <height>42</height>
      <visible>player.forwarding8x</visible>
      <texture>osd8x.png</texture>
      <colordiffuse>ff888888</colordiffuse>
    </control>
    <control>
      <description>16x image</description>
      <type>image</type>
      <id>0</id>
      <posX>1153</posX>
      <posY>613</posY>
      <width>42</width>
      <height>42</height>
      <visible>player.forwarding16x</visible>
      <texture>osd16x.png</texture>
      <colordiffuse>ff888888</colordiffuse>
    </control>
    <control>
      <description>32x image</description>
      <type>image</type>
      <id>0</id>
      <posX>1158</posX>
      <posY>613</posY>
      <width>42</width>
      <height>42</height>
      <visible>player.forwarding32x</visible>
      <texture>osd32x.png</texture>
      <colordiffuse>ff888888</colordiffuse>
    </control>
    <!--***************** rewinding **************-->
    <control>
      <description>-32x image</description>
      <type>image</type>
      <id>0</id>
      <posX>1100</posX>
      <posY>613</posY>
      <width>42</width>
      <height>42</height>
      <visible>player.rewinding32x</visible>
      <texture>osd32x.png</texture>
      <colordiffuse>ff888888</colordiffuse>
    </control>
    <control>
      <description>-16x image</description>
      <type>image</type>
      <id>0</id>
      <posX>1105</posX>
      <posY>613</posY>
      <width>42</width>
      <height>42</height>
      <visible>player.rewinding16x</visible>
      <texture>osd16x.png</texture>
      <colordiffuse>ff888888</colordiffuse>
    </control>
    <control>
      <description>-8x image</description>
      <type>image</type>
      <id>0</id>
      <posX>1110</posX>
      <posY>613</posY>
      <width>42</width>
      <height>42</height>
      <visible>player.rewinding8x</visible>
      <texture>osd8x.png</texture>
      <colordiffuse>ff888888</colordiffuse>
    </control>
    <control>
      <description>-4x image</description>
      <type>image</type>
      <id>0</id>
      <posX>1115</posX>
      <posY>613</posY>
      <width>42</width>
      <height>42</height>
      <visible>player.rewinding4x</visible>
      <texture>osd4x.png</texture>
      <colordiffuse>ff888888</colordiffuse>
    </control>
    <control>
      <description>-2x image</description>
      <type>image</type>
      <id>0</id>
      <posX>1120</posX>
      <posY>613</posY>
      <width>42</width>
      <height>42</height>
      <visible>player.rewinding2x</visible>
      <texture>osd2x.png</texture>
      <colordiffuse>ff888888</colordiffuse>
    </control>
    <control>
      <description>pause label</description>
      <type>label</type>
      <id>16</id>
      <posX>0</posX>
      <posY>695</posY>
      <width>1280</width>
      <height>25</height>
      <align>center</align>
      <visible>no</visible>
      <label>19011</label>
      <font>mediastream12tc</font>
      <shadowAngle>45</shadowAngle>
      <shadowDistance>3</shadowDistance>
      <shadowColor>ff111111</shadowColor>
      <colordiffuse>White</colordiffuse>
      <visible>player.paused+!control.isvisible(10)</visible>
    </control>
  </controls>
</window>
