<?xml version="1.0" encoding="utf-8" standalone="yes"?>
<window>
  <id>4757</id>
  <defaultcontrol>50</defaultcontrol>
  <allowoverlay>no</allowoverlay>
  <define>#header.Extension.label:#OnlineVideos.Translation.ManageSites.Label</define>
  <define>#header.label:Online Videos</define>
  <define>#header.hover:hover_onlinevideos.png</define>
  <define>#header.BG.colordiffuse:ffffffff</define>
  <define>#header.BG.overlay:mainoverlay.png</define>
  <controls>
    <!-- *** IMPORTS *** -->
    <import>common.window.default.xml</import>
    <control>
      <description>Top Title Extension Background</description>
      <type>image</type>
      <id>1</id>
      <posX>381</posX>
      <posY>11</posY>
      <width>486</width>
      <height>36</height>
      <texture>tvtitlebg.png</texture>
      <animation effect="fade" time="300" delay="300">WindowOpen</animation>
      <animation effect="fade" time="300" delay="0">WindowClose</animation>
      <animation effect="slide" start="-514,0" end="0,0" tween="quadratic" time="300" delay="300">WindowOpen</animation>
      <animation effect="slide" start="-514,0" end="0,0" tween="quadratic" time="300" delay="300">VisibleChange</animation>
      <animation effect="slide" start="0,0" end="-514,0" tween="quadratic" time="600" delay="0">WindowClose</animation>
    </control>
    <control>
      <id>1</id>
      <description>Top Title Background</description>
      <type>image</type>
      <posX>77</posX>
      <posY>11</posY>
      <width>437</width>
      <height>35</height>
      <texture>tvtitlebg.png</texture>
      <animation effect="slide" start="-514,0" end="0,0" tween="quadratic" time="300" delay="0">WindowOpen</animation>
      <animation effect="fade" time="150">WindowClose</animation>
    </control>
    <control>
      <description>Extension label</description>
      <type>fadelabel</type>
      <id>1</id>
      <posX>839</posX>
      <posY>13</posY>
      <width>320</width>
      <align>right</align>
      <label>#header.Extension.label</label>
      <font>mediastream12c</font>
      <align>right</align>
      <animation effect="fade" time="300" delay="300">WindowOpen</animation>
      <animation effect="fade" time="230" delay="0">WindowClose</animation>
      <animation effect="slide" start="-514,0" end="0,0" tween="bounce" time="700" delay="300">WindowOpen</animation>
      <animation effect="slide" start="-514,0" end="0,0" tween="bounce" time="700" delay="300">VisibleChange</animation>
      <animation effect="slide" start="0,0" end="-514,0" tween="quadratic" time="600" delay="0">WindowClose</animation>
    </control>
    <control>
      <description>Selected item Background</description>
      <type>image</type>
      <id>0</id>
      <posX>0</posX>
      <posY>675</posY>
      <width>1280</width>
      <height>47</height>
      <texture>imagestreamtitle.png</texture>
      <animation effect="fade" time="300" delay="300">WindowOpen</animation>
      <animation effect="fade" time="230" delay="0">WindowClose</animation>
    </control>
    <control>
      <description>Selected item Label</description>
      <type>fadelabel</type>
      <id>1</id>
      <posX>25</posX>
      <posY>684</posY>
      <width>950</width>
      <font>mediastream16tc</font>
      <label>#selecteditem</label>
      <animation effect="fade" time="300" delay="300">WindowOpen</animation>
      <animation effect="fade" time="230" delay="0">WindowClose</animation>
    </control>
    <control>
      <description>Page Count Background</description>
      <type>image</type>
      <id>0</id>
      <posX>1010</posX>
      <posY>683</posY>
      <width>260</width>
      <height>32</height>
      <texture>mediacountbg_Spin.png</texture>
      <visible>yes</visible>
      <animation effect="fade" time="250">WindowOpen</animation>
      <animation effect="fade" time="250">WindowClose</animation>
      <animation effect="slide" time="150" start="800,0">WindowOpen</animation>
      <animation effect="slide" time="250" end="800,0">WindowClose</animation>
    </control>
    <control>
      <description>Page Count Label</description>
      <type>label</type>
      <label>30009</label>
      <id>0</id>
      <posX>1020</posX>
      <posY>688</posY>
      <font>mediastream12tc</font>
      <textcolor>ff909090</textcolor>
      <visible>yes</visible>
      <animation effect="fade" time="250">WindowOpen</animation>
      <animation effect="fade" time="250">WindowClose</animation>
      <animation effect="slide" time="150" start="800,0">WindowOpen</animation>
      <animation effect="slide" time="250" end="800,0">WindowClose</animation>
    </control>
    <control>
		<description>Item Count Background</description>
		<type>image</type>
		<id>0</id>
		<posX>1065</posX>
		<posY>13</posY>
		<width>202</width>
		<height>28</height>
		<texture>mediacountbg.png</texture>
		<animation effect="fade" time="250">WindowOpen</animation>
		<animation effect="fade" time="250">WindowClose</animation>
		<visible>!string.equals(#OnlineVideos.state, details)</visible>
	</control>
	<control>
		<description>Items Translation</description>
		<type>label</type>
		<label>507</label>
		<id>0</id>
		<width>90</width>
		<posX>1077</posX>
		<posY>17</posY>
		<align>left</align>
		<font>mediastream10tc</font>
		<textcolor>ff909090</textcolor>			
		<animation effect="fade" time="250">WindowOpen</animation>
		<animation effect="fade" time="250">WindowClose</animation>
		<visible>!string.equals(#OnlineVideos.state, details)</visible>
	</control>
	<control>
		<description>Item Count</description>
		<type>label</type>
		<label>#itemcount</label>
		<id>0</id>
		<posX>1240</posX>
		<posY>16</posY>
		<font>mediastream10c</font>
		<textcolor>ff006698</textcolor>
		<align>right</align>
		<animation effect="fade" time="250">WindowOpen</animation>
		<animation effect="fade" time="250">WindowClose</animation>
		<visible>!string.equals(#OnlineVideos.state, details)</visible>
	</control>
    <control>
      <description>listcontrol</description>
      <type>listcontrol</type>
      <id>50</id>
      <posX>510</posX>
      <posY>240</posY>
      <height>480</height>
      <width>770</width>
      <onleft>502</onleft>
      <onright>502</onright>
      <scrollOffset>2</scrollOffset>
      <PinIconWidth>15</PinIconWidth>
      <PinIconHeight>15</PinIconHeight>
      <PinIconXOff>1</PinIconXOff>
      <PinIconYOff>13</PinIconYOff>
      <itemWidth>1</itemWidth>
      <itemHeight>1</itemHeight>
      <textXOff>15</textXOff>
      <textYOff>5</textYOff>
      <textXOff2>0</textXOff2>
      <textYOff2>7</textYOff2>
      <textXOff3>580</textXOff3>
      <textYOff3>10</textYOff3>
      <font3>mediastream10</font3>
	  <font2>mediastream10</font2>
      <keepaspectratio>yes</keepaspectratio>
      <unfocusedAlpha>200</unfocusedAlpha>
      <spinPosX>1172</spinPosX>
      <spinPosY>681</spinPosY>
      <spinAlign>Right</spinAlign>
      <textureUp>arrow_round_up_nofocus.png</textureUp>
      <textureDown>arrow_round_down_nofocus.png</textureDown>
      <textureUpFocus>arrow_round_up_focus.png</textureUpFocus>
      <textureDownFocus>arrow_round_down_focus.png</textureDownFocus>
      <spinWidth>50</spinWidth>
      <spinHeight>37</spinHeight>
      <suffix>|</suffix>
      <animation effect="fade" time="250">WindowOpen</animation>
      <animation effect="fade" time="250">WindowClose</animation>
      <animation effect="slide" time="250" start="800,0">WindowOpen</animation>
      <animation effect="slide" time="250" end="800,0">WindowClose</animation>
    </control>
    <control>
      <description>Logo</description>
      <type>image</type>
      <id>1</id>
      <posX>28</posX>
      <posY>248</posY>
      <width>105</width>
      <height>60</height>
      <zoom>no</zoom>
      <keepaspectratio>yes</keepaspectratio>
      <texture>#selectedthumb</texture>
      <animation effect="fade" time="250">WindowOpen</animation>
      <animation effect="fade" time="250">WindowClose</animation>
    </control>
    <control>
      <type>fadelabel</type>
      <description>Owner</description>
      <id>1</id>
      <posX>28</posX>
      <posY>340</posY>
      <width>475</width>
      <label>#OnlineVideos.Translation.Creator.Label : #OnlineVideos.owner</label>
      <font>mediastream11tc</font>
      <textcolor>ff006698</textcolor>
      <align>left</align>
      <animation effect="fade" time="250">WindowOpen</animation>
      <animation effect="fade" time="250">WindowClose</animation>
      <animation effect="slide" time="150" start="-800,0">WindowOpen</animation>
      <animation effect="slide" time="250" end="-800,0">WindowClose</animation>
	  <visible>!string.equals(#OnlineVideos.owner,)</visible>
    </control>
    <control>
      <type>textboxscrollup</type>
      <description>Description</description>
      <id>1</id>
      <posX>28</posX>
      <posY>362</posY>
      <width>475</width>
      <height>298</height>
      <seperator>---------------------------------------------------------------------------------------</seperator>
      <font>mediastream12</font>
      <label>#OnlineVideos.desc</label>
      <animation effect="fade" time="250">WindowOpen</animation>
      <animation effect="fade" time="250">WindowClose</animation>
      <animation effect="slide" time="150" start="-800,0">WindowOpen</animation>
      <animation effect="slide" time="250" end="-800,0">WindowClose</animation>
    </control>
    <!-- *** HIDDEN MENU *** -->
    <control>
      <type>actiongroup</type>
      <description>action menu</description>
      <onexit>50</onexit>
      <defaultcontrol>502</defaultcontrol>
      <posX>1002</posX>
      <posY>0</posY>
      <width>278</width>
      <height>720</height>
      <buttonX>1231</buttonX>
      <buttonY>55</buttonY>
      <buttonwidth>49</buttonwidth>
      <buttonheight>153</buttonheight>
      <textureFocus>Action_menu.png</textureFocus>
      <textureNoFocus>Action_menu.png</textureNoFocus>
      <visible>!Control.HasFocus(50)</visible>
      <dimColor>00ffffff</dimColor>
      <control>
        <description>Menu Background</description>
        <type>image</type>
        <posX>1002</posX>
        <posY>0</posY>
        <width>278</width>
        <height>720</height>
        <texture>hiddenmenu_right.png</texture>
        <visible>!Control.HasFocus(50)+!control.isvisible(51)</visible>
        <animation effect="slide" time="200" start="300,0">visible</animation>
        <animation effect="slide" time="0" end="300,0">hidden</animation>
      </control>
      <control>
        <description>label Views menu</description>
        <type>label</type>
        <id>0</id>
        <font>mediastream12tc</font>
        <posX>1040</posX>
        <posY>230</posY>
        <visible>!Control.HasFocus(50)+!control.isvisible(51)</visible>
        <label>499</label>
        <animation effect="slide" time="200" start="300,0">visible</animation>
        <animation effect="slide" time="0" end="300,0">hidden</animation>
      </control>
      <control>
        <description>Button Group</description>
        <type>group</type>
        <posX>1040</posX>
        <posY>250</posY>
        <width>220</width>
        <height>720</height>
        <layout>StackLayout</layout>
        <visible>!Control.HasFocus(50)</visible>
        <animation effect="slide" time="200" start="300,0">visible</animation>
        <animation effect="slide" time="0" end="300,0">hidden</animation>
        <control>
          <type>button</type>
          <description>refresh button</description>
          <id>502</id>
          <onup>17</onup>
          <onleft>50</onleft>
          <onright>50</onright>
          <label>#OnlineVideos.Translation.Refresh.Label</label>
        </control>
        <control>
          <type>selectbutton</type>
          <description>filter button</description>
          <id>503</id>
          <onleft>50</onleft>
          <onright>50</onright>
          <label>#OnlineVideos.Translation.Filter.Label: #OnlineVideos.Translation.State.Label</label>
        </control>
        <control>
          <type>selectbutton</type>
          <description>Order By</description>
          <id>504</id>
          <onleft>50</onleft>
          <onright>50</onright>
          <label>#OnlineVideos.Translation.SortOptions.Label</label>
        </control>
        <control>
          <type>selectbutton</type>
          <description>filter button for Creator</description>
          <id>506</id>
          <onleft>50</onleft>
          <onright>50</onright>
          <label>#OnlineVideos.Translation.Filter.Label: #OnlineVideos.Translation.Creator.Label</label>
        </control>
        <control>
          <type>selectbutton</type>
          <description>filter button for Language</description>
          <id>507</id>
          <onleft>50</onleft>
          <onright>50</onright>
          <label>#OnlineVideos.Translation.Filter.Label: #OnlineVideos.Translation.Language.Label</label>
        </control>
        <control>
          <type>button</type>
          <description>full update button</description>
          <id>505</id>
          <ondown>502</ondown>
          <onleft>50</onleft>
          <onright>50</onright>
          <label>#OnlineVideos.Translation.FullUpdate.Label</label>
        </control>
      </control>
    </control>
    <!-- *** IMPORTS *** -->
    <import>common.overlays.xml</import>
    <import>common.time.xml</import>
  </controls>
</window>