<?xml version="1.0" encoding="utf-8" standalone="yes"?>
<window>
  <controls>

    <!--
		:::::::::::::::::::::::::::::::::::::::::::::::::::::::::::::::::::::::::::::
		::::::::::::::                VIEW  ITMovieTrailers  ???       ::::::::::::::::::
		:::::::::::::::::::::::::::::::::::::::::::::::::::::::::::::::::::::::::::::
	-->
    <control>
      <description>Category Logo</description>
      <type>image</type>
      <id>1</id>
      <posX>33</posX>
      <posY>228</posY>
      <width>105</width>
      <height>35</height>
      <texture>#header.image</texture>
      <visible>string.equals(#OnlineVideos.state, details) + string.equals(#OnlineVideos.selectedSiteUtil, ITMovieTrailers)</visible>
      <animation effect="fade" time="250">WindowOpen</animation>
      <animation effect="fade" time="250">WindowClose</animation>
    </control>
     <control>
      <type>label</type>
      <description>Category</description>
      <id>0</id>
       <posX>25</posX>
       <posY>684</posY>
       <width>950</width>
       <font>mediastream16tc</font>
      <label>#header.Extension.label</label>
      <align>left</align>
      <visible>string.equals(#OnlineVideos.state, details) + string.equals(#OnlineVideos.selectedSiteUtil, ITMovieTrailers)+!string.equals(#OnlineVideos.IsBuffering, true)</visible>
      <animation effect="fade" time="250">WindowOpen</animation>
      <animation effect="fade" time="250">WindowClose</animation>
      <animation effect="slide" time="150" start="-800,0">WindowOpen</animation>
      <animation effect="slide" time="250" end="-800,0">WindowClose</animation>
    </control>
    <!-- *** POSTER *** -->
    <control>
      <type>image</type>
      <description>movie poster</description>
      <id>24</id>
      <posX>40</posX>
      <posY>275</posY>
      <width>220</width>
      <height>328</height>
      <keepaspectratio>yes</keepaspectratio>
      <centered>yes</centered>
      <texture flipY="true" diffuse="diffusemirrorwide.png">#OnlineVideos.Details.Poster</texture>
      <visible>string.equals(#OnlineVideos.state, details) + string.equals(#OnlineVideos.selectedSiteUtil, ITMovieTrailers)</visible>
    </control>
    <!-- *** RELEASE DATE *** -->
    <control>
      <type>label</type>
      <description>Release Date Label</description>
      <id>56</id>
      <posX>280</posX>
      <posY>242</posY>
      <textcolor>ff006698</textcolor>
      <shadowAngle>45</shadowAngle>
      <shadowDistance>4</shadowDistance>
      <shadowColor>ff111111</shadowColor>
      <label>#OnlineVideos.Translation.DateOfRelease.Label</label>
      <visible>string.equals(#OnlineVideos.state, details) + string.equals(#OnlineVideos.selectedSiteUtil, ITMovieTrailers)</visible>
    </control>
    <control>
      <type>fadelabel</type>
      <description>Release Date</description>
      <id>57</id>
      <posX>309</posX>
      <posY>262</posY>
      <width>375</width>
      <label>#OnlineVideos.Details.ReleaseDate</label>
      <visible>string.equals(#OnlineVideos.state, details) + string.equals(#OnlineVideos.selectedSiteUtil, ITMovieTrailers)</visible>
      <font>mediastream11</font>
      <disabledcolor>ff808080</disabledcolor>
    </control>
    <!-- *** GENRE *** -->
    <control>
      <type>label</type>
      <description>Genre Label</description>
      <id>58</id>
      <posX>280</posX>
      <posY>292</posY>
      <shadowAngle>45</shadowAngle>
      <shadowDistance>4</shadowDistance>
      <shadowColor>ff111111</shadowColor>
      <label>#OnlineVideos.Translation.Genre.Label</label>
      <visible>string.equals(#OnlineVideos.state, details) + string.equals(#OnlineVideos.selectedSiteUtil, ITMovieTrailers)</visible>
      <textcolor>ff006698</textcolor>
    </control>
    <control>
      <type>fadelabel</type>
      <description>Genre</description>
      <id>59</id>
      <posX>309</posX>
      <posY>312</posY>
      <width>430</width>
      <label>#OnlineVideos.Details.Genres</label>
      <visible>string.equals(#OnlineVideos.state, details) + string.equals(#OnlineVideos.selectedSiteUtil, ITMovieTrailers)</visible>
      <font>mediastream11</font>
      <disabledcolor>ff808080</disabledcolor>
    </control>
    <!-- *** STUDIO *** -->
    <control>
      <type>label</type>
      <description>Studio Label</description>
      <id>580</id>
      <posX>520</posX>
      <posY>292</posY>
      <shadowAngle>45</shadowAngle>
      <shadowDistance>4</shadowDistance>
      <shadowColor>ff111111</shadowColor>
      <label>Studio</label>
      <visible>string.equals(#OnlineVideos.state, details) + string.equals(#OnlineVideos.selectedSiteUtil, ITMovieTrailers)</visible>
      <textcolor>ff006698</textcolor>
    </control>
    <control>
      <type>fadelabel</type>
      <description>Studio</description>
      <id>590</id>
      <posX>549</posX>
      <posY>312</posY>
      <width>230</width>
      <label>#OnlineVideos.Details.Studio</label>
      <visible>string.equals(#OnlineVideos.state, details) + string.equals(#OnlineVideos.selectedSiteUtil, ITMovieTrailers)</visible>
      <font>mediastream11</font>
      <disabledcolor>ff808080</disabledcolor>
    </control>
    <!-- *** CAST *** -->
    <control>
      <type>label</type>
      <description>Cast Label</description>
      <id>52</id>
      <posX>280</posX>
      <posY>342</posY>
      <shadowAngle>45</shadowAngle>
      <shadowDistance>4</shadowDistance>
      <shadowColor>ff111111</shadowColor>
      <label>#OnlineVideos.Translation.Actors.Label</label>
      <visible>string.equals(#OnlineVideos.state, details) + string.equals(#OnlineVideos.selectedSiteUtil, ITMovieTrailers)</visible>
      <textcolor>ff006698</textcolor>
    </control>
    <control>
      <type>textboxscrollup</type>
      <description>Cast</description>
      <id>53</id>
      <posX>309</posX>
      <posY>362</posY>
      <width>470</width>
      <height>40</height>
      <font>mediastream11</font>
      <label>#OnlineVideos.Details.Actors</label>
      <visible>string.equals(#OnlineVideos.state, details) + string.equals(#OnlineVideos.selectedSiteUtil, ITMovieTrailers)</visible>
      <disabledcolor>ff808080</disabledcolor>
    </control>
    <!-- *** DIRECTORS *** -->
    <control>
      <type>label</type>
      <description>Directors Label</description>
      <id>54</id>
      <posX>280</posX>
      <posY>422</posY>
      <shadowAngle>45</shadowAngle>
      <shadowDistance>4</shadowDistance>
      <shadowColor>ff111111</shadowColor>
      <label>#OnlineVideos.Translation.Directors.Label</label>
      <visible>string.equals(#OnlineVideos.state, details) + string.equals(#OnlineVideos.selectedSiteUtil, ITMovieTrailers)</visible>
      <textcolor>ff006698</textcolor>
    </control>
    <control>
      <type>fadelabel</type>
      <description>Directors</description>
      <id>54</id>
      <posX>309</posX>
      <posY>442</posY>
      <width>470</width>
      <label>#OnlineVideos.Details.Directors</label>
      <visible>string.equals(#OnlineVideos.state, details) + string.equals(#OnlineVideos.selectedSiteUtil, ITMovieTrailers)</visible>
      <font>mediastream10</font>
      <disabledcolor>ff808080</disabledcolor>
    </control>
    <!-- *** PLOT *** -->
    <control>
      <type>label</type>
      <description>Plot Label</description>
      <id>60</id>
      <posX>280</posX>
      <posY>472</posY>
      <shadowAngle>45</shadowAngle>
      <shadowDistance>4</shadowDistance>
      <shadowColor>ff111111</shadowColor>
      <visible>string.equals(#OnlineVideos.state, details) + string.equals(#OnlineVideos.selectedSiteUtil, ITMovieTrailers)</visible>
      <label>#OnlineVideos.Translation.PlotOutline.Label</label>
      <textcolor>ff006698</textcolor>
    </control>
    <control>
      <type>textboxscrollup</type>
      <description>Plot</description>
      <id>61</id>
      <posX>309</posX>
      <posY>495</posY>
      <width>470</width>
      <height>170</height>
      <colordiffuse>ffffffff</colordiffuse>
      <font>mediastream11</font>
      <visible>string.equals(#OnlineVideos.state, details) + string.equals(#OnlineVideos.selectedSiteUtil, ITMovieTrailers)</visible>
      <label>#OnlineVideos.Details.Synopsis</label>
      <textcolor>FFFFFFFF</textcolor>
    </control>
    <control>
      <description>Clips List</description>
      <type>listcontrol</type>
      <id>51</id>
      <onright>51</onright>
      <onleft>51</onleft>
      <posX>800</posX>
      <posY>300</posY>
      <width>480</width>
      <height>450</height>
      <textXOff2>500</textXOff2>
      <spinPosX>1175</spinPosX>
      <spinPosY>681</spinPosY>
      <textureUp>arrow_round_up_nofocus.png</textureUp>
      <textureDown>arrow_round_down_nofocus.png</textureDown>
      <textureUpFocus>arrow_round_up_focus.png</textureUpFocus>
      <textureDownFocus>arrow_round_down_focus.png</textureDownFocus>
      <spinWidth>50</spinWidth>
      <spinHeight>37</spinHeight>
      <spinAlign>Right</spinAlign>
      <spinColor>ff006698</spinColor>
      <spinCanFocus>yes</spinCanFocus>
      <visible>string.equals(#OnlineVideos.state, details)</visible>
    </control>
   </controls>
</window>
